BuildingID,Longitude,Latitude,OccupancyType,OccupancyGroup,SOID,StructureValue,ContentValue,GroundElevation_ft,FFE_ft,DFE_Status,ManufRestriction,OccupancyFallback
7467853,-72.822302,40.774249,RES1-2SWB,RES,R12B,413188.67,206594.33,7.7378,9.7378,Under DFE,0,0
7489193,-72.853052,40.747321,RES3A,RES,R3A3N,692984.57,346492.29,1.5413,9.5413,Under DFE,0,0
7509587,-72.818264,40.775982,RES1-2SWB,RES,R12B,337614.66,168807.33,9.6774,11.6774,Above DFE,0,0
8294334,-72.865837,40.75972,RES1-1SWB,RES,R11B,239878.17,119939.09,14.2875,16.2875,Above DFE,0,0
7024118,-72.872882,40.757698,COM8,NONRES,C8LN,900005.48,900005.48,14.2873,14.7873,Above DFE,0,0
7024120,-72.872915,40.757825,RES1-1SNB,RES,R11N,341638.94,170819.47,13.8404,15.3404,Above DFE,0,0
7024122,-72.872789,40.75736,COM2,NONRES,C2LN,1303951.95,1303951.95,12.8582,13.3582,Above DFE,0,0
7028015,-72.871102,40.75138,RES4,RES,R4LN,1603718.58,801859.29,7.6291,8.1291,Under DFE,0,0
7028017,-72.871226,40.751891,RES1-1SWB,RES,R11B,401343.03,200671.52,8.2297,10.2297,Above DFE,0,0
7028019,-72.869266,40.750158,RES1-1SWB,RES,R11B,418263.95,209131.97,4.8619,6.8619,Under DFE,0,0
7028021,-72.868092,40.751562,RES1-1SWB,RES,R11B,170836.99,85418.5,2.6013,4.6013,Under DFE,0,0
7028023,-72.869369,40.750567,RES1-1SWB,RES,R11B,211626.45,105813.23,4.1647,6.1647,Under DFE,0,0
7028025,-72.871343,40.751008,COM8,NONRES,C8LN,568468.33,568468.33,8.6962,9.1962,Under DFE,0,0
7028027,-72.867866,40.751097,RES1-1SWB,RES,R11B,235630.8,117815.4,4.0979,6.0979,Under DFE,0,0
7028029,-72.86859,40.7481,RES1-1SWB,RES,R11B,280176.57,140088.28,5.3915,7.3915,Under DFE,0,0
7028031,-72.86865,40.752684,RES1-1SWB,RES,R11B,251041.54,125520.77,4.589,6.589,Under DFE,0,0
7028033,-72.869164,40.749786,RES1-2SWB,RES,R12B,473049.25,236524.62,4.3704,6.3704,Under DFE,0,0
7028035,-72.869427,40.750705,RES1-1SWB,RES,R11B,283043.82,141521.91,4.6724,6.6724,Under DFE,0,0
7028037,-72.871272,40.752655,RES1-2SWB,RES,R12B,415694.83,207847.42,9.2082,11.2082,Above DFE,0,0
7028039,-72.868462,40.752213,RES1-1SWB,RES,R11B,396906.5,198453.25,4.27,6.27,Under DFE,0,0
7028041,-72.869937,40.751271,RES1-2SNB,RES,R12N,876108.36,438054.18,7.9225,15.9225,Above DFE,0,0
7028043,-72.868828,40.748389,RES1-2SWB,RES,R12B,209454.34,104727.17,4.2614,6.2614,Under DFE,0,0
7028045,-72.868813,40.748525,RES1-1SWB,RES,R11B,263844.69,131922.35,3.7371,5.7371,Under DFE,0,0
7028047,-72.868514,40.752465,RES1-2SWB,RES,R12B,321236.97,160618.48,5.7385,7.7385,Under DFE,0,0
7028049,-72.869263,40.750023,RES1-1SWB,RES,R11B,324435.77,162217.89,4.8003,6.8003,Under DFE,0,0
7028051,-72.86931,40.750444,RES1-1SWB,RES,R11B,299419.96,149709.98,4.0941,6.0941,Under DFE,0,0
7028053,-72.868729,40.752843,RES1-2SWB,RES,R12B,354994.07,177497.03,3.775,5.775,Under DFE,0,0
7028055,-72.869494,40.750836,RES1-2SWB,RES,R12B,243826.33,121913.16,5.9019,7.9019,Under DFE,0,0
7028057,-72.868248,40.751955,RES1-1SWB,RES,R11B,170836.99,85418.5,3.7694,5.7694,Under DFE,0,0
7028059,-72.868956,40.749402,RES1-2SWB,RES,R12B,376137.92,188068.96,3.5744,5.5744,Under DFE,0,0
7028061,-72.868548,40.752544,RES1-2SNB,RES,R12N,185512.62,92756.31,3.8171,5.3171,Under DFE,0,0
7028063,-72.87131,40.752017,RES1-1SWB,RES,R11B,263844.69,131922.35,8.46,10.46,Above DFE,0,0
7028065,-72.868835,40.748768,RES1-1SWB,RES,R11B,297646.8,148823.4,5.094,7.094,Under DFE,0,0
7028067,-72.871211,40.752346,RES1-2SWB,RES,R12B,253761.98,126880.99,8.0257,10.0257,Above DFE,0,0
7466647,-72.819366,40.773176,RES1-1SNB,RES,R11N,162103.08,81051.54,3.9796,11.9796,Above DFE,0,0
7466649,-72.832424,40.776391,RES1-1SNB,RES,R11N,190774.65,95387.33,14.9731,22.9731,Above DFE,0,0
7466651,-72.829169,40.776049,RES1-2SNB,RES,R12N,313998.68,156999.34,16.6457,24.6457,Above DFE,0,0
7466653,-72.83498,40.775778,RES1-2SNB,RES,R12N,289839.73,144919.86,18.6148,26.6148,Above DFE,0,0
7466655,-72.820394,40.772883,RES1-1SNB,RES,R11N,242825.72,121412.86,7.586,15.586,Above DFE,0,0
7466659,-72.824903,40.772819,RES1-3SNB,RES,R13N,422098.8,211049.4,5.4214,6.9214,Under DFE,0,0
7466661,-72.829036,40.775866,RES1-1SNB,RES,R11N,373260.78,186630.39,15.7828,17.2828,Above DFE,0,0
7466662,-72.83346,40.776145,RES1-2SNB,RES,R12N,334108.12,167054.06,15.2074,23.2074,Above DFE,0,0
7466663,-72.818846,40.773236,RES1-2SNB,RES,R12N,203138.04,101569.02,3.0323,4.5323,Under DFE,0,0
7466665,-72.8158593177796,40.7738549970709,RES1-1SNB,RES,R11N,126503.63,63251.82,3.7759,5.2759,Under DFE,0,0
7466667,-72.823731,40.77281,RES1-2SNB,RES,R12N,301295.64,150647.82,4.399,5.899,Under DFE,0,0
7466669,-72.826041,40.774449,RES1-1SNB,RES,R11N,185699.18,92849.59,8.8815,16.8815,Above DFE,0,0
7466671,-72.833829,40.775646,RES1-1SNB,RES,R11N,241381,120690.5,15.5355,17.0355,Above DFE,0,0
7466673,-72.817295,40.773522,RES1-2SNB,RES,R12N,354411.02,177205.51,6.9681,7.4681,Under DFE,0,0
7466675,-72.835482,40.775665,RES1-1SNB,RES,R11N,196462.83,98231.41,18.1463,19.6463,Above DFE,0,0
7466677,-72.82879,40.775503,RES1-1SNB,RES,R11N,203964.5,101982.25,14.0743,15.5743,Above DFE,0,0
7466679,-72.816741,40.773662,RES1-1SNB,RES,R11N,240068.96,120034.48,3.7814,5.2814,Under DFE,0,0
7466681,-72.817665,40.773325,RES3A,RES,R3A3N,427871.79,213935.9,2.5121,4.0121,Under DFE,0,0
7466683,-72.822236,40.772792,RES1-2SNB,RES,R12N,351375.81,175687.9,3.6641,11.6641,Above DFE,0,0
7466685,-72.834403,40.77546,RES1-1SNB,RES,R11N,163150.88,81575.44,17.0671,18.5671,Above DFE,0,0
7466687,-72.832217,40.776497,RES1-3SNB,RES,R13N,547230.47,273615.23,14.6692,16.1692,Above DFE,0,0
7466690,-72.826909,40.775714,RES1-1SNB,RES,R11N,175402.12,87701.06,13.272,14.772,Above DFE,0,0
7466691,-72.826263,40.774667,RES1-2SNB,RES,R12N,360491.64,180245.82,10.4584,18.4584,Above DFE,0,0
7466693,-72.829775,40.77684,RES1-1SNB,RES,R11N,169343.29,84671.65,16.8333,18.3333,Above DFE,0,0
7466695,-72.817092,40.77361,RES1-2SNB,RES,R12N,234100.12,117050.06,4.9217,6.4217,Under DFE,0,0
7466698,-72.825415,40.772894,RES1-2SNB,RES,R12N,354550.06,177275.03,6.7499,8.2499,Under DFE,0,0
7466700,-72.829526,40.775273,RES1-2SNB,RES,R12N,347073.74,173536.87,12.5915,14.0915,Above DFE,0,0
7466702,-72.829806,40.77376,RES1-1SNB,RES,R11N,369525.22,184762.61,15.5978,23.5978,Above DFE,0,0
7466704,-72.831193,40.7749,RES1-2SNB,RES,R12N,521425.64,260712.82,18.5473,26.5473,Above DFE,0,0
7466709,-72.836438,40.77538,RES1-1SNB,RES,R11N,239309.74,119654.87,18.013,26.013,Above DFE,0,0
7466710,-72.826559,40.775178,RES1-1SNB,RES,R11N,165547.34,82773.67,11.8569,19.8569,Above DFE,0,0
7466711,-72.830082,40.777044,RES1-1SNB,RES,R11N,145291.76,72645.88,17.2097,25.2097,Above DFE,0,0
7466712,-72.827803,40.775595,RES1-1SNB,RES,R11N,261996.73,130998.36,12.6162,14.1162,Above DFE,0,0
7466713,-72.826436,40.774929,RES1-1SNB,RES,R11N,209651.33,104825.66,10.773,18.773,Above DFE,0,0
7466714,-72.818979,40.773143,RES1-1SNB,RES,R11N,290658.45,145329.23,2.9823,4.4823,Under DFE,0,0
7466715,-72.836072,40.77536,RES1-1SNB,RES,R11N,177286.22,88643.11,17.8544,25.8544,Above DFE,0,0
7466716,-72.831254,40.776686,RES1-1SNB,RES,R11N,148169.83,74084.92,14.9929,16.4929,Above DFE,0,0
7466717,-72.820192,40.773002,RES1-1SNB,RES,R11N,212717.54,106358.77,3.9562,11.9562,Above DFE,0,0
7466718,-72.821747,40.772454,RES1-2SNB,RES,R12N,178104.55,89052.27,3.4936,4.9936,Under DFE,0,0
7466719,-72.834658,40.775858,RES1-1SNB,RES,R11N,176919.09,88459.55,17.1086,17.6086,Above DFE,0,0
7466720,-72.836748,40.775242,RES1-2SNB,RES,R12N,201988.45,100994.22,16.9632,24.9632,Above DFE,0,0
7466721,-72.821689,40.772599,RES1-2SNB,RES,R12N,302643.17,151321.58,4.1908,12.1908,Above DFE,0,0
7466722,-72.837302,40.775152,RES1-1SNB,RES,R11N,175108.65,87554.33,19.795,27.795,Above DFE,0,0
7466723,-72.817793,40.773487,RES1-1SNB,RES,R11N,146885.26,73442.63,3.1326,11.1326,Above DFE,0,0
7466724,-72.815688,40.773898,RES1-1SNB,RES,R11N,178703.19,89351.59,3.7514,11.7514,Above DFE,0,0
7466725,-72.818641,40.773235,RES1-2SNB,RES,R12N,360562.83,180281.41,3.5094,5.0094,Under DFE,0,0
7466726,-72.821924,40.772417,RES1-2SNB,RES,R12N,572182.09,286091.05,3.8911,11.8911,Above DFE,0,0
7466727,-72.826329,40.774797,RES1-2SNB,RES,R12N,313480.52,156740.26,11.0835,19.0835,Above DFE,0,0
7466728,-72.82932,40.776211,RES1-2SNB,RES,R12N,263283.89,131641.94,16.6835,18.1835,Above DFE,0,0
7466729,-72.833293,40.776193,RES1-2SNB,RES,R12N,268724.91,134362.45,15.0265,16.5265,Above DFE,0,0
7466730,-72.816214,40.773835,RES1-2SNB,RES,R12N,228077.87,114038.93,2.8133,4.3133,Under DFE,0,0
7466731,-72.819705,40.773059,RES1-2SNB,RES,R12N,395960.05,197980.03,4.057,5.557,Under DFE,0,0
7466732,-72.826016,40.773847,RES1-1SNB,RES,R11N,145756.07,72878.04,9.9399,10.4399,Above DFE,0,0
7466733,-72.828418,40.775541,RES1-2SNB,RES,R12N,458248.27,229124.13,12.946,14.446,Above DFE,0,0
7466734,-72.829955,40.775486,RES3A,RES,R3A3N,426769,213384.5,13.6482,21.6482,Above DFE,0,0
7466735,-72.834085,40.776034,RES1-1SNB,RES,R11N,126199.07,63099.54,16.2703,24.2703,Above DFE,0,0
7466736,-72.816214,40.773706,COM4,NONRES,C4LN,219577.97,219577.97,3.6188,4.1188,Under DFE,0,0
7466737,-72.831535,40.776653,RES1-2SNB,RES,R12N,254392.63,127196.31,15.8387,23.8387,Above DFE,0,0
7466738,-72.823518,40.772827,RES1-2SNB,RES,R12N,238808.89,119404.45,4.1543,5.6543,Under DFE,0,0
7466739,-72.829497,40.776435,RES1-1SNB,RES,R11N,169651.28,84825.64,17.1156,25.1156,Above DFE,0,0
7466740,-72.817969,40.773459,RES1-2SNB,RES,R12N,218613.09,109306.54,3.6455,11.6455,Above DFE,0,0
7466741,-72.837078,40.774844,RES1-2SNB,RES,R12N,265055.54,132527.77,18.7326,20.2326,Above DFE,0,0
7466742,-72.825862,40.774024,RES1-2SNB,RES,R12N,326769.13,163384.56,10.4487,10.9487,Above DFE,0,0
7466743,-72.836264,40.775389,RES1-1SNB,RES,R11N,116016.29,58008.15,17.6747,25.6747,Above DFE,0,0
7466744,-72.835736,40.775307,RES1-1SNB,RES,R11N,262353.33,131176.66,18.9173,20.4173,Above DFE,0,0
7466745,-72.825715,40.772928,RES1-2SNB,RES,R12N,191181.32,95590.66,6.7006,8.2006,Under DFE,0,0
7466746,-72.83304,40.776281,RES1-1SNB,RES,R11N,180841.8,90420.9,14.6222,22.6222,Above DFE,0,0
7466747,-72.821114,40.772832,RES1-1SNB,RES,R11N,145028.8,72514.4,4.1619,12.1619,Above DFE,0,0
7466748,-72.833723,40.776096,RES1-2SNB,RES,R12N,400092.46,200046.23,16.1589,24.1589,Above DFE,0,0
7466749,-72.825981,40.774319,RES1-1SNB,RES,R11N,176150.65,88075.33,8.8337,10.3337,Above DFE,0,0
7466750,-72.819474,40.77456,RES1-2SWB,RES,R12B,190997.96,95498.98,7.1218,9.1218,Under DFE,0,0
7466751,-72.819301,40.774454,RES1-1SWB,RES,R11B,338117.98,169058.99,7.0758,9.0758,Under DFE,0,0
7466752,-72.820027,40.774324,RES1-2SWB,RES,R12B,585970.07,292985.04,7.8709,9.8709,Under DFE,0,0
7466753,-72.818855,40.774916,RES1-1SWB,RES,R11B,329723.42,164861.71,8.3847,10.3847,Above DFE,0,0
7466754,-72.817661,40.77516,RES1-1SNB,RES,R11N,180379.21,90189.61,7.5358,9.0358,Under DFE,0,0
7466755,-72.817319,40.774823,RES1-2SNB,RES,R12N,234543.07,117271.53,6.0957,7.5957,Under DFE,0,0
7466756,-72.818026,40.774729,RES1-2SNB,RES,R12N,249432.33,124716.16,6.9363,8.4363,Under DFE,0,0
7466757,-72.817081,40.775274,RES1-1SWB,RES,R11B,219128.38,109564.19,6.3699,8.3699,Under DFE,0,0
7466758,-72.81859,40.774597,RES1-2SWB,RES,R12B,452183.59,226091.79,8.1802,10.1802,Above DFE,0,0
7466759,-72.818154,40.775119,RES1-2SNB,RES,R12N,261898.26,130949.13,7.938,9.438,Under DFE,0,0
7466760,-72.819599,40.774393,RES1-2SWB,RES,R12B,434101.55,217050.77,8.2253,10.2253,Above DFE,0,0
7466761,-72.8163,40.775411,RES1-1SWB,RES,R11B,342021.84,171010.92,5.2791,7.2791,Under DFE,0,0
7466762,-72.816037,40.775455,RES1-1SNB,RES,R11N,149358.91,74679.45,5.3715,6.8715,Under DFE,0,0
7466763,-72.819058,40.774483,RES1-2SWB,RES,R12B,357625.51,178812.76,7.3167,9.3167,Under DFE,0,0
7466764,-72.819272,40.774855,RES1-2SWB,RES,R12B,245816.41,122908.2,7.4775,9.4775,Under DFE,0,0
7466765,-72.816621,40.774945,RES1-1SWB,RES,R11B,176824.39,88412.2,5.0903,7.0903,Under DFE,0,0
7466766,-72.816645,40.775378,RES1-1SWB,RES,R11B,200984.41,100492.21,6.4608,8.4608,Under DFE,0,0
7466767,-72.817912,40.775097,RES1-2SWB,RES,R12B,307442.25,153721.12,8.2849,10.2849,Above DFE,0,0
7466768,-72.82024,40.774723,RES1-1SNB,RES,R11N,249007.96,124503.98,8.4531,8.9531,Under DFE,0,0
7466769,-72.820525,40.774195,RES1-1SNB,RES,R11N,181583.29,90791.64,8.8765,10.3765,Above DFE,0,0
7466770,-72.820548,40.774606,IND6,NONRES,I6LN,491676.81,491676.81,9.4002,9.9002,Under DFE,0,0
7466771,-72.820074,40.774713,RES1-2SWB,RES,R12B,309286.86,154643.43,8.4491,10.4491,Above DFE,0,0
7466772,-72.818379,40.774672,RES1-2SWB,RES,R12B,338990.63,169495.31,7.2681,9.2681,Under DFE,0,0
7466773,-72.81886,40.774556,RES1-2SWB,RES,R12B,357522.57,178761.28,7.2595,9.2595,Under DFE,0,0
7466774,-72.815366,40.77563,RES1-1SNB,RES,R11N,115093.64,57546.82,3.67,5.17,Under DFE,0,0
7466775,-72.81991,40.774749,RES1-1SNB,RES,R11N,195286.34,97643.17,8.1217,8.6217,Under DFE,0,0
7466776,-72.819803,40.774399,RES1-2SNB,RES,R12N,256644.79,128322.39,7.5753,9.0753,Under DFE,0,0
7466777,-72.815348,40.775432,RES1-1SWB,RES,R11B,368176.73,184088.36,4.1882,6.1882,Under DFE,0,0
7466778,-72.815199,40.775675,RES1-1SNB,RES,R11N,182169.36,91084.68,2.8841,4.3841,Under DFE,0,0
7466779,-72.8156125545502,40.7754880766705,RES1-1SNB,RES,R11N,148699.92,74349.96,4.2736,5.7736,Under DFE,0,0
7466780,-72.816182,40.775053,RES1-2SNB,RES,R12N,415489.93,207744.96,5.8735,6.3735,Under DFE,0,0
7466781,-72.815926,40.775128,RES1-2SWB,RES,R12B,441921.6,220960.8,5.4446,7.4446,Under DFE,0,0
7466782,-72.820449,40.774322,RES3A,RES,R3A1N,372804.66,186402.33,8.4256,9.9256,Under DFE,0,0
7466783,-72.817256,40.775238,RES1-1SNB,RES,R11N,140191.39,70095.69,7.6322,8.1322,Under DFE,0,0
7466784,-72.819497,40.774794,RES1-3SWB,RES,R13B,380463.44,190231.72,7.6685,9.6685,Under DFE,0,0
7466785,-72.817444,40.775193,RES1-1SWB,RES,R11B,208474.07,104237.04,8.4567,10.4567,Above DFE,0,0
7466786,-72.818501,40.774994,RES1-1SWB,RES,R11B,198777.68,99388.84,7.7426,9.7426,Under DFE,0,0
7466787,-72.818192,40.774652,RES1-1SWB,RES,R11B,182155.13,91077.57,6.785,8.785,Under DFE,0,0
7466788,-72.820609,40.774327,RES1-2SWB,RES,R12B,181900.82,90950.41,8.5424,10.5424,Above DFE,0,0
7467382,-72.830816,40.778301,RES1-2SNB,RES,R12N,409393.48,204696.74,14.4102,15.9102,Above DFE,0,0
7467384,-72.824894,40.778845,RES1-1SNB,RES,R11N,233109.98,116554.99,11.3661,19.3661,Above DFE,0,0
7467386,-72.828965,40.777942,RES1-1SNB,RES,R11N,190111.65,95055.82,16.7589,18.2589,Above DFE,0,0
7467388,-72.828294,40.782196,RES1-2SNB,RES,R12N,295975.4,147987.7,19.9515,27.9515,Above DFE,0,0
7467390,-72.830332,40.785353,RES1-1SNB,RES,R11N,156250.1,78125.05,8.2265,9.7265,Under DFE,0,0
7467392,-72.830624,40.778265,RES1-1SNB,RES,R11N,134827.69,67413.85,13.181,21.181,Above DFE,0,0
7467393,-72.841926,40.786023,RES1-3SNB,RES,R13N,406813.64,203406.82,28.3171,36.3171,Above DFE,0,0
7467395,-72.819414,40.776385,RES1-1SNB,RES,R11N,145121.43,72560.71,10.4263,10.9263,Above DFE,0,0
7467397,-72.820309,40.776326,RES1-2SNB,RES,R12N,270331.01,135165.51,9.7788,10.2788,Above DFE,0,0
7467399,-72.820492,40.776299,RES1-2SNB,RES,R12N,290412.83,145206.41,10.2478,18.2478,Above DFE,0,0
7467401,-72.821331,40.776237,RES1-2SNB,RES,R12N,363945.67,181972.84,10.2505,11.7505,Above DFE,0,0
7467403,-72.825056,40.779329,RES1-2SNB,RES,R12N,262109.02,131054.51,12.343,20.343,Above DFE,0,0
7467405,-72.830384,40.78386,RES1-1SNB,RES,R11N,197001.64,98500.82,20.077,21.577,Above DFE,0,0
7467407,-72.81563,40.776737,RES1-1SNB,RES,R11N,270381.67,135190.83,4.3013,5.8013,Under DFE,0,0
7467409,-72.825005,40.779991,RES1-1SNB,RES,R11N,249979.78,124989.89,14.0907,22.0907,Above DFE,0,0
7467411,-72.827653,40.77761,RES1-1SNB,RES,R11N,255018.25,127509.12,11.2405,11.7405,Above DFE,0,0
7467413,-72.830738,40.786373,RES1-1SNB,RES,R11N,268420.29,134210.14,5.9547,7.4547,Under DFE,0,0
7467415,-72.818852,40.776428,RES1-2SNB,RES,R12N,288259.87,144129.93,7.559,15.559,Above DFE,0,0
7467417,-72.822307,40.781306,RES1-1SNB,RES,R11N,178717.2,89358.6,8.5308,10.0308,Above DFE,0,0
7467419,-72.823759,40.77949,RES1-2SNB,RES,R12N,235980.21,117990.11,14.6663,16.1663,Above DFE,0,0
7467421,-72.826113,40.782033,RES1-2SNB,RES,R12N,248627.63,124313.82,16.9576,24.9576,Above DFE,0,0
7467423,-72.816512,40.776673,RES1-1SNB,RES,R11N,343201.39,171600.7,3.421,11.421,Above DFE,0,0
7467425,-72.830209,40.786369,RES1-2SNB,RES,R12N,299704.34,149852.17,6.036,14.036,Above DFE,0,0
7467427,-72.831288,40.786317,RES1-1SNB,RES,R11N,196723.99,98362,6.2465,14.2465,Above DFE,0,0
7467430,-72.839025,40.786104,RES1-2SNB,RES,R12N,338982.09,169491.05,28.1168,29.6168,Above DFE,0,0
7467432,-72.839403,40.786083,RES1-2SNB,RES,R12N,385964.71,192982.36,29.5117,37.5117,Above DFE,0,0
7467434,-72.825679,40.776726,RES1-2SNB,RES,R12N,267476.06,133738.03,13.1765,14.6765,Above DFE,0,0
7467436,-72.828292,40.783772,RES1-2SNB,RES,R12N,475165.22,237582.61,20.5264,28.5264,Above DFE,0,0
7467438,-72.828227,40.78586,RES1-2SNB,RES,R12N,330886.71,165443.36,9.2304,17.2304,Above DFE,0,0
7467440,-72.830538,40.786441,RES1-1SNB,RES,R11N,146245,73122.5,4.68,12.68,Above DFE,0,0
7467441,-72.83346,40.786463,RES1-2SNB,RES,R12N,376654.4,188327.2,21.0615,22.5615,Above DFE,0,0
7467443,-72.822449,40.783524,RES1-2SNB,RES,R12N,380585.3,190292.65,11.8087,13.3087,Above DFE,0,0
7467446,-72.826062,40.776931,RES1-1SNB,RES,R11N,146120.83,73060.42,13.8891,21.8891,Above DFE,0,0
7467448,-72.832473,40.786235,RES1-1SNB,RES,R11N,178855.54,89427.77,5.9182,13.9182,Above DFE,0,0
7467450,-72.83408,40.786322,RES1-2SNB,RES,R12N,329267.94,164633.97,22.4727,30.4727,Above DFE,0,0
7467452,-72.821029,40.776267,RES1-2SNB,RES,R12N,255467.65,127733.82,10.5138,11.0138,Above DFE,0,0
7467453,-72.822652,40.776367,RES1-2SNB,RES,R12N,407033.77,203516.89,8.3289,16.3289,Above DFE,0,0
7467455,-72.827371,40.777527,RES1-2SNB,RES,R12N,245109.64,122554.82,10.5982,12.0982,Above DFE,0,0
7467457,-72.830365,40.784937,RES1-2SNB,RES,R12N,282928.86,141464.43,9.2249,17.2249,Above DFE,0,0
7467459,-72.817642,40.776603,RES1-1SNB,RES,R11N,190143.39,95071.7,4.8617,12.8617,Above DFE,0,0
7467461,-72.818082,40.776564,RES1-2SNB,RES,R12N,374525.91,187262.95,7.4837,8.9837,Under DFE,0,0
7467463,-72.83866,40.786089,RES1-2SNB,RES,R12N,308615.6,154307.8,28.7,30.2,Above DFE,0,0
7467465,-72.843123,40.786021,RES1-1SNB,RES,R11N,262223.23,131111.61,27.4642,28.9642,Above DFE,0,0
7467467,-72.824405,40.776498,RES1-1SNB,RES,R11N,212394.59,106197.29,7.3622,15.3622,Above DFE,0,0
7467469,-72.830539,40.782142,RES1-2SNB,RES,R12N,290954.77,145477.38,21.5439,29.5439,Above DFE,0,0
7467471,-72.827791,40.786875,RES1-1SNB,RES,R11N,284102.6,142051.3,8.539,16.539,Above DFE,0,0
7467473,-72.828186,40.777762,RES1-1SNB,RES,R11N,174851.54,87425.77,15.4344,23.4344,Above DFE,0,0
7467475,-72.830461,40.782982,RES1-2SNB,RES,R12N,335009.76,167504.88,23.4238,31.4238,Above DFE,0,0
7467477,-72.842213,40.786083,RES1-2SNB,RES,R12N,461980.88,230990.44,28.7276,36.7276,Above DFE,0,0
7467479,-72.819596,40.776395,RES1-1SNB,RES,R11N,180267.59,90133.79,9.4238,10.9238,Above DFE,0,0
7467481,-72.830289,40.78549,RES1-2SNB,RES,R12N,263476.32,131738.16,7.9812,15.9812,Above DFE,0,0
7467483,-72.830386,40.784565,RES1-2SNB,RES,R12N,239780.32,119890.16,11.3093,19.3093,Above DFE,0,0
7467485,-72.821448,40.776497,RES1-1SNB,RES,R11N,169870.27,84935.14,9.0753,17.0753,Above DFE,0,0
7467487,-72.826377,40.785533,RES1-2SNB,RES,R12N,464483.98,232241.99,12.0188,20.0188,Above DFE,0,0
7467489,-72.836675,40.786128,RES1-1SNB,RES,R11N,242657.77,121328.88,26.6577,28.1577,Above DFE,0,0
7467491,-72.823058,40.776522,RES1-1SNB,RES,R11N,184719.54,92359.77,5.7271,7.2271,Under DFE,0,0
7467492,-72.830365,40.782736,RES1-2SNB,RES,R12N,270315.39,135157.69,23.942,25.442,Above DFE,0,0
7467494,-72.821655,40.783211,RES1-3SNB,RES,R13N,334167.86,167083.93,9.503,17.503,Above DFE,0,0
7467496,-72.822881,40.776461,RES1-1SNB,RES,R11N,237116.44,118558.22,9.1721,10.6721,Above DFE,0,0
7467498,-72.823671,40.776418,RES1-2SNB,RES,R12N,263026.92,131513.46,6.2506,7.7506,Under DFE,0,0
7467500,-72.824158,40.783825,RES1-2SNB,RES,R12N,241274.61,120637.3,14.4653,22.4653,Above DFE,0,0
7467502,-72.819771,40.776379,RES1-1SNB,RES,R11N,254102.96,127051.48,9.7215,17.7215,Above DFE,0,0
7467504,-72.819618,40.776833,RES1-2SNB,RES,R12N,564752.57,282376.29,7.762,9.262,Under DFE,0,0
7467506,-72.827291,40.786363,RES1-2SNB,RES,R12N,743947.28,371973.64,13.6302,21.6302,Above DFE,0,0
7467508,-72.83982,40.786062,RES1-1SNB,RES,R11N,301231.47,150615.74,27.433,28.933,Above DFE,0,0
7467510,-72.844822,40.785974,RES1-3SNB,RES,R13N,539668.24,269834.12,25.7708,27.2708,Above DFE,0,0
7467512,-72.819856,40.779209,RES1-2SNB,RES,R12N,331084.2,165542.1,8.811,16.811,Above DFE,0,0
7467514,-72.820849,40.776262,RES1-2SNB,RES,R12N,216923.86,108461.93,10.119,11.619,Above DFE,0,0
7467516,-72.821914,40.781552,RES1-1SNB,RES,R11N,329115.77,164557.88,9.5122,17.5122,Above DFE,0,0
7467518,-72.828002,40.777775,RES1-2SNB,RES,R12N,216347.52,108173.76,13.7851,15.2851,Above DFE,0,0
7467520,-72.84373,40.786009,RES1-1SNB,RES,R11N,186863.21,93431.61,28.6006,36.6006,Above DFE,0,0
7467522,-72.830355,40.785074,RES1-2SNB,RES,R12N,275664.96,137832.48,8.5591,16.5591,Above DFE,0,0
7467524,-72.84065,40.786052,RES1-1SNB,RES,R11N,134584.4,67292.2,21.164,21.664,Above DFE,0,0
7467526,-72.843902,40.785994,RES1-2SNB,RES,R12N,252566.83,126283.41,27.332,35.332,Above DFE,0,0
7467528,-72.815794,40.776723,RES1-2SNB,RES,R12N,281988.15,140994.08,5.8727,13.8727,Above DFE,0,0
7467530,-72.821561,40.776201,RES1-3SNB,RES,R13N,304703.24,152351.62,9.2471,17.2471,Above DFE,0,0
7467532,-72.828735,40.780453,RES1-2SNB,RES,R12N,520367.43,260183.71,12.598,20.598,Above DFE,0,0
7467534,-72.830478,40.783288,RES1-1SNB,RES,R11N,124331.76,62165.88,20.9314,22.4314,Above DFE,0,0
7467535,-72.826869,40.777443,RES1-2SNB,RES,R12N,296347.28,148173.64,8.4693,16.4693,Above DFE,0,0
7467537,-72.82689,40.78215,RES1-1SNB,RES,R11N,239264.8,119632.4,17.5709,25.5709,Above DFE,0,0
7467539,-72.832802,40.78626,RES1-1SNB,RES,R11N,180171.52,90085.76,6.8374,8.3374,Under DFE,0,0
7467541,-72.835441,40.786257,RES1-1SNB,RES,R11N,234227.64,117113.82,21.1957,29.1957,Above DFE,0,0
7467543,-72.841017,40.786029,RES1-1SNB,RES,R11N,177855.36,88927.68,25.7708,33.7708,Above DFE,0,0
7467545,-72.842548,40.786141,RES1-1SNB,RES,R11N,313404.74,156702.37,26.3834,34.3834,Above DFE,0,0
7467547,-72.823167,40.779347,RES1-1SNB,RES,R11N,243957.64,121978.82,13.7754,15.2754,Above DFE,0,0
7467549,-72.830523,40.782462,RES1-2SNB,RES,R12N,249450.2,124725.1,21.2392,29.2392,Above DFE,0,0
7467551,-72.831901,40.786346,RES1-2SNB,RES,R12N,354155.75,177077.88,7.7961,9.2961,Under DFE,0,0
7467553,-72.822199,40.776313,RES1-1SNB,RES,R11N,136047.23,68023.61,8.0068,16.0068,Above DFE,0,0
7467555,-72.823766,40.77927,RES1-1SNB,RES,R11N,205513.26,102756.63,13.8451,14.3451,Above DFE,0,0
7467557,-72.830527,40.782608,RES1-1SNB,RES,R11N,128012.19,64006.1,22.3292,23.8292,Above DFE,0,0
7467559,-72.840306,40.786051,RES1-2SNB,RES,R12N,214151.64,107075.82,25.3282,33.3282,Above DFE,0,0
7467561,-72.814559,40.77691,RES1-2SNB,RES,R12N,279324.74,139662.37,2.836,10.836,Above DFE,0,0
7467563,-72.823341,40.784175,RES1-1SNB,RES,R11N,242879.45,121439.73,12.8049,20.8049,Above DFE,0,0
7467565,-72.825232,40.781593,RES1-1SNB,RES,R11N,152690.46,76345.23,17.4841,17.9841,Above DFE,0,0
7467567,-72.825913,40.776837,RES1-2SNB,RES,R12N,241223.52,120611.76,12.5851,14.0851,Above DFE,0,0
7467569,-72.830343,40.778214,RES1-2SNB,RES,R12N,315348.62,157674.31,13.4914,21.4914,Above DFE,0,0
7467571,-72.837234,40.786712,RES1-2SNB,RES,R12N,310720.57,155360.29,11.89,19.89,Above DFE,0,0
7467573,-72.837507,40.786432,RES1-1SNB,RES,R11N,271413.67,135706.83,24.9226,26.4226,Above DFE,0,0
7467575,-72.821192,40.778309,RES1-3SNB,RES,R13N,706468.76,353234.38,9.3687,17.3687,Above DFE,0,0
7467577,-72.823593,40.779255,RES1-2SNB,RES,R12N,297955.34,148977.67,13.447,21.447,Above DFE,0,0
7467580,-72.82921,40.785993,RES1-1SNB,RES,R11N,172784.22,86392.11,12.0936,20.0936,Above DFE,0,0
7467582,-72.819226,40.776419,RES1-2SNB,RES,R12N,265387.02,132693.51,8.8329,10.3329,Above DFE,0,0
7467583,-72.823435,40.77834,RES1-1SNB,RES,R11N,159777.43,79888.71,9.1749,10.6749,Above DFE,0,0
7467585,-72.830792,40.779058,RES1-2SNB,RES,R12N,331646.72,165823.36,14.4787,15.9787,Above DFE,0,0
7467587,-72.830714,40.780205,RES1-2SNB,RES,R12N,277657.01,138828.51,16.9036,24.9036,Above DFE,0,0
7467589,-72.833629,40.786596,RES1-1SNB,RES,R11N,227164.73,113582.36,17.2712,18.7712,Above DFE,0,0
7467591,-72.814561,40.777102,RES1-2SNB,RES,R12N,574601.72,287300.86,3.3465,4.8465,Under DFE,0,0
7467593,-72.82007,40.779355,RES1-1SNB,RES,R11N,162532.27,81266.13,8.0834,16.0834,Above DFE,0,0
7467595,-72.827143,40.77741,RES1-1SNB,RES,R11N,162959.77,81479.89,12.3765,20.3765,Above DFE,0,0
7467597,-72.844106,40.785936,RES1-1SNB,RES,R11N,145189.64,72594.82,28.2971,29.7971,Above DFE,0,0
7467599,-72.829137,40.782225,RES1-2SNB,RES,R12N,347882.38,173941.19,21.5117,23.0117,Above DFE,0,0
7467601,-72.823256,40.778303,RES1-1SNB,RES,R11N,124997.4,62498.7,8.3633,9.8633,Under DFE,0,0
7467603,-72.828804,40.783245,RES1-1SNB,RES,R11N,349307.76,174653.88,20.6529,21.1529,Above DFE,0,0
7467605,-72.830404,40.783537,RES1-2SNB,RES,R12N,323630.21,161815.11,21.1766,22.6766,Above DFE,0,0
7467607,-72.831083,40.786317,RES1-1SNB,RES,R11N,195410.27,97705.13,6.7675,8.2675,Under DFE,0,0
7467609,-72.839579,40.786085,RES1-1SNB,RES,R11N,192523.13,96261.56,29.2596,37.2596,Above DFE,0,0
7467611,-72.8158,40.777031,RES1-1SNB,RES,R11N,280200.55,140100.27,4.1229,12.1229,Above DFE,0,0
7467614,-72.825837,40.780263,RES1-2SNB,RES,R12N,459258.79,229629.39,14.4202,22.4202,Above DFE,0,0
7467616,-72.825032,40.776593,RES1-2SNB,RES,R12N,370027.5,185013.75,10.7672,18.7672,Above DFE,0,0
7467618,-72.825238,40.776582,RES1-1SNB,RES,R11N,142809.12,71404.56,12.3449,13.8449,Above DFE,0,0
7467620,-72.825234,40.781755,RES1-1SNB,RES,R11N,195550.68,97775.34,17.0646,25.0646,Above DFE,0,0
7467622,-72.8278,40.78429,RES1-2SNB,RES,R12N,446349.23,223174.61,18.8019,20.3019,Above DFE,0,0
7467624,-72.833826,40.78662,RES1-1SNB,RES,R11N,190403.67,95201.84,13.5647,21.5647,Above DFE,0,0
7467626,-72.838853,40.786089,RES1-2SNB,RES,R12N,270536.83,135268.42,27.9571,29.4571,Above DFE,0,0
7467628,-72.840483,40.786058,RES1-2SNB,RES,R12N,238394.31,119197.16,25.2272,33.2272,Above DFE,0,0
7467630,-72.843485,40.786003,RES1-2SNB,RES,R12N,475801.06,237900.53,30.3826,31.8826,Above DFE,0,0
7467632,-72.824776,40.776573,RES1-1SNB,RES,R11N,374570.76,187285.38,10.6693,12.1693,Above DFE,0,0
7467633,-72.827703,40.782175,RES1-3SNB,RES,R13N,306612.98,153306.49,18.4863,18.9863,Above DFE,0,0
7467635,-72.829524,40.786465,RES1-2SNB,RES,R12N,452130.1,226065.05,9.0281,10.5281,Above DFE,0,0
7467637,-72.829857,40.785868,RES1-1SNB,RES,R11N,146701.12,73350.56,9.2403,10.7403,Above DFE,0,0
7467639,-72.83163,40.786281,RES1-1SNB,RES,R11N,225388.49,112694.24,6.314,6.814,Under DFE,0,0
7467641,-72.844403,40.785925,RES1-1SNB,RES,R11N,130660.56,65330.28,28.6243,36.6243,Above DFE,0,0
7467643,-72.814575,40.776777,RES1-2SNB,RES,R12N,273111.64,136555.82,2.5204,10.5204,Above DFE,0,0
7467645,-72.830207,40.784391,RES1-1SNB,RES,R11N,181616.8,90808.4,13.2677,14.7677,Above DFE,0,0
7467647,-72.834873,40.786346,RES1-1SNB,RES,R11N,203665.54,101832.77,17.71,19.21,Above DFE,0,0
7467649,-72.836172,40.786694,RES1-2SNB,RES,R12N,279495.24,139747.62,21.4996,29.4996,Above DFE,0,0
7467651,-72.82239,40.7763,RES1-2SNB,RES,R12N,348644.91,174322.45,7.7941,15.7941,Above DFE,0,0
7467653,-72.820435,40.778183,RES1-1SNB,RES,R11N,293080.84,146540.42,4.6967,6.1967,Under DFE,0,0
7467655,-72.821943,40.778309,RES1-1SNB,RES,R11N,198455.46,99227.73,8.7768,10.2768,Above DFE,0,0
7467656,-72.829484,40.778055,RES1-1SNB,RES,R11N,238500.34,119250.17,15.7412,23.7412,Above DFE,0,0
7467657,-72.831461,40.786384,RES1-1SNB,RES,R11N,264400.67,132200.33,4.1579,5.6579,Under DFE,0,0
7467658,-72.833222,40.78629,COM4,NONRES,C4LN,613141.25,613141.25,16.2935,24.2935,Above DFE,0,0
7467659,-72.820018,40.778436,RES1-1SNB,RES,R11N,215789.93,107894.97,7.0337,8.5337,Under DFE,0,0
7467660,-72.828271,40.784794,RES1-2SNB,RES,R12N,818159.71,409079.85,18.4075,19.9075,Above DFE,0,0
7467662,-72.830346,40.78521,RES1-1SNB,RES,R11N,171301.02,85650.51,8.3143,8.8143,Under DFE,0,0
7467664,-72.825835,40.779204,RES1-2SNB,RES,R12N,449620.1,224810.05,10.939,18.939,Above DFE,0,0
7467666,-72.836909,40.786435,RES1-2SNB,RES,R12N,398608.15,199304.07,24.0162,32.0162,Above DFE,0,0
7467668,-72.830472,40.782338,RES1-1SNB,RES,R11N,173205.08,86602.54,21.5698,29.5698,Above DFE,0,0
7467671,-72.837902,40.786475,RES1-1SNB,RES,R11N,206154.62,103077.31,26.7682,28.2682,Above DFE,0,0
7467673,-72.838305,40.786071,RES1-2SNB,RES,R12N,379795.4,189897.7,27.9455,29.4455,Above DFE,0,0
7467675,-72.841326,40.786013,RES1-1SNB,RES,R11N,252725.35,126362.67,24.8381,32.8381,Above DFE,0,0
7467677,-72.817079,40.776655,RES1-1SNB,RES,R11N,345228.93,172614.46,4.3635,4.8635,Under DFE,0,0
7467679,-72.826268,40.783336,RES1-1SNB,RES,R11N,241626.41,120813.21,18.0434,19.5434,Above DFE,0,0
7467681,-72.83223,40.786312,RES1-2SNB,RES,R12N,358791.41,179395.7,8.2591,16.2591,Above DFE,0,0
7467683,-72.835865,40.786175,RES1-2SNB,RES,R12N,346881.07,173440.53,22.7609,30.7609,Above DFE,0,0
7467685,-72.836337,40.786525,RES1-1SNB,RES,R11N,276111.54,138055.77,25.5802,33.5802,Above DFE,0,0
7467687,-72.823993,40.779684,RES1-2SNB,RES,R12N,261963.02,130981.51,14.286,22.286,Above DFE,0,0
7467689,-72.824725,40.785124,RES1-2SNB,RES,R12N,634918.8,317459.4,10.0878,11.5878,Above DFE,0,0
7467691,-72.824139,40.779721,RES1-2SNB,RES,R12N,333550.32,166775.16,14.3836,22.3836,Above DFE,0,0
7467693,-72.825455,40.776619,RES1-2SNB,RES,R12N,197908.4,98954.2,12.7475,14.2475,Above DFE,0,0
7467695,-72.830359,40.784798,RES1-1SNB,RES,R11N,170037.86,85018.93,10.0537,11.5537,Above DFE,0,0
7467697,-72.834343,40.786203,RES1-3SNB,RES,R13N,353406.66,176703.33,23.7318,31.7318,Above DFE,0,0
7467699,-72.84082,40.78599,RES1-2SNB,RES,R12N,268227.06,134113.53,24.7485,32.7485,Above DFE,0,0
7467701,-72.826128,40.782367,RES1-1SNB,RES,R11N,120881.04,60440.52,16.0448,24.0448,Above DFE,0,0
7467703,-72.82586,40.784427,RES1-1SNB,RES,R11N,358813.67,179406.84,17.6744,19.1744,Above DFE,0,0
7467705,-72.827355,40.783344,RES1-1SNB,RES,R11N,501387.22,250693.61,19.7933,27.7933,Above DFE,0,0
7467707,-72.828361,40.777803,RES1-1SNB,RES,R11N,168378.28,84189.14,15.5062,17.0062,Above DFE,0,0
7467709,-72.830451,40.78315,RES1-2SNB,RES,R12N,350488.32,175244.16,22.0423,30.0423,Above DFE,0,0
7467711,-72.836529,40.786611,RES1-2SNB,RES,R12N,303145.7,151572.85,25.4219,26.9219,Above DFE,0,0
7467713,-72.841719,40.786025,RES1-2SNB,RES,R12N,290883.68,145441.84,25.7656,27.2656,Above DFE,0,0
7467751,-72.823511,40.775776,RES1-2SWB,RES,R12B,273608.36,136804.18,9.8387,11.8387,Above DFE,0,0
7467753,-72.821618,40.775669,RES1-2SNB,RES,R12N,215387.1,107693.55,9.3522,9.8522,Under DFE,0,0
7467755,-72.82411,40.776035,RES1-2SWB,RES,R12B,270497.67,135248.83,11.4921,13.4921,Above DFE,0,0
7467757,-72.822888,40.775886,RES1-1SNB,RES,R11N,110352.25,55176.12,9.3938,9.8938,Under DFE,0,0
7467759,-72.821738,40.775843,RES1-1SWB,RES,R11B,166058.63,83029.32,8.7904,10.7904,Above DFE,0,0
7467761,-72.822044,40.775571,RES1-1SWB,RES,R11B,309325.37,154662.69,8.4588,10.4588,Above DFE,0,0
7467763,-72.82321,40.775631,RES1-1SNB,RES,R11N,207560.96,103780.48,9.1331,10.6331,Above DFE,0,0
7467765,-72.821852,40.775625,RES1-2SWB,RES,R12B,219858.92,109929.46,7.9601,9.9601,Under DFE,0,0
7467767,-72.822814,40.775882,RES1-2SWB,RES,R12B,238739.17,119369.58,9.907,11.907,Above DFE,0,0
7467769,-72.823906,40.775929,RES1-2SWB,RES,R12B,385689.73,192844.87,11.4042,13.4042,Above DFE,0,0
7467771,-72.82322,40.776004,RES1-1SNB,RES,R11N,110804.23,55402.12,9.6369,10.1369,Above DFE,0,0
7467773,-72.822864,40.77548,RES1-1SNB,RES,R11N,276615.79,138307.89,10.3747,10.8747,Above DFE,0,0
7467775,-72.822046,40.775861,RES1-2SNB,RES,R12N,226661.96,113330.98,9.0833,9.5833,Under DFE,0,0
7467777,-72.823698,40.77586,RES1-1SWB,RES,R11B,278087.64,139043.82,10.7632,12.7632,Above DFE,0,0
7467779,-72.823049,40.775568,RES1-2SWB,RES,R12B,227192.67,113596.33,9.134,11.134,Above DFE,0,0
7467781,-72.823437,40.776023,RES1-2SNB,RES,R12N,347536.25,173768.13,10.3889,11.8889,Above DFE,0,0
7467783,-72.822537,40.775507,RES1-2SWB,RES,R12B,599142.47,299571.23,9.1977,11.1977,Above DFE,0,0
7467785,-72.822318,40.775902,RES1-2SWB,RES,R12B,315923.53,157961.76,8.8795,10.8795,Above DFE,0,0
7467802,-72.824844,40.773532,RES1-1SNB,RES,R11N,170549.71,85274.86,10.2779,10.7779,Above DFE,0,0
7467804,-72.821933,40.77397,RES3A,RES,R3A1B,942484.76,471242.38,7.6994,9.6994,Under DFE,0,0
7467806,-72.821692,40.774473,RES1-1SNB,RES,R11N,105851.94,52925.97,7.6299,8.1299,Under DFE,0,0
7467808,-72.823323,40.773697,RES1-1SWB,RES,R11B,214252.01,107126,8.3463,10.3463,Above DFE,0,0
7467810,-72.822355,40.773856,RES1-1SNB,RES,R11N,177480.22,88740.11,5.8269,7.3269,Under DFE,0,0
7467812,-72.823004,40.774119,RES1-2SNB,RES,R12N,264562.1,132281.05,7.6955,9.1955,Under DFE,0,0
7467814,-72.821176,40.77436,RES1-1SWB,RES,R11B,182571.98,91285.99,10.2311,12.2311,Above DFE,0,0
7467816,-72.822881,40.773759,RES1-1SWB,RES,R11B,236117.36,118058.68,5.5678,7.5678,Under DFE,0,0
7467818,-72.824437,40.773842,RES1-1SWB,RES,R11B,351583.75,175791.88,6.7277,8.7277,Under DFE,0,0
7467820,-72.824275,40.773471,RES1-2SNB,RES,R12N,220248.43,110124.22,8.7315,9.2315,Under DFE,0,0
7467822,-72.822522,40.773799,RES1-2SWB,RES,R12B,250424.03,125212.01,5.5717,7.5717,Under DFE,0,0
7467824,-72.822823,40.774136,RES1-1SWB,RES,R11B,174192.18,87096.09,7.8012,9.8012,Under DFE,0,0
7467827,-72.823243,40.774111,RES1-2SWB,RES,R12B,132742.85,66371.43,7.4517,9.4517,Under DFE,0,0
7467828,-72.821969,40.774358,RES1-1SWB,RES,R11B,131840.44,65920.22,7.4216,9.4216,Under DFE,0,0
7467830,-72.824217,40.773855,RES1-2SNB,RES,R12N,274346.5,137173.25,6.2347,7.7347,Under DFE,0,0
7467832,-72.824774,40.77385,RES1-2SNB,RES,R12N,268795.81,134397.9,8.784,9.284,Under DFE,0,0
7467834,-72.82352,40.773994,RES1-1SNB,RES,R11N,157870.39,78935.2,7.4111,7.9111,Under DFE,0,0
7467835,-72.824454,40.773453,RES1-2SWB,RES,R12B,271590.22,135795.11,8.9771,10.9771,Above DFE,0,0
7467837,-72.822644,40.774188,RES1-2SNB,RES,R12N,298881.57,149440.78,7.907,9.407,Under DFE,0,0
7467839,-72.823054,40.773716,RES1-1SNB,RES,R11N,167725.39,83862.69,5.5436,7.0436,Under DFE,0,0
7467841,-72.821576,40.77402,RES1-1SNB,RES,R11N,195051.58,97525.79,8.3559,8.8559,Under DFE,0,0
7467843,-72.823711,40.774013,RES1-2SWB,RES,R12B,234843.36,117421.68,6.0709,8.0709,Under DFE,0,0
7467845,-72.821246,40.774508,COM4,NONRES,C4LN,NaN,NaN,9.9774,10.4774,Above DFE,0,0
7467847,-72.821792,40.774396,RES1-1SWB,RES,R11B,216238.93,108119.47,8.3083,10.3083,Above DFE,0,0
7467849,-72.824034,40.773513,RES1-2SNB,RES,R12N,421234.38,210617.19,7.9846,8.4846,Under DFE,0,0
7467851,-72.824707,40.773381,RES1-2SWB,RES,R12B,308287.2,154143.6,9.5131,11.5131,Above DFE,0,0
7467855,-72.82336,40.774072,RES1-2SWB,RES,R12B,262459.45,131229.73,6.5608,8.5608,Under DFE,0,0
7467857,-72.821197,40.774176,RES1-2SWB,RES,R12B,359194.89,179597.45,9.3435,11.3435,Above DFE,0,0
7467859,-72.822477,40.774236,RES1-1SNB,RES,R11N,141218.5,70609.25,8.6678,9.1678,Under DFE,0,0
7467861,-72.823988,40.773943,RES1-2SWB,RES,R12B,306903.72,153451.86,6.3233,8.3233,Under DFE,0,0
7467863,-72.822182,40.773881,RES1-2SWB,RES,R12B,264657.02,132328.51,7.0941,9.0941,Under DFE,0,0
7470896,-72.829111,40.777202,RES1-2SWB,RES,R12B,835291.87,417645.94,17.1166,19.1166,Above DFE,0,0
7470898,-72.827146,40.776143,RES1-1SNB,RES,R11N,157760.56,78880.28,14.3373,15.8373,Above DFE,0,0
7470900,-72.828208,40.776001,RES1-3SWB,RES,R13B,454099.95,227049.98,14.9386,16.9386,Above DFE,0,0
7470902,-72.827941,40.776041,RES1-1SWB,RES,R11B,196352.81,98176.41,14.4219,16.4219,Above DFE,0,0
7470904,-72.827675,40.776883,RES1-1SNB,RES,R11N,214343.58,107171.79,15.584,16.084,Above DFE,0,0
7470906,-72.82851,40.775984,RES1-1SNB,RES,R11N,167811.93,83905.96,14.2923,15.7923,Above DFE,0,0
7470908,-72.827719,40.77608,RES1-1SNB,RES,R11N,245936.85,122968.42,14.1465,15.6465,Above DFE,0,0
7470910,-72.827461,40.776394,RES1-1SWB,RES,R11B,180788.71,90394.36,14.8949,16.8949,Above DFE,0,0
7470912,-72.828879,40.776543,RES1-2SWB,RES,R12B,334784.94,167392.47,16.8182,18.8182,Above DFE,0,0
7470914,-72.8292,40.776848,RES1-1SNB,RES,R11N,148645.36,74322.68,17.0276,18.5276,Above DFE,0,0
7470916,-72.828652,40.776302,RES1-2SWB,RES,R12B,304591.34,152295.67,16.5026,18.5026,Above DFE,0,0
7470917,-72.82777,40.777175,RES1-1SWB,RES,R11B,209048.23,104524.11,15.9913,17.9913,Above DFE,0,0
7470920,-72.829375,40.761137,RES1-2SNB,RES,R12N,359359.83,179679.91,3.0022,3.5022,Under DFE,0,0
7470922,-72.8301,40.761292,RES1-1SNB,RES,R11N,160015.86,80007.93,4.0896,4.5896,Under DFE,0,0
7470924,-72.82962,40.761044,RES1-1SWB,RES,R11B,231042.58,115521.29,3.032,5.032,Under DFE,0,0
7470926,-72.829807,40.761177,RES1-1SWB,RES,R11B,100457.52,50228.76,3.817,5.817,Under DFE,0,0
7470928,-72.829799,40.761051,RES1-2SWB,RES,R12B,254961.28,127480.64,3.3901,5.3901,Under DFE,0,0
7471049,-72.830583,40.781147,RES3A,RES,R3A1N,767885.08,383942.54,15.7089,23.7089,Above DFE,0,0
7471051,-72.830686,40.781464,RES3A,RES,R3A1N,888381.48,444190.74,18.5836,26.5836,Above DFE,0,0
7471053,-72.826813,40.781484,RES3A,RES,R3A1N,884664.69,442332.35,17.053,18.553,Above DFE,0,0
7471055,-72.828377,40.781499,RES3A,RES,R3A3N,814939.74,407469.87,16.8609,18.3609,Above DFE,0,0
7471058,-72.830205,40.781146,RES3A,RES,R3A3N,782447.7,391223.85,13.6411,21.6411,Above DFE,0,0
7471060,-72.825875,40.781123,RES3A,RES,R3A1N,932017.67,466008.83,15.6964,23.6964,Above DFE,0,0
7471062,-72.824809,40.780869,RES3A,RES,R3A1N,1048937.67,524468.84,15.2511,23.2511,Above DFE,0,0
7471063,-72.829235,40.781508,RES3A,RES,R3A1N,624502.67,312251.34,16.0274,17.5274,Above DFE,0,0
7471065,-72.830457,40.78171,RES3A,RES,R3A3N,645763.07,322881.54,18.2649,26.2649,Above DFE,0,0
7471067,-72.827454,40.781483,RES3A,RES,R3A1N,644827.32,322413.66,18.6544,20.1544,Above DFE,0,0
7471069,-72.830891,40.763912,RES1-1SNB,RES,R11N,105279.17,52639.59,8.3614,9.8614,Under DFE,0,0
7471071,-72.830474,40.763797,RES1-1SNB,RES,R11N,91614.53,45807.26,8.3452,8.8452,Under DFE,0,0
7471073,-72.830663,40.763974,RES1-1SWB,RES,R11B,221773.48,110886.74,8.8964,10.8964,Above DFE,0,0
7471075,-72.830099,40.763781,RES1-1SNB,RES,R11N,167090.84,83545.42,7.5277,8.0277,Under DFE,0,0
7471077,-72.8303,40.763707,RES1-2SWB,RES,R12B,241349.72,120674.86,8.0481,10.0481,Above DFE,0,0
7471079,-72.829914,40.763826,RES1-2SWB,RES,R12B,325167.74,162583.87,8.4023,10.4023,Above DFE,0,0
7471081,-72.830564,40.763636,RES1-2SWB,RES,R12B,218266.61,109133.3,8.2494,10.2494,Above DFE,0,0
7471083,-72.830914,40.76357,RES1-2SWB,RES,R12B,405370.75,202685.37,7.2789,9.2789,Under DFE,0,0
7471085,-72.831429,40.763734,RES1-1SWB,RES,R11B,199238.46,99619.23,8.6942,10.6942,Above DFE,0,0
7471087,-72.831328,40.763491,RES1-1SWB,RES,R11B,217249.5,108624.75,7.3263,9.3263,Under DFE,0,0
7471089,-72.830211,40.764063,RES1-1SWB,RES,R11B,185426.07,92713.03,8.4274,10.4274,Above DFE,0,0
7471091,-72.831181,40.763789,RES1-1SWB,RES,R11B,198450.07,99225.04,8.2034,10.2034,Above DFE,0,0
7471459,-72.831141,40.761044,RES1-1SWB,RES,R11B,156373.37,78186.69,3.6973,5.6973,Under DFE,0,0
7471461,-72.831252,40.761174,RES1-1SNB,RES,R11N,149210.75,74605.38,5.5684,7.0684,Under DFE,0,0
7471463,-72.831064,40.760893,RES1-1SNB,RES,R11N,140814.71,70407.36,3.7323,4.2323,Under DFE,0,0
7471466,-72.830919,40.760471,RES1-1SWB,RES,R11B,219385.54,109692.77,2.6659,4.6659,Under DFE,0,0
7471468,-72.831497,40.76169,RES1-2SWB,RES,R12B,375788.46,187894.23,5.4999,7.4999,Under DFE,0,0
7471470,-72.831067,40.761784,RES1-1SWB,RES,R11B,175480.64,87740.32,4.5326,6.5326,Under DFE,0,0
7471472,-72.830805,40.760864,RES1-1SWB,RES,R11B,185133.12,92566.56,3.2982,5.2982,Under DFE,0,0
7471474,-72.830952,40.761547,RES1-1SNB,RES,R11N,128445.15,64222.57,4.0856,4.5856,Under DFE,0,0
7471476,-72.83081,40.76116,RES1-1SWB,RES,R11B,232355.5,116177.75,3.7398,5.7398,Under DFE,0,0
7471478,-72.830646,40.760664,RES1-3SWB,RES,R13B,518997.83,259498.92,4.1364,6.1364,Under DFE,0,0
7471727,-72.832162,40.763922,RES1-2SNB,RES,R12N,301178.65,150589.32,7.2861,7.7861,Under DFE,0,0
7471729,-72.831481,40.764473,RES1-1SNB,RES,R11N,88814.42,44407.21,9.2361,9.7361,Under DFE,0,0
7471731,-72.832502,40.764084,RES1-2SWB,RES,R12B,759586.73,379793.36,8.8945,10.8945,Above DFE,0,0
7471733,-72.831785,40.764372,RES1-1SNB,RES,R11N,154504.26,77252.13,8.7222,9.2222,Under DFE,0,0
7471735,-72.832239,40.764241,RES1-1SNB,RES,R11N,176554.81,88277.41,7.711,8.211,Under DFE,0,0
7471737,-72.830614,40.764468,RES1-1SWB,RES,R11B,147228.64,73614.32,7.5936,9.5936,Under DFE,0,0
7471739,-72.831993,40.763984,RES1-1SNB,RES,R11N,185939.39,92969.7,7.7928,8.2928,Under DFE,0,0
7471741,-72.831331,40.764506,RES1-1SWB,RES,R11B,158286.81,79143.4,9.0054,11.0054,Above DFE,0,0
7471743,-72.831027,40.764574,RES1-1SWB,RES,R11B,412594.57,206297.29,9.9643,11.9643,Above DFE,0,0
7471745,-72.83142,40.764176,RES1-1SWB,RES,R11B,196377.95,98188.97,8.6003,10.6003,Above DFE,0,0
7471747,-72.830546,40.76435,RES1-1SNB,RES,R11N,167663.84,83831.92,8.7532,9.2532,Under DFE,0,0
7471748,-72.831041,40.764271,RES1-1SNB,RES,R11N,159105.34,79552.67,9.0853,9.5853,Under DFE,0,0
7471799,-72.83231,40.766958,RES1-1SNB,RES,R11N,222474.73,111237.37,11.5005,12.0005,Above DFE,0,0
7471800,-72.832514,40.766746,RES1-1SWB,RES,R11B,151970.18,75985.09,11.6938,13.6938,Above DFE,0,0
7471801,-72.832837,40.766591,RES1-2SWB,RES,R12B,382504.87,191252.43,11.8075,13.8075,Above DFE,0,0
7471802,-72.833651,40.766682,RES1-1SNB,RES,R11N,228103.47,114051.73,11.7581,12.2581,Above DFE,0,0
7471803,-72.833353,40.766771,RES1-1SNB,RES,R11N,198291.57,99145.79,11.9751,12.4751,Above DFE,0,0
7471804,-72.833088,40.766482,RES1-1SNB,RES,R11N,216839.76,108419.88,11.6725,13.1725,Above DFE,0,0
7471805,-72.833037,40.766829,RES1-1SWB,RES,R11B,356726.57,178363.29,12.0306,14.0306,Above DFE,0,0
7471806,-72.832402,40.766645,RES1-1SWB,RES,R11B,195561.71,97780.85,11.7419,13.7419,Above DFE,0,0
7471807,-72.832605,40.766943,RES1-2SWB,RES,R12B,466632.2,233316.1,12.4607,14.4607,Above DFE,0,0
7471808,-72.83348,40.766442,COM3,NONRES,C3LN,NaN,NaN,11.3484,11.8484,Above DFE,0,0
7472255,-72.834001,40.780139,RES1-1SWB,RES,R11B,178781.91,89390.96,19.1318,21.1318,Above DFE,0,0
7472257,-72.833105,40.779711,RES1-2SWB,RES,R12B,452964.5,226482.25,17.9212,19.9212,Above DFE,0,0
7472259,-72.833144,40.779312,RES1-1SWB,RES,R11B,335169.55,167584.77,17.5298,19.5298,Above DFE,0,0
7472261,-72.833512,40.780701,RES1-2SWB,RES,R12B,301237.07,150618.53,17.5402,19.5402,Above DFE,0,0
7472263,-72.833062,40.780424,RES1-1SWB,RES,R11B,343463.74,171731.87,18.186,20.186,Above DFE,0,0
7472265,-72.833759,40.779673,RES1-1SWB,RES,R11B,224323.65,112161.83,18.7708,20.7708,Above DFE,0,0
7472267,-72.834025,40.780405,RES1-1SWB,RES,R11B,351053.48,175526.74,19.4388,21.4388,Above DFE,0,0
7472269,-72.83365,40.779255,RES1-2SWB,RES,R12B,365291.45,182645.73,18.5714,20.5714,Above DFE,0,0
7472271,-72.833017,40.780219,RES1-1SNB,RES,R11N,121536.79,60768.39,18.1654,19.6654,Above DFE,0,0
7472273,-72.833751,40.779514,RES1-1SWB,RES,R11B,235938.98,117969.49,18.4394,20.4394,Above DFE,0,0
7472275,-72.833149,40.780117,RES1-1SNB,RES,R11N,112926.79,56463.4,18.2778,19.7778,Above DFE,0,0
7472277,-72.833539,40.779033,RES1-2SWB,RES,R12B,267087.68,133543.84,17.7415,19.7415,Above DFE,0,0
7472279,-72.833129,40.779545,RES1-2SNB,RES,R12N,226043.61,113021.8,17.4969,17.9969,Above DFE,0,0
7472281,-72.833122,40.77911,RES1-2SNB,RES,R12N,362571.66,181285.83,17.7064,18.2064,Above DFE,0,0
7472283,-72.833461,40.778852,RES1-2SWB,RES,R12B,270107.66,135053.83,17.7913,19.7913,Above DFE,0,0
7472285,-72.833847,40.780696,RES1-1SWB,RES,R11B,226348.12,113174.06,18.603,20.603,Above DFE,0,0
7472287,-72.833117,40.780702,RES1-1SWB,RES,R11B,361402.77,180701.39,18.7745,20.7745,Above DFE,0,0
7472340,-72.834588,40.761224,RES1-1SWB,RES,R11B,210388.54,105194.27,2.6992,4.6992,Under DFE,0,0
7472342,-72.834909,40.76222,RES1-2SNB,RES,R12N,124476.64,62238.32,5.3169,5.8169,Under DFE,0,0
7472344,-72.835144,40.762602,RES1-1SWB,RES,R11B,167656.51,83828.25,7.9197,9.9197,Under DFE,0,0
7472346,-72.835249,40.762754,RES1-1SWB,RES,R11B,NaN,NaN,6.9138,8.9138,Under DFE,0,0
7472348,-72.835416,40.762301,RES1-1SNB,RES,R11N,207007.43,103503.71,6.167,6.667,Under DFE,0,0
7472350,-72.834908,40.761161,COM4,NONRES,C4LN,NaN,NaN,5.2679,5.7679,Under DFE,0,0
7472352,-72.834813,40.761933,RES1-1SWB,RES,R11B,198621.19,99310.6,5.5082,7.5082,Under DFE,0,0
7472354,-72.834586,40.761476,RES1-2SNB,RES,R12N,220743.65,110371.82,3.7414,5.2414,Under DFE,0,0
7472356,-72.83541,40.762662,RES1-1SNB,RES,R11N,141427.34,70713.67,6.6348,8.1348,Under DFE,0,0
7472358,-72.835049,40.76243,RES1-1SNB,RES,R11N,NaN,NaN,6.2525,7.7525,Under DFE,0,0
7472360,-72.835232,40.762004,RES1-2SWB,RES,R12B,255845.7,127922.85,5.5566,7.5566,Under DFE,0,0
7472362,-72.835634,40.762721,RES1-1SWB,RES,R11B,233961.84,116980.92,6.664,8.664,Under DFE,0,0
7472364,-72.835016,40.761464,RES1-2SWB,RES,R12B,209850.82,104925.41,3.6512,5.6512,Under DFE,0,0
7472661,-72.835282,40.766969,RES1-2SWB,RES,R12B,313619.91,156809.95,12.5084,14.5084,Above DFE,0,0
7472663,-72.834979,40.765716,RES1-1SNB,RES,R11N,204566.17,102283.09,9.0759,10.5759,Above DFE,0,0
7472666,-72.835618,40.766852,RES1-1SWB,RES,R11B,248959.12,124479.56,12.4761,14.4761,Above DFE,0,0
7472668,-72.835112,40.766705,RES1-1SWB,RES,R11B,255574.24,127787.12,13.0932,15.0932,Above DFE,0,0
7472670,-72.83516,40.765832,RES1-2SWB,RES,R12B,320958.37,160479.18,11.051,13.051,Above DFE,0,0
7472672,-72.834512,40.765427,RES1-2SNB,RES,R12N,476347.11,238173.55,9.8594,11.3594,Above DFE,0,0
7472674,-72.835017,40.76656,RES1-2SWB,RES,R12B,309730.28,154865.14,11.9733,13.9733,Above DFE,0,0
7472676,-72.835422,40.766424,RES1-2SNB,RES,R12N,320257.96,160128.98,12.0876,13.5876,Above DFE,0,0
7472678,-72.834894,40.766365,RES1-1SNB,RES,R11N,211377.46,105688.73,11.8881,12.3881,Above DFE,0,0
7472680,-72.83525,40.766765,RES1-1SWB,RES,R11B,196336.12,98168.06,12.3737,14.3737,Above DFE,0,0
7472682,-72.834883,40.765369,RES1-3SWB,RES,R13B,509162.32,254581.16,10.2747,12.2747,Above DFE,0,0
7472684,-72.834635,40.765686,RES1-1SWB,RES,R11B,305813.95,152906.97,9.9694,11.9694,Above DFE,0,0
7472686,-72.835198,40.766036,COM4,NONRES,C4LN,NaN,NaN,12.6635,13.1635,Above DFE,0,0
7472688,-72.834847,40.766127,RES1-2SWB,RES,R12B,438668.14,219334.07,12.0387,14.0387,Above DFE,0,0
7472690,-72.834986,40.765536,RES1-2SWB,RES,R12B,361289.33,180644.66,9.1769,11.1769,Above DFE,0,0
7472692,-72.834804,40.765901,RES1-1SNB,RES,R11N,274115.33,137057.66,11.0763,11.5763,Above DFE,0,0
7472876,-72.836297,40.76231,RES1-2SNB,RES,R12N,290136.65,145068.33,6.0365,6.5365,Under DFE,0,0
7472878,-72.835459,40.761224,RES1-1SWB,RES,R11B,247162.6,123581.3,4.4339,6.4339,Under DFE,0,0
7472880,-72.835767,40.761923,RES1-1SNB,RES,R11N,197595.65,98797.82,4.4379,4.9379,Under DFE,0,0
7472882,-72.835972,40.762344,RES1-1SWB,RES,R11B,208127.87,104063.93,6.5008,8.5008,Under DFE,0,0
7472884,-72.83562,40.761554,RES1-1SWB,RES,R11B,171230.85,85615.43,3.9562,5.9562,Under DFE,0,0
7472886,-72.835841,40.761119,RES1-2SWB,RES,R12B,268812.97,134406.49,3.6715,5.6715,Under DFE,0,0
7472888,-72.835887,40.762161,RES1-1SWB,RES,R11B,212630.6,106315.3,4.9682,6.9682,Under DFE,0,0
7473237,-72.836924,40.764286,RES1-2SNB,RES,R12N,139370.23,69685.12,11.3415,11.8415,Above DFE,0,0
7473239,-72.837251,40.76433,RES1-1SWB,RES,R11B,165527.05,82763.53,12.0162,14.0162,Above DFE,0,0
7473241,-72.837092,40.764288,RES1-1SWB,RES,R11B,128220.92,64110.46,11.4543,13.4543,Above DFE,0,0
7473242,-72.836603,40.763727,RES1-1SWB,RES,R11B,171720.34,85860.17,9.8364,11.8364,Above DFE,0,0
7473244,-72.836747,40.764071,RES1-1SWB,RES,R11B,243247.04,121623.52,10.3129,12.3129,Above DFE,0,0
7473246,-72.83655,40.772092,RES1-2SWB,RES,R12B,369880.71,184940.35,12.7599,14.7599,Above DFE,0,0
7473248,-72.836254,40.771285,RES1-1SWB,RES,R11B,287451.51,143725.75,10.0771,12.0771,Above DFE,0,0
7473250,-72.836849,40.772572,RES1-2SWB,RES,R12B,388101.37,194050.69,14.7572,16.7572,Above DFE,0,0
7473252,-72.836372,40.771528,RES1-2SWB,RES,R12B,346059.18,173029.59,8.8692,10.8692,Above DFE,0,0
7473254,-72.83655,40.771139,RES1-1SWB,RES,R11B,315145.42,157572.71,11.4122,13.4122,Above DFE,0,0
7473256,-72.837251,40.772714,RES1-2SWB,RES,R12B,312702.85,156351.43,15.2442,17.2442,Above DFE,0,0
7473258,-72.836728,40.772354,RES1-3SWB,RES,R13B,574747.9,287373.95,13.3396,15.3396,Above DFE,0,0
7473260,-72.836997,40.772132,RES1-2SWB,RES,R12B,405018.83,202509.42,12.2093,14.2093,Above DFE,0,0
7473262,-72.837147,40.772452,RES1-2SWB,RES,R12B,458420.92,229210.46,13.8676,15.8676,Above DFE,0,0
7473264,-72.837055,40.772785,RES1-2SWB,RES,R12B,308704.9,154352.45,15.8779,17.8779,Above DFE,0,0
7473266,-72.836506,40.771794,RES1-1SWB,RES,R11B,316439.94,158219.97,11.0111,13.0111,Above DFE,0,0
7473310,-72.83686,40.767663,RES1-1SNB,RES,R11N,267358.46,133679.23,14.8619,16.3619,Above DFE,0,0
7473312,-72.837051,40.768006,RES1-2SWB,RES,R12B,329705.73,164852.86,14.1918,16.1918,Above DFE,0,0
7473314,-72.836787,40.768439,RES1-1SWB,RES,R11B,273983.91,136991.95,14.6178,16.6178,Above DFE,0,0
7473316,-72.83731,40.76853,RES1-2SWB,RES,R12B,353180.4,176590.2,15.0941,17.0941,Above DFE,0,0
7473318,-72.836704,40.767219,RES1-1SWB,RES,R11B,329618.82,164809.41,12.9776,14.9776,Above DFE,0,0
7473320,-72.836321,40.767472,RES1-2SWB,RES,R12B,270748.73,135374.36,13.5858,15.5858,Above DFE,0,0
7473322,-72.836514,40.767859,RES1-1SNB,RES,R11N,269607.14,134803.57,14.9377,16.4377,Above DFE,0,0
7473324,-72.83715,40.768166,RES1-1SNB,RES,R11N,216265.93,108132.96,14.4124,14.9124,Above DFE,0,0
7473326,-72.837203,40.768306,RES1-1SWB,RES,R11B,261553.48,130776.74,14.8293,16.8293,Above DFE,0,0
7473328,-72.83696,40.767881,RES1-1SWB,RES,R11B,234112.35,117056.18,14.1422,16.1422,Above DFE,0,0
7473628,-72.836691,40.78568,RES1-2SNB,RES,R12N,265695.71,132847.86,26.5832,27.0832,Above DFE,0,0
7473630,-72.838067,40.78415,RES1-2SNB,RES,R12N,284271.18,142135.59,24.5188,25.0188,Above DFE,0,0
7473632,-72.836912,40.784089,RES1-1SNB,RES,R11N,252362.24,126181.12,26.8588,27.3588,Above DFE,0,0
7473634,-72.83743,40.782707,RES1-2SWB,RES,R12B,326710.51,163355.25,19.6517,21.6517,Above DFE,0,0
7473636,-72.837781,40.784906,RES3A,RES,R3A1N,896356.18,448178.09,29.4511,29.9511,Above DFE,0,0
7473598,-72.837643,40.785273,RES1-1SWB,RES,R11B,160659.29,80329.64,28.9725,30.9725,Above DFE,0,0
7473600,-72.837532,40.785512,COM4,NONRES,C4LN,390357.59,390357.59,28.226,28.726,Above DFE,0,0
7473602,-72.837561,40.782285,RES1-2SWB,RES,R12B,321221.66,160610.83,21.0394,23.0394,Above DFE,0,0
7473604,-72.838315,40.783318,RES1-2SWB,RES,R12B,327993.41,163996.7,22.1341,24.1341,Above DFE,0,0
7473606,-72.838174,40.783866,RES1-2SWB,RES,R12B,372965.89,186482.94,22.6737,24.6737,Above DFE,0,0
7473608,-72.836737,40.784414,RES1-1SWB,RES,R11B,243396.48,121698.24,27.9828,29.9828,Above DFE,0,0
7473610,-72.838696,40.782402,RES1-2SWB,RES,R12B,326104.28,163052.14,22.0959,24.0959,Above DFE,0,0
7473612,-72.836397,40.785411,RES1-3SWB,RES,R13B,459252.59,229626.3,27.0186,29.0186,Above DFE,0,0
7473614,-72.837676,40.782014,RES3A,RES,R3A1B,980359.01,490179.51,22.3421,24.3421,Above DFE,0,0
7473616,-72.836543,40.785115,RES1-1SWB,RES,R11B,384979.79,192489.89,28.8005,30.8005,Above DFE,0,0
7473618,-72.836959,40.78388,RES1-2SNB,RES,R12N,293787.42,146893.71,25.2371,26.7371,Above DFE,0,0
7473620,-72.836814,40.78423,RES1-2SWB,RES,R12B,211797.19,105898.6,26.7582,28.7582,Above DFE,0,0
7473622,-72.838451,40.783061,RES1-1SNB,RES,R11N,170252.21,85126.1,21.993,23.493,Above DFE,0,0
7473624,-72.836597,40.784889,RES1-3SWB,RES,R13B,402064.84,201032.42,28.3964,30.3964,Above DFE,0,0
7473626,-72.837146,40.783571,RES1-1SWB,RES,R11B,307176.1,153588.05,23.3409,25.3409,Above DFE,0,0
7473638,-72.838629,40.782612,RES1-2SNB,RES,R12N,268971.91,134485.95,22.6447,23.1447,Above DFE,0,0
7473640,-72.837952,40.784358,RES1-1SWB,RES,R11B,201958.39,100979.19,26.921,28.921,Above DFE,0,0
7473642,-72.83878,40.782169,RES1-1SWB,RES,R11B,190003.09,95001.54,23.0369,25.0369,Above DFE,0,0
7473644,-72.837358,40.785671,RES1-1SWB,RES,R11B,180577.31,90288.66,26.6737,28.6737,Above DFE,0,0
7473646,-72.836451,40.78527,RES1-1SWB,RES,R11B,194200.97,97100.49,27.2784,29.2784,Above DFE,0,0
7473219,-72.836529,40.763591,RES1-1SNB,RES,R11N,202461.55,101230.78,9.6152,11.1152,Above DFE,0,0
7473221,-72.836763,40.763465,AGR1,NONRES,A1LN,NaN,NaN,10.0089,10.5089,Above DFE,0,0
7473223,-72.836736,40.763208,RES1-1SWB,RES,R11B,277638.31,138819.15,9.5003,11.5003,Above DFE,0,0
7473225,-72.836543,40.762859,RES1-1SWB,RES,R11B,163457.64,81728.82,7.7881,9.7881,Under DFE,0,0
7473227,-72.837158,40.764086,RES1-1SWB,RES,R11B,206485.09,103242.54,11.539,13.539,Above DFE,0,0
7473229,-72.836166,40.7629,RES1-1SWB,RES,R11B,147852.76,73926.38,7.1046,9.1046,Under DFE,0,0
7473231,-72.836511,40.763407,RES1-1SNB,RES,R11N,161757.2,80878.6,9.01,9.51,Under DFE,0,0
7473233,-72.836717,40.763043,RES1-1SWB,RES,R11B,210347.76,105173.88,8.0974,10.0974,Above DFE,0,0
7473235,-72.836911,40.764415,RES1-2SWB,RES,R12B,293444.59,146722.3,11.0688,13.0688,Above DFE,0,0
7473822,-72.838149,40.778884,RES1-1SWB,RES,R11B,271058.83,135529.42,18.9686,20.9686,Above DFE,0,0
7473824,-72.837747,40.775968,RES1-1SWB,RES,R11B,192382.14,96191.07,18.1979,20.1979,Above DFE,0,0
7473826,-72.837874,40.776428,RES1-1SNB,RES,R11N,210927.63,105463.82,18.37,18.87,Above DFE,0,0
7473828,-72.838518,40.777787,RES1-2SNB,RES,R12N,306632.49,153316.25,21.268,21.768,Above DFE,0,0
7473830,-72.837845,40.776288,RES1-1SWB,RES,R11B,311661.07,155830.53,18.2773,20.2773,Above DFE,0,0
7473832,-72.838706,40.77824,RES1-2SWB,RES,R12B,458372.22,229186.11,21.5183,23.5183,Above DFE,0,0
7473834,-72.837146,40.777336,RES1-1SNB,RES,R11N,195012.53,97506.26,19.575,20.075,Above DFE,0,0
7473836,-72.838684,40.778479,RES3A,RES,R3A1N,594018.73,297009.36,21.1563,21.6563,Above DFE,0,0
7473838,-72.838893,40.778676,RES1-2SNB,RES,R12N,412600.19,206300.09,19.8486,21.3486,Above DFE,0,0
7473840,-72.837697,40.778481,RES1-1SWB,RES,R11B,215212.12,107606.06,17.5043,19.5043,Above DFE,0,0
7473842,-72.837755,40.778998,RES1-2SNB,RES,R12N,218796.64,109398.32,19.25,20.75,Above DFE,0,0
7473844,-72.837587,40.775767,RES1-1SWB,RES,R11B,277420.74,138710.37,19.0689,21.0689,Above DFE,0,0
7473846,-72.836974,40.776948,RES1-2SWB,RES,R12B,321391.63,160695.81,18.4584,20.4584,Above DFE,0,0
7473848,-72.836754,40.776428,RES1-3SNB,RES,R13N,284987.4,142493.7,18.4264,18.9264,Above DFE,0,0
7473850,-72.837207,40.777462,RES1-2SWB,RES,R12B,339544.33,169772.17,18.5298,20.5298,Above DFE,0,0
7473852,-72.83813,40.776946,RES1-1SWB,RES,R11B,319519.98,159759.99,19.518,21.518,Above DFE,0,0
7473854,-72.837803,40.776159,RES1-2SNB,RES,R12N,372016.49,186008.25,18.7356,20.2356,Above DFE,0,0
7473856,-72.838072,40.776814,RES1-2SWB,RES,R12B,285523.24,142761.62,19.399,21.399,Above DFE,0,0
7473857,-72.836631,40.776168,RES1-2SWB,RES,R12B,384584.21,192292.1,17.5789,19.5789,Above DFE,0,0
7473860,-72.837327,40.77561,RES1-1SWB,RES,R11B,155930.44,77965.22,18.4868,20.4868,Above DFE,0,0
7473862,-72.838414,40.777488,RES1-2SWB,RES,R12B,355742.8,177871.4,20.8741,22.8741,Above DFE,0,0
7473864,-72.836602,40.77603,RES1-1SNB,RES,R11N,221663.88,110831.94,18.0165,19.5165,Above DFE,0,0
7474136,-72.838591,40.763245,RES1-1SWB,RES,R11B,244321.34,122160.67,10.3274,12.3274,Above DFE,0,0
7474138,-72.837918,40.76251,RES1-2SNB,RES,R12N,255475.5,127737.75,8.9655,9.4655,Under DFE,0,0
7474140,-72.838028,40.76285,RES1-1SNB,RES,R11N,171628.85,85814.43,8.0226,8.5226,Under DFE,0,0
7474142,-72.838279,40.763478,RES1-1SWB,RES,R11B,139414.12,69707.06,8.9018,10.9018,Above DFE,0,0
7473866,-72.836616,40.776323,RES1-2SNB,RES,R12N,200275.21,100137.61,17.4351,18.9351,Above DFE,0,0
7473868,-72.837064,40.777212,RES1-1SWB,RES,R11B,181923.21,90961.61,20.1408,22.1408,Above DFE,0,0
7473870,-72.836979,40.777087,RES1-1SNB,RES,R11N,111634.1,55817.05,18.6746,19.1746,Above DFE,0,0
7473872,-72.837964,40.776556,RES1-2SWB,RES,R12B,338963.58,169481.79,19.5484,21.5484,Above DFE,0,0
7473874,-72.836903,40.776768,RES1-1SNB,RES,R11N,151026.55,75513.28,18.5934,19.0934,Above DFE,0,0
7473875,-72.838218,40.777099,RES1-1SWB,RES,R11B,155708.33,77854.16,20.1628,22.1628,Above DFE,0,0
7473876,-72.837331,40.777838,RES1-1SNB,RES,R11N,155815.53,77907.76,18.2684,19.7684,Above DFE,0,0
7473878,-72.838598,40.778471,RES1-1SWB,RES,R11B,122081.27,61040.64,20.5961,22.5961,Above DFE,0,0
7473880,-72.836887,40.775722,RES1-3SWB,RES,R13B,396701.86,198350.93,17.9417,19.9417,Above DFE,0,0
7473882,-72.837498,40.778262,RES1-2SWB,RES,R12B,388914,194457,17.497,19.497,Above DFE,0,0
7473884,-72.837446,40.778059,RES1-2SNB,RES,R12N,294481.54,147240.77,17.7751,19.2751,Above DFE,0,0
7473886,-72.838648,40.778049,RES1-2SNB,RES,R12N,259465.71,129732.86,20.6066,22.1066,Above DFE,0,0
7473888,-72.83802,40.776682,RES1-2SWB,RES,R12B,380811.51,190405.75,19.1315,21.1315,Above DFE,0,0
7473890,-72.838348,40.77731,RES1-1SNB,RES,R11N,135740.76,67870.38,21.4515,21.9515,Above DFE,0,0
7473892,-72.83777,40.778676,COM4,NONRES,C4LN,NaN,NaN,18.4153,18.9153,Above DFE,0,0
7473894,-72.836832,40.776581,RES3A,RES,R3A1B,1019595.13,509797.57,18.5133,20.5133,Above DFE,0,0
7473896,-72.838335,40.75922,RES1-1SNB,RES,R11N,235642.1,117821.05,3.3347,11.3347,Above DFE,0,0
7473898,-72.83855,40.759847,RES3A,RES,R3A1N,918751.35,459375.67,4.6859,6.1859,Under DFE,0,0
7473900,-72.839182,40.759687,RES1-1SNB,RES,R11N,109297.81,54648.91,4.436,12.436,Above DFE,0,0
7473902,-72.828767,40.76243,RES1-1SNB,RES,R11N,162917.14,81458.57,5.7427,13.7427,Above DFE,0,0
7473903,-72.838153,40.758925,RES1-2SNB,RES,R12N,308813.36,154406.68,3.6183,11.6183,Above DFE,0,0
7473906,-72.837371,40.757215,RES1-1SNB,RES,R11N,203069.2,101534.6,2.408,2.908,Under DFE,0,0
7473908,-72.838831,40.758329,RES1-2SNB,RES,R12N,291056.56,145528.28,3.1923,4.6923,Under DFE,0,0
7473910,-72.838892,40.759772,RES1-1SNB,RES,R11N,243940.65,121970.32,5.2758,13.2758,Above DFE,0,0
7473912,-72.829093,40.763199,RES1-1SNB,RES,R11N,187818.5,93909.25,3.9913,11.9913,Above DFE,0,0
7473914,-72.829925,40.76431,RES1-3SNB,RES,R13N,233364.67,116682.33,5.1802,13.1802,Above DFE,0,0
7473916,-72.838572,40.758407,RES3A,RES,R3A1N,882171.19,441085.6,3.2214,11.2214,Above DFE,0,0
7473918,-72.839387,40.759589,RES1-1SNB,RES,R11N,106986.25,53493.13,3.9142,5.4142,Under DFE,0,0
7473920,-72.837026,40.756466,RES1-2SNB,RES,R12N,322614.01,161307.01,3.5955,11.5955,Above DFE,0,0
7473922,-72.83662,40.755247,RES3A,RES,R3A1N,792720.19,396360.1,3.0131,3.5131,Under DFE,0,0
7473924,-72.828809,40.762769,RES1-1SNB,RES,R11N,66746.99,33373.5,4.0079,12.0079,Above DFE,0,0
7473926,-72.828856,40.76262,RES1-1SNB,RES,R11N,166089.49,83044.75,4.2728,12.2728,Above DFE,0,0
7473928,-72.82914,40.763324,RES1-2SNB,RES,R12N,201876.17,100938.09,4.3031,5.8031,Under DFE,0,0
7473930,-72.830435,40.765173,RES1-1SNB,RES,R11N,191743.46,95871.73,3.3953,11.3953,Above DFE,0,0
7473932,-72.838805,40.758728,RES1-2SNB,RES,R12N,164452.68,82226.34,5.2799,13.2799,Above DFE,0,0
7473934,-72.830498,40.765394,RES1-2SNB,RES,R12N,294532.43,147266.21,5.7643,7.2643,Under DFE,0,0
7473936,-72.839076,40.759704,RES1-2SNB,RES,R12N,98319.45,49159.73,4.2783,5.7783,Under DFE,0,0
7473938,-72.838838,40.758233,RES1-1SNB,RES,R11N,168513.77,84256.89,3.1401,11.1401,Above DFE,0,0
7473940,-72.837431,40.757397,RES1-1SNB,RES,R11N,138300.65,69150.32,2.9457,4.4457,Under DFE,0,0
7473942,-72.82985,40.764173,RES1-1SNB,RES,R11N,164247.44,82123.72,5.8067,6.3067,Under DFE,0,0
7473944,-72.830161,40.764452,IND6,NONRES,I6LN,1591444.59,1591444.59,4.5854,12.5854,Above DFE,0,0
7474118,-72.838459,40.762814,RES1-1SWB,RES,R11B,177683.87,88841.94,7.4712,9.4712,Under DFE,0,0
7474120,-72.83857,40.76402,IND2,NONRES,I2LN,NaN,NaN,10.1125,10.6125,Above DFE,0,0
7474122,-72.838762,40.763588,RES1-2SNB,RES,R12N,253764.56,126882.28,11.3773,11.8773,Above DFE,0,0
7474116,-72.838412,40.763084,RES1-3SNB,RES,R13N,218540.42,109270.21,8.6407,9.1407,Under DFE,0,0
7474124,-72.838389,40.763708,RES1-1SWB,RES,R11B,281691.37,140845.68,9.6355,11.6355,Above DFE,0,0
7474126,-72.838121,40.762416,RES1-1SWB,RES,R11B,178636.65,89318.33,5.6414,7.6414,Under DFE,0,0
7474128,-72.838713,40.76388,RES1-1SWB,RES,R11B,124230.99,62115.49,10.6243,12.6243,Above DFE,0,0
7474130,-72.838838,40.763745,RES1-2SNB,RES,R12N,207499.76,103749.88,10.231,10.731,Above DFE,0,0
7474132,-72.838121,40.76303,RES1-1SWB,RES,R11B,171004.64,85502.32,9.628,11.628,Above DFE,0,0
7474134,-72.838193,40.763237,RES1-1SWB,RES,R11B,189901.61,94950.8,9.1411,11.1411,Above DFE,0,0
7473648,-72.838493,40.782088,RES1-2SWB,RES,R12B,224628.23,112314.11,22.9504,24.9504,Above DFE,0,0
7473685,-72.838278,40.783533,RES3A,RES,R3A1B,874750.13,437375.07,21.827,23.827,Above DFE,0,0
7473688,-72.83664,40.784651,RES1-2SNB,RES,R12N,335060.78,167530.39,28.5622,30.0622,Above DFE,0,0
7473690,-72.837062,40.785677,RES3A,RES,R3A1B,1012586.59,506293.3,27.6999,29.6999,Above DFE,0,0
7473692,-72.838221,40.783669,RES1-2SWB,RES,R12B,330779.76,165389.88,23.0293,25.0293,Above DFE,0,0
7473694,-72.837834,40.784671,RES3A,RES,R3A1B,1040849.88,520424.94,28.8032,30.8032,Above DFE,0,0
7473696,-72.83785,40.783869,RES1-2SWB,RES,R12B,211733.14,105866.57,22.7344,24.7344,Above DFE,0,0
7473698,-72.83627,40.785673,RES1-1SWB,RES,R11B,207643.3,103821.65,26.1081,28.1081,Above DFE,0,0
7473700,-72.837543,40.78249,RES1-1SWB,RES,R11B,209124.95,104562.47,19.4636,21.4636,Above DFE,0,0
7474144,-72.838672,40.776658,RES1-2SNB,RES,R12N,296473.11,148236.55,21.1233,22.6233,Above DFE,0,0
7474146,-72.839324,40.77535,RES1-2SWB,RES,R12B,281476.7,140738.35,19.0093,21.0093,Above DFE,0,0
7474148,-72.839565,40.775929,RES1-1SWB,RES,R11B,198918.01,99459.01,20.2842,22.2842,Above DFE,0,0
7474149,-72.838513,40.776268,RES1-1SNB,RES,R11N,194044.19,97022.1,19.3638,19.8638,Above DFE,0,0
7474150,-72.838842,40.777048,RES1-1SNB,RES,R11N,186340.04,93170.02,20.2051,20.7051,Above DFE,0,0
7474151,-72.838202,40.775688,RES1-1SWB,RES,R11B,139449.52,69724.76,20.4899,22.4899,Above DFE,0,0
7474152,-72.840597,40.778291,RES1-1SWB,RES,R11B,331034.44,165517.22,22.4954,24.4954,Above DFE,0,0
7474154,-72.839042,40.777518,RES3A,RES,R3A1B,982211.24,491105.62,21.4201,23.4201,Above DFE,0,0
7474155,-72.838838,40.775227,RES1-2SWB,RES,R12B,242927.39,121463.69,19.635,21.635,Above DFE,0,0
7474156,-72.838685,40.776807,RES1-2SWB,RES,R12B,278807.18,139403.59,19.942,21.942,Above DFE,0,0
7474157,-72.839971,40.77689,RES1-1SWB,RES,R11B,175481.78,87740.89,21.1578,23.1578,Above DFE,0,0
7474158,-72.840209,40.77839,RES1-1SWB,RES,R11B,177602.24,88801.12,22.4093,24.4093,Above DFE,0,0
7474159,-72.840048,40.777099,RES1-1SWB,RES,R11B,210400.67,105200.33,21.2355,23.2355,Above DFE,0,0
7474160,-72.839637,40.776193,RES1-1SWB,RES,R11B,272210.56,136105.28,20.6379,22.6379,Above DFE,0,0
7474161,-72.840112,40.778391,RES1-2SNB,RES,R12N,57891.83,28945.92,21.9444,22.4444,Above DFE,0,0
7474162,-72.838611,40.776534,RES1-1SWB,RES,R11B,218547.82,109273.91,20.5015,22.5015,Above DFE,0,0
7474163,-72.839414,40.777421,RES1-1SWB,RES,R11B,150493.21,75246.61,20.5625,22.5625,Above DFE,0,0
7474164,-72.839404,40.775742,RES1-2SWB,RES,R12B,341302.74,170651.37,19.6717,21.6717,Above DFE,0,0
7474165,-72.839834,40.776721,RES1-2SWB,RES,R12B,494848.58,247424.29,20.8094,22.8094,Above DFE,0,0
7474166,-72.838112,40.775455,RES1-2SWB,RES,R12B,238919.98,119459.99,19.6082,21.6082,Above DFE,0,0
7474167,-72.839297,40.77802,RES1-2SNB,RES,R12N,259991.28,129995.64,22.7103,24.2103,Above DFE,0,0
7474168,-72.840249,40.77749,RES1-1SWB,RES,R11B,168768.55,84384.28,22.3264,24.3264,Above DFE,0,0
7474169,-72.838549,40.776403,RES1-2SWB,RES,R12B,298921.5,149460.75,19.0783,21.0783,Above DFE,0,0
7474170,-72.838806,40.776911,RES1-1SNB,RES,R11N,151991.56,75995.78,19.4963,19.9963,Above DFE,0,0
7474171,-72.839184,40.777755,RES1-2SNB,RES,R12N,433138.85,216569.42,21.708,23.208,Above DFE,0,0
7474172,-72.840406,40.777977,RES3A,RES,R3A1B,604650.44,302325.22,22.6263,24.6263,Above DFE,0,0
7474173,-72.838272,40.775899,RES1-2SWB,RES,R12B,290058.34,145029.17,19.6694,21.6694,Above DFE,0,0
7474174,-72.839718,40.77647,COM1,NONRES,C1LN,682600.75,682600.75,19.749,20.249,Above DFE,0,0
7474175,-72.839461,40.778547,RES1-3SNB,RES,R13N,459682.4,229841.2,20.9211,21.4211,Above DFE,0,0
7474176,-72.840303,40.777766,RES3A,RES,R3A1N,993616.9,496808.45,23.5536,24.0536,Above DFE,0,0
7474177,-72.839212,40.775152,RES1-2SWB,RES,R12B,195590.7,97795.35,19.0003,21.0003,Above DFE,0,0
7474178,-72.839948,40.778453,RES1-1SWB,RES,R11B,172697.25,86348.63,21.0802,23.0802,Above DFE,0,0
7474219,-72.839591,40.760233,RES3A,RES,R3A3B,880257.16,440128.58,7.6432,9.6432,Under DFE,0,0
7474220,-72.839322,40.760163,RES1-2SNB,RES,R12N,119693.94,59846.97,5.3881,6.8881,Under DFE,0,0
7474221,-72.840095,40.760772,RES3A,RES,R3A1B,633941.59,316970.79,8.3386,10.3386,Above DFE,0,0
7474222,-72.838824,40.760256,RES3A,RES,R3A5B,716413.15,358206.58,5.6142,7.6142,Under DFE,0,0
7474223,-72.839063,40.760441,RES1-1SWB,RES,R11B,150425.93,75212.97,4.6951,6.6951,Under DFE,0,0
7474224,-72.839499,40.760019,IND1,NONRES,I1LN,NaN,NaN,6.8178,7.3178,Under DFE,0,0
7474225,-72.839281,40.760333,RES1-2SWB,RES,R12B,266711.86,133355.93,7.5304,9.5304,Under DFE,0,0
7474226,-72.840009,40.760613,RES1-1SNB,RES,R11N,120908.8,60454.4,6.2436,6.7436,Under DFE,0,0
7474227,-72.838993,40.760818,RES1-1SWB,RES,R11B,184695.29,92347.65,6.2174,8.2174,Under DFE,0,0
7474228,-72.839533,40.760953,RES1-1SNB,RES,R11N,123184.33,61592.16,6.0039,6.5039,Under DFE,0,0
7474229,-72.83904,40.760104,IND6,NONRES,I6LN,NaN,NaN,5.4732,5.9732,Under DFE,0,0
7474230,-72.839273,40.761002,RES1-1SWB,RES,R11B,173569.49,86784.74,5.8384,7.8384,Under DFE,0,0
7474231,-72.839035,40.761121,AGR1,NONRES,A1LN,NaN,NaN,5.5756,6.0756,Under DFE,0,0
7474232,-72.838669,40.760207,COM4,NONRES,C4LN,NaN,NaN,5.029,5.529,Under DFE,0,0
7475093,-72.840482,40.782456,RES1-1SNB,RES,R11N,183182.61,91591.31,24.8459,25.3459,Above DFE,0,0
7475095,-72.840043,40.782358,RES1-2SWB,RES,R12B,220455.77,110227.88,24.4561,26.4561,Above DFE,0,0
7475097,-72.840413,40.782567,RES1-2SWB,RES,R12B,341849.71,170924.86,24.5426,26.5426,Above DFE,0,0
7475099,-72.840346,40.782793,RES1-1SWB,RES,R11B,172847.75,86423.88,25.2375,27.2375,Above DFE,0,0
7475101,-72.839659,40.784614,RES1-1SWB,RES,R11B,347500.88,173750.44,26.7002,28.7002,Above DFE,0,0
7475103,-72.84014,40.783437,AGR1,NONRES,A1LN,NaN,NaN,25.8006,26.3006,Above DFE,0,0
7475105,-72.840283,40.783003,RES1-2SWB,RES,R12B,344391.43,172195.72,25.7793,27.7793,Above DFE,0,0
7475107,-72.839029,40.783233,RES1-1SNB,RES,R11N,270803.99,135402,23.6513,25.1513,Above DFE,0,0
7475109,-72.838241,40.78531,RES1-1SNB,RES,R11N,292209.32,146104.66,30.3411,30.8411,Above DFE,0,0
7475112,-72.839629,40.78486,RES1-1SNB,RES,R11N,198323.11,99161.55,28.5771,29.0771,Above DFE,0,0
7475113,-72.839968,40.78397,RES1-1SNB,RES,R11N,163509.12,81754.56,22.986,23.486,Above DFE,0,0
7475115,-72.838805,40.783949,RES1-1SWB,RES,R11B,73759.46,36879.73,22.8438,24.8438,Above DFE,0,0
7475117,-72.838829,40.783746,RES3A,RES,R3A1B,932167.57,466083.78,21.6109,23.6109,Above DFE,0,0
7475119,-72.839264,40.78253,RES1-2SWB,RES,R12B,376101.23,188050.62,25.0426,27.0426,Above DFE,0,0
7475121,-72.839321,40.78525,RES1-1SNB,RES,R11N,177070.1,88535.05,30.3313,30.8313,Above DFE,0,0
7475123,-72.839387,40.785534,RES1-2SWB,RES,R12B,308139.46,154069.73,31.451,33.451,Above DFE,0,0
7475125,-72.840044,40.783707,IND6,NONRES,I6LN,NaN,NaN,24.3081,24.8081,Above DFE,0,0
7475127,-72.839116,40.783064,RES1-2SNB,RES,R12N,339506.51,169753.25,24.2056,24.7056,Above DFE,0,0
7475129,-72.838602,40.784456,RES1-2SWB,RES,R12B,446415.21,223207.6,27.1604,29.1604,Above DFE,0,0
7475131,-72.838558,40.784594,RES1-2SWB,RES,R12B,325442.9,162721.45,27.5665,29.5665,Above DFE,0,0
7475133,-72.839783,40.784283,RES1-1SWB,RES,R11B,203623.73,101811.87,24.2151,26.2151,Above DFE,0,0
7475135,-72.840238,40.783206,RES1-1SWB,RES,R11B,206707.45,103353.72,26.3762,28.3762,Above DFE,0,0
7475137,-72.83851,40.784723,RES1-1SWB,RES,R11B,256032.55,128016.27,28.0036,30.0036,Above DFE,0,0
7475139,-72.838388,40.784889,RES1-1SNB,RES,R11N,211140.97,105570.49,28.8486,29.3486,Above DFE,0,0
7475141,-72.838139,40.785588,RES1-1SWB,RES,R11B,234594.73,117297.37,29.1592,31.1592,Above DFE,0,0
7475143,-72.838641,40.784241,RES1-1SWB,RES,R11B,198122.09,99061.05,25.2041,27.2041,Above DFE,0,0
7475145,-72.838727,40.784003,RES3A,RES,R3A1N,977609.04,488804.52,23.2966,24.7966,Above DFE,0,0
7475147,-72.838985,40.783463,RES1-1SNB,RES,R11N,191255.19,95627.6,22.9732,23.4732,Above DFE,0,0
7475149,-72.839849,40.784154,RES1-1SNB,RES,R11N,148408.18,74204.09,23.1063,24.6063,Above DFE,0,0
7475151,-72.839526,40.78505,RES1-2SWB,RES,R12B,352119.53,176059.77,30.2318,32.2318,Above DFE,0,0
7475153,-72.839372,40.782303,RES1-2SNB,RES,R12N,299154.06,149577.03,24.9181,25.4181,Above DFE,0,0
7475155,-72.840731,40.757924,RES1-1SWB,RES,R11B,119997.33,59998.67,2.5968,4.5968,Under DFE,0,0
7475157,-72.840867,40.757948,RES1-1SNB,RES,R11N,86670.04,43335.02,3.9179,4.4179,Under DFE,0,0
7475159,-72.840508,40.758011,RES1-1SWB,RES,R11B,309380.05,154690.03,3.8031,5.8031,Under DFE,0,0
7475161,-72.840846,40.759201,RES1-1SWB,RES,R11B,389636.55,194818.28,6.0834,8.0834,Under DFE,0,0
7475163,-72.840625,40.759183,RES1-1SNB,RES,R11N,187724.25,93862.12,6.1093,7.6093,Under DFE,0,0
7475165,-72.840752,40.757602,IND6,NONRES,I6LN,NaN,NaN,3.4505,3.9505,Under DFE,0,0
7475167,-72.84086,40.771281,RES3A,RES,R3A1N,670582.06,335291.03,15.0848,16.5848,Above DFE,0,0
7475169,-72.841069,40.771702,COM1,NONRES,C1LN,NaN,NaN,17.0608,17.5608,Above DFE,0,0
7475171,-72.841299,40.771412,RES3A,RES,R3A1N,736483.73,368241.87,15.4663,15.9663,Above DFE,0,0
7475173,-72.841355,40.771634,RES3A,RES,R3A3N,875091.11,437545.56,16.6321,17.1321,Above DFE,0,0
7479329,-72.840573,40.776499,RES1-1SNB,RES,R11N,189137.37,94568.68,19.871,20.371,Above DFE,0,0
7479291,-72.841808,40.760105,RES1-1SNB,RES,R11N,261982.68,130991.34,6.4627,7.9627,Under DFE,0,0
7479293,-72.842831,40.759847,RES1-1SWB,RES,R11B,233894.8,116947.4,7.6213,9.6213,Under DFE,0,0
7479295,-72.841661,40.760393,RES1-2SNB,RES,R12N,198044.26,99022.13,5.9788,6.4788,Under DFE,0,0
7479297,-72.84233,40.760286,RES1-1SNB,RES,R11N,129156.73,64578.37,7.6457,8.1457,Under DFE,0,0
7479298,-72.84156,40.760161,RES1-2SWB,RES,R12B,295106.08,147553.04,7.2388,9.2388,Under DFE,0,0
7479301,-72.843395,40.759991,RES1-1SWB,RES,R11B,298700.43,149350.22,9.4244,11.4244,Above DFE,0,0
7479303,-72.842561,40.759934,RES1-1SNB,RES,R11N,211599.13,105799.56,7.5454,8.0454,Under DFE,0,0
7479305,-72.843233,40.759771,RES1-2SWB,RES,R12B,366554.17,183277.08,7.6888,9.6888,Under DFE,0,0
7479307,-72.841988,40.760352,RES1-2SNB,RES,R12N,347165.39,173582.69,7.6986,8.1986,Under DFE,0,0
7479309,-72.842205,40.760004,RES1-1SWB,RES,R11B,346466.68,173233.34,9.0906,11.0906,Above DFE,0,0
7479311,-72.84182,40.777202,RES1-1SWB,RES,R11B,189144.34,94572.17,22.8706,24.8706,Above DFE,0,0
7479313,-72.842014,40.777291,RES1-2SWB,RES,R12B,303167.97,151583.99,23.0456,25.0456,Above DFE,0,0
7479315,-72.840926,40.777696,COM2,NONRES,C2LN,NaN,NaN,22.7475,23.2475,Above DFE,0,0
7479317,-72.841172,40.778131,RES1-1SNB,RES,R11N,178978.14,89489.07,22.9659,23.4659,Above DFE,0,0
7479319,-72.84133,40.777653,RES1-1SNB,RES,R11N,165990.59,82995.3,19.639,21.139,Above DFE,0,0
7479321,-72.839836,40.775006,REL1,NONRES,RE1LN,NaN,NaN,18.9589,19.4589,Above DFE,0,0
7479323,-72.841256,40.775801,COM4,NONRES,C4LN,NaN,NaN,20.4811,20.9811,Above DFE,0,0
7479325,-72.841816,40.776811,RES3A,RES,R3A1B,827414.34,413707.17,22.6872,24.6872,Above DFE,0,0
7479327,-72.842253,40.777811,RES1-2SNB,RES,R12N,368637.26,184318.63,22.248,22.748,Above DFE,0,0
7479331,-72.840461,40.774816,RES1-1SWB,RES,R11B,242421.56,121210.78,18.1139,20.1139,Above DFE,0,0
7479333,-72.841675,40.776542,RES1-1SNB,RES,R11N,228618.34,114309.17,20.5053,21.0053,Above DFE,0,0
7479335,-72.84061,40.775121,RES1-1SNB,RES,R11N,273210.06,136605.03,17.7943,18.2943,Above DFE,0,0
7479337,-72.840929,40.775319,RES1-2SNB,RES,R12N,379596.75,189798.38,20.7204,21.2204,Above DFE,0,0
7479339,-72.840306,40.776014,RES3A,RES,R3A1B,825193.24,412596.62,20.1097,22.1097,Above DFE,0,0
7479341,-72.840794,40.777346,RES1-2SNB,RES,R12N,211996.81,105998.41,20.4348,21.9348,Above DFE,0,0
7479343,-72.841251,40.775487,RES1-1SNB,RES,R11N,161328.38,80664.19,19.5941,20.0941,Above DFE,0,0
7479345,-72.840922,40.777493,COM3,NONRES,C3LN,NaN,NaN,21.7519,22.2519,Above DFE,0,0
7479347,-72.839922,40.775259,RES3A,RES,R3A1B,831443.81,415721.9,18.8302,20.8302,Above DFE,0,0
7479349,-72.840324,40.776229,RES1-1SNB,RES,R11N,238068.86,119034.43,19.8896,20.3896,Above DFE,0,0
7479351,-72.840898,40.775006,RES1-1SWB,RES,R11B,197304.08,98652.04,19.7877,21.7877,Above DFE,0,0
7479353,-72.841893,40.777918,RES1-2SWB,RES,R12B,262975.16,131487.58,22.3629,24.3629,Above DFE,0,0
7479355,-72.841002,40.777892,RES1-2SWB,RES,R12B,426063.17,213031.58,23.3625,25.3625,Above DFE,0,0
7479357,-72.840073,40.775559,RES1-2SWB,RES,R12B,340782.63,170391.32,18.4852,20.4852,Above DFE,0,0
7479359,-72.841452,40.776103,RES1-1SWB,RES,R11B,298405.39,149202.7,21.3239,23.3239,Above DFE,0,0
7479361,-72.840853,40.774729,RES1-2SNB,RES,R12N,251101.65,125550.82,19.6591,20.1591,Above DFE,0,0
7479363,-72.840644,40.777073,RES1-2SWB,RES,R12B,375639.81,187819.91,20.3576,22.3576,Above DFE,0,0
7479365,-72.840138,40.775776,RES1-1SWB,RES,R11B,281587.39,140793.69,20.2734,22.2734,Above DFE,0,0
7479443,-72.842223,40.760728,RES1-2SWB,RES,R12B,196125.85,98062.93,7.2738,9.2738,Under DFE,0,0
7479445,-72.842063,40.760751,RES1-1SWB,RES,R11B,224082.18,112041.09,6.7441,8.7441,Under DFE,0,0
7479447,-72.842895,40.761268,RES1-2SWB,RES,R12B,450917.32,225458.66,11.5306,13.5306,Above DFE,0,0
7479449,-72.843896,40.760539,RES1-3SWB,RES,R13B,578433.72,289216.86,10.9288,12.9288,Above DFE,0,0
7479451,-72.84183,40.760865,RES1-1SWB,RES,R11B,219964.89,109982.45,7.1843,9.1843,Under DFE,0,0
7479453,-72.842015,40.761098,RES1-1SWB,RES,R11B,296496.19,148248.1,8.5471,10.5471,Above DFE,0,0
7479455,-72.84262,40.761302,RES1-1SWB,RES,R11B,193357.58,96678.79,10.9134,12.9134,Above DFE,0,0
7479457,-72.842643,40.760649,RES1-1SNB,RES,R11N,143662.22,71831.11,8.9631,10.4631,Above DFE,0,0
7479459,-72.842326,40.761285,RES1-1SNB,RES,R11N,142758.97,71379.48,10.0822,10.5822,Above DFE,0,0
7479461,-72.843152,40.760541,RES1-2SWB,RES,R12B,376873.36,188436.68,10.9961,12.9961,Above DFE,0,0
7479463,-72.843492,40.761024,COM4,NONRES,C4LN,759018.81,759018.81,12.5914,13.0914,Above DFE,0,0
7479465,-72.84238,40.764127,RES3B,RES,R3B5N,593468.12,296734.06,12.8422,13.3422,Above DFE,0,0
7479467,-72.842403,40.764287,RES3B,RES,R3B3B,539645.65,269822.82,12.986,14.986,Above DFE,0,0
7479469,-72.842539,40.764613,RES3B,RES,R3B3B,566892.07,283446.04,13.1493,15.1493,Above DFE,0,0
7479471,-72.84293,40.764815,RES3A,RES,R3A5B,749316.39,374658.2,12.9073,14.9073,Above DFE,0,0
7479473,-72.842592,40.763608,IND6,NONRES,I6LN,NaN,NaN,12.4908,12.9908,Above DFE,0,0
7479475,-72.842872,40.764395,COM4,NONRES,C4LN,NaN,NaN,14.9753,15.4753,Above DFE,0,0
7479477,-72.842834,40.764216,RES3A,RES,R3A5B,775788.03,387894.02,13.4729,15.4729,Above DFE,0,0
7479479,-72.843083,40.764858,COM7,NONRES,C7LN,NaN,NaN,13.0797,13.5797,Above DFE,0,0
7479481,-72.842482,40.764451,COM9,NONRES,C9LN,NaN,NaN,12.9464,13.4464,Above DFE,0,0
7479483,-72.84242,40.763267,COM2,NONRES,C2LN,NaN,NaN,12.1034,12.6034,Above DFE,0,0
7479485,-72.84217,40.763712,COM1,NONRES,C1LN,NaN,NaN,12.6532,13.1532,Above DFE,0,0
7479487,-72.842728,40.76403,COM8,NONRES,C8LN,NaN,NaN,14.0963,14.5963,Above DFE,0,0
7479489,-72.842772,40.764994,REL1,NONRES,RE1LN,NaN,NaN,12.8062,13.3062,Above DFE,0,0
7479490,-72.842532,40.783724,RES3A,RES,R3A1B,915091.15,457545.57,28.2311,30.2311,Above DFE,0,0
7479493,-72.843902,40.783237,RES1-1SWB,RES,R11B,182488.28,91244.14,29.0635,31.0635,Above DFE,0,0
7479495,-72.842653,40.783281,RES1-2SWB,RES,R12B,337788.31,168894.15,27.9474,29.9474,Above DFE,0,0
7479497,-72.843477,40.784235,RES1-1SWB,RES,R11B,191242.46,95621.23,29.1737,31.1737,Above DFE,0,0
7479499,-72.842397,40.783982,RES1-1SWB,RES,R11B,194032.12,97016.06,28.1,30.1,Above DFE,0,0
7479501,-72.841978,40.784947,RES1-2SNB,RES,R12N,296297.74,148148.87,28.6855,29.1855,Above DFE,0,0
7479503,-72.843662,40.783573,IND1,NONRES,I1LN,NaN,NaN,29.8495,30.3495,Above DFE,0,0
7479505,-72.842086,40.784771,RES1-2SWB,RES,R12B,256461.05,128230.52,28.3316,30.3316,Above DFE,0,0
7479507,-72.842109,40.784634,RES1-1SWB,RES,R11B,184443.09,92221.54,29.1585,31.1585,Above DFE,0,0
7479509,-72.842554,40.783598,RES1-2SWB,RES,R12B,447032.71,223516.35,28.5842,30.5842,Above DFE,0,0
7479511,-72.843181,40.784937,RES1-2SNB,RES,R12N,261395.77,130697.88,30.315,31.815,Above DFE,0,0
7479513,-72.842261,40.784387,RES1-1SWB,RES,R11B,228593.1,114296.55,28.0649,30.0649,Above DFE,0,0
7479515,-72.842609,40.78346,RES1-1SWB,RES,R11B,206372.24,103186.12,28.3573,30.3573,Above DFE,0,0
7479517,-72.843011,40.785445,RES1-1SWB,RES,R11B,260416.42,130208.21,29.8419,31.8419,Above DFE,0,0
7479519,-72.843444,40.784436,RES1-2SNB,RES,R12N,270536.83,135268.42,29.0674,29.5674,Above DFE,0,0
7479521,-72.841927,40.78526,RES1-1SNB,RES,R11N,171282.81,85641.4,29.171,29.671,Above DFE,0,0
7479523,-72.842595,40.78526,RES1-3SWB,RES,R13B,245079.65,122539.82,30.0568,32.0568,Above DFE,0,0
7479525,-72.842964,40.783105,RES1-1SWB,RES,R11B,209346.95,104673.47,27.7208,29.7208,Above DFE,0,0
7479527,-72.842445,40.783848,RES1-2SWB,RES,R12B,286839.18,143419.59,28.2558,30.2558,Above DFE,0,0
7479529,-72.843311,40.784687,RES1-2SWB,RES,R12B,265764.42,132882.21,29.6249,31.6249,Above DFE,0,0
7479531,-72.84227,40.784207,RES1-1SWB,RES,R11B,237976.12,118988.06,28.8058,30.8058,Above DFE,0,0
7479533,-72.843124,40.785146,RES1-2SNB,RES,R12N,291626.22,145813.11,30.6388,31.1388,Above DFE,0,0
7479535,-72.843163,40.783071,RES1-2SWB,RES,R12B,213381.7,106690.85,27.255,29.255,Above DFE,0,0
7479537,-72.842627,40.785542,RES1-3SWB,RES,R13B,324984.71,162492.35,28.5749,30.5749,Above DFE,0,0
7479539,-72.841881,40.785575,RES3A,RES,R3A1B,861478.96,430739.48,28.0892,30.0892,Above DFE,0,0
7479541,-72.842692,40.775677,RES1-2SNB,RES,R12N,305445.47,152722.74,23.0509,23.5509,Above DFE,0,0
7479543,-72.842583,40.775432,RES1-1SWB,RES,R11B,228739.19,114369.59,23.8013,25.8013,Above DFE,0,0
7479545,-72.843122,40.776626,RES1-1SWB,RES,R11B,164964.41,82482.21,22.9828,24.9828,Above DFE,0,0
7479547,-72.842488,40.776975,RES1-1SNB,RES,R11N,172609.78,86304.89,23.1095,24.6095,Above DFE,0,0
7479549,-72.843262,40.77698,RES3A,RES,R3A1B,952500.83,476250.41,22.7263,24.7263,Above DFE,0,0
7479551,-72.842477,40.775177,RES1-1SNB,RES,R11N,203932.73,101966.37,22.422,22.922,Above DFE,0,0
7479553,-72.842932,40.776583,RES1-1SNB,RES,R11N,105480.14,52740.07,22.9294,23.4294,Above DFE,0,0
7479555,-72.842327,40.776483,RES1-1SWB,RES,R11B,183430.87,91715.44,21.4689,23.4689,Above DFE,0,0
7479557,-72.843468,40.777526,RES1-2SNB,RES,R12N,310977.22,155488.61,23.6331,24.1331,Above DFE,0,0
7479559,-72.842824,40.776124,COM3,NONRES,C3LN,578942.37,578942.37,22.2072,22.7072,Above DFE,0,0
7479561,-72.841494,40.774542,RES1-1SWB,RES,R11B,248253.56,124126.78,21.0497,23.0497,Above DFE,0,0
7479563,-72.842193,40.774699,RES1-2SWB,RES,R12B,336494.5,168247.25,20.6637,22.6637,Above DFE,0,0
7479565,-72.842986,40.776377,RES1-1SWB,RES,R11B,327124.36,163562.18,23.7902,25.7902,Above DFE,0,0
7479567,-72.842784,40.775891,RES1-2SWB,RES,R12B,459322.49,229661.24,22.6102,24.6102,Above DFE,0,0
7479569,-72.84215,40.774423,RES1-1SWB,RES,R11B,321737.83,160868.92,20.25,22.25,Above DFE,0,0
7479571,-72.841889,40.775614,RES1-1SWB,RES,R11B,240855.9,120427.95,21.0366,23.0366,Above DFE,0,0
7479573,-72.842235,40.776327,RES1-2SNB,RES,R12N,292844.47,146422.24,21.6922,22.1922,Above DFE,0,0
7479575,-72.84337,40.777269,IND6,NONRES,I6LN,306318.46,306318.46,23.4129,23.9129,Above DFE,0,0
7479577,-72.842343,40.774924,RES1-3SWB,RES,R13B,492486.85,246243.42,21.4608,23.4608,Above DFE,0,0
7479579,-72.842836,40.777544,RES1-2SNB,RES,R12N,351034.1,175517.05,23.5922,25.0922,Above DFE,0,0
7479581,-72.842004,40.775909,RES1-2SWB,RES,R12B,383983.22,191991.61,20.7001,22.7001,Above DFE,0,0
7479583,-72.842641,40.777245,RES1-1SWB,RES,R11B,389196.36,194598.18,23.2736,25.2736,Above DFE,0,0
7479585,-72.841752,40.775347,RES1-2SWB,RES,R12B,431346.4,215673.2,21.5799,23.5799,Above DFE,0,0
7479587,-72.841904,40.77448,RES1-3SWB,RES,R13B,663949.36,331974.68,20.4631,22.4631,Above DFE,0,0
7479589,-72.842411,40.77671,COM4,NONRES,C4LN,724982.6,724982.6,23.3975,23.8975,Above DFE,0,0
7479591,-72.842681,40.78157,RES1-1SWB,RES,R11B,205774.13,102887.06,25.4985,27.4985,Above DFE,0,0
7479593,-72.841773,40.782325,RES1-2SWB,RES,R12B,415751.47,207875.74,26.4472,28.4472,Above DFE,0,0
7479595,-72.841323,40.781962,RES1-1SWB,RES,R11B,406608.18,203304.09,25.3099,27.3099,Above DFE,0,0
7479598,-72.841249,40.782231,RES1-1SNB,RES,R11N,194009.58,97004.79,25.5123,26.0123,Above DFE,0,0
7479600,-72.84178,40.780906,RES1-2SNB,RES,R12N,332759.67,166379.83,24.4388,24.9388,Above DFE,0,0
7479601,-72.84284,40.780926,RES1-3SNB,RES,R13N,327136.06,163568.03,25.562,26.062,Above DFE,0,0
7479603,-72.841439,40.782272,RES1-1SNB,RES,R11N,163481.49,81740.75,24.7659,26.2659,Above DFE,0,0
7479605,-72.842283,40.782448,RES1-2SWB,RES,R12B,321323.04,160661.52,26.7651,28.7651,Above DFE,0,0
7479607,-72.841492,40.781555,RES1-1SWB,RES,R11B,233310.65,116655.32,24.7948,26.7948,Above DFE,0,0
7479609,-72.841522,40.781329,RES1-1SNB,RES,R11N,161857.07,80928.54,24.0605,25.5605,Above DFE,0,0
7479611,-72.841398,40.781746,RES1-1SWB,RES,R11B,233835.11,116917.55,24.7887,26.7887,Above DFE,0,0
7479613,-72.842754,40.781379,RES1-1SNB,RES,R11N,165610.12,82805.06,25.6089,27.1089,Above DFE,0,0
7479615,-72.842483,40.781982,COM1,NONRES,C1LN,632819.87,632819.87,26.4372,26.9372,Above DFE,0,0
7479617,-72.841616,40.781071,RES1-1SNB,RES,R11N,223818.63,111909.32,23.9319,25.4319,Above DFE,0,0
7479619,-72.841813,40.780645,RES1-2SWB,RES,R12B,286097.69,143048.84,24.299,26.299,Above DFE,0,0
7479621,-72.842606,40.78177,RES1-1SNB,RES,R11N,164677.31,82338.66,26.1035,26.6035,Above DFE,0,0
7479623,-72.842424,40.782221,RES1-3SWB,RES,R13B,773203.09,386601.54,26.2256,28.2256,Above DFE,0,0
7479625,-72.842171,40.78072,RES1-1SWB,RES,R11B,236780.43,118390.21,24.912,26.912,Above DFE,0,0
7479769,-72.843026,40.773235,RES1-1SNB,RES,R11N,176209.13,88104.56,16.851,17.351,Above DFE,0,0
7479770,-72.843138,40.773672,IND6,NONRES,I6LN,NaN,NaN,18.5847,19.0847,Above DFE,0,0
7479771,-72.841056,40.77374,RES1-2SNB,RES,R12N,478468.38,239234.19,17.7211,19.2211,Above DFE,0,0
7479772,-72.841926,40.772794,RES1-2SNB,RES,R12N,278502.33,139251.17,14.0805,14.5805,Above DFE,0,0
7479773,-72.840599,40.772886,RES1-2SWB,RES,R12B,268511.96,134255.98,15.0844,17.0844,Above DFE,0,0
7479774,-72.841414,40.772582,RES1-1SWB,RES,R11B,258676.73,129338.36,14.7534,16.7534,Above DFE,0,0
7479775,-72.841495,40.772761,RES1-2SNB,RES,R12N,332711.33,166355.67,13.7919,14.2919,Above DFE,0,0
7479776,-72.842766,40.772699,RES1-1SWB,RES,R11B,299981.99,149990.99,13.1539,15.1539,Above DFE,0,0
7479777,-72.841088,40.77289,RES1-1SWB,RES,R11B,274467.55,137233.77,15.6101,17.6101,Above DFE,0,0
7479778,-72.84073,40.77219,RES1-2SWB,RES,R12B,481315.08,240657.54,14.9007,16.9007,Above DFE,0,0
7479779,-72.841682,40.772188,RES1-2SWB,RES,R12B,271058.44,135529.22,15.4618,17.4618,Above DFE,0,0
7479780,-72.841945,40.772935,RES1-1SWB,RES,R11B,293757.45,146878.72,16.2451,18.2451,Above DFE,0,0
7479781,-72.842316,40.772562,RES1-2SNB,RES,R12N,387027.35,193513.67,14.4146,14.9146,Above DFE,0,0
7479782,-72.84086,40.772438,RES1-2SWB,RES,R12B,252752.11,126376.06,14.6086,16.6086,Above DFE,0,0
7479783,-72.842429,40.771852,RES1-1SNB,RES,R11N,255066.69,127533.35,15.8948,16.3948,Above DFE,0,0
7479784,-72.841552,40.771983,RES1-2SWB,RES,R12B,365129.02,182564.51,15.6379,17.6379,Above DFE,0,0
7479785,-72.84209,40.773167,RES1-2SWB,RES,R12B,359444.44,179722.22,15.7427,17.7427,Above DFE,0,0
7479786,-72.842051,40.771909,RES1-2SWB,RES,R12B,342681.11,171340.55,14.9994,16.9994,Above DFE,0,0
7479787,-72.84257,40.772129,RES1-2SWB,RES,R12B,311542.51,155771.26,15.5923,17.5923,Above DFE,0,0
7479788,-72.84077,40.773185,RES1-2SWB,RES,R12B,496108.23,248054.11,15.6045,17.6045,Above DFE,0,0
7479789,-72.841283,40.772298,RES1-2SWB,RES,R12B,399445.32,199722.66,15.0408,17.0408,Above DFE,0,0
7479790,-72.842513,40.773007,RES1-2SNB,RES,R12N,438483.52,219241.76,15.5391,16.0391,Above DFE,0,0
7479791,-72.842949,40.773077,RES1-2SWB,RES,R12B,329962.42,164981.21,15.9826,17.9826,Above DFE,0,0
7479792,-72.840871,40.773465,RES1-2SNB,RES,R12N,359196.85,179598.42,16.298,16.798,Above DFE,0,0
7479793,-72.841206,40.774172,RES1-1SNB,RES,R11N,252620.92,126310.46,18.5511,19.0511,Above DFE,0,0
7479794,-72.8417,40.773243,RES1-2SWB,RES,R12B,406434.54,203217.27,16.0511,18.0511,Above DFE,0,0
7479795,-72.843034,40.773351,RES1-1SWB,RES,R11B,301940.07,150970.04,16.8409,18.8409,Above DFE,0,0
7479796,-72.841748,40.772358,RES1-2SNB,RES,R12N,383688.96,191844.48,15.6348,16.1348,Above DFE,0,0
7479797,-72.840317,40.772306,RES1-3SWB,RES,R13B,435017.86,217508.93,15.4055,17.4055,Above DFE,0,0
7479799,-72.841178,40.772061,RES1-2SWB,RES,R12B,395998.8,197999.4,15.4184,17.4184,Above DFE,0,0
7479801,-72.842113,40.772017,RES1-2SWB,RES,R12B,272748.29,136374.15,15.2035,17.2035,Above DFE,0,0
7479803,-72.84275,40.773797,RES1-2SWB,RES,R12B,351747.33,175873.67,16.7636,18.7636,Above DFE,0,0
7479805,-72.842404,40.772764,RES1-2SWB,RES,R12B,419224.59,209612.3,14.285,16.285,Above DFE,0,0
7479807,-72.842326,40.773897,RES1-3SWB,RES,R13B,668960.11,334480.05,17.6747,19.6747,Above DFE,0,0
7479809,-72.841558,40.772936,RES1-2SWB,RES,R12B,454051.91,227025.95,14.8726,16.8726,Above DFE,0,0
7479811,-72.842253,40.772367,RES1-1SWB,RES,R11B,280452.09,140226.04,16.6423,18.6423,Above DFE,0,0
7479813,-72.840561,40.772679,RES1-1SNB,RES,R11N,239947.9,119973.95,14.4212,15.9212,Above DFE,0,0
7479815,-72.842755,40.772504,RES1-1SNB,RES,R11N,246672.4,123336.2,15.4409,15.9409,Above DFE,0,0
7479817,-72.841337,40.772434,RES1-1SWB,RES,R11B,296133.23,148066.61,14.9099,16.9099,Above DFE,0,0
7479819,-72.841556,40.77407,RES1-2SWB,RES,R12B,462573.4,231286.7,17.648,19.648,Above DFE,0,0
7479821,-72.841051,40.772738,RES1-2SNB,RES,R12N,257973.68,128986.84,15.3425,15.8425,Above DFE,0,0
7479823,-72.842866,40.772856,RES1-1SWB,RES,R11B,339926.23,169963.12,13.3555,15.3555,Above DFE,0,0
7479825,-72.841175,40.773539,RES1-2SWB,RES,R12B,401883.38,200941.69,16.223,18.223,Above DFE,0,0
7479827,-72.843057,40.773513,RES1-2SWB,RES,R12B,379572.66,189786.33,17.7783,19.7783,Above DFE,0,0
7479829,-72.84172,40.773579,RES1-2SWB,RES,R12B,541352.68,270676.34,16.6266,18.6266,Above DFE,0,0
7479831,-72.843073,40.770105,COM3,NONRES,C3LN,396191.82,396191.82,16.3059,16.8059,Above DFE,0,0
7479833,-72.843256,40.770482,RES3A,RES,R3A3B,649162,324581,16.5907,18.5907,Above DFE,0,0
7479835,-72.843279,40.769671,RES3A,RES,R3A1B,626227.28,313113.64,15.9735,17.9735,Above DFE,0,0
7479837,-72.84295,40.769841,IND6,NONRES,I6LN,949271.35,949271.35,15.2156,15.7156,Above DFE,0,0
7479839,-72.843156,40.770314,RES1-3SWB,RES,R13B,505876.16,252938.08,16.8997,18.8997,Above DFE,0,0
7479841,-72.843191,40.769464,RES1-2SWB,RES,R12B,407387.68,203693.84,15.736,17.736,Above DFE,0,0
7479843,-72.842849,40.7696,RES1-1SNB,RES,R11N,180586.1,90293.05,14.6849,16.1849,Above DFE,0,0
7479845,-72.84336,40.769773,RES1-2SWB,RES,R12B,220198.03,110099.02,16.1241,18.1241,Above DFE,0,0
7479847,-72.843431,40.769979,RES1-1SWB,RES,R11B,191100.19,95550.09,16.2747,18.2747,Above DFE,0,0
7479849,-72.843743,40.77073,RES1-1SNB,RES,R11N,190439.49,95219.75,18.2264,19.7264,Above DFE,0,0
7479851,-72.843525,40.770235,RES3A,RES,R3A1B,799818.75,399909.37,17.3604,19.3604,Above DFE,0,0
7479853,-72.843468,40.771033,RES1-2SNB,RES,R12N,351504.76,175752.38,18.5004,20.0004,Above DFE,0,0
7479855,-72.843377,40.7708,COM2,NONRES,C2LN,277301.52,277301.52,17.8445,18.3445,Above DFE,0,0
7479857,-72.843224,40.781628,RES1-1SNB,RES,R11N,248578.55,124289.27,26.1716,27.6716,Above DFE,0,0
7479859,-72.843198,40.781962,IND6,NONRES,I6LN,NaN,NaN,27.1501,27.6501,Above DFE,0,0
7479861,-72.844231,40.782309,RES1-2SWB,RES,R12B,304669.71,152334.86,27.0438,29.0438,Above DFE,0,0
7479863,-72.843386,40.782722,RES1-2SWB,RES,R12B,385649.29,192824.64,26.5401,28.5401,Above DFE,0,0
7479865,-72.844485,40.78162,RES3A,RES,R3A1B,878574.69,439287.35,25.5521,27.5521,Above DFE,0,0
7479867,-72.844321,40.782049,RES1-1SWB,RES,R11B,215441.03,107720.51,25.9514,27.9514,Above DFE,0,0
7479869,-72.84455,40.781257,REL1,NONRES,RE1LN,NaN,NaN,25.3025,25.8025,Above DFE,0,0
7479871,-72.844069,40.782504,COM7,NONRES,C7LN,NaN,NaN,26.4621,26.9621,Above DFE,0,0
7479873,-72.842958,40.78236,RES3A,RES,R3A1N,992643.79,496321.9,27.4221,27.9221,Above DFE,0,0
7479875,-72.843344,40.78227,RES1-1SNB,RES,R11N,176366.55,88183.28,26.1962,27.6962,Above DFE,0,0
7479877,-72.843848,40.781122,RES1-1SWB,RES,R11B,341591.93,170795.97,25.4197,27.4197,Above DFE,0,0
7479879,-72.843658,40.782751,RES1-2SWB,RES,R12B,294125.82,147062.91,27.5898,29.5898,Above DFE,0,0
7479881,-72.844028,40.782781,RES1-1SWB,RES,R11B,253662.19,126831.09,27.7251,29.7251,Above DFE,0,0
7479883,-72.842956,40.782589,RES1-1SWB,RES,R11B,248107.3,124053.65,26.642,28.642,Above DFE,0,0
7479885,-72.84343,40.781431,RES1-1SNB,RES,R11N,146960.62,73480.31,25.2718,25.7718,Above DFE,0,0
7479887,-72.843017,40.782165,RES1-2SWB,RES,R12B,491227.72,245613.86,26.3951,28.3951,Above DFE,0,0
7484024,-72.843624,40.771459,RES1-2SWB,RES,R12B,266777.37,133388.69,19.3713,21.3713,Above DFE,0,0
7484025,-72.844017,40.771417,RES1-1SNB,RES,R11N,194221.09,97110.55,20.4955,20.9955,Above DFE,0,0
7484085,-72.84395,40.784624,RES3A,RES,R3A1B,691701.31,345850.65,30.0651,32.0651,Above DFE,0,0
7484087,-72.844659,40.784247,RES3A,RES,R3A1N,636401.3,318200.65,28.6448,29.1448,Above DFE,0,0
7484089,-72.844526,40.783374,RES3A,RES,R3A5B,707646.34,353823.17,28.3926,30.3926,Above DFE,0,0
7484091,-72.843919,40.784745,RES3A,RES,R3A3B,867083.18,433541.59,30.1938,32.1938,Above DFE,0,0
7484093,-72.844655,40.784109,RES1-1SWB,RES,R11B,125719.95,62859.97,28.371,30.371,Above DFE,0,0
7484095,-72.843716,40.785484,COM3,NONRES,C3LN,NaN,NaN,30.5391,31.0391,Above DFE,0,0
7484097,-72.844309,40.783356,RES1-1SWB,RES,R11B,197121.26,98560.63,28.7846,30.7846,Above DFE,0,0
7484099,-72.843815,40.785118,RES1-2SNB,RES,R12N,298800.38,149400.19,32.1649,32.6649,Above DFE,0,0
7484101,-72.844014,40.784418,RES1-2SWB,RES,R12B,272837.51,136418.76,29.6607,31.6607,Above DFE,0,0
7484103,-72.844217,40.784021,RES1-1SWB,RES,R11B,224346.4,112173.2,28.9023,30.9023,Above DFE,0,0
7484105,-72.844506,40.783614,RES1-1SWB,RES,R11B,218418.76,109209.38,28.893,30.893,Above DFE,0,0
7484107,-72.844573,40.785459,RES3A,RES,R3A1B,890488.59,445244.3,31.4898,33.4898,Above DFE,0,0
7484109,-72.844147,40.785488,RES1-2SNB,RES,R12N,294334.49,147167.24,30.6065,31.1065,Above DFE,0,0
7484111,-72.84459,40.783924,RES1-1SWB,RES,R11B,173878.35,86939.18,28.2677,30.2677,Above DFE,0,0
7484113,-72.843866,40.784875,RES1-2SWB,RES,R12B,245530.44,122765.22,29.7908,31.7908,Above DFE,0,0
7484115,-72.844661,40.783387,RES1-1SWB,RES,R11B,297244.62,148622.31,28.1623,30.1623,Above DFE,0,0
7485549,-72.845104,40.776744,RES1-1SWB,RES,R11B,204438.15,102219.07,21.0847,23.0847,Above DFE,0,0
7485550,-72.845625,40.774526,RES1-2SNB,RES,R12N,286918.46,143459.23,20.3085,21.8085,Above DFE,0,0
7485552,-72.844761,40.773726,RES1-2SNB,RES,R12N,285690.65,142845.32,19.851,20.351,Above DFE,0,0
7485553,-72.845872,40.775196,RES1-1SNB,RES,R11N,105185.37,52592.69,20.9316,21.4316,Above DFE,0,0
7485556,-72.844763,40.775898,RES1-1SWB,RES,R11B,220552.33,110276.16,22.9802,24.9802,Above DFE,0,0
7485558,-72.845082,40.776523,RES1-2SWB,RES,R12B,382457.4,191228.7,21.7682,23.7682,Above DFE,0,0
7485560,-72.846139,40.775618,RES1-1SNB,RES,R11N,82069.76,41034.88,22.2448,22.7448,Above DFE,0,0
7485562,-72.844186,40.774414,RES1-3SNB,RES,R13N,417851.29,208925.64,19.3727,20.8727,Above DFE,0,0
7485564,-72.844395,40.774961,RES1-1SNB,RES,R11N,269653.87,134826.93,19.7957,21.2957,Above DFE,0,0
7485566,-72.84527,40.776994,RES1-2SWB,RES,R12B,326852.11,163426.06,22.0255,24.0255,Above DFE,0,0
7485568,-72.845334,40.773865,RES1-1SWB,RES,R11B,174994.21,87497.11,20.1673,22.1673,Above DFE,0,0
7485570,-72.846227,40.77574,RES1-2SWB,RES,R12B,218311.95,109155.98,22.2506,24.2506,Above DFE,0,0
7485572,-72.846351,40.776212,RES1-1SWB,RES,R11B,239493.92,119746.96,22.8639,24.8639,Above DFE,0,0
7485574,-72.84399,40.774214,RES1-1SWB,RES,R11B,219753.53,109876.76,19.7794,21.7794,Above DFE,0,0
7485576,-72.845795,40.776911,RES1-1SWB,RES,R11B,275184,137592,21.0567,23.0567,Above DFE,0,0
7485578,-72.845163,40.773626,RES1-2SWB,RES,R12B,339842.39,169921.2,20.1832,22.1832,Above DFE,0,0
7485580,-72.84432,40.774773,RES1-2SWB,RES,R12B,216993.11,108496.56,19.5538,21.5538,Above DFE,0,0
7485582,-72.846135,40.776836,RES1-1SWB,RES,R11B,296616.11,148308.05,22.7681,24.7681,Above DFE,0,0
7485586,-72.84594,40.775437,RES1-2SWB,RES,R12B,417941.22,208970.61,22.5281,24.5281,Above DFE,0,0
7485589,-72.846249,40.775923,RES1-2SWB,RES,R12B,313295.3,156647.65,23.5167,25.5167,Above DFE,0,0
7485591,-72.846486,40.776448,RES1-1SNB,RES,R11N,230502.16,115251.08,22.2547,22.7547,Above DFE,0,0
7485593,-72.844529,40.775302,RES1-2SWB,RES,R12B,426178.49,213089.24,20.2378,22.2378,Above DFE,0,0
7485594,-72.845404,40.774136,RES1-2SWB,RES,R12B,515884.73,257942.37,20.8222,22.8222,Above DFE,0,0
7485595,-72.844369,40.773839,RES1-1SWB,RES,R11B,136639.55,68319.78,19.4044,21.4044,Above DFE,0,0
7485597,-72.844232,40.774606,RES1-1SNB,RES,R11N,139569.38,69784.69,20.5893,21.0893,Above DFE,0,0
7485599,-72.844437,40.7747,RES3A,RES,R3A1B,372804.66,186402.33,19.8151,21.8151,Above DFE,0,0
7485601,-72.845534,40.77432,RES1-1SWB,RES,R11B,228329.48,114164.74,20.2699,22.2699,Above DFE,0,0
7485603,-72.844473,40.775169,RES1-3SNB,RES,R13N,308495.69,154247.84,21.4924,22.9924,Above DFE,0,0
7485605,-72.845004,40.776266,RES1-1SWB,RES,R11B,208038.1,104019.05,21.7444,23.7444,Above DFE,0,0
7485607,-72.846602,40.776747,RES1-2SWB,RES,R12B,298028.98,149014.49,23.3388,25.3388,Above DFE,0,0
7485609,-72.845638,40.774814,RES1-2SWB,RES,R12B,525970.37,262985.18,20.0698,22.0698,Above DFE,0,0
7485611,-72.844628,40.775422,RES1-1SWB,RES,R11B,201765.78,100882.89,20.5555,22.5555,Above DFE,0,0
7485613,-72.843957,40.773961,RES1-1SNB,RES,R11N,193362.66,96681.33,19.45,19.95,Above DFE,0,0
7485615,-72.844658,40.77565,RES1-2SWB,RES,R12B,316131.68,158065.84,21.4452,23.4452,Above DFE,0,0
7485685,-72.845137,40.76021,RES1-1SNB,RES,R11N,195767.6,97883.8,9.9099,11.4099,Above DFE,0,0
7485686,-72.844689,40.758968,RES1-2SNB,RES,R12N,254656.12,127328.06,7.0856,7.5856,Under DFE,0,0
7485687,-72.844347,40.758768,RES1-2SNB,RES,R12N,399615.28,199807.64,6.3582,7.8582,Under DFE,0,0
7485689,-72.844873,40.759771,RES1-2SWB,RES,R12B,529653.51,264826.75,8.9535,10.9535,Above DFE,0,0
7485691,-72.844596,40.759354,RES1-1SNB,RES,R11N,147916.49,73958.24,8.2212,8.7212,Under DFE,0,0
7485694,-72.845331,40.778454,RES1-2SWB,RES,R12B,424999.3,212499.65,23.059,25.059,Above DFE,0,0
7485696,-72.84542,40.778899,RES1-1SWB,RES,R11B,215582.14,107791.07,23.8325,25.8325,Above DFE,0,0
7485698,-72.84554,40.779182,RES1-2SWB,RES,R12B,320680.82,160340.41,25.2863,27.2863,Above DFE,0,0
7485700,-72.845132,40.779781,RES1-1SWB,RES,R11B,176648.55,88324.28,25.5338,27.5338,Above DFE,0,0
7485702,-72.84571,40.779489,RES1-2SNB,RES,R12N,324217.55,162108.77,26.8447,27.3447,Above DFE,0,0
7485704,-72.844239,40.777821,RES1-1SWB,RES,R11B,290968.53,145484.26,25.1643,27.1643,Above DFE,0,0
7485706,-72.845367,40.780223,RES1-1SNB,RES,R11N,159845.5,79922.75,25.9828,26.4828,Above DFE,0,0
7485708,-72.844488,40.778406,RES1-2SWB,RES,R12B,397984.89,198992.44,23.4252,25.4252,Above DFE,0,0
7485710,-72.844805,40.777604,RES1-2SWB,RES,R12B,643927.51,321963.76,23.1093,25.1093,Above DFE,0,0
7485712,-72.845912,40.780092,RES1-1SWB,RES,R11B,365595.53,182797.76,25.7961,27.7961,Above DFE,0,0
7485714,-72.845784,40.77961,RES1-1SNB,RES,R11N,212818.98,106409.49,26.7809,27.2809,Above DFE,0,0
7485716,-72.84569,40.779356,RES1-2SNB,RES,R12N,303267.79,151633.9,25.9101,26.4101,Above DFE,0,0
7485718,-72.844396,40.778183,RES1-1SWB,RES,R11B,166977.02,83488.51,23.9654,25.9654,Above DFE,0,0
7485720,-72.844671,40.778681,RES1-2SWB,RES,R12B,488174.69,244087.34,23.687,25.687,Above DFE,0,0
7485722,-72.845094,40.77806,RES1-2SWB,RES,R12B,471592.22,235796.11,21.9688,23.9688,Above DFE,0,0
7485724,-72.844738,40.778933,RES1-2SNB,RES,R12N,329913.43,164956.72,25.164,25.664,Above DFE,0,0
7485728,-72.844795,40.779033,RES1-2SWB,RES,R12B,200729.38,100364.69,24.8677,26.8677,Above DFE,0,0
7485730,-72.845029,40.779591,RES1-2SWB,RES,R12B,363815.4,181907.7,25.1757,27.1757,Above DFE,0,0
7485731,-72.845815,40.7798,RES1-1SWB,RES,R11B,429931.6,214965.8,26.4875,28.4875,Above DFE,0,0
7485732,-72.844891,40.779251,RES1-2SWB,RES,R12B,385849.27,192924.64,24.7272,26.7272,Above DFE,0,0
7486524,-72.847237,40.763457,RES1-2SNB,RES,R12N,289627.4,144813.7,12.7415,13.2415,Above DFE,0,0
7486277,-72.846248,40.78215,RES3A,RES,R3A1N,789030.37,394515.18,27.806,29.306,Above DFE,0,0
7486279,-72.845879,40.782557,RES3A,RES,R3A3N,691938.74,345969.37,27.2858,28.7858,Above DFE,0,0
7486281,-72.845714,40.782772,RES1-2SWB,RES,R12B,331461.61,165730.81,27.0602,29.0602,Above DFE,0,0
7486282,-72.845812,40.782688,RES1-1SWB,RES,R11B,245680.4,122840.2,27.3321,29.3321,Above DFE,0,0
7486283,-72.84559,40.782965,RES1-1SWB,RES,R11B,196242.86,98121.43,27.0065,29.0065,Above DFE,0,0
7486285,-72.846081,40.782334,RES1-2SNB,RES,R12N,315217.85,157608.93,26.8338,27.3338,Above DFE,0,0
7486288,-72.845983,40.78245,RES1-3SNB,RES,R13N,374534.19,187267.1,27.3606,27.8606,Above DFE,0,0
7486290,-72.847121,40.782148,RES1-2SNB,RES,R12N,293938.91,146969.45,28.4319,28.9319,Above DFE,0,0
7486292,-72.845583,40.783153,RES3A,RES,R3A1B,977408.82,488704.41,31.0819,33.0819,Above DFE,0,0
7486294,-72.846803,40.782676,COM1,NONRES,C1LN,1181211.15,1181211.15,28.6873,29.1873,Above DFE,0,0
7486493,-72.846467,40.767279,RES3A,RES,R3A1B,855995.71,427997.85,16.7776,18.7776,Above DFE,0,0
7486495,-72.845073,40.767605,RES1-1SWB,RES,R11B,165598.84,82799.42,17.0607,19.0607,Above DFE,0,0
7486497,-72.846075,40.76767,RES1-1SWB,RES,R11B,134366.8,67183.4,16.4902,18.4902,Above DFE,0,0
7486499,-72.844781,40.767674,RES1-1SWB,RES,R11B,99669.16,49834.58,17.9504,19.9504,Above DFE,0,0
7486501,-72.846562,40.767495,RES1-2SWB,RES,R12B,465477.8,232738.9,16.3164,18.3164,Above DFE,0,0
7486503,-72.845951,40.76737,RES1-1SWB,RES,R11B,122767.02,61383.51,16.87,18.87,Above DFE,0,0
7486505,-72.845423,40.767536,RES3A,RES,R3A1B,940617.53,470308.77,16.972,18.972,Above DFE,0,0
7486507,-72.845747,40.767431,RES1-1SWB,RES,R11B,150950.03,75475.02,17.019,19.019,Above DFE,0,0
7486508,-72.84709,40.763123,RES3A,RES,R3A3N,800988.79,400494.4,12.1913,12.6913,Above DFE,0,0
7486510,-72.847651,40.763506,RES3A,RES,R3A3B,661027.14,330513.57,12.2497,14.2497,Above DFE,0,0
7486512,-72.847389,40.763993,RES1-1SWB,RES,R11B,189054.17,94527.08,13.5166,15.5166,Above DFE,0,0
7486514,-72.847564,40.763235,RES1-1SWB,RES,R11B,142218.21,71109.11,12.0085,14.0085,Above DFE,0,0
7486516,-72.847703,40.763669,RES1-1SNB,RES,R11N,140122.49,70061.24,13.0401,13.5401,Above DFE,0,0
7486518,-72.847186,40.763302,RES1-2SWB,RES,R12B,420798.79,210399.4,12.4601,14.4601,Above DFE,0,0
7486520,-72.847122,40.762271,RES1-3SWB,RES,R13B,452874.12,226437.06,12.3639,14.3639,Above DFE,0,0
7486522,-72.846981,40.762825,RES1-2SWB,RES,R12B,273793.21,136896.61,12.4565,14.4565,Above DFE,0,0
7486526,-72.847264,40.762567,RES1-2SNB,RES,R12N,305025.97,152512.98,11.7939,13.2939,Above DFE,0,0
7486528,-72.847729,40.763905,RES1-3SWB,RES,R13B,397852.91,198926.45,12.3343,14.3343,Above DFE,0,0
7486612,-72.847585,40.765465,RES3A,RES,R3A3B,799560.54,399780.27,14.5769,16.5769,Above DFE,0,0
7486614,-72.846827,40.764605,COM3,NONRES,C3LN,NaN,NaN,14.4042,14.9042,Above DFE,0,0
7486615,-72.847114,40.765412,RES3A,RES,R3A3B,810812.04,405406.02,14.9258,16.9258,Above DFE,0,0
7486617,-72.84743,40.765891,RES3A,RES,R3A5B,675570.89,337785.45,15.5257,17.5257,Above DFE,0,0
7486619,-72.847247,40.765665,RES1-1SNB,RES,R11N,176911.49,88455.75,15.9808,16.4808,Above DFE,0,0
7486621,-72.847661,40.765653,RES1-1SWB,RES,R11B,143624.19,71812.09,14.5985,16.5985,Above DFE,0,0
7486623,-72.847788,40.765869,RES1-1SNB,RES,R11N,157091.91,78545.96,15.268,16.768,Above DFE,0,0
7486625,-72.847042,40.764538,RES1-1SNB,RES,R11N,119600.26,59800.13,13.8097,14.3097,Above DFE,0,0
7486627,-72.847003,40.765105,RES1-2SNB,RES,R12N,249572.04,124786.02,14.3282,15.8282,Above DFE,0,0
7486629,-72.847262,40.764742,COM8,NONRES,C8LN,NaN,NaN,14.0722,14.5722,Above DFE,0,0
7486631,-72.847159,40.764429,RES1-2SWB,RES,R12B,310777.79,155388.89,14.1672,16.1672,Above DFE,0,0
7486853,-72.84814,40.769911,RES3A,RES,R3A1N,665324.73,332662.37,17.3374,17.8374,Above DFE,0,0
7486855,-72.848877,40.769422,RES3A,RES,R3A1B,725492.31,362746.15,17.3656,19.3656,Above DFE,0,0
7486857,-72.848593,40.769496,RES3A,RES,R3A3B,781305.59,390652.79,18.9509,20.9509,Above DFE,0,0
7486859,-72.848454,40.769855,RES3A,RES,R3A1B,624315.71,312157.85,18.0057,20.0057,Above DFE,0,0
7486861,-72.848741,40.769785,IND6,NONRES,I6LN,NaN,NaN,17.8114,18.3114,Above DFE,0,0
7486863,-72.848335,40.769573,RES1-2SWB,RES,R12B,297132.37,148566.18,17.8562,19.8562,Above DFE,0,0
7486865,-72.848067,40.769633,IND2,NONRES,I2LN,NaN,NaN,16.8416,17.3416,Above DFE,0,0
7486867,-72.849199,40.769344,RES1-2SNB,RES,R12N,228427.79,114213.89,16.3633,16.8633,Above DFE,0,0
7486869,-72.84926,40.769643,RES1-2SWB,RES,R12B,413391.38,206695.69,17.6369,19.6369,Above DFE,0,0
7486418,-72.846356,40.768913,RES1-2SWB,RES,R12B,320674.44,160337.22,19.5615,21.5615,Above DFE,0,0
7486420,-72.846767,40.768854,RES1-1SWB,RES,R11B,266960.71,133480.36,18.5135,20.5135,Above DFE,0,0
7486422,-72.84626,40.76862,RES1-2SNB,RES,R12N,227141.63,113570.81,17.7041,19.2041,Above DFE,0,0
7486424,-72.845941,40.768752,RES1-1SNB,RES,R11N,311655.99,155828,18.8398,20.3398,Above DFE,0,0
7486426,-72.845841,40.769062,RES3A,RES,R3A1B,652412.59,326206.3,19.1476,21.1476,Above DFE,0,0
7486428,-72.84699,40.768497,RES1-2SWB,RES,R12B,491653.4,245826.7,17.7801,19.7801,Above DFE,0,0
7486430,-72.846115,40.769008,RES1-2SWB,RES,R12B,344106.71,172053.36,19.0793,21.0793,Above DFE,0,0
7486432,-72.847078,40.768722,RES1-2SWB,RES,R12B,341322.55,170661.28,18.5593,20.5593,Above DFE,0,0
7486434,-72.845576,40.768827,RES1-2SWB,RES,R12B,465441.06,232720.53,18.8108,20.8108,Above DFE,0,0
7486436,-72.846592,40.768534,RES1-2SNB,RES,R12N,211157.57,105578.78,16.992,18.492,Above DFE,0,0
7486438,-72.845299,40.768903,RES1-2SWB,RES,R12B,508427.52,254213.76,18.8959,20.8959,Above DFE,0,0
7486440,-72.845404,40.769166,RES1-1SNB,RES,R11N,155450.57,77725.28,18.945,19.445,Above DFE,0,0
7486935,-72.84859,40.774863,RES1-1SNB,RES,R11N,242117.25,121058.62,23.9231,25.4231,Above DFE,0,0
7486936,-72.847765,40.775922,REL1,NONRES,RE1LN,NaN,NaN,24.3922,24.8922,Above DFE,0,0
7486937,-72.848132,40.776351,COM4,NONRES,C4LN,NaN,NaN,24.2014,24.7014,Above DFE,0,0
7486938,-72.848159,40.77549,RES1-3SWB,RES,R13B,2700871.11,1350435.55,24.4795,26.4795,Above DFE,0,0
7486939,-72.847572,40.775259,REL1,NONRES,RE1LN,2578756.59,2578756.59,23.5109,24.0109,Above DFE,0,0
7486940,-72.848162,40.77489,RES1-2SNB,RES,R12N,404898.4,202449.2,23.789,24.289,Above DFE,0,0
7486941,-72.848384,40.774424,RES1-1SNB,RES,R11N,238264.98,119132.49,23.4952,23.9952,Above DFE,0,0
7486942,-72.849703,40.775437,COM3,NONRES,C3LN,1598635.83,1598635.83,25.9212,26.4212,Above DFE,0,0
7486943,-72.848625,40.775849,RES1-2SWB,RES,R12B,1816953.25,908476.63,24.8865,26.8865,Above DFE,0,0
7486944,-72.849386,40.776006,EDU1,NONRES,E1LN,NaN,NaN,25.2678,25.7678,Above DFE,0,0
7486945,-72.849728,40.775012,RES1-1SWB,RES,R11B,1022750.56,511375.28,25.7738,27.7738,Above DFE,0,0
7486946,-72.849137,40.774389,RES1-1SWB,RES,R11B,304360.99,152180.49,23.6956,25.6956,Above DFE,0,0
7486947,-72.846927,40.774493,RES1-3SNB,RES,R13N,515147.86,257573.93,22.845,23.345,Above DFE,0,0
7486948,-72.849472,40.774387,RES1-2SNB,RES,R12N,584067.69,292033.85,24.105,25.605,Above DFE,0,0
7486949,-72.84903,40.776352,RES1-1SNB,RES,R11N,761473.71,380736.85,25.9714,26.4714,Above DFE,0,0
7486950,-72.847296,40.776192,RES1-2SWB,RES,R12B,597469.36,298734.68,24.4889,26.4889,Above DFE,0,0
7486951,-72.848653,40.77515,RES1-2SNB,RES,R12N,1483406.24,741703.12,24.7139,25.2139,Above DFE,0,0
7486952,-72.847117,40.775781,RES1-2SWB,RES,R12B,474125.16,237062.58,23.8132,25.8132,Above DFE,0,0
7486953,-72.849086,40.775429,RES1-1SNB,RES,R11N,809933.49,404966.74,25.7371,26.2371,Above DFE,0,0
7487077,-72.848947,40.77094,RES1-2SNB,RES,R12N,295932.85,147966.43,20.9458,21.4458,Above DFE,0,0
7487059,-72.848722,40.771196,RES1-1SWB,RES,R11B,204054,102027,21.0126,23.0126,Above DFE,0,0
7487061,-72.849455,40.770813,RES1-1SNB,RES,R11N,158656.21,79328.11,19.9939,20.4939,Above DFE,0,0
7487063,-72.849952,40.771168,RES1-1SWB,RES,R11B,199305.15,99652.58,20.6023,22.6023,Above DFE,0,0
7487065,-72.84925,40.771402,RES1-1SWB,RES,R11B,258324.63,129162.32,21.5324,23.5324,Above DFE,0,0
7487067,-72.849881,40.770993,GOV1,NONRES,G1LN,NaN,NaN,19.5635,20.0635,Above DFE,0,0
7487069,-72.84859,40.77098,RES1-1SWB,RES,R11B,214226.83,107113.42,21.7956,23.7956,Above DFE,0,0
7487071,-72.850071,40.771363,RES1-2SWB,RES,R12B,362861.41,181430.71,20.3339,22.3339,Above DFE,0,0
7487073,-72.849759,40.770664,RES1-1SWB,RES,R11B,215688.17,107844.08,20.0459,22.0459,Above DFE,0,0
7487075,-72.849645,40.771379,IND6,NONRES,I6LN,NaN,NaN,21.2166,21.7166,Above DFE,0,0
7487079,-72.848837,40.771388,RES1-1SWB,RES,R11B,179863.51,89931.76,20.7622,22.7622,Above DFE,0,0
7487081,-72.849711,40.771136,RES1-1SWB,RES,R11B,236897.23,118448.61,20.5206,22.5206,Above DFE,0,0
7487083,-72.849264,40.770896,RES1-2SWB,RES,R12B,370699.75,185349.87,20.5635,22.5635,Above DFE,0,0
7487085,-72.848852,40.753843,RES1-1SWB,RES,R11B,300110.18,150055.09,5.0346,7.0346,Under DFE,0,0
7487087,-72.848905,40.753669,RES1-1SWB,RES,R11B,264964.11,132482.06,4.8505,6.8505,Under DFE,0,0
7487089,-72.848478,40.753569,RES1,RES,R12B,314448.12,157224.06,3.7283,5.7283,Under DFE,0,0
7487091,-72.848001,40.754055,RES1-1SNB,RES,R11N,382241.65,191120.82,5.3715,5.8715,Under DFE,0,0
7487093,-72.849333,40.753632,RES1-1SNB,RES,R11N,253333.48,126666.74,5.0098,5.5098,Under DFE,0,0
7487095,-72.848788,40.753488,RES1-2SNB,RES,R12N,307895.36,153947.68,4.0145,4.5145,Under DFE,0,0
7487097,-72.848343,40.753922,RES1-1SWB,RES,R11B,232945.57,116472.78,4.1147,6.1147,Under DFE,0,0
7487099,-72.847831,40.753786,RES1-1SNB,RES,R11N,290704.25,145352.12,3.5168,5.0168,Under DFE,0,0
7487101,-72.848936,40.771821,RES1-1SWB,RES,R11B,289584.57,144792.28,21.4981,23.4981,Above DFE,0,0
7487103,-72.845464,40.771522,RES1-2SWB,RES,R12B,305884.07,152942.03,20.9231,22.9231,Above DFE,0,0
7487105,-72.850269,40.772039,RES1-1SWB,RES,R11B,198762.31,99381.16,22.7354,24.7354,Above DFE,0,0
7487107,-72.850774,40.771744,RES1-3SWB,RES,R13B,453730.43,226865.21,20.3974,22.3974,Above DFE,0,0
7487109,-72.845879,40.771474,RES1-1SWB,RES,R11B,226445.91,113222.96,20.8763,22.8763,Above DFE,0,0
7487111,-72.850634,40.772031,RES1-1SWB,RES,R11B,398395.25,199197.63,21.2096,23.2096,Above DFE,0,0
7487113,-72.844589,40.771569,RES1-1SNB,RES,R11N,152126.42,76063.21,21.1431,21.6431,Above DFE,0,0
7487115,-72.848611,40.77183,RES1-2SNB,RES,R12N,330129.41,165064.7,21.9413,23.4413,Above DFE,0,0
7487117,-72.849475,40.771789,RES1-1SNB,RES,R11N,192087.68,96043.84,22.2425,23.7425,Above DFE,0,0
7487119,-72.845364,40.771171,RES1-1SNB,RES,R11N,104971.42,52485.71,20.2089,21.7089,Above DFE,0,0
7487121,-72.851001,40.772007,IND6,NONRES,I6LN,NaN,NaN,21.2152,21.7152,Above DFE,0,0
7487123,-72.849767,40.771759,RES1-1SNB,RES,R11N,180109.77,90054.89,21.3147,22.8147,Above DFE,0,0
7487125,-72.84684,40.77194,RES1-2SNB,RES,R12N,259843.26,129921.63,22.1102,23.6102,Above DFE,0,0
7487127,-72.851315,40.771985,RES1-1SWB,RES,R11B,167552.34,83776.17,20.3064,22.3064,Above DFE,0,0
7487129,-72.845673,40.772,RES1-2SWB,RES,R12B,286973.39,143486.69,21.6571,23.6571,Above DFE,0,0
7487131,-72.846092,40.771971,RES1-2SWB,RES,R12B,384812.51,192406.26,21.7852,23.7852,Above DFE,0,0
7487133,-72.845052,40.771767,RES1-2SWB,RES,R12B,220241.14,110120.57,21.0807,23.0807,Above DFE,0,0
7487135,-72.844987,40.771615,RES1-2SWB,RES,R12B,206234.12,103117.06,20.6318,22.6318,Above DFE,0,0
7487137,-72.850379,40.771744,RES1-2SWB,RES,R12B,351367.22,175683.61,21.1676,23.1676,Above DFE,0,0
7487139,-72.845416,40.771419,RES1-1SWB,RES,R11B,126869.32,63434.66,19.7929,21.7929,Above DFE,0,0
7487141,-72.845118,40.771929,RES1-2SNB,RES,R12N,206807.46,103403.73,20.9325,22.4325,Above DFE,0,0
7487143,-72.847879,40.771877,RES1-2SWB,RES,R12B,350768.18,175384.09,21.0961,23.0961,Above DFE,0,0
7487145,-72.844763,40.771157,RES1-1SWB,RES,R11B,242409.36,121204.68,20.5579,22.5579,Above DFE,0,0
7487147,-72.845531,40.771725,RES1-1SNB,RES,R11N,186014.86,93007.43,21.7134,22.2134,Above DFE,0,0
7487149,-72.845383,40.771271,RES1-2SNB,RES,R12N,286605.76,143302.88,21.2386,21.7386,Above DFE,0,0
7487151,-72.845284,40.771055,RES1-2SWB,RES,R12B,256461.05,128230.52,20.8183,22.8183,Above DFE,0,0
7487153,-72.844733,40.771843,RES1-2SNB,RES,R12N,298404.05,149202.03,20.6415,21.1415,Above DFE,0,0
7487155,-72.845744,40.772897,COM8,NONRES,C8LN,NaN,NaN,22.8612,23.3612,Above DFE,0,0
7487157,-72.845651,40.770936,RES1-2SWB,RES,R12B,215252.37,107626.19,20.8895,22.8895,Above DFE,0,0
7487159,-72.848455,40.772393,RES1-2SWB,RES,R12B,169278.59,84639.3,22.0555,24.0555,Above DFE,0,0
7487161,-72.845749,40.77118,RES1-2SWB,RES,R12B,398472.45,199236.22,20.9257,22.9257,Above DFE,0,0
7487163,-72.848225,40.77185,RES1-3SWB,RES,R13B,457516.69,228758.34,22.0425,24.0425,Above DFE,0,0
7487165,-72.849221,40.771796,RES1-1SNB,RES,R11N,145654.82,72827.41,22.1678,22.6678,Above DFE,0,0
7487167,-72.845918,40.771828,RES1-1SNB,RES,R11N,127218.81,63609.41,21.3257,22.8257,Above DFE,0,0
7487168,-72.847515,40.771896,RES1-1SNB,RES,R11N,173718.52,86859.26,21.8552,23.3552,Above DFE,0,0
7487170,-72.851251,40.771738,RES1-1SWB,RES,R11B,240461.26,120230.63,19.4634,21.4634,Above DFE,0,0
7487172,-72.847595,40.772017,RES1-1SWB,RES,R11B,187928.28,93964.14,21.1021,23.1021,Above DFE,0,0
7487174,-72.844905,40.771453,RES1-2SWB,RES,R12B,362477.61,181238.8,20.0667,22.0667,Above DFE,0,0
7487176,-72.845209,40.772105,RES1-2SWB,RES,R12B,250345.65,125172.83,21.0285,23.0285,Above DFE,0,0
7487178,-72.845986,40.771684,RES1-1SWB,RES,R11B,338933.92,169466.96,21.6683,23.6683,Above DFE,0,0
7487180,-72.850049,40.771759,RES1-1SWB,RES,R11B,296269.55,148134.78,21.3616,23.3616,Above DFE,0,0
7487971,-72.851542,40.769249,RES1-3SWB,RES,R13B,369397.36,184698.68,13.6949,15.6949,Above DFE,0,0
7487535,-72.849709,40.773224,IND6,NONRES,I6LN,NaN,NaN,24.4489,24.9489,Above DFE,0,0
7487537,-72.849767,40.773942,RES1-1SWB,RES,R11B,214297.42,107148.71,22.6597,24.6597,Above DFE,0,0
7487539,-72.849385,40.773575,RES1-2SWB,RES,R12B,455246.34,227623.17,23.5729,25.5729,Above DFE,0,0
7487541,-72.849756,40.773603,RES1-1SWB,RES,R11B,224745.1,112372.55,24.0983,26.0983,Above DFE,0,0
7487543,-72.84947,40.773944,RES3A,RES,R3A1N,606628.19,303314.09,22.932,23.432,Above DFE,0,0
7487545,-72.849385,40.773177,RES1-1SWB,RES,R11B,220730.54,110365.27,23.7892,25.7892,Above DFE,0,0
7488101,-72.852585,40.763002,RES1-2SNB,RES,R12N,333539.26,166769.63,14.2741,14.7741,Above DFE,0,0
7487602,-72.849838,40.753475,RES1-1SNB,RES,R11N,236779.91,118389.95,3.6213,4.1213,Under DFE,0,0
7487603,-72.850055,40.753817,RES1-1SNB,RES,R11N,143202.44,71601.22,5.0979,6.5979,Under DFE,0,0
7487604,-72.850104,40.754398,COM4,NONRES,C4LN,NaN,NaN,6.1565,6.6565,Under DFE,0,0
7487605,-72.850004,40.754172,RES1-1SNB,RES,R11N,212042.27,106021.13,5.7388,7.2388,Under DFE,0,0
7487606,-72.850339,40.753867,RES1-1SNB,RES,R11N,215819.02,107909.51,5.1563,6.6563,Under DFE,0,0
7487607,-72.850493,40.754217,RES1-1SWB,RES,R11B,285099.52,142549.76,5.4742,7.4742,Under DFE,0,0
7487609,-72.850703,40.75475,RES1-1SWB,RES,R11B,217981.49,108990.75,7.3201,9.3201,Under DFE,0,0
7487611,-72.849832,40.753814,RES1-1SNB,RES,R11N,277138.65,138569.33,4.9008,5.4008,Under DFE,0,0
7487613,-72.850444,40.754069,RES1-1SNB,RES,R11N,216634.03,108317.01,6.0781,6.5781,Under DFE,0,0
7487615,-72.8506,40.754464,RES1-1SNB,RES,R11N,261308.58,130654.29,6.036,6.536,Under DFE,0,0
7487617,-72.850235,40.753597,RES1-1SNB,RES,R11N,248374.89,124187.45,4.9389,6.4389,Under DFE,0,0
7487619,-72.849953,40.753366,RES1-1SNB,RES,R11N,174620.97,87310.49,3.8915,5.3915,Under DFE,0,0
7488103,-72.850712,40.760169,RES1-2SNB,RES,R12N,505203.3,252601.65,7.4057,8.9057,Under DFE,0,0
7487953,-72.851029,40.75227,RES3A,RES,R3A5N,740408.64,370204.32,3.0347,3.5347,Under DFE,0,0
7487955,-72.851046,40.752378,RES1-1SNB,RES,R11N,175794,87897,3.261,4.761,Under DFE,0,0
7487957,-72.851501,40.752481,RES1-2SWB,RES,R12B,400597.85,200298.92,3.4634,5.4634,Under DFE,0,0
7487959,-72.8514,40.752129,RES1-1SNB,RES,R11N,254216.19,127108.09,2.5468,3.0468,Under DFE,0,0
7487961,-72.851449,40.752277,RES1-1SWB,RES,R11B,201620.6,100810.3,3.7678,5.7678,Under DFE,0,0
7487963,-72.850982,40.752156,RES1-1SWB,RES,R11B,225164.26,112582.13,3.1152,5.1152,Under DFE,0,0
7487965,-72.851069,40.769221,RES1-2SWB,RES,R12B,303267,151633.5,15.4477,17.4477,Above DFE,0,0
7487967,-72.85147,40.769092,RES1-1SNB,RES,R11N,173628.15,86814.08,13.7586,14.2586,Above DFE,0,0
7487969,-72.851078,40.768901,RES1-1SWB,RES,R11B,251312.1,125656.05,15.8136,17.8136,Above DFE,0,0
7488087,-72.851818,40.762893,RES1-1SNB,RES,R11N,252659.84,126329.92,12.0079,12.5079,Above DFE,0,0
7488089,-72.852144,40.762836,RES1-1SNB,RES,R11N,221636.45,110818.23,15.1479,23.1479,Above DFE,0,0
7488091,-72.853022,40.762465,RES1-2SNB,RES,R12N,372007.88,186003.94,14.449,22.449,Above DFE,0,0
7488093,-72.852641,40.76222,RES1-1SNB,RES,R11N,270172.05,135086.03,13.988,21.988,Above DFE,0,0
7488095,-72.852446,40.76276,RES1-1SNB,RES,R11N,243430.56,121715.28,15.041,23.041,Above DFE,0,0
7488097,-72.85314,40.761919,RES1-1SNB,RES,R11N,246630.29,123315.14,14.0022,22.0022,Above DFE,0,0
7488099,-72.85397,40.762867,RES1-2SNB,RES,R12N,1082639.54,541319.77,15.1575,16.6575,Above DFE,0,0
7488105,-72.850977,40.760885,RES1-1SNB,RES,R11N,292915.38,146457.69,9.1368,9.6368,Under DFE,0,0
7488107,-72.850891,40.760632,RES1-1SNB,RES,R11N,292050.63,146025.31,7.3953,8.8953,Under DFE,0,0
7488109,-72.852727,40.762655,RES1-1SNB,RES,R11N,339035.54,169517.77,13.7918,21.7918,Above DFE,0,0
7488111,-72.851292,40.762536,RES1-1SNB,RES,R11N,453804.29,226902.14,9.5495,11.0495,Above DFE,0,0
7488113,-72.852762,40.76309,RES1-1SNB,RES,R11N,267714.98,133857.49,14.3832,15.8832,Above DFE,0,0
7488115,-72.851702,40.762499,RES1-1SNB,RES,R11N,302163.2,151081.6,12.4724,20.4724,Above DFE,0,0
7488117,-72.850716,40.760414,RES1-1SNB,RES,R11N,327197.02,163598.51,7.377,15.377,Above DFE,0,0
7488119,-72.850585,40.759938,RES1-1SNB,RES,R11N,286402.89,143201.45,7.1908,15.1908,Above DFE,0,0
7488121,-72.852326,40.760954,RES1-1SNB,RES,R11N,245266.92,122633.46,12.2249,20.2249,Above DFE,0,0
7488123,-72.850399,40.759453,RES1-2SNB,RES,R12N,451269.49,225634.75,8.0012,16.0012,Above DFE,0,0
7488125,-72.852065,40.762445,RES1-2SNB,RES,R12N,394182.77,197091.38,14.1193,15.6193,Above DFE,0,0
7488126,-72.853681,40.762915,COM3,NONRES,C3LN,662656.29,662656.29,15.2326,23.2326,Above DFE,0,0
7487895,-72.850275,40.767876,RES1-1SNB,RES,R11N,150409.02,75204.51,14.7687,15.2687,Above DFE,0,0
7487897,-72.849941,40.768006,RES1-1SWB,RES,R11B,249114.89,124557.45,15.7711,17.7711,Above DFE,0,0
7487899,-72.849295,40.768172,RES1-2SWB,RES,R12B,321249.13,160624.57,15.6034,17.6034,Above DFE,0,0
7487901,-72.849463,40.767856,RES1-1SWB,RES,R11B,200225.51,100112.76,15.386,17.386,Above DFE,0,0
7487903,-72.84991,40.76771,RES1-1SNB,RES,R11N,145625.82,72812.91,14.9093,15.4093,Above DFE,0,0
7487905,-72.850269,40.767589,RES1-2SNB,RES,R12N,238153.15,119076.57,14.4314,14.9314,Above DFE,0,0
7487907,-72.849118,40.767907,RES1-1SWB,RES,R11B,169773.88,84886.94,15.3241,17.3241,Above DFE,0,0
7487909,-72.849636,40.768082,RES1-2SWB,RES,R12B,398485.27,199242.64,16.6002,18.6002,Above DFE,0,0
7489195,-72.852387,40.747873,RES1-2SNB,RES,R12N,307707.18,153853.59,2.1306,3.6306,Under DFE,0,0
7489197,-72.850769,40.747496,COM4,NONRES,C4LN,1017092.96,1017092.96,2.6709,10.6709,Above DFE,0,0
7489199,-72.85266,40.746932,RES1-1SNB,RES,R11N,260153.68,130076.84,3.2111,4.7111,Under DFE,0,0
7489201,-72.852263,40.747981,RES1-1SNB,RES,R11N,NaN,NaN,2.5765,10.5765,Above DFE,0,0
7489203,-72.850812,40.747714,RES1-1SNB,RES,R11N,NaN,NaN,2.5141,4.0141,Under DFE,0,0
7489205,-72.851549,40.748292,RES1-1SNB,RES,R11N,NaN,NaN,1.4189,2.9189,Under DFE,0,0
7489207,-72.852801,40.746839,RES1-1SNB,RES,R11N,NaN,NaN,3.4777,11.4777,Above DFE,0,0
7489209,-72.85275,40.747502,RES1-1SNB,RES,R11N,188383.89,94191.94,2.3385,3.8385,Under DFE,0,0
7489301,-72.853122,40.76391,COM3,NONRES,C3LN,NaN,NaN,15.522,16.022,Above DFE,0,0
7489303,-72.852769,40.763391,RES3A,RES,R3A1B,708829.84,354414.92,14.2537,16.2537,Above DFE,0,0
7489305,-72.853763,40.764498,COM8,NONRES,C8LN,NaN,NaN,15.8295,16.3295,Above DFE,0,0
7489307,-72.853795,40.764252,RES3A,RES,R3A1N,683046.05,341523.03,16.6415,17.1415,Above DFE,0,0
7489309,-72.853741,40.763949,RES3A,RES,R3A3B,757216.91,378608.46,16.192,18.192,Above DFE,0,0
7489311,-72.853193,40.764394,COM1,NONRES,C1LN,NaN,NaN,15.0154,15.5154,Above DFE,0,0
7489313,-72.853094,40.764147,RES1-1SWB,RES,R11B,314991.12,157495.56,14.864,16.864,Above DFE,0,0
7489315,-72.853706,40.764666,RES1-1SNB,RES,R11N,193590.02,96795.01,15.5161,17.0161,Above DFE,0,0
7489317,-72.854066,40.763552,RES1-1SNB,RES,R11N,248334.75,124167.38,15.6496,16.1496,Above DFE,0,0
7489319,-72.854047,40.763681,RES1-1SNB,RES,R11N,240600.47,120300.23,15.3624,16.8624,Above DFE,0,0
7489321,-72.853882,40.763705,RES1-1SWB,RES,R11B,143017.26,71508.63,15.5952,17.5952,Above DFE,0,0
7489323,-72.853505,40.763344,RES1-1SNB,RES,R11N,238233.94,119116.97,15.1502,15.6502,Above DFE,0,0
7489325,-72.852835,40.763554,RES1-1SWB,RES,R11B,125052.92,62526.46,14.4294,16.4294,Above DFE,0,0
7489490,-72.853404,40.750664,RES1-2SNB,RES,R12N,270642.2,135321.1,3.1418,4.6418,Under DFE,0,0
7489491,-72.853939,40.751511,RES1-1SNB,RES,R11N,189816.16,94908.08,3.7256,4.2256,Under DFE,0,0
7489492,-72.85379,40.751334,RES1-1SWB,RES,R11B,314349.19,157174.59,3.8961,5.8961,Under DFE,0,0
7489493,-72.853452,40.750319,RES1-1SWB,RES,R11B,282675.6,141337.8,2.9722,4.9722,Under DFE,0,0
7489494,-72.854127,40.751871,RES1-3SWB,RES,R13B,437498.31,218749.16,4.9619,6.9619,Under DFE,0,0
7489495,-72.853383,40.751225,RES1-1SWB,RES,R11B,286540.57,143270.29,3.0181,5.0181,Under DFE,0,0
7489497,-72.853538,40.751494,RES1-1SNB,RES,R11N,243482.57,121741.28,3.4179,3.9179,Under DFE,0,0
7489499,-72.853665,40.751746,RES1-1SNB,RES,R11N,237536.77,118768.38,3.417,3.917,Under DFE,0,0
7489501,-72.853595,40.750603,RES1-1SWB,RES,R11B,244640.39,122320.19,2.9279,4.9279,Under DFE,0,0
7491750,-72.855372,40.747304,RES1-1SWB,RES,R11B,293140.28,146570.14,2.2314,4.2314,Under DFE,0,0
7491743,-72.855051,40.748575,RES1-1SNB,RES,R11N,151924.24,75962.12,3.0004,4.5004,Under DFE,0,0
7491744,-72.855135,40.747219,RES1-1SNB,RES,R11N,104747.6,52373.8,4.4231,4.9231,Under DFE,0,0
7491745,-72.854956,40.748018,RES1-1SNB,RES,R11N,184241.5,92120.75,2.4087,2.9087,Under DFE,0,0
7491746,-72.855357,40.749139,RES1-1SNB,RES,R11N,189839.11,94919.55,3.7581,4.2581,Under DFE,0,0
7491747,-72.855383,40.748844,RES1-1SWB,RES,R11B,268696.67,134348.33,3.0599,5.0599,Under DFE,0,0
7491748,-72.854953,40.747286,RES1-1SNB,RES,R11N,295328.08,147664.04,5.0037,5.5037,Under DFE,0,0
7491749,-72.855082,40.749111,RES1-1SWB,RES,R11B,191022.15,95511.07,2.9472,4.9472,Under DFE,0,0
7491751,-72.855365,40.748327,RES1-1SWB,RES,R11B,302674.12,151337.06,2.5525,4.5525,Under DFE,0,0
7491752,-72.855346,40.748465,RES1-1SWB,RES,R11B,225883.1,112941.55,3.425,5.425,Under DFE,0,0
7492951,-72.856251,40.760986,RES1-1SNB,RES,R11N,169109.64,84554.82,12.7994,13.2994,Above DFE,0,0
7492952,-72.856091,40.76077,RES1-1SNB,RES,R11N,150255.4,75127.7,13.2697,14.7697,Above DFE,0,0
7492954,-72.856012,40.761134,RES1-1SWB,RES,R11B,142314.36,71157.18,14.642,16.642,Above DFE,0,0
7492956,-72.85569,40.761221,RES1-2SWB,RES,R12B,394097.39,197048.69,13.2012,15.2012,Above DFE,0,0
7492958,-72.855835,40.760832,RES1-1SWB,RES,R11B,208570.69,104285.35,12.4809,14.4809,Above DFE,0,0
7492977,-72.856634,40.757157,RES1-2SWB,RES,R12B,347544.32,173772.16,11.0771,13.0771,Above DFE,0,0
7492978,-72.856302,40.756369,RES1-1SWB,RES,R11B,200745.64,100372.82,10.8264,12.8264,Above DFE,0,0
7492979,-72.856449,40.756462,RES1-2SNB,RES,R12N,219449.12,109724.56,10.0925,11.5925,Above DFE,0,0
7492980,-72.856616,40.756107,RES1-1SWB,RES,R11B,125223.29,62611.65,9.5076,11.5076,Above DFE,0,0
7492981,-72.856617,40.756704,RES1-1SNB,RES,R11N,216040.16,108020.08,9.6049,11.1049,Above DFE,0,0
7492982,-72.856648,40.757295,RES1-1SWB,RES,R11B,217657.41,108828.71,11.7618,13.7618,Above DFE,0,0
7492983,-72.856587,40.756587,RES1-2SWB,RES,R12B,441708.57,220854.28,9.7268,11.7268,Above DFE,0,0
7492984,-72.856314,40.757084,RES1-1SNB,RES,R11N,214428.1,107214.05,11.6082,12.1082,Above DFE,0,0
7492985,-72.856363,40.756117,RES1-1SWB,RES,R11B,157888.25,78944.13,9.3977,11.3977,Above DFE,0,0
7492986,-72.856626,40.756817,RES1-2SNB,RES,R12N,129555.56,64777.78,10.8405,11.3405,Above DFE,0,0
7492987,-72.856312,40.756822,RES1-1SWB,RES,R11B,185202.23,92601.12,10.7051,12.7051,Above DFE,0,0
7492988,-72.856298,40.756571,RES1-1SNB,RES,R11N,133556.13,66778.06,10.56,12.06,Above DFE,0,0
7492989,-72.8564,40.756802,RES1-1SWB,RES,R11B,43783.09,21891.55,11.1798,13.1798,Above DFE,0,0
7492990,-72.856285,40.757718,RES1,RES,R12N,256123.7,128061.85,11.1297,14.1297,Above DFE,0,0
7492992,-72.856321,40.757284,RES1-1SWB,RES,R11B,141289.86,70644.93,11.8224,13.8224,Above DFE,0,0
7492993,-72.856723,40.756373,RES1-1SNB,RES,R11N,157066.56,78533.28,10.9673,12.4673,Above DFE,0,0
7498873,-72.856986,40.760217,RES1-1SWB,RES,R11B,227456.69,113728.34,12.5588,14.5588,Above DFE,0,0
7498875,-72.85707,40.760414,IND6,NONRES,I6LN,NaN,NaN,12.2327,12.7327,Above DFE,0,0
7498877,-72.857331,40.759129,RES1-1SWB,RES,R11B,266269.65,133134.82,12.5812,14.5812,Above DFE,0,0
7498879,-72.857371,40.759676,RES1-1SNB,RES,R11N,140831.89,70415.94,14.4745,14.9745,Above DFE,0,0
7498881,-72.857459,40.759407,RES1-1SNB,RES,R11N,138511.36,69255.68,13.4811,14.9811,Above DFE,0,0
7498883,-72.857081,40.758387,RES1-1SWB,RES,R11B,135848.29,67924.14,13.1466,15.1466,Above DFE,0,0
7498885,-72.857366,40.759991,RES1-1SWB,RES,R11B,156940.3,78470.15,13.3151,15.3151,Above DFE,0,0
7498887,-72.857051,40.759688,RES1-1SNB,RES,R11N,172971.14,86485.57,12.9802,14.4802,Above DFE,0,0
7498889,-72.857424,40.760699,RES1-1SWB,RES,R11B,230794.64,115397.32,12.6592,14.6592,Above DFE,0,0
7498891,-72.85746,40.758147,RES1-1SNB,RES,R11N,145427.6,72713.8,12.7038,14.2038,Above DFE,0,0
7498893,-72.857054,40.758713,RES1-1SNB,RES,R11N,111588.67,55794.33,12.1192,13.6192,Above DFE,0,0
7498895,-72.857028,40.759086,RES1-2SNB,RES,R12N,330104.55,165052.28,11.8728,12.3728,Above DFE,0,0
7498897,-72.857058,40.758108,RES1-1SWB,RES,R11B,169543.25,84771.63,12.3512,14.3512,Above DFE,0,0
7498899,-72.857368,40.760218,RES1-1SNB,RES,R11N,159437.63,79718.82,12.4485,12.9485,Above DFE,0,0
7498901,-72.857022,40.758831,RES1-1SWB,RES,R11B,135679.37,67839.68,11.1863,13.1863,Above DFE,0,0
7498903,-72.857548,40.758313,RES1-1SNB,RES,R11N,74236.07,37118.04,12.9556,13.4556,Above DFE,0,0
7498905,-72.85726,40.760764,RES1-1SWB,RES,R11B,150715.19,75357.59,13.5371,15.5371,Above DFE,0,0
7498907,-72.856998,40.759858,RES1-1SWB,RES,R11B,215846.26,107923.13,12.7174,14.7174,Above DFE,0,0
7498909,-72.857457,40.758786,RES1-1SWB,RES,R11B,241790.99,120895.5,12.0154,14.0154,Above DFE,0,0
7498911,-72.856993,40.760864,RES1-1SWB,RES,R11B,249471.01,124735.51,13.1377,15.1377,Above DFE,0,0
7498913,-72.857492,40.758924,RES1-1SNB,RES,R11N,104800.58,52400.29,13.0892,14.5892,Above DFE,0,0
7498915,-72.857015,40.759417,RES1-1SWB,RES,R11B,216000.25,108000.13,12.8141,14.8141,Above DFE,0,0
7498917,-72.857465,40.75855,RES1-1SWB,RES,R11B,268424.88,134212.44,13.0794,15.0794,Above DFE,0,0
7500045,-72.857799,40.750414,RES1-1SNB,RES,R11N,145330.61,72665.3,3.053,3.553,Under DFE,0,0
7500047,-72.857858,40.750681,RES1-1SNB,RES,R11N,261183.95,130591.98,3.6047,4.1047,Under DFE,0,0
7500049,-72.857803,40.751849,RES1-1SWB,RES,R11B,293164.96,146582.48,4.9454,6.9454,Under DFE,0,0
7500051,-72.857498,40.750906,RES1-1SWB,RES,R11B,457778.93,228889.46,4.3647,6.3647,Under DFE,0,0
7500053,-72.857842,40.750219,RES1-1SWB,RES,R11B,183311.01,91655.51,4.2065,6.2065,Under DFE,0,0
7500055,-72.85784,40.750878,RES1-1SNB,RES,R11N,146354.62,73177.31,4.2466,5.7466,Under DFE,0,0
7500057,-72.857606,40.750227,RES1-1SNB,RES,R11N,141997.8,70998.9,3.8584,4.3584,Under DFE,0,0
7500059,-72.857829,40.75112,RES1-1SWB,RES,R11B,156570.59,78285.29,4.7274,6.7274,Under DFE,0,0
7500061,-72.857847,40.751311,RES1-1SWB,RES,R11B,199187.6,99593.8,4.9596,6.9596,Under DFE,0,0
7500063,-72.857496,40.750404,RES1-2SNB,RES,R12N,234968.95,117484.47,3.7521,5.2521,Under DFE,0,0
7500065,-72.857432,40.751315,RES1-1SWB,RES,R11B,305555.12,152777.56,6.2789,8.2789,Under DFE,0,0
7500067,-72.857422,40.751629,RES1-1SNB,RES,R11N,217044.52,108522.26,4.6353,5.1353,Under DFE,0,0
7500069,-72.857431,40.751114,RES1-1SWB,RES,R11B,160174.81,80087.41,4.0677,6.0677,Under DFE,0,0
7500071,-72.857449,40.750569,RES1-2SWB,RES,R12B,247335.9,123667.95,3.5256,5.5256,Under DFE,0,0
7500073,-72.857756,40.750818,RES1-1SWB,RES,R11B,93244.7,46622.35,3.7173,5.7173,Under DFE,0,0
7500075,-72.857369,40.751796,RES1-2SWB,RES,R12B,301867.6,150933.8,4.9259,6.9259,Under DFE,0,0
7500158,-72.858262,40.75327,RES1-1SWB,RES,R11B,128032.54,64016.27,8.0947,10.0947,Above DFE,0,0
7500160,-72.858665,40.752957,RES1-2SWB,RES,R12B,205461.98,102730.99,6.9279,8.9279,Under DFE,0,0
7500162,-72.858638,40.752749,RES1-1SWB,RES,R11B,198689.8,99344.9,6.5218,8.5218,Under DFE,0,0
7500164,-72.858462,40.753847,RES1-2SWB,RES,R12B,170116.59,85058.3,8.0466,10.0466,Above DFE,0,0
7500166,-72.858197,40.752709,RES1-1SNB,RES,R11N,102359.54,51179.77,6.5216,7.0216,Under DFE,0,0
7500901,-72.858668,40.753162,RES1-2SWB,RES,R12B,251175.77,125587.89,6.9459,8.9459,Under DFE,0,0
7502360,-72.858616,40.752294,RES1-2SWB,RES,R12B,231225.67,115612.83,6.3581,8.3581,Under DFE,0,0
7502362,-72.858238,40.752943,RES1-2SWB,RES,R12B,228219.67,114109.84,6.9796,8.9796,Under DFE,0,0
7502364,-72.858603,40.753831,RES1-1SWB,RES,R11B,166260.49,83130.25,8.1692,10.1692,Above DFE,0,0
7502366,-72.858672,40.752448,RES1-1SWB,RES,R11B,174010.37,87005.19,6.7834,8.7834,Under DFE,0,0
7502368,-72.858634,40.753512,RES1-2SNB,RES,R12N,271091.69,135545.84,7.3008,8.8008,Under DFE,0,0
7502370,-72.858298,40.753606,RES1-1SWB,RES,R11B,131770.87,65885.44,7.4122,9.4122,Under DFE,0,0
7502372,-72.85862,40.753373,RES1-1SNB,RES,R11N,173430.2,86715.1,7.4619,7.9619,Under DFE,0,0
7502374,-72.858202,40.753796,RES1-1SWB,RES,R11B,202834.61,101417.31,7.749,9.749,Under DFE,0,0
7502376,-72.858279,40.752213,RES1-3SWB,RES,R13B,417198.78,208599.39,6.8586,8.8586,Under DFE,0,0
7502378,-72.858238,40.753062,RES1-1SNB,RES,R11N,116799.26,58399.63,6.3921,6.8921,Under DFE,0,0
7502381,-72.858634,40.753632,RES1-1SNB,RES,R11N,196562.31,98281.16,7.3935,8.8935,Under DFE,0,0
7503877,-72.85935,40.756162,RES3A,RES,R3A3B,764524.94,382262.47,10.9237,12.9237,Above DFE,0,0
7503879,-72.859274,40.757292,RES3A,RES,R3A3B,728073.36,364036.68,12.5215,14.5215,Above DFE,0,0
7503881,-72.858895,40.757744,RES3A,RES,R3A3B,726088.41,363044.2,7.1403,9.1403,Under DFE,0,0
7503883,-72.858989,40.757098,COM1,NONRES,C1LN,NaN,NaN,10.9535,11.4535,Above DFE,0,0
7503885,-72.858941,40.757289,RES3A,RES,R3A3B,683387.44,341693.72,8.5114,10.5114,Above DFE,0,0
7503887,-72.859314,40.757479,RES3A,RES,R3A3B,765522.35,382761.18,10.1836,12.1836,Above DFE,0,0
7503889,-72.859287,40.757798,RES1-1SWB,RES,R11B,246503.88,123251.94,8.0757,10.0757,Above DFE,0,0
7503891,-72.859251,40.756844,IND6,NONRES,I6LN,NaN,NaN,10.3228,10.8228,Above DFE,0,0
7503893,-72.85896,40.756188,COM9,NONRES,C9LN,NaN,NaN,10.481,10.981,Above DFE,0,0
7503895,-72.859203,40.756653,RES1-1SWB,RES,R11B,247201.47,123600.73,10.2027,12.2027,Above DFE,0,0
7503897,-72.858874,40.757553,RES1-2SWB,RES,R12B,218261.14,109130.57,7.4276,9.4276,Under DFE,0,0
7504053,-72.85989,40.755374,RES1-1SWB,RES,R11B,190534.27,95267.13,8.426,10.426,Above DFE,0,0
7504055,-72.860339,40.754777,RES1-1SWB,RES,R11B,295605.39,147802.69,6.74,8.74,Under DFE,0,0
7504057,-72.859896,40.755511,RES1-1SWB,RES,R11B,153171.46,76585.73,8.5958,10.5958,Above DFE,0,0
7504059,-72.859979,40.754214,RES1-1SWB,RES,R11B,197758.96,98879.48,8.5634,10.5634,Above DFE,0,0
7504061,-72.859994,40.75453,RES1-1SWB,RES,R11B,177458.18,88729.09,8.2492,10.2492,Above DFE,0,0
7504063,-72.860347,40.754548,RES1-1SWB,RES,R11B,185194.16,92597.08,7.3739,9.3739,Under DFE,0,0
7504065,-72.860319,40.755212,RES1-2SWB,RES,R12B,334486.07,167243.04,6.7593,8.7593,Under DFE,0,0
7504067,-72.859934,40.75498,RES1-1SWB,RES,R11B,164019.6,82009.8,6.4017,8.4017,Under DFE,0,0
7504069,-72.859905,40.755156,RES1-1SNB,RES,R11N,149711.61,74855.8,7.0157,7.5157,Under DFE,0,0
7504072,-72.860014,40.754334,RES1-1SWB,RES,R11B,140836.5,70418.25,7.706,9.706,Under DFE,0,0
7504074,-72.85987,40.755634,RES1-2SWB,RES,R12B,327692.35,163846.18,7.2669,9.2669,Under DFE,0,0
7504076,-72.860292,40.755831,RES1-1SWB,RES,R11B,185106.13,92553.07,5.844,7.844,Under DFE,0,0
7504078,-72.859816,40.755828,RES1-1SWB,RES,R11B,174411.25,87205.62,6.8537,8.8537,Under DFE,0,0
7504154,-72.860112,40.758726,RES1-2SNB,RES,R12N,341147.77,170573.88,6.7942,8.2942,Under DFE,0,0
7504156,-72.860155,40.758457,RES1-1SWB,RES,R11B,154117.93,77058.97,7.4683,9.4683,Under DFE,0,0
7504158,-72.859655,40.759041,RES1-1SWB,RES,R11B,134024.35,67012.17,9.4124,11.4124,Above DFE,0,0
7504160,-72.859695,40.758461,RES1-1SWB,RES,R11B,172249.37,86124.68,8.6545,10.6545,Above DFE,0,0
7504162,-72.859696,40.75889,RES1-1SNB,RES,R11N,139476.86,69738.43,10.1857,11.6857,Above DFE,0,0
7504164,-72.860016,40.759755,RES1-1SWB,RES,R11B,215972.3,107986.15,10.2293,12.2293,Above DFE,0,0
7504166,-72.860061,40.75943,RES1-1SNB,RES,R11N,163048.44,81524.22,8.0238,9.5238,Under DFE,0,0
7504168,-72.860112,40.758237,RES1-1SWB,RES,R11B,222479.57,111239.79,7.7172,9.7172,Under DFE,0,0
7504170,-72.859737,40.758203,RES1-1SNB,RES,R11N,145717.53,72858.76,9.6582,11.1582,Above DFE,0,0
7504172,-72.859615,40.759979,RES1-3SNB,RES,R13N,437295.62,218647.81,10.854,11.354,Above DFE,0,0
7504174,-72.859605,40.760198,RES1-1SNB,RES,R11N,162547.14,81273.57,10.8323,11.3323,Above DFE,0,0
7504176,-72.859647,40.759698,RES1-1SWB,RES,R11B,220569.3,110284.65,8.6021,10.6021,Above DFE,0,0
7504178,-72.85965,40.759315,RES1-1SWB,RES,R11B,161424.85,80712.42,7.9572,9.9572,Under DFE,0,0
7504180,-72.859691,40.758702,RES1-1SNB,RES,R11N,136865.82,68432.91,10.1657,11.6657,Above DFE,0,0
7505821,-72.860394,40.753536,RES1-1SWB,RES,R11B,275561.09,137780.55,6.5716,8.5716,Under DFE,0,0
7505822,-72.860427,40.75382,RES1-1SWB,RES,R11B,285127.88,142563.94,6.5129,8.5129,Under DFE,0,0
7505823,-72.860097,40.753167,AGR1,NONRES,A1LN,NaN,NaN,8.4683,8.9683,Under DFE,0,0
7505824,-72.860446,40.752223,RES1-2SNB,RES,R12N,202192.48,101096.24,4.0419,4.5419,Under DFE,0,0
7505825,-72.860067,40.752783,RES1-1SNB,RES,R11N,118246.69,59123.34,5.0439,5.5439,Under DFE,0,0
7505826,-72.860203,40.752171,RES1-2SNB,RES,R12N,123074.67,61537.33,4.7918,6.2918,Under DFE,0,0
7505827,-72.860056,40.753804,RES1-2SWB,RES,R12B,255281.42,127640.71,7.9217,9.9217,Under DFE,0,0
7505828,-72.860022,40.75343,RES1-1SNB,RES,R11N,137895.41,68947.71,7.3865,8.8865,Under DFE,0,0
7505829,-72.860143,40.752705,RES1-1SNB,RES,R11N,109500.69,54750.34,4.6052,5.1052,Under DFE,0,0
7505830,-72.860162,40.752564,RES1-1SNB,RES,R11N,74247.23,37123.62,4.9232,5.4232,Under DFE,0,0
7505831,-72.860052,40.752444,RES1-1SNB,RES,R11N,241762.22,120881.11,5.1509,6.6509,Under DFE,0,0
7505832,-72.86045,40.75268,RES1-1SWB,RES,R11B,118387.14,59193.57,4.4266,6.4266,Under DFE,0,0
7505833,-72.860041,40.753325,RES1-1SNB,RES,R11N,206721.89,103360.94,7.0786,7.5786,Under DFE,0,0
7505834,-72.860421,40.752468,RES1-1SNB,RES,R11N,119108.9,59554.45,5.6346,7.1346,Under DFE,0,0
7505835,-72.86004,40.753667,RES1-1SWB,RES,R11B,223883.68,111941.84,7.4622,9.4622,Under DFE,0,0
7505836,-72.860419,40.753353,RES1-1SNB,RES,R11N,131010.43,65505.22,6.359,6.859,Under DFE,0,0
7505837,-72.860424,40.752841,RES1-1SWB,RES,R11B,142317.42,71158.71,4.5372,6.5372,Under DFE,0,0
7505838,-72.859984,40.753527,RES1-1SWB,RES,R11B,116820.65,58410.33,7.2874,9.2874,Under DFE,0,0
7505969,-72.86156,40.759018,RES1-1SNB,RES,R11N,166267.83,83133.92,14.1547,15.6547,Above DFE,0,0
7505958,-72.861553,40.758885,RES1-1SWB,RES,R11B,136459.29,68229.65,13.4878,15.4878,Above DFE,0,0
7505959,-72.861508,40.759253,RES1-2SWB,RES,R12B,303038.23,151519.12,14.0554,16.0554,Above DFE,0,0
7505960,-72.861943,40.759591,RES1-1SWB,RES,R11B,165379.36,82689.68,14.1699,16.1699,Above DFE,0,0
7505961,-72.861985,40.758868,RES1-1SNB,RES,R11N,108555.28,54277.64,14.4917,14.9917,Above DFE,0,0
7505962,-72.861982,40.75847,RES1-1SWB,RES,R11B,151084.87,75542.43,13.3981,15.3981,Above DFE,0,0
7505963,-72.861435,40.759774,RES1-1SWB,RES,R11B,144305.95,72152.98,13.8213,15.8213,Above DFE,0,0
7505964,-72.861941,40.759083,RES1-1SNB,RES,R11N,166574.41,83287.21,15.2134,15.7134,Above DFE,0,0
7505965,-72.861957,40.758675,RES1-2SNB,RES,R12N,260163.54,130081.77,14.5093,16.0093,Above DFE,0,0
7505966,-72.861595,40.758262,RES1-1SNB,RES,R11N,179893.1,89946.55,13.7462,15.2462,Above DFE,0,0
7505967,-72.861464,40.75958,RES1-2SWB,RES,R12B,227040.94,113520.47,13.8123,15.8123,Above DFE,0,0
7505968,-72.861934,40.75982,RES1-1SNB,RES,R11N,216150.28,108075.14,14.1166,15.6166,Above DFE,0,0
7505970,-72.86199,40.758267,RES1-1SWB,RES,R11B,263705.42,131852.71,14.2485,16.2485,Above DFE,0,0
7505971,-72.861599,40.758505,RES1-1SNB,RES,R11N,169322.02,84661.01,13.0906,13.5906,Above DFE,0,0
7505987,-72.862064,40.756701,RES1-1SNB,RES,R11N,134206.08,67103.04,10.35,10.85,Above DFE,0,0
7505988,-72.861612,40.757598,RES1-1SWB,RES,R11B,295357.72,147678.86,11.5117,13.5117,Above DFE,0,0
7505989,-72.861664,40.757253,RES1-1SWB,RES,R11B,142513.4,71256.7,10.8618,12.8618,Above DFE,0,0
7505990,-72.861642,40.757846,RES1-1SWB,RES,R11B,167052.51,83526.26,11.9448,13.9448,Above DFE,0,0
7505991,-72.862034,40.757853,RES1-1SNB,RES,R11N,123294.42,61647.21,12.2384,12.7384,Above DFE,0,0
7505992,-72.86207,40.756867,RES1-1SWB,RES,R11B,213928.18,106964.09,11.1569,13.1569,Above DFE,0,0
7505993,-72.862112,40.756467,RES1-1SNB,RES,R11N,145092.23,72546.11,10.8967,11.3967,Above DFE,0,0
7505994,-72.861913,40.757163,RES1-1SNB,RES,R11N,153341.14,76670.57,11.1178,11.6178,Above DFE,0,0
7505995,-72.861657,40.757007,RES1-1SNB,RES,R11N,121251.3,60625.65,11.0647,12.5647,Above DFE,0,0
7505996,-72.86172,40.756265,IND6,NONRES,I6LN,NaN,NaN,10.3164,10.8164,Above DFE,0,0
7505997,-72.86206,40.756267,RES1-1SNB,RES,R11N,153887.49,76943.75,10.6548,11.1548,Above DFE,0,0
7505998,-72.861588,40.757398,RES1-3SNB,RES,R13N,294024.48,147012.24,11.6314,12.1314,Above DFE,0,0
7505999,-72.861986,40.757428,RES1-2SWB,RES,R12B,208245.27,104122.64,10.9734,12.9734,Above DFE,0,0
7506000,-72.86191,40.757846,RES1-1SNB,RES,R11N,113812.45,56906.23,12.2232,13.7232,Above DFE,0,0
7506001,-72.862047,40.757009,RES1-1SNB,RES,R11N,119640.04,59820.02,10.4373,10.9373,Above DFE,0,0
7506002,-72.861664,40.756464,RES1-1SWB,RES,R11B,264611.85,132305.93,10.0987,12.0987,Above DFE,0,0
7506003,-72.861688,40.756751,COM3,NONRES,C3LN,NaN,NaN,10.7354,11.2354,Above DFE,0,0
7506004,-72.862194,40.760817,RES1-2SWB,RES,R12B,368230.99,184115.5,15.4821,17.4821,Above DFE,0,0
7506005,-72.861586,40.76137,RES1-1SNB,RES,R11N,236260.9,118130.45,13.3302,13.8302,Above DFE,0,0
7506006,-72.861228,40.761066,RES1-2SWB,RES,R12B,377917.76,188958.88,12.811,14.811,Above DFE,0,0
7506007,-72.8608,40.761283,RES1-2SWB,RES,R12B,464818.77,232409.38,13.9971,15.9971,Above DFE,0,0
7506008,-72.861693,40.760774,RES1-1SWB,RES,R11B,194657.03,97328.51,14.4757,16.4757,Above DFE,0,0
7506009,-72.862248,40.760973,RES1-2SNB,RES,R12N,384129.13,192064.57,15.6554,17.1554,Above DFE,0,0
7506010,-72.86229,40.761117,RES1-2SWB,RES,R12B,395686.09,197843.05,14.5887,16.5887,Above DFE,0,0
7506011,-72.861873,40.760683,RES1-2SWB,RES,R12B,341373.96,170686.98,15.2895,17.2895,Above DFE,0,0
7506012,-72.860092,40.761683,COM1,NONRES,C1LN,573066.43,573066.43,15.1575,15.6575,Above DFE,0,0
7506013,-72.862101,40.760509,RES1-1SWB,RES,R11B,287528.82,143764.41,14.6413,16.6413,Above DFE,0,0
7506014,-72.861076,40.761504,COM8,NONRES,C8LN,562049.08,562049.08,14.0149,14.5149,Above DFE,0,0
7506015,-72.861035,40.761136,RES1-2SNB,RES,R12N,321814.25,160907.12,12.8495,14.3495,Above DFE,0,0
7506016,-72.860445,40.761487,RES1-1SWB,RES,R11B,250297.93,125148.96,16.1856,18.1856,Above DFE,0,0
7508217,-72.863218,40.750522,RES1-1SWB,RES,R11B,329289.38,164644.69,5.9672,7.9672,Under DFE,0,0
7508219,-72.863063,40.750841,RES1-2SWB,RES,R12B,427277.12,213638.56,7.0306,9.0306,Under DFE,0,0
7508221,-72.864099,40.750654,RES1-2SNB,RES,R12N,375678.69,187839.35,5.6598,6.1598,Under DFE,0,0
7508223,-72.863314,40.750792,RES1-2SWB,RES,R12B,388536.52,194268.26,6.5388,8.5388,Under DFE,0,0
7508225,-72.864013,40.750342,RES3A,RES,R3A1B,1052103.47,526051.74,6.4702,8.4702,Under DFE,0,0
7508227,-72.8643,40.750288,RES1-1SWB,RES,R11B,304004.19,152002.1,5.0858,7.0858,Under DFE,0,0
7508229,-72.863484,40.750759,RES1-2SWB,RES,R12B,386921.67,193460.83,7.1586,9.1586,Under DFE,0,0
7508231,-72.864443,40.750564,RES1-2SNB,RES,R12N,375989,187994.5,7.0879,7.5879,Under DFE,0,0
7508233,-72.863758,40.750685,RES1-1SWB,RES,R11B,346647.58,173323.79,6.7058,8.7058,Under DFE,0,0
7508234,-72.866984,40.757657,RES1-1SWB,RES,R11B,258437.84,129218.92,11.6242,13.6242,Above DFE,0,0
7508236,-72.868231,40.756864,RES1-1SWB,RES,R11B,277416.51,138708.26,12.2891,14.2891,Above DFE,0,0
7508238,-72.865833,40.758296,RES1-1SWB,RES,R11B,216582.43,108291.22,11.6629,13.6629,Above DFE,0,0
7508240,-72.871237,40.75656,RES1-2SWB,RES,R12B,389958.45,194979.23,9.6048,11.6048,Above DFE,0,0
7508242,-72.869385,40.756791,RES1-2SWB,RES,R12B,392812.96,196406.48,13.0254,15.0254,Above DFE,0,0
7508244,-72.869657,40.756615,RES1-1SWB,RES,R11B,230220.75,115110.37,11.4671,13.4671,Above DFE,0,0
7508246,-72.869107,40.756258,RES1-1SWB,RES,R11B,318048.35,159024.18,12.3689,14.3689,Above DFE,0,0
7508249,-72.871668,40.756529,RES1-2SWB,RES,R12B,288381.03,144190.51,12.7089,14.7089,Above DFE,0,0
7508250,-72.866224,40.758034,RES1-1SWB,RES,R11B,226917.37,113458.68,12.2172,14.2172,Above DFE,0,0
7508251,-72.871654,40.756356,RES1-1SWB,RES,R11B,336400.2,168200.1,12.5459,14.5459,Above DFE,0,0
7508614,-72.864462,40.752415,IND6,NONRES,I6LN,949271.35,949271.35,8.3483,8.8483,Under DFE,0,0
7508252,-72.867581,40.75726,RES1-1SWB,RES,R11B,327580.27,163790.14,11.2499,13.2499,Above DFE,0,0
7508253,-72.868839,40.756476,RES1-2SWB,RES,R12B,443762,221881,13.0078,15.0078,Above DFE,0,0
7508254,-72.869511,40.756693,RES1-2SWB,RES,R12B,279337.92,139668.96,12.9484,14.9484,Above DFE,0,0
7508255,-72.871686,40.75666,RES1-1SWB,RES,R11B,244682.56,122341.28,12.8107,14.8107,Above DFE,0,0
7508256,-72.871626,40.756823,RES1-1SWB,RES,R11B,264543.38,132271.69,13.8738,15.8738,Above DFE,0,0
7508257,-72.865982,40.758229,RES1-1SNB,RES,R11N,222946.43,111473.21,12.392,12.892,Above DFE,0,0
7508258,-72.86819,40.757479,RES1-1SWB,RES,R11B,264004.53,132002.27,12.9015,14.9015,Above DFE,0,0
7508259,-72.869949,40.756461,RES1-2SWB,RES,R12B,301936.22,150968.11,12.0372,14.0372,Above DFE,0,0
7508260,-72.871269,40.756382,RES1-2SWB,RES,R12B,376799.14,188399.57,9.1405,11.1405,Above DFE,0,0
7508261,-72.871623,40.755964,RES1-2SWB,RES,R12B,282059.03,141029.52,11.8211,13.8211,Above DFE,0,0
7508262,-72.867113,40.758122,RES1-1SWB,RES,R11B,275242.95,137621.47,11.4741,13.4741,Above DFE,0,0
7508263,-72.867756,40.757732,RES1-1SNB,RES,R11N,236937.61,118468.8,11.8983,13.3983,Above DFE,0,0
7508264,-72.866635,40.758357,RES1-2SWB,RES,R12B,310494.91,155247.45,12.6765,14.6765,Above DFE,0,0
7508265,-72.869069,40.756949,RES1-1SWB,RES,R11B,260982.94,130491.47,12.6812,14.6812,Above DFE,0,0
7508266,-72.867786,40.757146,RES1-1SWB,RES,R11B,327580.27,163790.14,11.8549,13.8549,Above DFE,0,0
7508267,-72.868501,40.757273,RES1-1SNB,RES,R11N,241308.85,120654.42,12.5,13,Above DFE,0,0
7508268,-72.870489,40.755559,RES1-1SWB,RES,R11B,244682.56,122341.28,8.3326,10.3326,Above DFE,0,0
7508269,-72.871278,40.75681,RES1-2SWB,RES,R12B,304873.45,152436.72,9.2784,11.2784,Above DFE,0,0
7508270,-72.868362,40.756759,RES1-1SWB,RES,R11B,255973.9,127986.95,11.9612,13.9612,Above DFE,0,0
7508271,-72.870437,40.756188,RES1-2SWB,RES,R12B,366209.04,183104.52,9.5825,11.5825,Above DFE,0,0
7508272,-72.869645,40.755935,RES1-1SWB,RES,R11B,233664.21,116832.11,11.2748,13.2748,Above DFE,0,0
7508273,-72.867922,40.757604,RES1-1SWB,RES,R11B,294146.52,147073.26,12.4724,14.4724,Above DFE,0,0
7508274,-72.86795,40.756979,RES3A,RES,R3A1B,356447.42,178223.71,11.5568,13.5568,Above DFE,0,0
7508275,-72.86866,40.757208,RES1-1SNB,RES,R11N,227971.8,113985.9,12.2757,13.7757,Above DFE,0,0
7508276,-72.869211,40.756867,RES1-1SWB,RES,R11B,294478.13,147239.07,13.1381,15.1381,Above DFE,0,0
7508277,-72.866699,40.757763,RES1-1SWB,RES,R11B,294146.52,147073.26,10.0871,12.0871,Above DFE,0,0
7508278,-72.867243,40.757458,RES1-1SWB,RES,R11B,221644.8,110822.4,11.2841,13.2841,Above DFE,0,0
7508279,-72.868371,40.757351,RES1-1SWB,RES,R11B,260982.94,130491.47,13.1475,15.1475,Above DFE,0,0
7508280,-72.868654,40.756599,RES1-1SWB,RES,R11B,325191.28,162595.64,12.5481,14.5481,Above DFE,0,0
7508281,-72.866436,40.75847,RES1-2SWB,RES,R12B,402659.04,201329.52,12.8439,14.8439,Above DFE,0,0
7508282,-72.869905,40.755838,RES1-1SWB,RES,R11B,202565.61,101282.81,10.8025,12.8025,Above DFE,0,0
7508283,-72.868813,40.75713,RES1-2SWB,RES,R12B,278658.66,139329.33,12.1432,14.1432,Above DFE,0,0
7508284,-72.869798,40.756519,RES1-1SWB,RES,R11B,252698.41,126349.21,11.9185,13.9185,Above DFE,0,0
7508285,-72.870141,40.756372,RES1-1SWB,RES,R11B,280922.85,140461.42,12.2991,14.2991,Above DFE,0,0
7508286,-72.866944,40.758215,RES1-2SWB,RES,R12B,327679.67,163839.84,11.491,13.491,Above DFE,0,0
7508287,-72.866112,40.758647,RES1-1SWB,RES,R11B,271773.35,135886.67,13.0282,15.0282,Above DFE,0,0
7508288,-72.868923,40.757032,RES1-1SWB,RES,R11B,294478.13,147239.07,12.5102,14.5102,Above DFE,0,0
7508289,-72.867354,40.757939,RES1-1SWB,RES,R11B,287160.55,143580.28,12.1527,14.1527,Above DFE,0,0
7508290,-72.867496,40.757857,RES1-2SWB,RES,R12B,297731.03,148865.51,11.5868,13.5868,Above DFE,0,0
7508291,-72.869441,40.756161,RES1-1SWB,RES,R11B,266666.4,133333.2,12.6805,14.6805,Above DFE,0,0
7508292,-72.870153,40.755674,RES1-2SWB,RES,R12B,301061.84,150530.92,10.3144,12.3144,Above DFE,0,0
7508293,-72.866507,40.757858,RES1-2SWB,RES,R12B,263160.58,131580.29,11.3021,13.3021,Above DFE,0,0
7508294,-72.868509,40.756688,RES1-1SWB,RES,R11B,271747.18,135873.59,11.4902,13.4902,Above DFE,0,0
7508295,-72.871151,40.756168,RES1-2SWB,RES,R12B,325306.37,162653.18,9.0632,11.0632,Above DFE,0,0
7508296,-72.867074,40.757523,RES1-1SWB,RES,R11B,251863.08,125931.54,11.178,13.178,Above DFE,0,0
7508335,-72.864058,40.756555,RES1-3SNB,RES,R13N,439708.93,219854.46,10.1207,10.6207,Above DFE,0,0
7508336,-72.864128,40.75676,RES1-2SNB,RES,R12N,306751.49,153375.75,10.6656,11.1656,Above DFE,0,0
7508337,-72.863466,40.756282,RES1-1SWB,RES,R11B,288648.67,144324.34,11.1861,13.1861,Above DFE,0,0
7508338,-72.863398,40.757922,RES1-1SWB,RES,R11B,173674.28,86837.14,12.8573,14.8573,Above DFE,0,0
7508339,-72.86343,40.75704,RES1-1SWB,RES,R11B,304975.62,152487.81,12.0079,14.0079,Above DFE,0,0
7508340,-72.863506,40.757586,RES1-1SWB,RES,R11B,207811.69,103905.85,12.4459,14.4459,Above DFE,0,0
7508341,-72.863949,40.75625,RES1-1SWB,RES,R11B,209575.33,104787.66,8.7962,10.7962,Above DFE,0,0
7508342,-72.863472,40.756822,RES1-1SWB,RES,R11B,185642.18,92821.09,12.7952,14.7952,Above DFE,0,0
7508343,-72.863832,40.757628,RES1-1SNB,RES,R11N,122945.4,61472.7,12.6065,14.1065,Above DFE,0,0
7508344,-72.863495,40.756501,RES1-1SWB,RES,R11B,167632.58,83816.29,12.6526,14.6526,Above DFE,0,0
7508345,-72.864218,40.756918,RES3A,RES,R3A1B,667104.77,333552.39,9.9025,11.9025,Above DFE,0,0
7508346,-72.864507,40.757872,RES3A,RES,R3A1B,800913.85,400456.92,12.4095,14.4095,Above DFE,0,0
7508347,-72.864261,40.757048,RES3A,RES,R3A1N,685518.13,342759.07,9.9817,10.4817,Above DFE,0,0
7508349,-72.864331,40.757895,RES3A,RES,R3A3N,806166.08,403083.04,13.4667,13.9667,Above DFE,0,0
7508350,-72.864462,40.757672,RES3A,RES,R3A1B,981111.21,490555.61,13.887,15.887,Above DFE,0,0
7508352,-72.864365,40.757311,RES3A,RES,R3A3B,758479.62,379239.81,11.1545,13.1545,Above DFE,0,0
7508354,-72.864655,40.753356,RES1-2SWB,RES,R12B,423788.71,211894.36,9.0664,11.0664,Above DFE,0,0
7508356,-72.867369,40.752558,RES1-3SWB,RES,R13B,516481.55,258240.77,5.8857,7.8857,Under DFE,0,0
7508358,-72.867876,40.752425,RES1-1SWB,RES,R11B,251954.71,125977.36,5.2729,7.2729,Under DFE,0,0
7508360,-72.863869,40.75323,RES1-1SWB,RES,R11B,260991.31,130495.65,8.3604,10.3604,Above DFE,0,0
7508362,-72.867271,40.752851,RES1-2SWB,RES,R12B,454328.91,227164.46,6.6922,8.6922,Under DFE,0,0
7508364,-72.866235,40.752761,RES1-1SWB,RES,R11B,289452.49,144726.24,8.2847,10.2847,Above DFE,0,0
7508366,-72.865606,40.752875,RES1-3SNB,RES,R13N,426517.19,213258.6,8.0449,8.5449,Under DFE,0,0
7508368,-72.865774,40.752845,RES1-2SWB,RES,R12B,318472.77,159236.38,8.2168,10.2168,Above DFE,0,0
7508370,-72.867548,40.75249,RES1-2SWB,RES,R12B,353870.43,176935.21,6.5785,8.5785,Under DFE,0,0
7508372,-72.865197,40.752956,RES1-2SNB,RES,R12N,380125.28,190062.64,8.3467,8.8467,Under DFE,0,0
7508374,-72.866752,40.752973,RES1-2SWB,RES,R12B,292779.5,146389.75,7.7116,9.7116,Under DFE,0,0
7508376,-72.8632,40.753667,RES1-2SWB,RES,R12B,386594.24,193297.12,10.047,12.047,Above DFE,0,0
7508378,-72.866921,40.752919,RES1-2SNB,RES,R12N,382775.12,191387.56,7.5021,8.0021,Under DFE,0,0
7508380,-72.867181,40.752564,RES1-2SWB,RES,R12B,313205.79,156602.9,7.2023,9.2023,Under DFE,0,0
7508381,-72.867713,40.752485,RES1-2SWB,RES,R12B,347638.93,173819.46,7.1939,9.1939,Under DFE,0,0
7508383,-72.863698,40.75327,RES1-2SNB,RES,R12N,388203.67,194101.84,8.942,10.442,Above DFE,0,0
7508385,-72.865638,40.753158,RES1-1SWB,RES,R11B,254236.68,127118.34,8.1881,10.1881,Above DFE,0,0
7508387,-72.867816,40.752648,RES1-2SNB,RES,R12N,210583.5,105291.75,5.1701,5.6701,Under DFE,0,0
7508389,-72.866479,40.752693,RES1-2SWB,RES,R12B,354183.44,177091.72,8.626,10.626,Above DFE,0,0
7508391,-72.867009,40.752608,RES1-2SWB,RES,R12B,299863.98,149931.99,7.1952,9.1952,Under DFE,0,0
7508393,-72.863529,40.753296,RES1-2SNB,RES,R12N,387205.57,193602.78,9.2543,9.7543,Under DFE,0,0
7508395,-72.867631,40.752787,RES1-2SNB,RES,R12N,309269.98,154634.99,7.022,7.522,Under DFE,0,0
7508397,-72.868036,40.752718,RES1-2SNB,RES,R12N,323541.48,161770.74,7.1999,8.6999,Under DFE,0,0
7508399,-72.863344,40.75333,RES1-2SWB,RES,R12B,442760.47,221380.23,9.573,11.573,Above DFE,0,0
7508401,-72.865142,40.753256,RES1-2SNB,RES,R12N,343921.8,171960.9,8.6614,9.1614,Under DFE,0,0
7508403,-72.864124,40.753161,RES1-1SWB,RES,R11B,333196.55,166598.28,8.5893,10.5893,Above DFE,0,0
7508405,-72.864886,40.753305,RES1-2SWB,RES,R12B,437473.2,218736.6,8.7367,10.7367,Above DFE,0,0
7508407,-72.864409,40.753422,RES1-2SNB,RES,R12N,348481.48,174240.74,10.5331,11.0331,Above DFE,0,0
7508409,-72.865979,40.753096,IND6,NONRES,I6LN,340331.67,340331.67,8.7016,9.2016,Under DFE,0,0
7508411,-72.866469,40.753028,RES1-1SWB,RES,R11B,291300.16,145650.08,9.534,11.534,Above DFE,0,0
7508413,-72.863007,40.753401,RES1-1SNB,RES,R11N,233540.28,116770.14,9.5309,10.0309,Above DFE,0,0
7508415,-72.867108,40.752887,RES1-1SWB,RES,R11B,263057.57,131528.79,7.5859,9.5859,Under DFE,0,0
7508417,-72.864391,40.753113,RES1-2SWB,RES,R12B,461529.55,230764.78,8.77,10.77,Above DFE,0,0
7508419,-72.866819,40.752634,RES1-2SNB,RES,R12N,276809.44,138404.72,8.4591,9.9591,Under DFE,0,0
7508421,-72.867797,40.75277,RES1-2SWB,RES,R12B,337197.2,168598.6,5.8075,7.8075,Under DFE,0,0
7508423,-72.863698,40.75356,RES1-3SNB,RES,R13N,478502.65,239251.33,9.8029,10.3029,Above DFE,0,0
7508425,-72.867448,40.752816,RES1-2SWB,RES,R12B,451998.04,225999.02,7.4252,9.4252,Under DFE,0,0
7508427,-72.863418,40.753615,RES1-1SWB,RES,R11B,203208.85,101604.42,9.3306,11.3306,Above DFE,0,0
7508429,-72.864912,40.753058,RES1-3SWB,RES,R13B,428319.92,214159.96,9.2357,11.2357,Above DFE,0,0
7508431,-72.865444,40.752922,RES1-2SNB,RES,R12N,290736.29,145368.15,7.8944,9.3944,Under DFE,0,0
7508433,-72.863965,40.753502,RES1-1SNB,RES,R11N,236202.01,118101.01,9.5382,11.0382,Above DFE,0,0
7508435,-72.865969,40.752826,RES1-2SNB,RES,R12N,307028.02,153514.01,7.6977,8.1977,Under DFE,0,0
7508437,-72.865357,40.75322,RES1-2SNB,RES,R12N,365286.33,182643.17,8.8407,10.3407,Above DFE,0,0
7508556,-72.863333,40.752595,RES1-1SNB,RES,R11N,186738.35,93369.18,9.2888,10.7888,Above DFE,0,0
7508544,-72.865103,40.752599,RES3A,RES,R3A3N,821890.23,410945.12,7.3524,7.8524,Under DFE,0,0
7508546,-72.866167,40.75204,RES3A,RES,R3A5B,787229.07,393614.53,4.8554,6.8554,Under DFE,0,0
7508548,-72.863247,40.752921,RES3A,RES,R3A1B,741528.74,370764.37,9.3656,11.3656,Above DFE,0,0
7508550,-72.865542,40.752471,RES3A,RES,R3A3B,819655.17,409827.59,6.3509,8.3509,Under DFE,0,0
7508552,-72.864135,40.752472,COM8,NONRES,C8LN,NaN,NaN,8.5121,9.0121,Under DFE,0,0
7508554,-72.862753,40.752739,RES3A,RES,R3A3B,826701,413350.5,8.4238,10.4238,Above DFE,0,0
7508558,-72.864723,40.752626,RES1-3SWB,RES,R13B,628734.48,314367.24,8.8667,10.8667,Above DFE,0,0
7508560,-72.867357,40.751846,RES1-3SNB,RES,R13N,430331.33,215165.66,7.4448,7.9448,Under DFE,0,0
7508562,-72.867681,40.752051,RES1-1SNB,RES,R11N,248596.94,124298.47,6.9314,8.4314,Under DFE,0,0
7508564,-72.864749,40.752353,RES1-1SNB,RES,R11N,239908.86,119954.43,8.4342,9.9342,Under DFE,0,0
7508566,-72.86273,40.753023,RES1-3SWB,RES,R13B,400052.26,200026.13,8.3466,10.3466,Above DFE,0,0
7508568,-72.866339,40.752317,COM4,NONRES,C4LN,647910.7,647910.7,8.1822,8.6822,Under DFE,0,0
7508570,-72.866664,40.751981,RES1-1SWB,RES,R11B,258868,129434,6.0333,8.0333,Under DFE,0,0
7508572,-72.865242,40.752246,RES1-1SWB,RES,R11B,237164.7,118582.35,5.6162,7.6162,Under DFE,0,0
7508574,-72.866932,40.752217,RES1-1SWB,RES,R11B,204569.81,102284.9,8.0961,10.0961,Above DFE,0,0
7508576,-72.867368,40.752147,RES1-2SNB,RES,R12N,330600.47,165300.24,8.6358,10.1358,Above DFE,0,0
7508578,-72.865889,40.752133,RES1-2SNB,RES,R12N,386927.31,193463.66,5.9479,6.4479,Under DFE,0,0
7508580,-72.866842,40.751958,RES1-3SWB,RES,R13B,552116.08,276058.04,5.9427,7.9427,Under DFE,0,0
7508582,-72.86305,40.752663,RES1-2SWB,RES,R12B,380867.21,190433.61,8.1353,10.1353,Above DFE,0,0
7508584,-72.867183,40.751892,RES1-2SNB,RES,R12N,279581.7,139790.85,6.6324,7.1324,Under DFE,0,0
7508586,-72.866565,40.752277,RES1-2SWB,RES,R12B,446651.4,223325.7,8.0329,10.0329,Above DFE,0,0
7508588,-72.86543,40.752195,RES1-1SWB,RES,R11B,223457.24,111728.62,5.7186,7.7186,Under DFE,0,0
7508590,-72.864304,40.752721,RES1-1SNB,RES,R11N,245079.69,122539.85,7.8899,9.3899,Under DFE,0,0
7508592,-72.865875,40.752415,RES1-1SWB,RES,R11B,309814.56,154907.28,7.0776,9.0776,Under DFE,0,0
7508594,-72.867012,40.751917,RES1-2SNB,RES,R12N,297995.15,148997.57,7.0732,7.5732,Under DFE,0,0
7508596,-72.86411,40.752799,RES1-2SWB,RES,R12B,358112.99,179056.49,8.3418,10.3418,Above DFE,0,0
7508598,-72.86447,40.752685,RES1-2SNB,RES,R12N,402138.99,201069.49,7.5768,9.0768,Under DFE,0,0
7508600,-72.863729,40.752829,RES1-1SWB,RES,R11B,296550.76,148275.38,9.0175,11.0175,Above DFE,0,0
7508602,-72.867548,40.751807,RES1-1SWB,RES,R11B,310055.6,155027.8,6.8744,8.8744,Under DFE,0,0
7508604,-72.863466,40.752877,RES1-1SNB,RES,R11N,249751.07,124875.53,9.4699,9.9699,Under DFE,0,0
7508606,-72.865348,40.752497,RES1-1SWB,RES,R11B,250040.39,125020.2,6.7364,8.7364,Under DFE,0,0
7508608,-72.862898,40.752991,RES1-2SNB,RES,R12N,366867.24,183433.62,9.0704,9.5704,Under DFE,0,0
7508610,-72.865597,40.752189,RES1-1SNB,RES,R11N,217909.72,108954.86,6.4465,6.9465,Under DFE,0,0
7508612,-72.863821,40.752539,RES1-1SWB,RES,R11B,267135.63,133567.82,8.8571,10.8571,Above DFE,0,0
7509525,-72.81781,40.775613,RES1-1SWB,RES,R11B,278189.3,139094.65,7.8933,9.8933,Under DFE,0,0
7509527,-72.817802,40.775807,RES1-1SWB,RES,R11B,103921.57,51960.79,8.3058,10.3058,Above DFE,0,0
7509529,-72.817708,40.775938,RES1-2SWB,RES,R12B,286664.29,143332.14,7.0965,9.0965,Under DFE,0,0
7509531,-72.818366,40.775483,COM4,NONRES,C4LN,NaN,NaN,9.3493,9.8493,Under DFE,0,0
7509533,-72.820924,40.775521,RES1-1SWB,RES,R11B,241780.32,120890.16,8.5355,10.5355,Above DFE,0,0
7509535,-72.81616,40.775882,RES1-1SNB,RES,R11N,103270.59,51635.29,2.9257,4.4257,Under DFE,0,0
7509537,-72.819718,40.775893,RES1-1SWB,RES,R11B,231996.31,115998.15,8.3013,10.3013,Above DFE,0,0
7509539,-72.818461,40.775985,RES1-2SWB,RES,R12B,297591.05,148795.52,9.462,11.462,Above DFE,0,0
7509541,-72.817522,40.775646,RES1-2SWB,RES,R12B,222077.33,111038.66,7.297,9.297,Under DFE,0,0
7509543,-72.819002,40.775376,RES3A,RES,R3A1B,372804.66,186402.33,9.2475,11.2475,Above DFE,0,0
7509545,-72.817424,40.775674,RES1-1SWB,RES,R11B,248323.68,124161.84,7.2009,9.2009,Under DFE,0,0
7509547,-72.816644,40.776155,RES1-2SWB,RES,R12B,235555.02,117777.51,6.0033,8.0033,Under DFE,0,0
7509549,-72.815365,40.776057,RES1-1SNB,RES,R11N,162800.41,81400.21,4.1457,4.6457,Under DFE,0,0
7509551,-72.816333,40.775855,RES1-1SNB,RES,R11N,201263.4,100631.7,3.4777,3.9777,Under DFE,0,0
7509553,-72.818648,40.776031,RES1-2SNB,RES,R12N,345075.73,172537.87,8.4533,8.9533,Under DFE,0,0
7509555,-72.82082,40.775033,RES1-1SWB,RES,R11B,221091.08,110545.54,8.8985,10.8985,Above DFE,0,0
7509557,-72.816788,40.775786,RES1-2SNB,RES,R12N,280710.59,140355.3,5.5584,6.0584,Under DFE,0,0
7509559,-72.817082,40.775787,RES1-3SNB,RES,R13N,416942.29,208471.15,5.8448,6.3448,Under DFE,0,0
7509561,-72.8165218234062,40.7758171251636,RES1-2SWB,RES,R12B,79843.05,39921.52,3.0421,5.0421,Under DFE,0,0
7509563,-72.818994,40.775961,RES1-1SWB,RES,R11B,120641.43,60320.72,8.5456,10.5456,Above DFE,0,0
7509565,-72.82023,40.775171,RES1-2SWB,RES,R12B,343481,171740.5,8.2467,10.2467,Above DFE,0,0
7509567,-72.820532,40.775808,RES1-2SWB,RES,R12B,258259.64,129129.82,9.572,11.572,Above DFE,0,0
7509569,-72.817736,40.776106,RES1-3SNB,RES,R13N,391588.26,195794.13,8.0728,8.5728,Under DFE,0,0
7509571,-72.815984,40.776238,RES1-1SNB,RES,R11N,176117.56,88058.78,3.7899,4.2899,Under DFE,0,0
7509573,-72.816352,40.776231,RES1-2SNB,RES,R12N,260352.35,130176.18,4.1494,5.6494,Under DFE,0,0
7509575,-72.820102,40.77588,RES1-1SWB,RES,R11B,190854.75,95427.38,9.0996,11.0996,Above DFE,0,0
7509577,-72.820881,40.775304,RES1-2SWB,RES,R12B,299833.55,149916.78,8.7342,10.7342,Above DFE,0,0
7509579,-72.818106,40.77606,RES1-1SNB,RES,R11N,254890.53,127445.26,9.3408,10.8408,Above DFE,0,0
7509581,-72.819447,40.775326,RES1-1SNB,RES,R11N,211136.12,105568.06,8.5265,10.0265,Above DFE,0,0
7509583,-72.820598,40.775057,RES1-1SWB,RES,R11B,228604.55,114302.27,9.1914,11.1914,Above DFE,0,0
7509585,-72.815733,40.775993,RES1-1SWB,RES,R11B,189762.15,94881.08,4.0873,6.0873,Under DFE,0,0
7509589,-72.820864,40.775799,RES1-1SWB,RES,R11B,203097.1,101548.55,9.7298,11.7298,Above DFE,0,0
7509591,-72.818816,40.775963,RES1-2SNB,RES,R12N,345843.27,172921.63,9.6501,11.1501,Above DFE,0,0
7509593,-72.819367,40.775932,RES1-2SWB,RES,R12B,302516.29,151258.14,8.4365,10.4365,Above DFE,0,0
7509595,-72.817922,40.776028,RES1-1SWB,RES,R11B,136556.25,68278.12,8.0845,10.0845,Above DFE,0,0
7509597,-72.819908,40.775899,RES1-1SWB,RES,R11B,270626.01,135313,8.8925,10.8925,Above DFE,0,0
7509673,-72.866438,40.753764,RES3A,RES,R3A3B,750264.91,375132.46,8.3542,10.3542,Above DFE,0,0
7509675,-72.864666,40.754065,RES3A,RES,R3A3B,720318.9,360159.45,9.7916,11.7916,Above DFE,0,0
7509677,-72.863477,40.754028,RES1-2SWB,RES,R12B,373468.83,186734.41,10.2355,12.2355,Above DFE,0,0
7509679,-72.865094,40.753696,RES1-2SNB,RES,R12N,375134.12,187567.06,9.1535,9.6535,Under DFE,0,0
7509681,-72.867632,40.753517,RES1-2SWB,RES,R12B,306772.17,153386.09,8.1067,10.1067,Above DFE,0,0
7509683,-72.863705,40.753955,RES1-2SWB,RES,R12B,321367.63,160683.81,9.8057,11.8057,Above DFE,0,0
7509685,-72.864921,40.753731,RES1-1SNB,RES,R11N,242663.63,121331.82,9.6234,11.1234,Above DFE,0,0
7509687,-72.866225,40.753476,RES1-1SNB,RES,R11N,241937.96,120968.98,9.5558,11.0558,Above DFE,0,0
7509689,-72.867477,40.753555,RES1-2SWB,RES,R12B,237383.82,118691.91,7.8407,9.8407,Under DFE,0,0
7509691,-72.864296,40.753861,RES1-1SWB,RES,R11B,267464.75,133732.37,9.7422,11.7422,Above DFE,0,0
7509693,-72.864129,40.754165,RES1-2SNB,RES,R12N,257879.44,128939.72,11.0759,11.5759,Above DFE,0,0
7509695,-72.864565,40.753762,RES1-2SWB,RES,R12B,317132.8,158566.4,8.9293,10.9293,Above DFE,0,0
7509697,-72.866593,40.753423,RES1-2SWB,RES,R12B,484022.24,242011.12,9.7816,11.7816,Above DFE,0,0
7509699,-72.86553,40.753617,RES1-1SNB,RES,R11N,273395.95,136697.97,8.7707,9.2707,Under DFE,0,0
7509701,-72.866202,40.753774,RES1-2SNB,RES,R12N,389246.49,194623.24,9.8396,10.3396,Above DFE,0,0
7509702,-72.86527,40.753659,RES1-1SNB,RES,R11N,216999.1,108499.55,9.0366,9.5366,Under DFE,0,0
7509704,-72.865384,40.753954,RES1-1SWB,RES,R11B,267993.66,133996.83,8.7598,10.7598,Above DFE,0,0
7509706,-72.867184,40.753289,RES1-1SWB,RES,R11B,268738.86,134369.43,7.1102,9.1102,Under DFE,0,0
7509708,-72.86798,40.753405,RES1-2SNB,RES,R12N,317143.43,158571.72,7.4803,7.9803,Under DFE,0,0
7509710,-72.863952,40.754181,RES1-2SWB,RES,R12B,137687.37,68843.69,9.2333,11.2333,Above DFE,0,0
7509712,-72.867722,40.753187,RES1-2SNB,RES,R12N,325559.49,162779.75,6.1945,6.6945,Under DFE,0,0
7509714,-72.865881,40.753841,RES1-2SNB,RES,R12N,385105.03,192552.51,9.0187,10.5187,Above DFE,0,0
7509719,-72.865174,40.753962,RES1-3SWB,RES,R13B,572385.31,286192.65,10.4219,12.4219,Above DFE,0,0
7509721,-72.868263,40.753119,RES1-2SWB,RES,R12B,395486.99,197743.49,9.5117,11.5117,Above DFE,0,0
7509723,-72.867277,40.753546,RES1-1SWB,RES,R11B,272397.03,136198.51,8.3661,10.3661,Above DFE,0,0
7509725,-72.867897,40.753146,RES1-2SNB,RES,R12N,315590.51,157795.26,6.3229,6.8229,Under DFE,0,0
7509727,-72.868407,40.753318,RES1-2SNB,RES,R12N,375230.15,187615.08,6.7471,7.2471,Under DFE,0,0
7509729,-72.864749,40.753765,RES1-2SWB,RES,R12B,392163.92,196081.96,9.1156,11.1156,Above DFE,0,0
7509731,-72.867031,40.753558,RES1-2SNB,RES,R12N,365404.12,182702.06,8.031,8.531,Under DFE,0,0
7509733,-72.865538,40.753904,RES1-1SWB,RES,R11B,260736.98,130368.49,10.3891,12.3891,Above DFE,0,0
7509735,-72.865706,40.753868,RES1-1SWB,RES,R11B,306975.26,153487.63,9.3564,11.3564,Above DFE,0,0
7509737,-72.866751,40.753643,RES1-1SWB,RES,R11B,244006.49,122003.25,8.6707,10.6707,Above DFE,0,0
7509739,-72.867816,40.753453,RES1-1SWB,RES,R11B,232358.86,116179.43,7.6126,9.6126,Under DFE,0,0
7509741,-72.864513,40.754097,RES1-1SNB,RES,R11N,221072.32,110536.16,10.0224,10.5224,Above DFE,0,0
7509743,-72.86815,40.753389,RES1-1SWB,RES,R11B,304069.68,152034.84,7.8809,9.8809,Under DFE,0,0
7509745,-72.863895,40.753926,RES1-2SWB,RES,R12B,376486.78,188243.39,10.5436,12.5436,Above DFE,0,0
7509747,-72.867381,40.753231,RES1-2SWB,RES,R12B,349271.53,174635.76,7.0635,9.0635,Under DFE,0,0
7509749,-72.863758,40.754241,RES1-1SWB,RES,R11B,294408.57,147204.28,10.5584,12.5584,Above DFE,0,0
7510788,-72.868376,40.7538,RES1-2SWB,RES,R12B,403551.85,201775.92,7.3297,9.3297,Under DFE,0,0
7510790,-72.86643,40.754148,RES1-2SWB,RES,R12B,295279.29,147639.65,9.2917,11.2917,Above DFE,0,0
7510794,-72.866844,40.754784,RES1-2SWB,RES,R12B,291054.25,145527.13,10.5107,12.5107,Above DFE,0,0
7510796,-72.871381,40.754089,RES1-2SWB,RES,R12B,564077.91,282038.96,10.5027,12.5027,Above DFE,0,0
7510798,-72.867541,40.754607,RES1-1SWB,RES,R11B,291480.95,145740.47,9.7622,11.7622,Above DFE,0,0
7510799,-72.867959,40.754512,RES1-2SNB,RES,R12N,360502.88,180251.44,9.6084,10.1084,Above DFE,0,0
7510800,-72.868022,40.753867,RES1-1SWB,RES,R11B,312534.51,156267.26,8.6535,10.6535,Above DFE,0,0
7510802,-72.86943,40.7536,RES1-1SNB,RES,R11N,238219.14,119109.57,6.1494,6.6494,Under DFE,0,0
7510804,-72.864752,40.755211,RES1-1SWB,RES,R11B,264004.53,132002.27,10.6556,12.6556,Above DFE,0,0
7510806,-72.869794,40.754163,RES1-2SWB,RES,R12B,306176.92,153088.46,8.4845,10.4845,Above DFE,0,0
7510808,-72.871313,40.75347,RES1-2SWB,RES,R12B,402147.34,201073.67,8.4297,10.4297,Above DFE,0,0
7510810,-72.868878,40.753649,RES1-1SWB,RES,R11B,186420.33,93210.16,6.6999,8.6999,Under DFE,0,0
7510812,-72.871346,40.753776,RES1-2SWB,RES,R12B,499962.98,249981.49,9.2483,11.2483,Above DFE,0,0
7510814,-72.863957,40.754639,RES1-2SWB,RES,R12B,410448.69,205224.35,10.4954,12.4954,Above DFE,0,0
7510816,-72.866298,40.754843,RES1-1SNB,RES,R11N,293692.66,146846.33,9.5376,10.0376,Above DFE,0,0
7510818,-72.870013,40.753599,RES1-2SWB,RES,R12B,237053.38,118526.69,4.2137,6.2137,Under DFE,0,0
7510820,-72.86558,40.754351,RES1-1SWB,RES,R11B,247889.75,123944.88,9.8341,11.8341,Above DFE,0,0
7510822,-72.867017,40.754084,RES1-1SWB,RES,R11B,406358.8,203179.4,10.227,12.227,Above DFE,0,0
7510824,-72.865147,40.754455,RES1-1SWB,RES,R11B,260982.94,130491.47,10.2148,12.2148,Above DFE,0,0
7510826,-72.866135,40.754899,RES1-1SNB,RES,R11N,238219.14,119109.57,10.2634,10.7634,Above DFE,0,0
7510828,-72.864362,40.754623,RES1-1SWB,RES,R11B,288913.68,144456.84,11.0216,13.0216,Above DFE,0,0
7510830,-72.866615,40.754107,RES1-1SWB,RES,R11B,216582.43,108291.22,9.2172,11.2172,Above DFE,0,0
7510832,-72.865109,40.755124,RES1-1SNB,RES,R11N,227971.8,113985.9,9.461,9.961,Under DFE,0,0
7510834,-72.86666,40.754801,RES1-2SNB,RES,R12N,332190.14,166095.07,8.8154,10.3154,Above DFE,0,0
7510838,-72.868556,40.753777,RES1-1SNB,RES,R11N,239267.16,119633.58,7.7914,9.2914,Under DFE,0,0
7510840,-72.864378,40.755217,RES1-1SNB,RES,R11N,240906.31,120453.15,11.2555,11.7555,Above DFE,0,0
7510842,-72.868399,40.754427,RES1-2SWB,RES,R12B,384518.26,192259.13,8.5162,10.5162,Above DFE,0,0
7510843,-72.865408,40.754355,RES1-1SNB,RES,R11N,230965.47,115482.74,9.5231,11.0231,Above DFE,0,0
7510844,-72.869159,40.753635,RES1-2SWB,RES,R12B,461251.25,230625.62,6.028,8.028,Under DFE,0,0
7510846,-72.869607,40.753563,RES1-1SNB,RES,R11N,229662.2,114831.1,6.4682,6.9682,Under DFE,0,0
7510847,-72.864559,40.755216,RES1-2SWB,RES,R12B,316142.55,158071.27,11.2331,13.2331,Above DFE,0,0
7510849,-72.866285,40.754216,RES1-1SNB,RES,R11N,255089.42,127544.71,9.4672,10.9672,Above DFE,0,0
7510851,-72.868922,40.754321,RES1-2SWB,RES,R12B,389290.51,194645.26,8.124,10.124,Above DFE,0,0
7510853,-72.864112,40.755008,RES1-1SWB,RES,R11B,239395.82,119697.91,11.0295,13.0295,Above DFE,0,0
7510855,-72.864895,40.754532,RES1-1SWB,RES,R11B,295372.81,147686.4,9.7414,11.7414,Above DFE,0,0
7510857,-72.865252,40.755033,RES1-1SWB,RES,R11B,327875.83,163937.91,9.9374,11.9374,Above DFE,0,0
7510859,-72.866011,40.754287,RES1-2SWB,RES,R12B,410448.69,205224.35,9.5344,11.5344,Above DFE,0,0
7510861,-72.865431,40.754947,RES1-1SNB,RES,R11N,219816.95,109908.48,9.448,10.948,Above DFE,0,0
7510863,-72.864225,40.755296,RES3A,RES,R3A1B,361144.86,180572.43,11.0167,13.0167,Above DFE,0,0
7510865,-72.865773,40.754953,RES1-2SWB,RES,R12B,315624.67,157812.33,10.4015,12.4015,Above DFE,0,0
7510868,-72.868736,40.753785,RES1-1SWB,RES,R11B,302002.97,151001.49,7.4521,9.4521,Under DFE,0,0
7510870,-72.870454,40.754143,RES1-1SWB,RES,R11B,351880.97,175940.48,6.939,8.939,Under DFE,0,0
7510872,-72.870619,40.753597,RES1-1SWB,RES,R11B,343298.94,171649.47,6.8699,8.8699,Under DFE,0,0
7510874,-72.870942,40.75409,RES1-1SWB,RES,R11B,255533.01,127766.51,8.7075,10.7075,Above DFE,0,0
7510876,-72.8671,40.754764,RES1-2SWB,RES,R12B,552663.68,276331.84,11.3142,13.3142,Above DFE,0,0
7510878,-72.867282,40.754002,RES1-1SWB,RES,R11B,289777.27,144888.63,10.7564,12.7564,Above DFE,0,0
7510881,-72.867745,40.753906,RES1-1SWB,RES,R11B,283423,141711.5,9.3954,11.3954,Above DFE,0,0
7510883,-72.869345,40.754233,RES1-2SNB,RES,R12N,348030.76,174015.38,7.4192,8.9192,Under DFE,0,0
7510885,-72.868195,40.753811,RES1-2SWB,RES,R12B,257789.95,128894.98,9.8489,11.8489,Above DFE,0,0
7510887,-72.867498,40.75396,RES1-1SNB,RES,R11N,222687.55,111343.78,9.4196,9.9196,Under DFE,0,0
7510888,-72.868228,40.754469,RES1-2SWB,RES,R12B,334065.6,167032.8,9.0238,11.0238,Above DFE,0,0
7510889,-72.869844,40.753561,RES1-1SNB,RES,R11N,233392.66,116696.33,4.5128,5.0128,Under DFE,0,0
7510891,-72.865757,40.754321,RES1-1SWB,RES,R11B,239760,119880,10.1739,12.1739,Above DFE,0,0
7510893,-72.868772,40.754436,RES1-1SWB,RES,R11B,241716.99,120858.5,8.436,10.436,Above DFE,0,0
7510895,-72.86469,40.75452,RES3A,RES,R3A1B,298903.71,149451.85,10.3512,12.3512,Above DFE,0,0
7510897,-72.864538,40.754549,RES1-1SWB,RES,R11B,294478.13,147239.07,11.0859,13.0859,Above DFE,0,0
7510899,-72.86492,40.755164,RES1-1SWB,RES,R11B,259859.88,129929.94,9.8856,11.8856,Above DFE,0,0
7510901,-72.870312,40.753599,RES1-1SWB,RES,R11B,201032.64,100516.32,6.5106,8.5106,Under DFE,0,0
7510903,-72.866487,40.754831,RES1-1SNB,RES,R11N,227971.8,113985.9,9.346,9.846,Under DFE,0,0
7510905,-72.866825,40.754106,RES1-1SNB,RES,R11N,238219.14,119109.57,9.9723,10.4723,Above DFE,0,0
7510981,-72.82092,40.773567,RES1-2SWB,RES,R12B,369170.65,184585.33,9.3146,11.3146,Above DFE,0,0
7510980,-72.821414,40.773251,RES1-1SWB,RES,R11B,233947.96,116973.98,6.4283,8.4283,Under DFE,0,0
7510983,-72.820914,40.773424,RES1-2SWB,RES,R12B,323490.02,161745.01,7.3532,9.3532,Under DFE,0,0
7510985,-72.823379,40.773248,RES1-1SNB,RES,R11N,144730.26,72365.13,7.0421,8.5421,Under DFE,0,0
7510987,-72.82201,40.773388,RES1-2SWB,RES,R12B,339054.86,169527.43,6.828,8.828,Under DFE,0,0
7510989,-72.821655,40.773571,RES1-1SNB,RES,R11N,260499.58,130249.79,7.6175,9.1175,Under DFE,0,0
7510991,-72.821345,40.773608,RES1-1SWB,RES,R11B,168053.2,84026.6,7.3414,9.3414,Under DFE,0,0
7510993,-72.822999,40.773283,RES1-1SWB,RES,R11B,197482.64,98741.32,7.964,9.964,Under DFE,0,0
7510995,-72.822223,40.773441,RES1-3SNB,RES,R13N,447235.29,223617.65,5.443,5.943,Under DFE,0,0
7510997,-72.823648,40.773206,RES1-2SWB,RES,R12B,403433.33,201716.66,7.2553,9.2553,Under DFE,0,0
7510999,-72.820848,40.773302,RES1-1SNB,RES,R11N,174914.34,87457.17,6.8734,7.3734,Under DFE,0,0
7511001,-72.821885,40.773541,RES1-1SNB,RES,R11N,151635.47,75817.74,6.7326,7.2326,Under DFE,0,0
7511003,-72.82122,40.773258,RES1-1SNB,RES,R11N,176731.13,88365.57,6.3885,7.8885,Under DFE,0,0
7511005,-72.822548,40.773353,RES1-1SWB,RES,R11B,209400.41,104700.21,6.3525,8.3525,Under DFE,0,0
7511007,-72.821755,40.773228,RES1-2SWB,RES,R12B,350924.84,175462.42,6.8667,8.8667,Under DFE,0,0
7511011,-72.822369,40.773365,RES1-2SNB,RES,R12N,359602.99,179801.49,5.7961,6.2961,Under DFE,0,0
7511013,-72.820943,40.773739,RES1-1SNB,RES,R11N,159011.87,79505.93,8.8533,9.3533,Under DFE,0,0
7512564,-72.825654,40.77583,COM1,NONRES,C1LN,511954.28,511954.28,11.8907,12.3907,Above DFE,0,0
7512566,-72.825603,40.774897,RES1-1SWB,RES,R11B,229273.46,114636.73,9.2421,11.2421,Above DFE,0,0
7511396,-72.869735,40.748115,RES1-2SWB,RES,R12B,378133.93,189066.97,6.1364,8.1364,Under DFE,0,0
7511398,-72.871145,40.747726,RES1-1SWB,RES,R11B,252547.2,126273.6,4.6949,6.6949,Under DFE,0,0
7511400,-72.869589,40.748103,RES1-1SWB,RES,R11B,223349.76,111674.88,4.9503,6.9503,Under DFE,0,0
7512568,-72.823604,40.77532,RES1-2SNB,RES,R12N,318273.79,159136.9,8.9318,9.4318,Under DFE,0,0
7511402,-72.870593,40.748063,RES1-2SWB,RES,R12B,285673.51,142836.75,5.1639,7.1639,Under DFE,0,0
7511406,-72.871112,40.747461,RES1-2SWB,RES,R12B,354584.11,177292.05,7.6615,9.6615,Under DFE,0,0
7511408,-72.870606,40.747538,RES1-1SWB,RES,R11B,279982.06,139991.03,4.3825,6.3825,Under DFE,0,0
7511410,-72.869276,40.748127,RES1-1SWB,RES,R11B,371106.79,185553.4,4.4547,6.4547,Under DFE,0,0
7511411,-72.87117,40.747972,RES1-1SWB,RES,R11B,285932.02,142966.01,4.6548,6.6548,Under DFE,0,0
7511412,-72.87044,40.748099,RES1-2SWB,RES,R12B,238020.94,119010.47,4.8448,6.8448,Under DFE,0,0
7511414,-72.870313,40.748118,RES1-1SWB,RES,R11B,268007.27,134003.63,4.4379,6.4379,Under DFE,0,0
7511416,-72.871152,40.747855,RES1-1SWB,RES,R11B,228879.29,114439.64,4.3344,6.3344,Under DFE,0,0
7511418,-72.87106,40.748128,RES3A,RES,R3A1B,338546.62,169273.31,5.288,7.288,Under DFE,0,0
7511420,-72.869444,40.748111,RES1-1SWB,RES,R11B,214543.91,107271.95,3.9321,5.9321,Under DFE,0,0
7512570,-72.825296,40.775803,RES1-2SWB,RES,R12B,552175.87,276087.93,11.4502,13.4502,Above DFE,0,0
7512572,-72.824985,40.775061,RES1-1SWB,RES,R11B,212837.98,106418.99,8.5404,10.5404,Above DFE,0,0
7512574,-72.825153,40.775011,RES1-2SNB,RES,R12N,290007.34,145003.67,8.6069,10.1069,Above DFE,0,0
7512576,-72.824112,40.775518,RES1-1SWB,RES,R11B,316200.63,158100.32,10.0021,12.0021,Above DFE,0,0
7512578,-72.826247,40.775749,RES1-1SWB,RES,R11B,242216.38,121108.19,12.6968,14.6968,Above DFE,0,0
7512580,-72.826026,40.775373,RES1-1SWB,RES,R11B,230838.39,115419.2,11.8533,13.8533,Above DFE,0,0
7512582,-72.825847,40.775088,RES1-2SWB,RES,R12B,314323.51,157161.76,9.4183,11.4183,Above DFE,0,0
7512584,-72.824585,40.775763,RES1-1SNB,RES,R11N,138370.94,69185.47,10.5013,11.0013,Above DFE,0,0
7511801,-72.870732,40.750175,RES1-1SWB,RES,R11B,285123.87,142561.93,6.5761,8.5761,Under DFE,0,0
7511803,-72.871123,40.750376,RES1-2SWB,RES,R12B,351661.81,175830.9,7.3534,9.3534,Under DFE,0,0
7511805,-72.870747,40.750604,RES1-2SWB,RES,R12B,300219.99,150109.99,7.3874,9.3874,Under DFE,0,0
7511807,-72.870552,40.75019,RES1-1SWB,RES,R11B,223507.47,111753.73,6.9938,8.9938,Under DFE,0,0
7511809,-72.869987,40.750219,RES1-2SWB,RES,R12B,444276.78,222138.39,7.0126,9.0126,Under DFE,0,0
7511810,-72.870108,40.750599,RES1-1SWB,RES,R11B,277675.58,138837.79,6.8924,8.8924,Under DFE,0,0
7511811,-72.871109,40.750203,RES1-1SWB,RES,R11B,357677.36,178838.68,5.6424,7.6424,Under DFE,0,0
7511813,-72.869959,40.750412,RES1-2SWB,RES,R12B,312748.89,156374.45,6.1931,8.1931,Under DFE,0,0
7511815,-72.870509,40.750579,RES1-1SWB,RES,R11B,306075.01,153037.5,6.6558,8.6558,Under DFE,0,0
7511817,-72.870362,40.750227,RES1-1SWB,RES,R11B,277755.36,138877.68,7.0817,9.0817,Under DFE,0,0
7511819,-72.871183,40.750565,RES1-2SNB,RES,R12N,358807.01,179403.5,8.2448,8.7448,Under DFE,0,0
7512586,-72.825117,40.775968,RES1-2SWB,RES,R12B,285474.37,142737.18,12.6499,14.6499,Above DFE,0,0
7512588,-72.823944,40.77545,RES1-1SNB,RES,R11N,174257.37,87128.68,9.6282,11.1282,Above DFE,0,0
7512590,-72.824386,40.775671,RES1-2SNB,RES,R12N,334898.15,167449.07,10.4301,10.9301,Above DFE,0,0
7512592,-72.826144,40.77548,RES1-1SWB,RES,R11B,147318.73,73659.37,11.8238,13.8238,Above DFE,0,0
7512594,-72.825269,40.77523,RES1-1SWB,RES,R11B,115918.15,57959.07,9.178,11.178,Above DFE,0,0
7512596,-72.825353,40.774945,RES1-1SWB,RES,R11B,168015.57,84007.78,8.4435,10.4435,Above DFE,0,0
7512558,-72.825954,40.775255,RES1-2SWB,RES,R12B,309693,154846.5,10.6494,12.6494,Above DFE,0,0
7512560,-72.823804,40.775368,RES1-2SWB,RES,R12B,317460.6,158730.3,9.5622,11.5622,Above DFE,0,0
7512562,-72.824172,40.775185,RES1-1SNB,RES,R11N,165290.55,82645.27,10.2585,10.7585,Above DFE,0,0
7512598,-72.871967,40.747276,RES1-2SWB,RES,R12B,407089.15,203544.58,6.4668,8.4668,Under DFE,0,0
7512600,-72.874743,40.747145,RES1-2SNB,RES,R12N,197973.14,98986.57,6.3386,7.8386,Under DFE,0,0
7512602,-72.87678,40.747102,RES1-2SWB,RES,R12B,274106.42,137053.21,5.3319,7.3319,Under DFE,0,0
7512604,-72.875293,40.747142,RES1-2SWB,RES,R12B,145620.63,72810.32,3.3788,5.3788,Under DFE,0,0
7512606,-72.873655,40.747159,RES1-1SNB,RES,R11N,230965.47,115482.74,4.903,6.403,Under DFE,0,0
7512608,-72.874021,40.747193,RES1-1SWB,RES,R11B,315843.84,157921.92,3.7407,5.7407,Under DFE,0,0
7512610,-72.876498,40.747075,RES1-1SWB,RES,R11B,319598.16,159799.08,5.9745,7.9745,Under DFE,0,0
7512612,-72.875987,40.747109,RES1-2SWB,RES,R12B,179596.22,89798.11,4.5187,6.5187,Under DFE,0,0
7512614,-72.873034,40.747213,RES1-2SWB,RES,R12B,267449.91,133724.96,3.9796,5.9796,Under DFE,0,0
7512616,-72.875828,40.747128,RES1-2SWB,RES,R12B,244363.39,122181.7,4.142,6.142,Under DFE,0,0
7512618,-72.875645,40.747129,RES1-2SWB,RES,R12B,145620.63,72810.32,4.6648,6.6648,Under DFE,0,0
7512620,-72.872282,40.747276,RES1-1SWB,RES,R11B,173840.45,86920.22,6.283,8.283,Under DFE,0,0
7512622,-72.87457,40.747169,RES1-1SNB,RES,R11N,233845.92,116922.96,5.1762,13.1762,Above DFE,0,0
7512624,-72.873836,40.747153,RES1-1SNB,RES,R11N,159513.66,79756.83,5.4359,13.4359,Above DFE,0,0
7512626,-72.874379,40.747166,RES1-2SNB,RES,R12N,233606.16,116803.08,5.2447,13.2447,Above DFE,0,0
7512628,-72.875116,40.747115,RES1-1SNB,RES,R11N,149149.9,74574.95,2.5978,3.0978,Under DFE,0,0
7512630,-72.876248,40.747083,RES1-1SWB,RES,R11B,146784.27,73392.13,4.1484,6.1484,Under DFE,0,0
7512895,-72.873196,40.749711,RES1-2SWB,RES,R12B,178918.5,89459.25,5.1093,7.1093,Under DFE,0,0
7512897,-72.876924,40.749567,RES1-1SNB,RES,R11N,222687.55,111343.78,7.2282,15.2282,Above DFE,0,0
7512899,-72.874112,40.749342,RES1-2SWB,RES,R12B,340073.19,170036.59,4.9056,6.9056,Under DFE,0,0
7512901,-72.873729,40.749612,RES1-1SNB,RES,R11N,228337.02,114168.51,6.534,14.534,Above DFE,0,0
7512903,-72.876845,40.749201,RES1-1SWB,RES,R11B,185215.94,92607.97,7.7338,9.7338,Under DFE,0,0
7512905,-72.874462,40.749607,RES1-1SNB,RES,R11N,236721.48,118360.74,5.877,13.877,Above DFE,0,0
7512907,-72.874824,40.749653,RES1-1SWB,RES,R11B,209689.46,104844.73,5.7221,7.7221,Under DFE,0,0
7512909,-72.872991,40.749727,RES1-2SWB,RES,R12B,170785.84,85392.92,5.8939,7.8939,Under DFE,0,0
7512911,-72.8721,40.749325,RES1-2SWB,RES,R12B,390401.83,195200.91,6.3081,8.3081,Under DFE,0,0
7512913,-72.872205,40.749689,RES1-1SWB,RES,R11B,363463.37,181731.69,7.5262,9.5262,Under DFE,0,0
7512915,-72.874625,40.749609,RES1-1SWB,RES,R11B,163916.22,81958.11,5.018,7.018,Under DFE,0,0
7512917,-72.87581,40.749605,RES1-1SWB,RES,R11B,257968.97,128984.49,5.9724,7.9724,Under DFE,0,0
7512919,-72.872094,40.749518,RES1-2SWB,RES,R12B,242281.64,121140.82,6.6633,8.6633,Under DFE,0,0
7512921,-72.87371,40.749304,RES1-2SNB,RES,R12N,223336.44,111668.22,5.4135,13.4135,Above DFE,0,0
7512923,-72.876418,40.749191,RES1-1SWB,RES,R11B,168490.2,84245.1,6.5592,8.5592,Under DFE,0,0
7512925,-72.872721,40.749644,RES1-2SWB,RES,R12B,257046.89,128523.44,7.2873,9.2873,Under DFE,0,0
7512927,-72.87355,40.749677,RES1-1SWB,RES,R11B,171344.39,85672.19,5.1982,7.1982,Under DFE,0,0
7512929,-72.874271,40.749593,RES1-2SNB,RES,R12N,213367.22,106683.61,6.8065,7.3065,Under DFE,0,0
7512931,-72.874603,40.749196,RES1-2SWB,RES,R12B,200267.33,100133.66,5.2918,7.2918,Under DFE,0,0
7512933,-72.874891,40.749268,RES1-2SWB,RES,R12B,261043.33,130521.67,6.5759,8.5759,Under DFE,0,0
7512935,-72.875141,40.749218,RES1-1SWB,RES,R11B,163524.76,81762.38,4.5543,6.5543,Under DFE,0,0
7512937,-72.874436,40.749303,RES1-2SNB,RES,R12N,209160.63,104580.32,6.5499,8.0499,Under DFE,0,0
7512939,-72.875327,40.749231,RES1-1SNB,RES,R11N,179335.6,89667.8,5.552,7.052,Under DFE,0,0
7512941,-72.873908,40.749605,RES1-1SWB,RES,R11B,176328.33,88164.16,6.0988,8.0988,Under DFE,0,0
7512943,-72.872795,40.74927,RES1-1SWB,RES,R11B,158812.76,79406.38,5.1605,7.1605,Under DFE,0,0
7512945,-72.873891,40.749304,RES1-2SWB,RES,R12B,288766.37,144383.18,4.2448,6.2448,Under DFE,0,0
7512947,-72.876596,40.749218,RES1-1SWB,RES,R11B,296123.42,148061.71,7.9774,9.9774,Under DFE,0,0
7512949,-72.876596,40.749218,IND6,NONRES,I6LB,72205.53,72205.53,7.9774,8.4774,Under DFE,0,0
7512951,-72.875691,40.749248,RES1-1SNB,RES,R11N,239059.01,119529.5,7.418,8.918,Under DFE,0,0
7512953,-72.875517,40.749238,RES1-1SNB,RES,R11N,161758.08,80879.04,5.4279,6.9279,Under DFE,0,0
7512955,-72.875871,40.74921,RES1-1SNB,RES,R11N,162111.01,81055.5,5.197,6.697,Under DFE,0,0
7512957,-72.873011,40.749263,RES1-1SWB,RES,R11B,194519.72,97259.86,4.4727,6.4727,Under DFE,0,0
7512959,-72.874087,40.749687,RES1-2SWB,RES,R12B,207365.76,103682.88,5.8413,7.8413,Under DFE,0,0
7512961,-72.876708,40.749577,RES1-1SWB,RES,R11B,184514.86,92257.43,7.5964,9.5964,Under DFE,0,0
7512963,-72.876053,40.749159,RES3A,RES,R3A1B,352595.92,176297.96,5.4628,7.4628,Under DFE,0,0
7512965,-72.875008,40.749517,RES3A,RES,R3A3N,366370.49,183185.24,4.9031,12.9031,Above DFE,0,0
7512967,-72.875189,40.749498,RES3A,RES,R3A1N,439057.74,219528.87,4.4649,5.9649,Under DFE,0,0
7512969,-72.87652,40.749528,RES1-1SWB,RES,R11B,203964.74,101982.37,7.1934,9.1934,Under DFE,0,0
7512555,-72.825899,40.77578,RES1-1SWB,RES,R11B,257837.32,128918.66,12.1629,14.1629,Above DFE,0,0
7512556,-72.824486,40.775143,RES1-1SWB,RES,R11B,211595.26,105797.63,10.3993,12.3993,Above DFE,0,0
7513044,-72.874019,40.748438,RES1-1SWB,RES,R11B,275110.98,137555.49,4.3231,6.3231,Under DFE,0,0
7513045,-72.873295,40.748421,RES1-2SWB,RES,R12B,185018,92509,4.9245,6.9245,Under DFE,0,0
7513046,-72.876813,40.748699,RES1-2SWB,RES,R12B,358792.71,179396.36,6.3638,8.3638,Under DFE,0,0
7513047,-72.874087,40.748802,RES1-1SNB,RES,R11N,271775.95,135887.98,5.961,6.461,Under DFE,0,0
7513048,-72.876212,40.748761,RES1-1SNB,RES,R11N,159967.87,79983.94,6.5223,14.5223,Above DFE,0,0
7513049,-72.875496,40.748793,RES1-1SWB,RES,R11B,155337.84,77668.92,4.3788,6.3788,Under DFE,0,0
7513050,-72.872213,40.748914,RES1-2SWB,RES,R12B,190609.2,95304.6,4.9485,6.9485,Under DFE,0,0
7513051,-72.87531,40.748739,RES1-1SWB,RES,R11B,269490.24,134745.12,6.0407,8.0407,Under DFE,0,0
7513052,-72.872353,40.748477,RES1-1SWB,RES,R11B,191724.75,95862.38,5.6743,7.6743,Under DFE,0,0
7513053,-72.874758,40.748755,RES1-2SWB,RES,R12B,347811.84,173905.92,4.2275,6.2275,Under DFE,0,0
7513054,-72.875498,40.748354,RES1-1SWB,RES,R11B,179636.63,89818.32,3.2338,5.2338,Under DFE,0,0
7513055,-72.873781,40.748836,RES1-2SNB,RES,R12N,428899.74,214449.87,7.0508,15.0508,Above DFE,0,0
7513056,-72.876197,40.748416,RES1-2SWB,RES,R12B,335629.85,167814.92,7.193,9.193,Under DFE,0,0
7513057,-72.872588,40.748903,RES1-1SWB,RES,R11B,184080.99,92040.5,4.1391,6.1391,Under DFE,0,0
7513058,-72.872969,40.748846,RES1-1SNB,RES,R11N,157763.36,78881.68,4.6588,12.6588,Above DFE,0,0
7513059,-72.874586,40.748845,RES1-2SWB,RES,R12B,189331.38,94665.69,4.6588,6.6588,Under DFE,0,0
7513060,-72.876837,40.748366,RES1-1SWB,RES,R11B,222525.54,111262.77,9.3586,11.3586,Above DFE,0,0
7513061,-72.874926,40.748408,RES1-1SNB,RES,R11N,157763.36,78881.68,4.5927,6.0927,Under DFE,0,0
7513062,-72.873503,40.748829,RES1-1SNB,RES,R11N,161758.08,80879.04,4.8373,6.3373,Under DFE,0,0
7513063,-72.873845,40.748475,RES1-2SWB,RES,R12B,214992.79,107496.4,6.0831,8.0831,Under DFE,0,0
7513064,-72.872605,40.748511,RES1-2SWB,RES,R12B,233408.22,116704.11,7.3313,9.3313,Under DFE,0,0
7513065,-72.873491,40.748477,RES1-1SWB,RES,R11B,166821.43,83410.71,5.3063,7.3063,Under DFE,0,0
7513066,-72.874388,40.748841,RES1-2SWB,RES,R12B,243222.77,121611.39,4.8355,6.8355,Under DFE,0,0
7513067,-72.87646,40.748743,RES1-1SWB,RES,R11B,313875.03,156937.51,7.5592,9.5592,Under DFE,0,0
7513068,-72.87326,40.748809,RES1-1SNB,RES,R11N,181197.69,90598.85,7.0907,7.5907,Under DFE,0,0
7513069,-72.875953,40.748799,RES1-1SWB,RES,R11B,155901.54,77950.77,4.725,6.725,Under DFE,0,0
7513070,-72.876362,40.748397,RES1-1SNB,RES,R11N,167849.9,83924.95,6.4196,14.4196,Above DFE,0,0
7513071,-72.874746,40.748472,RES1-2SWB,RES,R12B,339199.06,169599.53,4.9289,6.9289,Under DFE,0,0
7513072,-72.876011,40.748372,RES1-1SNB,RES,R11N,153170.2,76585.1,4.8007,12.8007,Above DFE,0,0
7513073,-72.875086,40.748356,RES1-1SWB,RES,R11B,176328.33,88164.16,4.228,6.228,Under DFE,0,0
7513074,-72.875127,40.748722,RES1-1SWB,RES,R11B,189650.46,94825.23,5.2836,7.2836,Under DFE,0,0
7513075,-72.872887,40.748596,RES1-1SWB,RES,R11B,187772.1,93886.05,4.6289,6.6289,Under DFE,0,0
7513076,-72.873127,40.748444,RES1-1SWB,RES,R11B,203842.61,101921.3,4.7865,6.7865,Under DFE,0,0
7513077,-72.874564,40.748402,RES1-1SWB,RES,R11B,159309.42,79654.71,3.72,5.72,Under DFE,0,0
7513546,-72.875156,40.74792,RES1-2SWB,RES,R12B,209461.77,104730.88,4.9897,6.9897,Under DFE,0,0
7513548,-72.873691,40.747658,RES1-2SWB,RES,R12B,344475.18,172237.59,5.9762,7.9762,Under DFE,0,0
7513550,-72.875306,40.747595,RES1-2SWB,RES,R12B,280088.78,140044.39,4.5809,6.5809,Under DFE,0,0
7513552,-72.872113,40.747874,RES1-2SWB,RES,R12B,262059.78,131029.89,8.1181,10.1181,Above DFE,0,0
7513554,-72.872768,40.74762,RES1-3SWB,RES,R13B,243353.71,121676.86,5.2197,7.2197,Under DFE,0,0
7513556,-72.874619,40.747971,RES1-1SNB,RES,R11N,181618.2,90809.1,5.4118,6.9118,Under DFE,0,0
7513558,-72.873571,40.748042,RES1-1SWB,RES,R11B,185908.84,92954.42,4.0586,6.0586,Under DFE,0,0
7513560,-72.872617,40.747644,RES1-1SWB,RES,R11B,177836.88,88918.44,5.7298,7.7298,Under DFE,0,0
7513563,-72.874255,40.747991,RES1-1SNB,RES,R11N,157763.36,78881.68,4.7238,6.2238,Under DFE,0,0
7513565,-72.875347,40.747981,RES1-1SWB,RES,R11B,253567.11,126783.55,3.6426,5.6426,Under DFE,0,0
7513567,-72.875674,40.747599,RES1-2SWB,RES,R12B,267070.39,133535.2,4.1027,6.1027,Under DFE,0,0
7513569,-72.876415,40.747877,RES1-1SNB,RES,R11N,151595.45,75797.73,7.5209,8.0209,Under DFE,0,0
7513571,-72.872079,40.747656,RES1-1SWB,RES,R11B,315958.07,157979.04,5.3895,7.3895,Under DFE,0,0
7513573,-72.874974,40.74794,RES1-2SWB,RES,R12B,337321.59,168660.8,4.6667,6.6667,Under DFE,0,0
7513575,-72.873518,40.747672,RES1-2SWB,RES,R12B,315124.06,157562.03,5.3733,7.3733,Under DFE,0,0
7513577,-72.876336,40.747584,RES1-2SNB,RES,R12N,265139.59,132569.79,7.8582,15.8582,Above DFE,0,0
7513579,-72.874787,40.747952,RES1-1SNB,RES,R11N,265077.54,132538.77,5.2423,13.2423,Above DFE,0,0
7513581,-72.873357,40.74806,RES1-2SWB,RES,R12B,324884.39,162442.2,5.5276,7.5276,Under DFE,0,0
7513583,-72.87206,40.748118,RES1-2SNB,RES,R12N,268490.43,134245.22,5.3618,6.8618,Under DFE,0,0
7513585,-72.874593,40.747642,RES1-2SNB,RES,R12N,212295.63,106147.82,4.403,5.903,Under DFE,0,0
7513587,-72.872441,40.748016,RES1-2SWB,RES,R12B,263897.97,131948.98,5.5792,7.5792,Under DFE,0,0
7513589,-72.876043,40.747526,RES1-1SWB,RES,R11B,183537.52,91768.76,4.438,6.438,Under DFE,0,0
7513591,-72.87299,40.748047,RES1-2SWB,RES,R12B,381361.06,190680.53,5.1337,7.1337,Under DFE,0,0
7513593,-72.873153,40.74769,RES1-2SWB,RES,R12B,361167.81,180583.91,5.4409,7.4409,Under DFE,0,0
7513595,-72.875863,40.747517,RES1-2SNB,RES,R12N,217177.8,108588.9,4.106,12.106,Above DFE,0,0
7513597,-72.874437,40.748025,RES1-2SWB,RES,R12B,240389.13,120194.57,3.5056,5.5056,Under DFE,0,0
7513599,-72.872812,40.748055,RES1-1SWB,RES,R11B,204662.38,102331.19,5.143,7.143,Under DFE,0,0
7513601,-72.875118,40.747571,RES1-1SNB,RES,R11N,141784.47,70892.24,3.802,4.302,Under DFE,0,0
7513604,-72.876753,40.747543,RES1-1SWB,RES,R11B,308839.17,154419.58,4.9345,6.9345,Under DFE,0,0
7513606,-72.876794,40.74794,RES1-1SWB,RES,R11B,199160.64,99580.32,5.8556,7.8556,Under DFE,0,0
7513608,-72.872633,40.748007,RES1-1SWB,RES,R11B,191788.82,95894.41,6.2058,8.2058,Under DFE,0,0
7513610,-72.87605,40.747985,RES1-2SWB,RES,R12B,268531.2,134265.6,5.0099,7.0099,Under DFE,0,0
7513612,-72.875494,40.7476,RES1-2SWB,RES,R12B,238482.98,119241.49,4.8942,6.8942,Under DFE,0,0
7513614,-72.874864,40.74759,RES1-1SNB,RES,R11N,156259.58,78129.79,4.2857,12.2857,Above DFE,0,0
7513616,-72.875689,40.747918,RES1-1SNB,RES,R11N,197375.76,98687.88,3.7804,5.2804,Under DFE,0,0
7513618,-72.872422,40.747727,RES1-1SNB,RES,R11N,165042.05,82521.02,5.5734,13.5734,Above DFE,0,0
7513620,-72.876235,40.747941,RES1-1SNB,RES,R11N,153170.2,76585.1,4.9135,12.9135,Above DFE,0,0
7513622,-72.876599,40.747929,RES1-1SNB,RES,R11N,153170.2,76585.1,5.6423,7.1423,Under DFE,0,0
7514091,-72.830586,40.761738,RES1-1SWB,RES,R11B,223287.36,111643.68,6.517,8.517,Under DFE,0,0
7514093,-72.830072,40.761969,RES1-1SNB,RES,R11N,132756.03,66378.01,6.4954,7.9954,Under DFE,0,0
7514095,-72.829099,40.762259,RES1-1SWB,RES,R11B,159300.05,79650.02,5.6937,7.6937,Under DFE,0,0
7514097,-72.829688,40.76209,RES1-3SWB,RES,R13B,401805.72,200902.86,6.6272,8.6272,Under DFE,0,0
7514099,-72.830228,40.761663,RES1-2SWB,RES,R12B,385867.2,192933.6,8.1363,10.1363,Above DFE,0,0
7514101,-72.829685,40.761782,RES1-2SWB,RES,R12B,429134.2,214567.1,4.4855,6.4855,Under DFE,0,0
7514103,-72.829417,40.761953,RES1-1SWB,RES,R11B,212164.63,106082.32,3.3514,5.3514,Under DFE,0,0
7514105,-72.829935,40.761739,COM4,NONRES,C4LN,NaN,NaN,7.1565,7.6565,Under DFE,0,0
7514107,-72.828972,40.762035,RES1-2SWB,RES,R12B,342474.76,171237.38,3.5291,5.5291,Under DFE,0,0
7514109,-72.830354,40.761937,RES1-1SWB,RES,R11B,295319.76,147659.88,6.35,8.35,Under DFE,0,0
7514495,-72.88203,40.751036,RES1-1SWB,RES,R11B,301431.83,150715.92,6.8229,8.8229,Under DFE,0,0
7514497,-72.877528,40.751164,RES1-1SWB,RES,R11B,312503.18,156251.59,8.2825,10.2825,Above DFE,0,0
7514499,-72.882133,40.750663,RES3A,RES,R3A1N,427961.68,213980.84,7.9891,9.4891,Under DFE,0,0
7514501,-72.879744,40.751118,RES1-1SWB,RES,R11B,259293.49,129646.75,8.4123,10.4123,Above DFE,0,0
7514503,-72.881736,40.75065,RES1-1SWB,RES,R11B,171975.31,85987.65,9.2071,11.2071,Above DFE,0,0
7514505,-72.878352,40.750739,RES1-1SNB,RES,R11N,166130.18,83065.09,8.1353,8.6353,Under DFE,0,0
7514138,-72.831953,40.767331,RES1-2SNB,RES,R12N,343397.13,171698.56,10.3306,10.8306,Above DFE,0,0
7514140,-72.832065,40.767466,RES1-1SNB,RES,R11N,214151.11,107075.56,11.607,13.107,Above DFE,0,0
7514141,-72.832416,40.767997,COM8,NONRES,C8LN,NaN,NaN,11.0834,19.0834,Above DFE,0,0
7514143,-72.832225,40.76764,RES1-1SNB,RES,R11N,199111.78,99555.89,11.4345,19.4345,Above DFE,0,0
7514145,-72.833275,40.768696,RES1-1SNB,RES,R11N,206501.59,103250.79,13.4261,14.9261,Above DFE,0,0
7514147,-72.832449,40.76811,RES1-1SNB,RES,R11N,168546.05,84273.03,10.0145,18.0145,Above DFE,0,0
7514149,-72.832244,40.763525,IND6,NONRES,I6LN,NaN,NaN,8.1229,8.6229,Under DFE,0,0
7514151,-72.83175,40.762319,RES1-2SNB,RES,R12N,237222.75,118611.38,6.4299,7.9299,Under DFE,0,0
7514153,-72.831555,40.762854,RES1-1SWB,RES,R11B,186218.62,93109.31,6.7534,8.7534,Under DFE,0,0
7514155,-72.831912,40.763591,RES1-1SWB,RES,R11B,319870.37,159935.18,7.0507,9.0507,Under DFE,0,0
7514157,-72.831405,40.762529,RES1-1SWB,RES,R11B,196354.73,98177.36,6.4804,8.4804,Under DFE,0,0
7514159,-72.831742,40.763315,RES1-1SWB,RES,R11B,266332.83,133166.42,7.8701,9.8701,Under DFE,0,0
7514161,-72.832159,40.763282,RES1-1SNB,RES,R11N,138359.28,69179.64,6.9365,8.4365,Under DFE,0,0
7514163,-72.831974,40.762794,RES1-2SNB,RES,R12N,235244.31,117622.16,6.7586,7.2586,Under DFE,0,0
7514165,-72.831203,40.762088,RES1-3SNB,RES,R13N,419789.11,209894.55,5.4243,6.9243,Under DFE,0,0
7514167,-72.831687,40.763166,RES1-1SNB,RES,R11N,109586.01,54793,7.3964,8.8964,Under DFE,0,0
7514169,-72.831645,40.762009,RES1-1SNB,RES,R11N,145403.34,72701.67,6.574,7.074,Under DFE,0,0
7514171,-72.832111,40.778629,RES1-1SWB,RES,R11B,193103.4,96551.7,17.1186,19.1186,Above DFE,0,0
7514173,-72.832144,40.778787,RES1-1SWB,RES,R11B,82284.3,41142.15,16.4336,18.4336,Above DFE,0,0
7514175,-72.831384,40.779682,RES1-2SWB,RES,R12B,298991.11,149495.55,16.8278,18.8278,Above DFE,0,0
7514177,-72.831401,40.77928,RES1-2SNB,RES,R12N,225383.67,112691.83,14.976,16.476,Above DFE,0,0
7514179,-72.832071,40.780715,RES1-1SWB,RES,R11B,328486.93,164243.46,18.4637,20.4637,Above DFE,0,0
7514181,-72.832282,40.778651,RES1-1SWB,RES,R11B,199456.82,99728.41,17.3065,19.3065,Above DFE,0,0
7514183,-72.831458,40.778501,RES1-3SNB,RES,R13N,356602.52,178301.26,13.1882,14.6882,Above DFE,0,0
7514185,-72.831695,40.780626,RES1-1SNB,RES,R11N,196728.69,98364.35,17.4156,18.9156,Above DFE,0,0
7514187,-72.832453,40.780632,RES1-2SWB,RES,R12B,343199.76,171599.88,17.6837,19.6837,Above DFE,0,0
7514189,-72.832522,40.779218,RES1-1SWB,RES,R11B,240389.81,120194.91,18.2415,20.2415,Above DFE,0,0
7514190,-72.831243,40.780718,RES1-2SWB,RES,R12B,261503.1,130751.55,16.6771,18.6771,Above DFE,0,0
7514192,-72.831303,40.779826,RES1-2SWB,RES,R12B,248830.28,124415.14,15.9641,17.9641,Above DFE,0,0
7514194,-72.832422,40.780112,RES1-3SNB,RES,R13N,235438.25,117719.12,15.7714,16.2714,Above DFE,0,0
7514196,-72.831258,40.780412,RES1-1SWB,RES,R11B,212568.15,106284.07,16.7259,18.7259,Above DFE,0,0
7514198,-72.832179,40.779252,RES1-1SNB,RES,R11N,146908.84,73454.42,17.7869,19.2869,Above DFE,0,0
7514200,-72.832522,40.779473,RES1-2SWB,RES,R12B,249756.26,124878.13,18.2226,20.2226,Above DFE,0,0
7514202,-72.831381,40.779547,RES1-2SWB,RES,R12B,330922.4,165461.2,16.367,18.367,Above DFE,0,0
7514204,-72.83141,40.779406,RES1-3SNB,RES,R13N,436123.94,218061.97,15.7913,16.2913,Above DFE,0,0
7514206,-72.83147,40.779067,RES3A,RES,R3A1B,622283.84,311141.92,14.9674,16.9674,Above DFE,0,0
7514208,-72.831315,40.780181,RES1-2SWB,RES,R12B,394571.99,197286,16.3834,18.3834,Above DFE,0,0
7514210,-72.832478,40.779827,RES1-2SWB,RES,R12B,291078.19,145539.09,16.8318,18.8318,Above DFE,0,0
7514212,-72.832457,40.779692,RES1-1SNB,RES,R11N,119326.55,59663.27,17.6715,18.1715,Above DFE,0,0
7514214,-72.832267,40.781203,RES1-2SWB,RES,R12B,296734,148367,18.8493,20.8493,Above DFE,0,0
7514216,-72.832964,40.782999,RES1-2SWB,RES,R12B,551576.88,275788.44,24.2918,26.2918,Above DFE,0,0
7514218,-72.831208,40.781951,RES1-2SWB,RES,R12B,276346.04,138173.02,21.2229,23.2229,Above DFE,0,0
7514220,-72.832475,40.781144,RES1-2SWB,RES,R12B,373912.19,186956.09,20.6646,22.6646,Above DFE,0,0
7514221,-72.833395,40.782145,RES1-2SWB,RES,R12B,319332,159666,21.5039,23.5039,Above DFE,0,0
7514223,-72.832187,40.785325,RES1-2SWB,RES,R12B,331884.82,165942.41,12.7189,14.7189,Above DFE,0,0
7514225,-72.833156,40.782745,RES1-1SNB,RES,R11N,182689.21,91344.61,23.176,24.676,Above DFE,0,0
7514227,-72.830904,40.785824,RES1-2SWB,RES,R12B,383665.77,191832.88,7.431,9.431,Under DFE,0,0
7514229,-72.831025,40.783685,RES1-1SNB,RES,R11N,168747.07,84373.54,21.8186,22.3186,Above DFE,0,0
7514231,-72.831087,40.783469,RES1-2SWB,RES,R12B,426219.52,213109.76,22.043,24.043,Above DFE,0,0
7514233,-72.831598,40.781151,RES1-2SWB,RES,R12B,512206.06,256103.03,18.5719,20.5719,Above DFE,0,0
7514235,-72.83122,40.781691,RES1-2SWB,RES,R12B,335895.94,167947.97,19.7134,21.7134,Above DFE,0,0
7514237,-72.832761,40.781189,RES1-1SWB,RES,R11B,305517.06,152758.53,20.6865,22.6865,Above DFE,0,0
7514239,-72.831187,40.782411,IND6,NONRES,I6LN,NaN,NaN,20.5913,21.0913,Above DFE,0,0
7514241,-72.831268,40.781465,RES1-2SWB,RES,R12B,430696.47,215348.24,18.99,20.99,Above DFE,0,0
7514243,-72.832493,40.784534,RES1-2SWB,RES,R12B,325061.01,162530.51,17.8109,19.8109,Above DFE,0,0
7514245,-72.832721,40.783757,RES1-3SWB,RES,R13B,582317.21,291158.6,24.8303,26.8303,Above DFE,0,0
7514247,-72.832326,40.784923,RES1-2SWB,RES,R12B,274826.31,137413.15,13.6261,15.6261,Above DFE,0,0
7514249,-72.833461,40.781718,RES1-2SWB,RES,R12B,356177.42,178088.71,22.1255,24.1255,Above DFE,0,0
7514251,-72.833622,40.781114,COM4,NONRES,C4LN,NaN,NaN,18.5189,19.0189,Above DFE,0,0
7514253,-72.831004,40.784979,RES1-1SWB,RES,R11B,203342.29,101671.14,12.2047,14.2047,Above DFE,0,0
7514255,-72.831052,40.784003,RES1-1SWB,RES,R11B,176786.89,88393.44,19.8375,21.8375,Above DFE,0,0
7514257,-72.83242,40.784799,RES1-1SNB,RES,R11N,120222.23,60111.12,16.7616,17.2616,Above DFE,0,0
7514259,-72.831035,40.784273,RES1-2SNB,RES,R12N,274922.45,137461.23,15.8476,16.3476,Above DFE,0,0
7514261,-72.83107,40.784685,RES1-1SNB,RES,R11N,187001.95,93500.97,12.8664,14.3664,Above DFE,0,0
7514263,-72.831254,40.783364,RES1-2SNB,RES,R12N,233886.1,116943.05,22.2375,22.7375,Above DFE,0,0
7514265,-72.830892,40.785363,RES1-1SWB,RES,R11B,156053.84,78026.92,11.0556,13.0556,Above DFE,0,0
7514267,-72.831064,40.783874,RES1-1SWB,RES,R11B,192828.25,96414.12,20.8643,22.8643,Above DFE,0,0
7514269,-72.832913,40.782771,RES1-1SNB,RES,R11N,115961.67,57980.84,22.6595,24.1595,Above DFE,0,0
7514271,-72.831027,40.784132,RES1-2SWB,RES,R12B,414665.71,207332.86,18.3171,20.3171,Above DFE,0,0
7514273,-72.832554,40.784398,RES1-2SWB,RES,R12B,189951.13,94975.57,19.2973,21.2973,Above DFE,0,0
7514275,-72.831155,40.782977,RES1-3SWB,RES,R13B,572080.45,286040.23,22.2387,24.2387,Above DFE,0,0
7514277,-72.8312,40.782087,RES1-2SNB,RES,R12N,442673.66,221336.83,22.4062,22.9062,Above DFE,0,0
7514279,-72.83344,40.782008,RES1-1SWB,RES,R11B,149980.3,74990.15,21.8873,23.8873,Above DFE,0,0
7514280,-72.831065,40.784554,RES1-2SNB,RES,R12N,292570.24,146285.12,13.2757,13.7757,Above DFE,0,0
7514282,-72.831969,40.785758,RES1-2SWB,RES,R12B,504647.97,252323.98,13.5359,15.5359,Above DFE,0,0
7514284,-72.832258,40.785187,RES1-1SWB,RES,R11B,143127.67,71563.83,11.1388,13.1388,Above DFE,0,0
7514286,-72.83118,40.782699,RES1-1SNB,RES,R11N,192175.41,96087.7,22.1,22.6,Above DFE,0,0
7514288,-72.831479,40.781821,RES1-2SWB,RES,R12B,295050.3,147525.15,21.3761,23.3761,Above DFE,0,0
7514290,-72.832657,40.784099,RES1-1SWB,RES,R11B,187310.41,93655.2,22.8924,24.8924,Above DFE,0,0
7514292,-72.830993,40.784816,RES1-1SNB,RES,R11N,258217.02,129108.51,12.4076,13.9076,Above DFE,0,0
7514294,-72.833201,40.782528,RES1-2SWB,RES,R12B,290534.02,145267.01,22.7444,24.7444,Above DFE,0,0
7514296,-72.831018,40.784406,RES1-2SWB,RES,R12B,200120.4,100060.2,15.3538,17.3538,Above DFE,0,0
7514298,-72.831216,40.785849,RES1-1SWB,RES,R11B,268084.68,134042.34,5.9836,7.9836,Under DFE,0,0
7514300,-72.831273,40.781155,RES1-1SWB,RES,R11B,306810.27,153405.14,16.797,18.797,Above DFE,0,0
7514302,-72.832698,40.783515,RES1-2SNB,RES,R12N,293317.77,146658.88,23.9716,24.4716,Above DFE,0,0
7514304,-72.833293,40.782421,RES1-1SWB,RES,R11B,187232.84,93616.42,22.3211,24.3211,Above DFE,0,0
7514306,-72.832086,40.785479,RES1-3SNB,RES,R13N,342032.4,171016.2,13.4703,14.9703,Above DFE,0,0
7514308,-72.830957,40.785512,RES1-2SNB,RES,R12N,254698.68,127349.34,10.1323,10.6323,Above DFE,0,0
7514310,-72.831066,40.783168,RES1-1SNB,RES,R11N,119143.28,59571.64,22.4116,22.9116,Above DFE,0,0
7514312,-72.832441,40.784664,RES1-2SWB,RES,R12B,420979.97,210489.98,16.4075,18.4075,Above DFE,0,0
7514314,-72.830933,40.785654,RES1-2SNB,RES,R12N,285750.57,142875.29,8.1302,8.6302,Under DFE,0,0
7514316,-72.83195,40.781177,RES1-3SNB,RES,R13N,558588.26,279294.13,18.7888,19.2888,Above DFE,0,0
7514318,-72.832267,40.785048,RES1-1SNB,RES,R11N,137334.66,68667.33,13.5865,15.0865,Above DFE,0,0
7514320,-72.831181,40.782223,RES1-2SWB,RES,R12B,374186.2,187093.1,21.836,23.836,Above DFE,0,0
7514322,-72.830949,40.785167,RES1-1SWB,RES,R11B,209669.5,104834.75,12.8431,14.8431,Above DFE,0,0
7514324,-72.831501,40.783897,RES1-1SNB,RES,R11N,161711.84,80855.92,17.9155,18.4155,Above DFE,0,0
7514487,-72.878685,40.751167,RES1-1SWB,RES,R11B,233179.2,116589.6,8.5475,10.5475,Above DFE,0,0
7514489,-72.880851,40.751097,RES1-2SWB,RES,R12B,236683.59,118341.79,8.0775,10.0775,Above DFE,0,0
7514491,-72.881919,40.75073,RES3A,RES,R3A1N,421623.28,210811.64,8.1894,8.6894,Under DFE,0,0
7514493,-72.877905,40.750776,RES1-1SWB,RES,R11B,233979.67,116989.84,8.4425,10.4425,Above DFE,0,0
7514580,-72.880537,40.750937,RES1-2SWB,RES,R12B,312527.16,156263.58,8.0341,10.0341,Above DFE,0,0
7514582,-72.878422,40.751166,RES1-2SNB,RES,R12N,223614.37,111807.18,9.044,17.044,Above DFE,0,0
7514584,-72.881381,40.750711,RES1-1SWB,RES,R11B,172601.62,86300.81,9.3016,11.3016,Above DFE,0,0
7514586,-72.880374,40.750712,RES1-1SWB,RES,R11B,342853.14,171426.57,7.9068,9.9068,Under DFE,0,0
7514588,-72.88059,40.750913,RES1-2SNB,RES,R12N,307179.19,153589.59,8.0199,9.5199,Under DFE,0,0
7514643,-72.879075,40.751581,RES1-2SWB,RES,R12B,371131.6,185565.8,8.3667,10.3667,Above DFE,0,0
7514645,-72.88073,40.751902,RES1-1SWB,RES,R11B,204895.44,102447.72,9.204,11.204,Above DFE,0,0
7514647,-72.881608,40.751527,RES1-2SWB,RES,R12B,253350.36,126675.18,9.0645,11.0645,Above DFE,0,0
7514649,-72.880881,40.751554,RES1-1SWB,RES,R11B,288031.68,144015.84,9.3832,11.3832,Above DFE,0,0
7514651,-72.880356,40.751874,RES1-1SWB,RES,R11B,165074.23,82537.11,9.5327,11.5327,Above DFE,0,0
7514653,-72.879532,40.751957,RES1-1SWB,RES,R11B,193948.07,96974.03,9.7093,11.7093,Above DFE,0,0
7514655,-72.878277,40.751951,RES1-1SWB,RES,R11B,279597.43,139798.72,10.3028,12.3028,Above DFE,0,0
7514657,-72.881285,40.751933,RES1-1SWB,RES,R11B,185636.39,92818.19,10.0877,12.0877,Above DFE,0,0
7514659,-72.878132,40.751605,RES3A,RES,R3A1B,530193.62,265096.81,8.8962,10.8962,Above DFE,0,0
7514661,-72.879783,40.751573,RES1-1SWB,RES,R11B,260982.94,130491.47,9.3399,11.3399,Above DFE,0,0
7514663,-72.880318,40.751544,RES1-1SWB,RES,R11B,143814.57,71907.28,7.8769,9.8769,Under DFE,0,0
7514665,-72.880524,40.751518,RES1-1SWB,RES,R11B,165755.14,82877.57,9.0549,11.0549,Above DFE,0,0
7514666,-72.881406,40.75148,RES3A,RES,R3A1B,382185.44,191092.72,8.1852,10.1852,Above DFE,0,0
7514668,-72.882241,40.751537,RES1-3SWB,RES,R13B,318672.67,159336.34,6.9345,8.9345,Under DFE,0,0
7514670,-72.878656,40.751584,RES1-1SWB,RES,R11B,180886.71,90443.35,8.2235,10.2235,Above DFE,0,0
7514672,-72.881796,40.751895,RES1-2SWB,RES,R12B,231274.81,115637.4,8.1749,10.1749,Above DFE,0,0
7514674,-72.882285,40.751892,RES1-1SNB,RES,R11N,247960.55,123980.27,8.8013,16.8013,Above DFE,0,0
7514676,-72.877582,40.751619,RES1-2SNB,RES,R12N,247119.3,123559.65,9.2192,17.2192,Above DFE,0,0
7514678,-72.880556,40.751967,RES1-1SWB,RES,R11B,133248.76,66624.38,9.266,11.266,Above DFE,0,0
7514680,-72.881794,40.751496,RES1-1SWB,RES,R11B,178128.36,89064.18,8.6421,10.6421,Above DFE,0,0
7514682,-72.882202,40.751661,RES1-1SWB,RES,R11B,190129.68,95064.84,8.1693,10.1693,Above DFE,0,0
7514684,-72.881374,40.751651,RES3A,RES,R3A1B,340936.73,170468.37,8.3817,10.3817,Above DFE,0,0
7514686,-72.881253,40.751525,RES1-1SWB,RES,R11B,205128,102564,9.4571,11.4571,Above DFE,0,0
7514688,-72.877922,40.751981,RES1-2SWB,RES,R12B,332446.49,166223.25,9.4134,11.4134,Above DFE,0,0
7514690,-72.881066,40.751547,RES1-1SWB,RES,R11B,164405.03,82202.52,9.398,11.398,Above DFE,0,0
7514692,-72.879575,40.751535,RES1-1SWB,RES,R11B,268750.8,134375.4,9.4711,11.4711,Above DFE,0,0
7514694,-72.879278,40.75195,RES1-1SWB,RES,R11B,194799.18,97399.59,9.4014,11.4014,Above DFE,0,0
7514696,-72.881085,40.751929,RES1-1SWB,RES,R11B,167499.02,83749.51,9.5529,11.5529,Above DFE,0,0
7514698,-72.878644,40.751965,RES1-2SWB,RES,R12B,343983.7,171991.85,10.0621,12.0621,Above DFE,0,0
7514700,-72.879304,40.751558,RES1-1SWB,RES,R11B,187772.1,93886.05,9.1164,11.1164,Above DFE,0,0
7514702,-72.877602,40.751987,RES1-2SWB,RES,R12B,310107.65,155053.83,9.1286,11.1286,Above DFE,0,0
7514704,-72.880707,40.751557,RES1-1SWB,RES,R11B,259009.08,129504.54,9.4949,11.4949,Above DFE,0,0
7514706,-72.880171,40.751561,RES1-2SWB,RES,R12B,313670.36,156835.18,9.2702,11.2702,Above DFE,0,0
7514708,-72.879907,40.751973,RES1-1SWB,RES,R11B,225027.2,112513.6,9.5799,11.5799,Above DFE,0,0
7514710,-72.878363,40.751618,RES1-2SWB,RES,R12B,294497.23,147248.61,9.4129,11.4129,Above DFE,0,0
7514712,-72.87999,40.751543,RES1-2SWB,RES,R12B,169890.74,84945.37,8.3629,10.3629,Above DFE,0,0
7514824,-72.879273,40.754475,RES1-1SNB,RES,R11N,168652.3,84326.15,12.1362,12.6362,Above DFE,0,0
7514826,-72.87778,40.75488,RES1-1SWB,RES,R11B,198151.3,99075.65,12.3702,14.3702,Above DFE,0,0
7514828,-72.879377,40.754829,RES1-1SWB,RES,R11B,294146.52,147073.26,13.0361,15.0361,Above DFE,0,0
7514830,-72.878515,40.754363,RES1-1SWB,RES,R11B,264274.36,132137.18,12.0088,14.0088,Above DFE,0,0
7514832,-72.877728,40.75463,RES1-1SWB,RES,R11B,225054.72,112527.36,12.3449,14.3449,Above DFE,0,0
7514834,-72.878759,40.754382,RES1-2SWB,RES,R12B,268565.81,134282.9,12.4537,14.4537,Above DFE,0,0
7514836,-72.879325,40.754642,RES1-1SWB,RES,R11B,272733.93,136366.96,12.4412,14.4412,Above DFE,0,0
7514838,-72.879354,40.755012,RES1-1SWB,RES,R11B,151193.81,75596.9,12.8227,14.8227,Above DFE,0,0
7514840,-72.879236,40.754293,RES1-1SWB,RES,R11B,259060.49,129530.24,12.7516,14.7516,Above DFE,0,0
7514841,-72.877758,40.754371,RES1-2SWB,RES,R12B,431998.79,215999.39,12.2802,14.2802,Above DFE,0,0
7514844,-72.878332,40.754376,RES1-1SNB,RES,R11N,234520.38,117260.19,11.3543,12.8543,Above DFE,0,0
7514507,-72.881544,40.750675,RES1-1SNB,RES,R11N,157202.64,78601.32,9.1207,17.1207,Above DFE,0,0
7514538,-72.881226,40.751022,RES1-2SWB,RES,R12B,231213.46,115606.73,8.8263,10.8263,Above DFE,0,0
7514540,-72.879376,40.750726,RES3A,RES,R3A1N,367362.52,183681.26,7.6536,9.1536,Under DFE,0,0
7514542,-72.88139,40.751033,RES1-1SNB,RES,R11N,216862.59,108431.29,8.3663,16.3663,Above DFE,0,0
7514544,-72.87754,40.750777,RES3A,RES,R3A1N,347112.29,173556.14,8.489,9.989,Under DFE,0,0
7514546,-72.882126,40.750846,RES1-2SWB,RES,R12B,281622.86,140811.43,7.8232,9.8232,Under DFE,0,0
7514548,-72.879934,40.750759,RES1-1SWB,RES,R11B,195426.78,97713.39,8.6993,10.6993,Above DFE,0,0
7514550,-72.878616,40.750725,RES1-2SWB,RES,R12B,336991.74,168495.87,8.4125,10.4125,Above DFE,0,0
7514552,-72.879235,40.751129,RES1-1SWB,RES,R11B,152395.8,76197.9,9.24,11.24,Above DFE,0,0
7514554,-72.87943,40.751162,RES1-1SWB,RES,R11B,106338.35,53169.18,8.859,10.859,Above DFE,0,0
7514556,-72.880744,40.750684,RES1-2SWB,RES,R12B,169890.74,84945.37,8.1116,10.1116,Above DFE,0,0
7514558,-72.881574,40.751025,RES1-1SWB,RES,R11B,365552.4,182776.2,8.7523,10.7523,Above DFE,0,0
7514560,-72.881047,40.751078,RES1-1SWB,RES,R11B,212754.21,106377.1,8.7818,10.7818,Above DFE,0,0
7514562,-72.877889,40.751168,RES1-2SWB,RES,R12B,290929.6,145464.8,8.5935,10.5935,Above DFE,0,0
7514564,-72.879756,40.750717,RES1-2SWB,RES,R12B,265925.68,132962.84,7.9523,9.9523,Under DFE,0,0
7514566,-72.881779,40.751051,RES3A,RES,R3A1N,311650.79,155825.4,8.1054,16.1054,Above DFE,0,0
7514568,-72.878834,40.750745,RES1-1SNB,RES,R11N,185823.59,92911.8,8.0665,16.0665,Above DFE,0,0
7514570,-72.881017,40.750703,RES1-1SNB,RES,R11N,158505.02,79252.51,8.2641,16.2641,Above DFE,0,0
7514572,-72.881193,40.750705,RES1-1SWB,RES,R11B,201811.83,100905.91,8.6912,10.6912,Above DFE,0,0
7514574,-72.877544,40.750918,RES3A,RES,R3A3N,365462.09,182731.05,8.0988,16.0988,Above DFE,0,0
7514576,-72.879014,40.751171,RES1-1SWB,RES,R11B,167086.08,83543.04,8.9257,10.9257,Above DFE,0,0
7514578,-72.880045,40.751107,RES1-1SWB,RES,R11B,226763.09,113381.54,8.85,10.85,Above DFE,0,0
7515371,-72.880255,40.746938,RES1-2SWB,RES,R12B,272023.64,136011.82,5.9373,7.9373,Under DFE,0,0
7515373,-72.877923,40.747064,RES1-2SWB,RES,R12B,289828.47,144914.24,6.7976,8.7976,Under DFE,0,0
7515375,-72.878833,40.747059,RES1-1SWB,RES,R11B,116832.04,58416.02,5.0005,7.0005,Under DFE,0,0
7515377,-72.881505,40.746524,RES1-2SWB,RES,R12B,354729.33,177364.67,5.7543,7.7543,Under DFE,0,0
7515379,-72.877368,40.746676,RES1-1SNB,RES,R11N,160239.12,80119.56,6.3939,7.8939,Under DFE,0,0
7515381,-72.880241,40.746586,RES1-1SWB,RES,R11B,295467.86,147733.93,5.6472,7.6472,Under DFE,0,0
7515383,-72.879449,40.746979,RES1-1SWB,RES,R11B,206283.11,103141.55,6.0283,8.0283,Under DFE,0,0
7515385,-72.879878,40.746586,RES1-1SWB,RES,R11B,179091.21,89545.61,6.3009,8.3009,Under DFE,0,0
7515387,-72.879152,40.746594,RES3A,RES,R3A1B,385760.84,192880.42,5.2694,7.2694,Under DFE,0,0
7515389,-72.879903,40.747018,RES1-2SWB,RES,R12B,179225.39,89612.7,5.3499,7.3499,Under DFE,0,0
7515393,-72.87864,40.746981,RES1-2SWB,RES,R12B,254385.49,127192.74,5.9988,7.9988,Under DFE,0,0
7515395,-72.877282,40.747058,RES1-2SWB,RES,R12B,260413.35,130206.68,6.337,8.337,Under DFE,0,0
7515397,-72.877562,40.747076,RES1-1SNB,RES,R11N,163072.76,81536.38,6.2288,7.7288,Under DFE,0,0
7515399,-72.881165,40.746907,RES1-2SNB,RES,R12N,202197.6,101098.8,6.7257,14.7257,Above DFE,0,0
7515401,-72.878443,40.746691,RES1-2SWB,RES,R12B,247300.16,123650.08,5.8613,7.8613,Under DFE,0,0
7515403,-72.881677,40.746649,RES1-2SNB,RES,R12N,165870.31,82935.15,5.0662,13.0662,Above DFE,0,0
7515405,-72.877743,40.747065,RES1-1SNB,RES,R11N,153170.2,76585.1,6.125,14.125,Above DFE,0,0
7515407,-72.878263,40.746697,RES1-2SWB,RES,R12B,248143.61,124071.8,5.5079,7.5079,Under DFE,0,0
7515409,-72.879095,40.747035,RES1-1SWB,RES,R11B,246755.11,123377.55,4.4485,6.4485,Under DFE,0,0
7515411,-72.881327,40.746555,RES3A,RES,R3A1B,355312.23,177656.11,5.3901,7.3901,Under DFE,0,0
7515412,-72.880785,40.746602,RES1-2SWB,RES,R12B,248143.61,124071.8,6.329,8.329,Under DFE,0,0
7515413,-72.880085,40.746952,RES1-1SWB,RES,R11B,117250.1,58625.05,5.0995,7.0995,Under DFE,0,0
7515415,-72.879198,40.746729,RES3A,RES,R3A1B,340936.73,170468.37,4.6718,6.6718,Under DFE,0,0
7515416,-72.87946,40.746676,RES1-1SNB,RES,R11N,172876.53,86438.26,5.0001,13.0001,Above DFE,0,0
7515418,-72.88059,40.746599,RES1-2SNB,RES,R12N,334598.4,167299.2,6.0529,14.0529,Above DFE,0,0
7515420,-72.88094,40.746986,RES1-1SWB,RES,R11B,159765.32,79882.66,6.2008,8.2008,Under DFE,0,0
7515422,-72.878084,40.746713,RES1-2SWB,RES,R12B,235235.43,117617.72,4.9812,6.9812,Under DFE,0,0
7515424,-72.878984,40.746672,RES1-3SNB,RES,R13N,273596.56,136798.28,6.355,7.855,Under DFE,0,0
7515426,-72.881333,40.74693,RES1-1SWB,RES,R11B,176461.4,88230.7,6.2717,8.2717,Under DFE,0,0
7515428,-72.877211,40.746719,RES1-1SNB,RES,R11N,215850.6,107925.3,6.3544,7.8544,Under DFE,0,0
7515430,-72.880624,40.746932,RES1-2SNB,RES,R12N,214143.32,107071.66,7.3256,8.8256,Under DFE,0,0
7515432,-72.881526,40.746904,RES1-2SWB,RES,R12B,244404.01,122202.01,7.0988,9.0988,Under DFE,0,0
7515436,-72.877904,40.746718,RES1-2SWB,RES,R12B,227133.46,113566.73,4.6342,6.6342,Under DFE,0,0
7515438,-72.878346,40.747055,RES1-1SWB,RES,R11B,276024.5,138012.25,5.3537,7.3537,Under DFE,0,0
7515440,-72.877681,40.746674,RES1-2SNB,RES,R12N,210787.16,105393.58,6.2053,7.7053,Under DFE,0,0
7515442,-72.881931,40.746514,RES1-1SWB,RES,R11B,271757.84,135878.92,4.7456,6.7456,Under DFE,0,0
7515444,-72.881963,40.746795,RES1-1SWB,RES,R11B,164110.92,82055.46,4.7855,6.7855,Under DFE,0,0
7515447,-72.878622,40.746673,RES1-2SWB,RES,R12B,251260.93,125630.47,6.191,8.191,Under DFE,0,0
7515449,-72.880969,40.746536,RES1-2SWB,RES,R12B,279400.32,139700.16,5.6244,7.6244,Under DFE,0,0
7515451,-72.880445,40.746983,RES1-1SNB,RES,R11N,158505.02,79252.51,5.6375,6.1375,Under DFE,0,0
7515453,-72.879974,40.754764,RES1-1SWB,RES,R11B,265478.58,132739.29,13.083,15.083,Above DFE,0,0
7515454,-72.880252,40.753173,RES1-1SWB,RES,R11B,303724.13,151862.07,11.5638,13.5638,Above DFE,0,0
7515456,-72.880617,40.753138,RES1-2SWB,RES,R12B,298338.42,149169.21,11.7405,13.7405,Above DFE,0,0
7515457,-72.872396,40.755512,RES1-2SWB,RES,R12B,376366,188183,12.7353,14.7353,Above DFE,0,0
7515458,-72.873516,40.755907,RES1-2SWB,RES,R12B,351220.52,175610.26,12.3312,14.3312,Above DFE,0,0
7515460,-72.879972,40.755041,RES1-2SWB,RES,R12B,377048.71,188524.35,13.4836,15.4836,Above DFE,0,0
7515462,-72.873291,40.755504,RES1-1SWB,RES,R11B,322525.74,161262.87,11.1618,13.1618,Above DFE,0,0
7515464,-72.872641,40.755977,RES1-1SWB,RES,R11B,275242.95,137621.47,12.2134,14.2134,Above DFE,0,0
7515466,-72.873795,40.756337,RES1-2SWB,RES,R12B,397077.92,198538.96,13.5133,15.5133,Above DFE,0,0
7515468,-72.874291,40.756099,RES1-1SWB,RES,R11B,260141.86,130070.93,13.6767,15.6767,Above DFE,0,0
7515470,-72.882284,40.753177,RES3A,RES,R3A1B,499976.52,249988.26,8.8255,10.8255,Above DFE,0,0
7515472,-72.872811,40.755954,RES1-1SWB,RES,R11B,250211.4,125105.7,13.052,15.052,Above DFE,0,0
7515474,-72.873262,40.755949,RES1-2SWB,RES,R12B,305219.28,152609.64,12.6674,14.6674,Above DFE,0,0
7515476,-72.872876,40.755513,RES3A,RES,R3A1N,402185.29,201092.64,12.7861,20.7861,Above DFE,0,0
7515480,-72.873705,40.755886,RES1-1SNB,RES,R11N,258268.67,129134.34,12.8062,20.8062,Above DFE,0,0
7515482,-72.881721,40.753294,RES1-2SWB,RES,R12B,309033.99,154516.99,9.0755,11.0755,Above DFE,0,0
7515484,-72.873582,40.756458,RES1-1SWB,RES,R11B,299985.15,149992.58,13.6384,15.6384,Above DFE,0,0
7515486,-72.873916,40.755844,RES1-1SWB,RES,R11B,290613.1,145306.55,13.0846,15.0846,Above DFE,0,0
7515488,-72.882056,40.753322,RES1-2SWB,RES,R12B,391503.55,195751.77,8.7415,10.7415,Above DFE,0,0
7515490,-72.872989,40.755937,RES1-1SWB,RES,R11B,246755.11,123377.55,12.7764,14.7764,Above DFE,0,0
7515492,-72.873582,40.755417,RES1-2SWB,RES,R12B,317405.22,158702.61,12.2622,14.2622,Above DFE,0,0
7515494,-72.879843,40.753873,RES1-1SWB,RES,R11B,276042.91,138021.46,11.4376,13.4376,Above DFE,0,0
7515496,-72.879807,40.753179,RES1-1SWB,RES,R11B,267189.05,133594.53,11.2161,13.2161,Above DFE,0,0
7515498,-72.879916,40.754393,RES1-1SWB,RES,R11B,249730.95,124865.47,12.7356,14.7356,Above DFE,0,0
7515500,-72.880226,40.75421,RES1-1SWB,RES,R11B,237771.29,118885.65,12.6155,14.6155,Above DFE,0,0
7515501,-72.880972,40.75316,RES1-1SNB,RES,R11N,234071.46,117035.73,12.9135,13.4135,Above DFE,0,0
7515502,-72.879808,40.753399,RES1-1SWB,RES,R11B,217041.41,108520.7,11.1487,13.1487,Above DFE,0,0
7515504,-72.879902,40.754629,RES1-1SWB,RES,R11B,246755.11,123377.55,13.0188,15.0188,Above DFE,0,0
7515506,-72.879847,40.75363,RES1-1SWB,RES,R11B,291293.38,145646.69,11.2597,13.2597,Above DFE,0,0
7515508,-72.872458,40.75598,COM4,NONRES,C4LN,355795.14,355795.14,12.0531,12.5531,Above DFE,0,0
7515510,-72.880792,40.753165,RES1-1SNB,RES,R11N,228700.61,114350.3,11.9876,19.9876,Above DFE,0,0
7515512,-72.874054,40.756227,RES1-2SWB,RES,R12B,409403.41,204701.71,13.4739,15.4739,Above DFE,0,0
7515514,-72.873289,40.756617,RES1-1SWB,RES,R11B,260703.39,130351.69,13.4358,15.4358,Above DFE,0,0
7515516,-72.879928,40.754905,RES1-2SWB,RES,R12B,343528.98,171764.49,12.9417,14.9417,Above DFE,0,0
7515518,-72.880043,40.753177,RES1-1SNB,RES,R11N,273467.27,136733.64,10.8887,18.8887,Above DFE,0,0
7515520,-72.874054,40.755561,RES1-2SWB,RES,R12B,303012.72,151506.36,14.0405,16.0405,Above DFE,0,0
7515523,-72.832954,40.784953,RES1-1SWB,RES,R11B,186710.83,93355.42,21.6804,23.6804,Above DFE,0,0
7515525,-72.834994,40.782519,RES1-1SWB,RES,R11B,451528.03,225764.02,22.267,24.267,Above DFE,0,0
7515528,-72.834939,40.782736,RES1-1SWB,RES,R11B,337265.41,168632.7,23.82,25.82,Above DFE,0,0
7515530,-72.833469,40.783349,RES1-2SWB,RES,R12B,206046.81,103023.41,24.4597,26.4597,Above DFE,0,0
7515532,-72.834217,40.784436,RES1-1SWB,RES,R11B,229730.94,114865.47,24.6065,26.6065,Above DFE,0,0
7515534,-72.834464,40.783978,RES1-1SWB,RES,R11B,284291.77,142145.88,24.3227,26.3227,Above DFE,0,0
7515536,-72.834463,40.783324,RES1-1SWB,RES,R11B,123187.89,61593.94,23.4729,25.4729,Above DFE,0,0
7515538,-72.834639,40.783461,RES1-1SWB,RES,R11B,250252.76,125126.38,24.5624,26.5624,Above DFE,0,0
7515540,-72.83508,40.78222,RES1-1SWB,RES,R11B,251907.97,125953.99,20.8073,22.8073,Above DFE,0,0
7515542,-72.832815,40.785355,RES1-2SNB,RES,R12N,397645.66,198822.83,16.6159,18.1159,Above DFE,0,0
7515544,-72.834148,40.782743,RES1-1SWB,RES,R11B,166719.17,83359.58,23.3939,25.3939,Above DFE,0,0
7515546,-72.83253,40.785796,RES1-1SWB,RES,R11B,172857.74,86428.87,8.6859,10.6859,Above DFE,0,0
7515547,-72.835038,40.781367,RES1-1SNB,RES,R11N,263662.62,131831.31,18.9491,20.4491,Above DFE,0,0
7515548,-72.833646,40.784832,RES1-1SWB,RES,R11B,151864.36,75932.18,22.0206,24.0206,Above DFE,0,0
7515550,-72.833853,40.785582,RES1-1SNB,RES,R11N,180171.52,90085.76,20.1632,20.6632,Above DFE,0,0
7515551,-72.833736,40.782908,RES1-1SWB,RES,R11B,258779.6,129389.8,23.9818,25.9818,Above DFE,0,0
7515553,-72.834432,40.781397,RES1-1SWB,RES,R11B,197462.41,98731.2,18.335,20.335,Above DFE,0,0
7515555,-72.834334,40.784243,RES1-3SWB,RES,R13B,404912.1,202456.05,25.0417,27.0417,Above DFE,0,0
7515557,-72.834795,40.783124,RES1-2SNB,RES,R12N,416159.5,208079.75,24.6337,25.1337,Above DFE,0,0
7515559,-72.833478,40.783535,RES1-1SWB,RES,R11B,316466.83,158233.42,24.1325,26.1325,Above DFE,0,0
7515561,-72.833845,40.782591,RES1-1SWB,RES,R11B,256487.42,128243.71,23.1299,25.1299,Above DFE,0,0
7515563,-72.834205,40.784724,RES1-2SWB,RES,R12B,337761.04,168880.52,22.9859,24.9859,Above DFE,0,0
7515565,-72.832998,40.784823,RES1-1SWB,RES,R11B,271438.17,135719.08,22.0049,24.0049,Above DFE,0,0
7515567,-72.833915,40.78545,RES1-2SWB,RES,R12B,343533.81,171766.9,17.3561,19.3561,Above DFE,0,0
7515571,-72.833213,40.784251,RES1-1SWB,RES,R11B,224516.22,112258.11,19.9522,21.9522,Above DFE,0,0
7515573,-72.834849,40.782939,RES1-2SNB,RES,R12N,269634.59,134817.29,24.2599,25.7599,Above DFE,0,0
7515575,-72.835328,40.781692,RES1-2SNB,RES,R12N,420682.22,210341.11,20.5578,21.0578,Above DFE,0,0
7515577,-72.833779,40.785774,RES1-2SWB,RES,R12B,287753.93,143876.97,22.5433,24.5433,Above DFE,0,0
7515579,-72.834532,40.783628,RES1-2SWB,RES,R12B,289963.88,144981.94,24.5942,26.5942,Above DFE,0,0
7515581,-72.833973,40.782123,RES1-1SWB,RES,R11B,287938.89,143969.45,23.0318,25.0318,Above DFE,0,0
7515583,-72.834145,40.781735,IND6,NONRES,I6LN,1591444.59,1591444.59,20.7233,21.2233,Above DFE,0,0
7515585,-72.835174,40.781942,RES1-1SNB,RES,R11N,191933.37,95966.69,19.3413,19.8413,Above DFE,0,0
7515586,-72.834073,40.781916,RES1-1SNB,RES,R11N,184887.94,92443.97,21.5476,23.0476,Above DFE,0,0
7515588,-72.834091,40.784988,RES1-3SWB,RES,R13B,494039.58,247019.79,22.8248,24.8248,Above DFE,0,0
7515590,-72.832724,40.785477,RES1-2SWB,RES,R12B,393391.21,196695.6,10.9564,12.9564,Above DFE,0,0
7515592,-72.833891,40.782377,RES1-1SNB,RES,R11N,179484.05,89742.02,22.8455,24.3455,Above DFE,0,0
7515593,-72.833055,40.784693,RES1-2SWB,RES,R12B,344971.62,172485.81,21.9506,23.9506,Above DFE,0,0
7515594,-72.832902,40.78513,RES1-2SNB,RES,R12N,253712.25,126856.12,19.9251,21.4251,Above DFE,0,0
7515596,-72.833957,40.785303,RES1-2SWB,RES,R12B,279845.85,139922.93,17.9786,19.9786,Above DFE,0,0
7515598,-72.833663,40.7605,RES1-2SWB,RES,R12B,479590.43,239795.22,3.26,5.26,Under DFE,0,0
7515600,-72.833468,40.760103,RES1-2SWB,RES,R12B,345252.42,172626.21,2.7148,4.7148,Under DFE,0,0
7515601,-72.833785,40.760744,RES1-1SNB,RES,R11N,200109.81,100054.91,4.7626,5.2626,Under DFE,0,0
7515603,-72.833313,40.759644,COM8,NONRES,C8LB,421855.6,210927.8,3.2111,5.2111,Under DFE,0,0
7515605,-72.83396,40.760973,RES1-1SNB,RES,R11N,261155.42,130577.71,4.3418,4.8418,Under DFE,0,0
7515607,-72.833827,40.767095,RES1-1SNB,RES,R11N,140266.7,70133.35,12.53,13.03,Above DFE,0,0
7515609,-72.833066,40.76754,RES1-1SWB,RES,R11B,204215.97,102107.99,12.868,14.868,Above DFE,0,0
7515611,-72.832516,40.767373,RES1-1SNB,RES,R11N,239743.17,119871.58,13.2453,14.7453,Above DFE,0,0
7515613,-72.832595,40.767591,RES1-1SWB,RES,R11B,180920,90460,13.0962,15.0962,Above DFE,0,0
7515617,-72.833219,40.767222,RES1-1SNB,RES,R11N,105003.86,52501.93,11.5462,12.0462,Above DFE,0,0
7515619,-72.83369,40.767376,RES1-2SNB,RES,R12N,366818.84,183409.42,13.6036,14.1036,Above DFE,0,0
7515621,-72.834003,40.767282,RES1-1SWB,RES,R11B,345551.79,172775.89,13.6499,15.6499,Above DFE,0,0
7515623,-72.833294,40.767132,REL1,NONRES,RE1LN,NaN,NaN,12.0369,12.5369,Above DFE,0,0
7515625,-72.833468,40.767426,RES1-2SNB,RES,R12N,244276.9,122138.45,13.1023,13.6023,Above DFE,0,0
7515628,-72.832846,40.76726,RES1-2SWB,RES,R12B,425505.07,212752.53,12.0356,14.0356,Above DFE,0,0
7515630,-72.832682,40.767516,RES1-2SNB,RES,R12N,102119.22,51059.61,13.0962,13.5962,Above DFE,0,0
7515653,-72.834672,40.777539,RES1-1SNB,RES,R11N,186641.13,93320.57,13.2932,14.7932,Above DFE,0,0
7515655,-72.834516,40.777141,RES1-2SNB,RES,R12N,391894.63,195947.32,13.1553,13.6553,Above DFE,0,0
7515657,-72.8336,40.777825,RES1-2SNB,RES,R12N,193475.45,96737.73,14.5629,16.0629,Above DFE,0,0
7515661,-72.833172,40.776936,RES1-1SWB,RES,R11B,173931.82,86965.91,13.6959,15.6959,Above DFE,0,0
7515663,-72.834598,40.778632,RES1-1SWB,RES,R11B,252750.19,126375.09,15.9795,17.9795,Above DFE,0,0
7515665,-72.833513,40.77661,RES1-2SNB,RES,R12N,267872.86,133936.43,14.6816,15.1816,Above DFE,0,0
7515667,-72.834019,40.778519,RES1-1SWB,RES,R11B,217126.18,108563.09,18.0073,20.0073,Above DFE,0,0
7515669,-72.833842,40.778289,RES1-2SNB,RES,R12N,221005.82,110502.91,16.3724,17.8724,Above DFE,0,0
7515671,-72.834125,40.777429,RES1-1SWB,RES,R11B,110874.31,55437.15,14.1835,16.1835,Above DFE,0,0
7515673,-72.833095,40.776686,RES1-1SWB,RES,R11B,205201.15,102600.57,15.0239,17.0239,Above DFE,0,0
7515676,-72.834021,40.777129,RES1-1SWB,RES,R11B,105245.28,52622.64,13.3934,15.3934,Above DFE,0,0
7515678,-72.833313,40.777167,RES1-1SWB,RES,R11B,201670.11,100835.05,13.8556,15.8556,Above DFE,0,0
7515680,-72.834753,40.777956,RES1-1SWB,RES,R11B,220348.24,110174.12,15.0144,17.0144,Above DFE,0,0
7515682,-72.834281,40.778576,RES1-1SWB,RES,R11B,286561.91,143280.95,16.4421,18.4421,Above DFE,0,0
7515684,-72.834745,40.777704,RES1-1SWB,RES,R11B,311006.17,155503.09,15.0065,17.0065,Above DFE,0,0
7515686,-72.834576,40.777272,RES1-1SNB,RES,R11N,178431.36,89215.68,12.8503,13.3503,Above DFE,0,0
7515688,-72.834455,40.776954,RES1-1SNB,RES,R11N,160083.72,80041.86,14.3633,15.8633,Above DFE,0,0
7515690,-72.834895,40.778099,RES1-2SWB,RES,R12B,431475.05,215737.52,15.4034,17.4034,Above DFE,0,0
7515692,-72.834178,40.776443,RES1-1SWB,RES,R11B,212530.11,106265.05,15.4459,17.4459,Above DFE,0,0
7515694,-72.834633,40.777403,RES1-1SWB,RES,R11B,207767.36,103883.68,12.7782,14.7782,Above DFE,0,0
7515696,-72.835149,40.77871,RES1-1SNB,RES,R11N,254148.65,127074.33,16.2041,16.7041,Above DFE,0,0
7515697,-72.833405,40.777375,RES1-1SWB,RES,R11B,218437.3,109218.65,15.4266,17.4266,Above DFE,0,0
7515698,-72.834322,40.776704,RES1-2SNB,RES,R12N,260302.13,130151.06,14.9157,15.4157,Above DFE,0,0
7515700,-72.835088,40.778308,RES1-2SWB,RES,R12B,263855.02,131927.51,15.4037,17.4037,Above DFE,0,0
7515875,-72.834866,40.779182,RES1-2SNB,RES,R12N,258276.72,129138.36,17.3506,17.8506,Above DFE,0,0
7515877,-72.835131,40.779253,RES1-1SNB,RES,R11N,181979.15,90989.58,16.5337,17.0337,Above DFE,0,0
7515879,-72.834635,40.779273,RES1-1SWB,RES,R11B,121482.18,60741.09,17.7999,19.7999,Above DFE,0,0
7515880,-72.834669,40.780263,RES1-1SWB,RES,R11B,180823.43,90411.71,19.2706,21.2706,Above DFE,0,0
7515881,-72.835654,40.780757,RES1-2SWB,RES,R12B,372356.25,186178.12,21.1167,23.1167,Above DFE,0,0
7515883,-72.834415,40.779182,RES1-2SWB,RES,R12B,455777.17,227888.58,17.6655,19.6655,Above DFE,0,0
7515885,-72.834399,40.779559,RES1-2SWB,RES,R12B,360208.65,180104.32,18.6178,20.6178,Above DFE,0,0
7515888,-72.834625,40.779954,RES1-1SWB,RES,R11B,191736.48,95868.24,19.6542,21.6542,Above DFE,0,0
7515890,-72.834493,40.780818,IND6,NONRES,I6LN,949271.35,949271.35,19.0365,19.5365,Above DFE,0,0
7515893,-72.834262,40.779353,RES3A,RES,R3A1N,923070.12,461535.06,17.9701,18.4701,Above DFE,0,0
7515895,-72.834537,40.779724,RES1-1SNB,RES,R11N,250502.82,125251.41,18.0705,18.5705,Above DFE,0,0
7515897,-72.834552,40.780591,RES1-1SWB,RES,R11B,112098.74,56049.37,18.9981,20.9981,Above DFE,0,0
7515899,-72.835674,40.779828,RES1-2SWB,RES,R12B,260980.65,130490.32,18.3969,20.3969,Above DFE,0,0
7515901,-72.83577,40.780577,RES1-1SWB,RES,R11B,180460.69,90230.34,19.6381,21.6381,Above DFE,0,0
7515903,-72.835353,40.779282,RES1-1SWB,RES,R11B,146616.42,73308.21,16.4092,18.4092,Above DFE,0,0
7515905,-72.834622,40.780501,RES1-1SWB,RES,R11B,127541.35,63770.67,18.2988,20.2988,Above DFE,0,0
7515907,-72.835709,40.779684,RES1-1SNB,RES,R11N,150163.08,75081.54,16.7815,18.2815,Above DFE,0,0
7515909,-72.834201,40.779049,RES1-2SNB,RES,R12N,276665.71,138332.85,16.9879,17.4879,Above DFE,0,0
7515911,-72.835813,40.78008,RES1-3SNB,RES,R13N,483811.02,241905.51,18.0778,19.5778,Above DFE,0,0
7515913,-72.835843,40.780371,RES1-1SWB,RES,R11B,284240.68,142120.34,18.7098,20.7098,Above DFE,0,0
7516068,-72.835481,40.768614,RES1-2SWB,RES,R12B,477464.82,238732.41,16.028,18.028,Above DFE,0,0
7516069,-72.834962,40.767423,RES1-1SWB,RES,R11B,308956.76,154478.38,13.7726,15.7726,Above DFE,0,0
7516073,-72.834662,40.767818,RES1-2SWB,RES,R12B,423956.49,211978.24,14.6493,16.6493,Above DFE,0,0
7516075,-72.834847,40.767557,RES1-2SNB,RES,R12N,193029.52,96514.76,13.7195,14.2195,Above DFE,0,0
7516077,-72.834813,40.768017,RES1-1SWB,RES,R11B,259890.94,129945.47,15.1124,17.1124,Above DFE,0,0
7516079,-72.835219,40.768293,RES1-2SNB,RES,R12N,546865.25,273432.62,16.0585,16.5585,Above DFE,0,0
7516081,-72.834496,40.767559,RES1-2SNB,RES,R12N,296856.14,148428.07,13.9462,14.4462,Above DFE,0,0
7516083,-72.835545,40.768798,RES1-1SWB,RES,R11B,199478.59,99739.3,16.4867,18.4867,Above DFE,0,0
7516085,-72.835046,40.768532,RES1-2SNB,RES,R12N,396127.14,198063.57,15.2183,16.7183,Above DFE,0,0
7516087,-72.835121,40.767936,RES1-3SNB,RES,R13N,527304.14,263652.07,14.6784,15.1784,Above DFE,0,0
7516089,-72.83499,40.768427,RES1-1SWB,RES,R11B,256438.27,128219.13,15.2233,17.2233,Above DFE,0,0
7516091,-72.835236,40.769013,RES1-2SWB,RES,R12B,562158.38,281079.19,16.3445,18.3445,Above DFE,0,0
7516093,-72.835328,40.768537,RES1-1SNB,RES,R11N,183968.23,91984.12,15.6827,16.1827,Above DFE,0,0
7516095,-72.83508,40.767642,RES1-1SNB,RES,R11N,183444.04,91722.02,14.6141,16.1141,Above DFE,0,0
7516097,-72.836194,40.768143,COM1,NONRES,C1LN,NaN,NaN,15.1433,15.6433,Above DFE,0,0
7516099,-72.835713,40.767285,REL1,NONRES,RE1LN,NaN,NaN,13.972,14.472,Above DFE,0,0
7516101,-72.836083,40.768816,RES1-2SNB,RES,R12N,377684.46,188842.23,16.2977,17.7977,Above DFE,0,0
7516103,-72.835947,40.768644,RES1-2SNB,RES,R12N,315926.24,157963.12,16.0092,17.5092,Above DFE,0,0
7516105,-72.835806,40.768242,RES1-3SNB,RES,R13N,548674.67,274337.34,15.6222,16.1222,Above DFE,0,0
7516107,-72.836391,40.768713,RES1-3SWB,RES,R13B,529519.35,264759.67,15.78,17.78,Above DFE,0,0
7516109,-72.835613,40.767886,RES1-2SWB,RES,R12B,499869.95,249934.97,14.5586,16.5586,Above DFE,0,0
7516111,-72.835886,40.768353,RES1-2SWB,RES,R12B,334992.05,167496.03,15.9716,17.9716,Above DFE,0,0
7516113,-72.836022,40.767793,RES1-1SNB,RES,R11N,262443.21,131221.6,15.548,17.048,Above DFE,0,0
7516114,-72.836286,40.768481,RES1-1SWB,RES,R11B,285540.1,142770.05,15.136,17.136,Above DFE,0,0
7516420,-72.878576,40.745813,RES1-2SWB,RES,R12B,383006.85,191503.43,5.773,7.773,Under DFE,0,0
7516422,-72.878054,40.746218,RES1-1SWB,RES,R11B,214433.5,107216.75,4.3047,6.3047,Under DFE,0,0
7516424,-72.879837,40.745735,RES1-2SWB,RES,R12B,193342.46,96671.23,4.9652,6.9652,Under DFE,0,0
7516428,-72.880759,40.746106,RES1-2SWB,RES,R12B,207476.55,103738.28,8.0641,10.0641,Above DFE,0,0
7516430,-72.881118,40.74609,RES1-2SWB,RES,R12B,314061.82,157030.91,5.8047,7.8047,Under DFE,0,0
7516432,-72.880019,40.745762,RES1-1SWB,RES,R11B,184954,92477,5.536,7.536,Under DFE,0,0
7516435,-72.877545,40.746279,RES1-2SWB,RES,R12B,251065.59,125532.79,3.8595,5.8595,Under DFE,0,0
7516437,-72.878235,40.746169,RES1-2SWB,RES,R12B,239671,119835.5,5.0851,7.0851,Under DFE,0,0
7516439,-72.878774,40.745834,RES1-2SWB,RES,R12B,286425.1,143212.55,7.402,9.402,Under DFE,0,0
7516441,-72.878945,40.745785,RES1-2SWB,RES,R12B,263722.7,131861.35,5.4565,7.4565,Under DFE,0,0
7516443,-72.877595,40.745864,RES1-2SWB,RES,R12B,269891.89,134945.94,4.8273,6.8273,Under DFE,0,0
7516445,-72.877277,40.746244,RES1-2SWB,RES,R12B,274678.45,137339.23,7.7844,9.7844,Under DFE,0,0
7516447,-72.880446,40.746162,RES1-1SNB,RES,R11N,194373.62,97186.81,6.0035,14.0035,Above DFE,0,0
7516449,-72.877987,40.745858,RES1-1SWB,RES,R11B,363912.95,181956.48,3.9202,5.9202,Under DFE,0,0
7516451,-72.878592,40.746235,RES1-1SWB,RES,R11B,164405.03,82202.52,4.5446,6.5446,Under DFE,0,0
7516453,-72.881704,40.746148,RES1-1SNB,RES,R11N,239474.59,119737.29,6.4839,14.4839,Above DFE,0,0
7516455,-72.881886,40.745987,RES1-1SWB,RES,R11B,173120.04,86560.02,5.8867,7.8867,Under DFE,0,0
7516457,-72.878395,40.745831,RES1-2SWB,RES,R12B,240389.13,120194.57,7.7674,9.7674,Under DFE,0,0
7516459,-72.879677,40.746141,RES1-1SWB,RES,R11B,218405.38,109202.69,6.2336,8.2336,Under DFE,0,0
7516461,-72.879218,40.74583,RES1-1SWB,RES,R11B,311883.64,155941.82,6.6926,8.6926,Under DFE,0,0
7516463,-72.881479,40.746108,RES1-2SWB,RES,R12B,186803.9,93401.95,6.0142,8.0142,Under DFE,0,0
7516465,-72.880038,40.746111,RES1-2SWB,RES,R12B,210666.46,105333.23,6.3467,8.3467,Under DFE,0,0
7516467,-72.878417,40.746176,RES1-2SWB,RES,R12B,345817.84,172908.92,5.2077,7.2077,Under DFE,0,0
7516470,-72.879852,40.746116,RES1-2SWB,RES,R12B,210666.46,105333.23,8.0365,10.0365,Above DFE,0,0
7516472,-72.880939,40.746093,RES1-2SWB,RES,R12B,322769.56,161384.78,6.8912,8.8912,Under DFE,0,0
7516474,-72.879307,40.746181,RES1-2SWB,RES,R12B,222872.5,111436.25,4.6296,6.6296,Under DFE,0,0
7516476,-72.880217,40.746149,RES1-1SNB,RES,R11N,159513.66,79756.83,6.2009,14.2009,Above DFE,0,0
7516478,-72.879485,40.74613,RES1-1SWB,RES,R11B,175664.16,87832.08,6.4184,8.4184,Under DFE,0,0
7516480,-72.881011,40.748624,RES1-1SWB,RES,R11B,273208.25,136604.12,5.7636,7.7636,Under DFE,0,0
7516482,-72.877697,40.748328,RES1-2SWB,RES,R12B,322591.73,161295.86,6.9548,8.9548,Under DFE,0,0
7516484,-72.881059,40.74827,RES1-2SWB,RES,R12B,334065.6,167032.8,7.2195,9.2195,Under DFE,0,0
7516486,-72.879989,40.748611,RES1-1SWB,RES,R11B,301869.99,150934.99,6.7322,8.7322,Under DFE,0,0
7516488,-72.881598,40.748246,RES1-2SWB,RES,R12B,211211.91,105605.96,5.268,7.268,Under DFE,0,0
7516490,-72.878198,40.748698,RES1-1SWB,RES,R11B,193948.07,96974.03,5.1688,7.1688,Under DFE,0,0
7516492,-72.880715,40.748565,RES1-2SWB,RES,R12B,235356.41,117678.2,6.4856,8.4856,Under DFE,0,0
7516494,-72.880178,40.748609,RES1-1SNB,RES,R11N,165210.62,82605.31,6.3914,7.8914,Under DFE,0,0
7516496,-72.881263,40.748628,RES1-2SNB,RES,R12N,284650.66,142325.33,5.7279,13.7279,Above DFE,0,0
7516498,-72.877333,40.748306,RES1-1SWB,RES,R11B,159423.62,79711.81,5.3257,7.3257,Under DFE,0,0
7516500,-72.882057,40.748375,RES1-2SWB,RES,R12B,270449.28,135224.64,5.8876,7.8876,Under DFE,0,0
7516502,-72.88204,40.748167,RES1-2SWB,RES,R12B,405579.81,202789.91,2.258,4.258,Under DFE,0,0
7516504,-72.877409,40.748719,RES1-1SNB,RES,R11N,339384.92,169692.46,7.1194,8.6194,Under DFE,0,0
7516506,-72.878199,40.74835,RES1-2SNB,RES,R12N,277613.26,138806.63,4.7953,6.2953,Under DFE,0,0
7516508,-72.878007,40.748733,RES1-1SWB,RES,R11B,300931.41,150465.7,5.8237,7.8237,Under DFE,0,0
7516511,-72.880677,40.7482,RES1-1SWB,RES,R11B,164690.95,82345.48,5.937,7.937,Under DFE,0,0
7516513,-72.878546,40.748299,RES1-2SWB,RES,R12B,226855.16,113427.58,6.0239,8.0239,Under DFE,0,0
7516515,-72.881621,40.748556,RES1-3SNB,RES,R13N,361749.5,180874.75,8.1076,16.1076,Above DFE,0,0
7516517,-72.879272,40.748625,RES1-2SWB,RES,R12B,243809.25,121904.63,8.1965,10.1965,Above DFE,0,0
7516519,-72.880335,40.74829,RES1-2SWB,RES,R12B,228995.2,114497.6,5.5203,7.5203,Under DFE,0,0
7516521,-72.879451,40.748612,RES1-2SNB,RES,R12N,202387.17,101193.59,6.8911,14.8911,Above DFE,0,0
7516523,-72.882013,40.748568,RES1-2SWB,RES,R12B,385391.89,192695.94,7.1494,9.1494,Under DFE,0,0
7516525,-72.87961,40.748368,RES1-2SWB,RES,R12B,324708.78,162354.39,5.3029,7.3029,Under DFE,0,0
7516527,-72.879236,40.74825,RES1-1SNB,RES,R11N,154825.02,77412.51,6.4589,7.9589,Under DFE,0,0
7516529,-72.881253,40.748229,RES1-1SWB,RES,R11B,203016.58,101508.29,6.7163,8.7163,Under DFE,0,0
7516531,-72.879014,40.748276,RES1-1SNB,RES,R11N,165378.77,82689.39,6.0404,7.5404,Under DFE,0,0
7516534,-72.879959,40.748241,RES1-1SWB,RES,R11B,127241.85,63620.92,4.7341,6.7341,Under DFE,0,0
7516536,-72.880356,40.748576,RES1-2SWB,RES,R12B,215206.87,107603.43,6.5661,8.5661,Under DFE,0,0
7516538,-72.880881,40.748295,RES1-1SNB,RES,R11N,269840.61,134920.3,7.9727,9.4727,Under DFE,0,0
7516540,-72.880535,40.74857,RES1-2SWB,RES,R12B,305493.37,152746.68,6.2762,8.2762,Under DFE,0,0
7516542,-72.88142,40.748242,RES1-2SWB,RES,R12B,201677.86,100838.93,6.2677,8.2677,Under DFE,0,0
7516544,-72.880505,40.748191,RES1-2SWB,RES,R12B,226013.76,113006.88,5.9107,7.9107,Under DFE,0,0
7516546,-72.879037,40.74867,RES1-1SWB,RES,R11B,171344.39,85672.19,7.8283,9.8283,Under DFE,0,0
7516548,-72.879836,40.748658,RES1-1SWB,RES,R11B,219347.71,109673.85,5.3995,7.3995,Under DFE,0,0
7516550,-72.879636,40.748612,RES1-1SWB,RES,R11B,176262.86,88131.43,6.7959,8.7959,Under DFE,0,0
7516692,-72.881234,40.744972,RES1-1SWB,RES,R11B,309932.9,154966.45,4.761,6.761,Under DFE,0,0
7516694,-72.878019,40.745384,RES1-1SWB,RES,R11B,309538.15,154769.08,4.7237,6.7237,Under DFE,0,0
7516697,-72.879278,40.745386,RES1-2SWB,RES,R12B,219548.52,109774.26,4.4182,6.4182,Under DFE,0,0
7516699,-72.880154,40.744973,RES1-1SWB,RES,R11B,182250.51,91125.25,5.3157,7.3157,Under DFE,0,0
7516400,-72.881098,40.745778,RES1-2SWB,RES,R12B,236109.38,118054.69,6.2886,8.2886,Under DFE,0,0
7516402,-72.881279,40.745745,RES1-1SWB,RES,R11B,234993.09,117496.54,5.8616,7.8616,Under DFE,0,0
7516404,-72.880358,40.745756,RES1-1SWB,RES,R11B,143310.07,71655.04,5.298,7.298,Under DFE,0,0
7516406,-72.880871,40.745734,RES1-1SWB,RES,R11B,343892.43,171946.22,6.5449,8.5449,Under DFE,0,0
7516408,-72.879141,40.74605,RES1-2SWB,RES,R12B,183493.12,91746.56,3.5956,5.5956,Under DFE,0,0
7516410,-72.881827,40.745844,RES1-2SNB,RES,R12N,216071.63,108035.81,4.9578,12.9578,Above DFE,0,0
7516412,-72.877881,40.746276,RES1-1SWB,RES,R11B,122918.75,61459.38,3.3964,5.3964,Under DFE,0,0
7516414,-72.881768,40.745694,RES1-1SWB,RES,R11B,337631.84,168815.92,6.152,8.152,Under DFE,0,0
7516416,-72.877265,40.745887,RES1-2SWB,RES,R12B,380768.72,190384.36,7.8644,9.8644,Under DFE,0,0
7516418,-72.879485,40.745766,RES1-2SWB,RES,R12B,201175.78,100587.89,4.5038,6.5038,Under DFE,0,0
7518413,-72.879166,40.744954,RES1-2SWB,RES,R12B,182959.26,91479.63,3.1939,5.1939,Under DFE,0,0
7518416,-72.88109,40.745293,RES1-1SWB,RES,R11B,243434.19,121717.09,4.5309,6.5309,Under DFE,0,0
7518418,-72.879399,40.744925,RES1-1SWB,RES,R11B,201461.8,100730.9,4.2197,6.2197,Under DFE,0,0
7518420,-72.879813,40.745359,RES1-2SWB,RES,R12B,222872.5,111436.25,4.4232,6.4232,Under DFE,0,0
7518422,-72.877653,40.745454,RES1-1SNB,RES,R11N,154728.53,77364.26,3.0552,11.0552,Above DFE,0,0
7518424,-72.880521,40.744917,RES1-1SNB,RES,R11N,159513.66,79756.83,5.5622,7.0622,Under DFE,0,0
7518426,-72.880708,40.745287,RES1-2SNB,RES,R12N,234678.18,117339.09,6.6202,14.6202,Above DFE,0,0
7518429,-72.87746,40.745385,RES1-1SNB,RES,R11N,194373.62,97186.81,5.6778,13.6778,Above DFE,0,0
7518431,-72.880535,40.74528,RES1-2SWB,RES,R12B,248663.73,124331.86,6.6376,8.6376,Under DFE,0,0
7518433,-72.878984,40.745324,RES1-2SWB,RES,R12B,397898.96,198949.48,7.448,9.448,Under DFE,0,0
7518434,-72.881415,40.744942,RES1-2SNB,RES,R12N,219310.62,109655.31,5.369,13.369,Above DFE,0,0
7518437,-72.881901,40.745152,RES1-1SWB,RES,R11B,150551.29,75275.65,4.2649,6.2649,Under DFE,0,0
7518439,-72.880011,40.745368,RES1-2SWB,RES,R12B,168023.81,84011.9,5.2287,7.2287,Under DFE,0,0
7518441,-72.881809,40.745017,RES1-1SWB,RES,R11B,259859.88,129929.94,4.0535,6.0535,Under DFE,0,0
7518443,-72.881254,40.745304,RES1-1SWB,RES,R11B,183627.01,91813.5,5.9252,7.9252,Under DFE,0,0
7518445,-72.878854,40.744988,RES1-2SWB,RES,R12B,287582.61,143791.31,4.1614,6.1614,Under DFE,0,0
7518447,-72.88143,40.745242,RES1-2SWB,RES,R12B,235356.41,117678.2,6.6991,8.6991,Under DFE,0,0
7518449,-72.880271,40.745364,RES1-2SNB,RES,R12N,274886.79,137443.39,6.3215,14.3215,Above DFE,0,0
7518451,-72.881839,40.744823,RES1-1SWB,RES,R11B,330826.11,165413.05,4.1714,6.1714,Under DFE,0,0
7520337,-72.836782,40.765358,RES1-1SNB,RES,R11N,231167.27,115583.63,11.964,12.464,Above DFE,0,0
7520339,-72.836723,40.765208,RES1-1SWB,RES,R11B,186492.44,93246.22,12.3496,14.3496,Above DFE,0,0
7520341,-72.836763,40.76624,RES1-1SWB,RES,R11B,263632.19,131816.1,12.0398,14.0398,Above DFE,0,0
7520343,-72.836314,40.765286,RES3A,RES,R3A1B,842477.31,421238.66,11.6076,13.6076,Above DFE,0,0
7520345,-72.836593,40.764842,RES1-2SWB,RES,R12B,381452.54,190726.27,12.2881,14.2881,Above DFE,0,0
7520347,-72.836521,40.765413,RES1-3SNB,RES,R13N,227935.37,113967.68,12.9942,14.4942,Above DFE,0,0
7520349,-72.837092,40.766085,RES1-2SNB,RES,R12N,328055.32,164027.66,11.3806,11.8806,Above DFE,0,0
7520351,-72.836618,40.76593,RES1-1SWB,RES,R11B,330538.37,165269.18,10.9919,12.9919,Above DFE,0,0
7520353,-72.83691,40.765713,RES1-1SWB,RES,R11B,253996.47,126998.24,11.4607,13.4607,Above DFE,0,0
7520355,-72.83702,40.765904,RES1-1SWB,RES,R11B,237909.75,118954.87,11.2563,13.2563,Above DFE,0,0
7520357,-72.837171,40.766236,RES1-2SWB,RES,R12B,341490.16,170745.08,11.4726,13.4726,Above DFE,0,0
7520359,-72.836521,40.765738,COM4,NONRES,C4LN,NaN,NaN,11.9879,12.4879,Above DFE,0,0
7520361,-72.836406,40.764906,RES1-1SWB,RES,R11B,126043.86,63021.93,11.9762,13.9762,Above DFE,0,0
7520363,-72.83685,40.765535,RES1-2SWB,RES,R12B,412648.52,206324.26,11.6241,13.6241,Above DFE,0,0
7520364,-72.837278,40.766503,REL1,NONRES,RE1LN,NaN,NaN,11.5814,12.0814,Above DFE,0,0
7520366,-72.836232,40.765048,RES1-2SNB,RES,R12N,333020.22,166510.11,12.3535,12.8535,Above DFE,0,0
7521883,-72.836933,40.769845,RES1-2SNB,RES,R12N,398234.19,199117.1,17.7069,19.2069,Above DFE,0,0
7521885,-72.836815,40.769951,RES1-1SNB,RES,R11N,149073.92,74536.96,15.946,17.446,Above DFE,0,0
7521887,-72.836886,40.770658,RES1-2SWB,RES,R12B,278823.67,139411.83,12.3211,14.3211,Above DFE,0,0
7521889,-72.836223,40.769208,RES1-1SWB,RES,R11B,266482.48,133241.24,16.527,18.527,Above DFE,0,0
7521891,-72.836777,40.769529,RES1-2SWB,RES,R12B,462312.59,231156.29,16.013,18.013,Above DFE,0,0
7521893,-72.837128,40.770379,IND6,NONRES,I6LN,NaN,NaN,16.0266,16.5266,Above DFE,0,0
7521895,-72.836571,40.770004,RES1-2SWB,RES,R12B,492961.2,246480.6,15.4734,17.4734,Above DFE,0,0
7521897,-72.836578,40.769088,RES1-2SNB,RES,R12N,438378.34,219189.17,15.612,17.112,Above DFE,0,0
7521899,-72.836712,40.769345,RES3A,RES,R3A1B,854095.02,427047.51,15.6529,17.6529,Above DFE,0,0
7521901,-72.836473,40.769739,RES1-1SNB,RES,R11N,241655.71,120827.85,16.6503,17.1503,Above DFE,0,0
7521903,-72.837026,40.770187,RES1-2SWB,RES,R12B,464403.35,232201.68,15.1645,17.1645,Above DFE,0,0
7521904,-72.836813,40.770488,RES1-1SWB,RES,R11B,260668.39,130334.19,13.5906,15.5906,Above DFE,0,0
7521906,-72.837368,40.773044,RES3A,RES,R3A3N,787568.51,393784.25,16.1253,17.6253,Above DFE,0,0
7521908,-72.838147,40.772935,RES3A,RES,R3A1N,691701.31,345850.65,13.135,13.635,Above DFE,0,0
7521910,-72.837688,40.772979,RES1-2SWB,RES,R12B,114097.12,57048.56,14.0177,16.0177,Above DFE,0,0
7521912,-72.838257,40.772843,RES1-1SWB,RES,R11B,273727.09,136863.55,13.8575,15.8575,Above DFE,0,0
7522085,-72.838069,40.774908,RES3B,RES,R3B3B,539850.81,269925.4,19.3622,21.3622,Above DFE,0,0
7522087,-72.837891,40.774758,RES3A,RES,R3A3B,736113.04,368056.52,18.9378,20.9378,Above DFE,0,0
7522089,-72.838887,40.774321,RES3A,RES,R3A3B,841140.55,420570.28,17.807,19.807,Above DFE,0,0
7522091,-72.838782,40.774114,COM3,NONRES,C3LN,NaN,NaN,18.061,18.561,Above DFE,0,0
7522093,-72.837724,40.774521,COM2,NONRES,C2LN,NaN,NaN,17.952,18.452,Above DFE,0,0
7522096,-72.838921,40.774535,RES3A,RES,R3A3B,820225.24,410112.62,18.5149,20.5149,Above DFE,0,0
7522098,-72.838799,40.774773,COM1,NONRES,C1LN,NaN,NaN,19.4512,19.9512,Above DFE,0,0
7522100,-72.838168,40.767491,RES1-2SNB,RES,R12N,268301.51,134150.76,12.7011,13.2011,Above DFE,0,0
7522102,-72.838614,40.767708,RES1-2SWB,RES,R12B,157137.85,78568.92,13.3305,15.3305,Above DFE,0,0
7522104,-72.838393,40.766897,RES1-1SNB,RES,R11N,234761.59,117380.79,12.7836,13.2836,Above DFE,0,0
7522106,-72.838159,40.767335,RES1-1SWB,RES,R11B,373956.51,186978.26,12.6045,14.6045,Above DFE,0,0
7522108,-72.838272,40.767632,RES1-2SNB,RES,R12N,408209.06,204104.53,12.909,13.409,Above DFE,0,0
7522110,-72.838882,40.767806,RES1-2SWB,RES,R12B,353009.9,176504.95,13.1047,15.1047,Above DFE,0,0
7522112,-72.837776,40.766626,RES1-1SWB,RES,R11B,228942.03,114471.01,11.8414,13.8414,Above DFE,0,0
7522114,-72.838115,40.766976,COM8,NONRES,C8LN,618309.5,618309.5,12.5405,13.0405,Above DFE,0,0
7522116,-72.838911,40.767933,RES1-2SWB,RES,R12B,471063.94,235531.97,13.5345,15.5345,Above DFE,0,0
7522117,-72.838738,40.767628,RES1-2SWB,RES,R12B,302914.51,151457.25,13.2467,15.2467,Above DFE,0,0
7522119,-72.83855,40.767232,RES1-1SWB,RES,R11B,235803.32,117901.66,12.9206,14.9206,Above DFE,0,0
7522121,-72.838235,40.769723,RES1-1SWB,RES,R11B,201088.76,100544.38,14.6486,16.6486,Above DFE,0,0
7522123,-72.83859,40.76942,RES1-2SWB,RES,R12B,333427.69,166713.85,14.9236,16.9236,Above DFE,0,0
7522125,-72.838512,40.770255,RES1-2SWB,RES,R12B,509542.96,254771.48,15.7676,17.7676,Above DFE,0,0
7522127,-72.838931,40.770211,RES1-1SNB,RES,R11N,240551.71,120275.85,14.4906,14.9906,Above DFE,0,0
7522129,-72.83815,40.769477,RES1-2SWB,RES,R12B,365503.02,182751.51,14.5596,16.5596,Above DFE,0,0
7522131,-72.838786,40.769885,RES1-1SWB,RES,R11B,255066.64,127533.32,14.3306,16.3306,Above DFE,0,0
7522133,-72.838609,40.769497,RES1-2SWB,RES,R12B,306494.08,153247.04,14.4279,16.4279,Above DFE,0,0
7522135,-72.83834,40.769964,RES1-1SWB,RES,R11B,263378.86,131689.43,14.9738,16.9738,Above DFE,0,0
7522137,-72.838151,40.768655,COM3,NONRES,C3LN,NaN,NaN,15.1079,15.6079,Above DFE,0,0
7522139,-72.838085,40.769304,RES1-2SWB,RES,R12B,456101.26,228050.63,16.0165,18.0165,Above DFE,0,0
7522141,-72.838286,40.768737,RES1-1SWB,RES,R11B,264554.57,132277.28,14.6719,16.6719,Above DFE,0,0
7522143,-72.837876,40.768752,RES1-2SWB,RES,R12B,373971.28,186985.64,14.5481,16.5481,Above DFE,0,0
7522145,-72.838016,40.769133,RES1-1SWB,RES,R11B,332739.18,166369.59,15.6868,17.6868,Above DFE,0,0
7522177,-72.839188,40.769751,RES1-2SWB,RES,R12B,350321.76,175160.88,15.6003,17.6003,Above DFE,0,0
7522179,-72.839772,40.769981,RES1-1SNB,RES,R11N,237237.89,118618.95,14.9729,16.4729,Above DFE,0,0
7522181,-72.839445,40.770042,RES1-3SNB,RES,R13N,570619.11,285309.56,15.9335,17.4335,Above DFE,0,0
7522183,-72.839048,40.769275,RES1-2SNB,RES,R12N,356377.79,178188.9,15.2717,15.7717,Above DFE,0,0
7522185,-72.839158,40.768543,RES1-1SWB,RES,R11B,259974.18,129987.09,15.0919,17.0919,Above DFE,0,0
7522187,-72.839655,40.769626,RES3A,RES,R3A1B,851605.85,425802.93,15.6918,17.6918,Above DFE,0,0
7522189,-72.839138,40.769585,RES1-2SWB,RES,R12B,382137.72,191068.86,15.1696,17.1696,Above DFE,0,0
7522191,-72.838985,40.769111,RES1-1SWB,RES,R11B,290356.37,145178.18,15.5906,17.5906,Above DFE,0,0
7522193,-72.8393,40.769842,RES1-1SWB,RES,R11B,237984.45,118992.23,15.0724,17.0724,Above DFE,0,0
7522195,-72.839371,40.769165,RES1-1SWB,RES,R11B,295420.2,147710.1,15.92,17.92,Above DFE,0,0
7522197,-72.839273,40.768846,RES3A,RES,R3A1N,986308.56,493154.28,16.3471,16.8471,Above DFE,0,0
7522290,-72.839501,40.761355,RES1-1SWB,RES,R11B,193214.83,96607.42,7.4084,9.4084,Under DFE,0,0
7522292,-72.839644,40.761652,RES1-2SWB,RES,R12B,311078.82,155539.41,8.1305,10.1305,Above DFE,0,0
7522294,-72.840161,40.761492,RES1-1SWB,RES,R11B,197154.91,98577.45,8.5001,10.5001,Above DFE,0,0
7522296,-72.840547,40.761372,RES1-2SNB,RES,R12N,399618.97,199809.49,8.9386,9.4386,Under DFE,0,0
7522298,-72.83938,40.761677,RES1-1SWB,RES,R11B,283346.65,141673.33,8.8746,10.8746,Above DFE,0,0
7522300,-72.840427,40.761124,RES1-1SWB,RES,R11B,253063.15,126531.58,7.635,9.635,Under DFE,0,0
7522302,-72.839219,40.761452,RES1-2SNB,RES,R12N,318472.45,159236.23,7.2018,7.7018,Under DFE,0,0
7522304,-72.839972,40.76123,RES1-1SWB,RES,R11B,177547.17,88773.59,7.6097,9.6097,Under DFE,0,0
7526145,-72.840016,40.769291,RES1-3SNB,RES,R13N,376243.16,188121.58,14.1444,15.6444,Above DFE,0,0
7526147,-72.839694,40.768603,RES1-2SNB,RES,R12N,338762.99,169381.49,15.448,15.948,Above DFE,0,0
7526149,-72.839638,40.768458,RES1-3SWB,RES,R13B,426617.41,213308.7,15.535,17.535,Above DFE,0,0
7526155,-72.840485,40.769469,RES1-1SNB,RES,R11N,195711.89,97855.94,13.7915,14.2915,Above DFE,0,0
7526157,-72.840604,40.769759,RES1-2SNB,RES,R12N,374489.38,187244.69,13.7434,14.2434,Above DFE,0,0
7526159,-72.840138,40.768762,RES1-2SNB,RES,R12N,313124.08,156562.04,14.6465,15.1465,Above DFE,0,0
7526164,-72.840256,40.768958,RES1-2SNB,RES,R12N,333335.32,166667.66,13.7987,14.2987,Above DFE,0,0
7526167,-72.839801,40.769013,RES1-2SNB,RES,R12N,382359.93,191179.97,13.8801,14.3801,Above DFE,0,0
7526169,-72.840422,40.769287,RES1-1SWB,RES,R11B,214139.33,107069.66,14.4649,16.4649,Above DFE,0,0
7526177,-72.839534,40.76834,RES1-1SWB,RES,R11B,310650.59,155325.3,14.7872,16.7872,Above DFE,0,0
7526179,-72.83991,40.76827,RES1-1SWB,RES,R11B,315210.88,157605.44,16.0121,18.0121,Above DFE,0,0
7526181,-72.840175,40.769843,RES1-2SWB,RES,R12B,247463.14,123731.57,13.9685,15.9685,Above DFE,0,0
7526183,-72.839919,40.769139,RES1-2SWB,RES,R12B,403572.22,201786.11,15.4402,17.4402,Above DFE,0,0
7526185,-72.840067,40.77159,RES1-3SNB,RES,R13N,572512.16,286256.08,16.4518,16.9518,Above DFE,0,0
7526187,-72.840356,40.771255,RES1-1SWB,RES,R11B,207888.84,103944.42,15.0188,17.0188,Above DFE,0,0
7526189,-72.840558,40.771865,RES1-1SWB,RES,R11B,290912.49,145456.24,16.9641,18.9641,Above DFE,0,0
7526191,-72.839859,40.77097,RES1-1SWB,RES,R11B,693557.71,346778.85,14.3345,16.3345,Above DFE,0,0
7526193,-72.839965,40.771356,RES1-1SWB,RES,R11B,380974.27,190487.14,15.7134,17.7134,Above DFE,0,0
7526195,-72.84016,40.771965,RES1-2SWB,RES,R12B,304267.12,152133.56,15.9324,17.9324,Above DFE,0,0
7526197,-72.840487,40.771652,RES1-2SNB,RES,R12N,266302.64,133151.32,16.298,16.798,Above DFE,0,0
7527017,-72.840591,40.763877,RES1-2SWB,RES,R12B,241719.95,120859.97,12.9259,14.9259,Above DFE,0,0
7527012,-72.841391,40.765405,RES1-2SNB,RES,R12N,293740.35,146870.18,13.563,15.063,Above DFE,0,0
7527013,-72.84068,40.764747,RES1-1SWB,RES,R11B,179797.22,89898.61,12.4346,14.4346,Above DFE,0,0
7527014,-72.840792,40.763864,RES1-2SWB,RES,R12B,497738.44,248869.22,12.7516,14.7516,Above DFE,0,0
7527015,-72.841019,40.765426,RES1-1SNB,RES,R11N,135149.06,67574.53,13.9622,14.4622,Above DFE,0,0
7527016,-72.840603,40.764536,RES1-2SWB,RES,R12B,296839.12,148419.56,13.2279,15.2279,Above DFE,0,0
7527018,-72.840953,40.764465,RES1-2SWB,RES,R12B,323238.48,161619.24,13.8521,15.8521,Above DFE,0,0
7527019,-72.840874,40.764219,RES1-3SNB,RES,R13N,398941.63,199470.82,13.8025,14.3025,Above DFE,0,0
7527020,-72.84118,40.764939,RES1-1SWB,RES,R11B,275106.32,137553.16,14.5345,16.5345,Above DFE,0,0
7527021,-72.840823,40.765119,RES1-2SWB,RES,R12B,305063.9,152531.95,12.88,14.88,Above DFE,0,0
7527022,-72.841244,40.765169,RES1-1SWB,RES,R11B,210495.38,105247.69,13.8134,15.8134,Above DFE,0,0
7527023,-72.84042,40.7639,RES1-3SWB,RES,R13B,414499.13,207249.57,13.1784,15.1784,Above DFE,0,0
7527024,-72.840259,40.763962,RES1-2SWB,RES,R12B,263834.89,131917.45,12.8953,14.8953,Above DFE,0,0
7527025,-72.84052,40.764328,RES1-1SNB,RES,R11N,129849.33,64924.67,12.7467,13.2467,Above DFE,0,0
7527026,-72.841129,40.764753,RES1-1SNB,RES,R11N,144852.82,72426.41,13.0238,13.5238,Above DFE,0,0
7527027,-72.840936,40.765293,RES1-1SWB,RES,R11B,154237.9,77118.95,13.2378,15.2378,Above DFE,0,0
7527028,-72.840747,40.763988,RES1-1SNB,RES,R11N,86792.22,43396.11,12.8654,14.3654,Above DFE,0,0
7527029,-72.841026,40.764632,RES1-1SNB,RES,R11N,182406.28,91203.14,13.6858,14.1858,Above DFE,0,0
7527062,-72.841982,40.762256,RES1-1SWB,RES,R11B,171479.99,85740,11.3139,13.3139,Above DFE,0,0
7527055,-72.841494,40.762022,RES1-1SWB,RES,R11B,171250.41,85625.2,11.4154,13.4154,Above DFE,0,0
7527056,-72.841835,40.761931,RES1-1SWB,RES,R11B,146207.67,73103.84,11.1319,13.1319,Above DFE,0,0
7527057,-72.841269,40.76166,RES1-1SWB,RES,R11B,205156.73,102578.36,11.0125,13.0125,Above DFE,0,0
7527058,-72.841756,40.761639,RES1-1SWB,RES,R11B,164135.31,82067.66,9.4748,11.4748,Above DFE,0,0
7527059,-72.842238,40.762915,RES1-2SWB,RES,R12B,353940.54,176970.27,12.4984,14.4984,Above DFE,0,0
7527060,-72.841958,40.763091,RES1-1SNB,RES,R11N,227119.89,113559.94,12.9155,14.4155,Above DFE,0,0
7527061,-72.841576,40.762198,RES1-2SWB,RES,R12B,280128.44,140064.22,11.5698,13.5698,Above DFE,0,0
7527063,-72.841744,40.762742,RES1-1SWB,RES,R11B,298492.08,149246.04,11.3084,13.3084,Above DFE,0,0
7527064,-72.842178,40.762701,RES1-2SWB,RES,R12B,356027.6,178013.8,11.6994,13.6994,Above DFE,0,0
7527065,-72.841909,40.762091,RES1-1SWB,RES,R11B,226022.23,113011.12,12.1377,14.1377,Above DFE,0,0
7527066,-72.842032,40.762403,RES1-1SWB,RES,R11B,270196.07,135098.03,11.3389,13.3389,Above DFE,0,0
7527094,-72.842102,40.76475,RES1-1SWB,RES,R11B,165394.64,82697.32,12.2844,14.2844,Above DFE,0,0
7527095,-72.841658,40.764956,RES1-1SWB,RES,R11B,225458.64,112729.32,13.6295,15.6295,Above DFE,0,0
7527096,-72.841272,40.764086,RES1-2SNB,RES,R12N,176836.6,88418.3,12.7293,13.2293,Above DFE,0,0
7527097,-72.841568,40.76454,RES1-2SNB,RES,R12N,303817.28,151908.64,13.9416,15.4416,Above DFE,0,0
7527098,-72.842182,40.764916,RES1-2SWB,RES,R12B,252313.65,126156.83,12.5964,14.5964,Above DFE,0,0
7527099,-72.841184,40.76381,RES1-2SWB,RES,R12B,385513.17,192756.59,12.1832,14.1832,Above DFE,0,0
7527100,-72.841856,40.765266,RES1-1SWB,RES,R11B,175291.66,87645.83,14.2633,16.2633,Above DFE,0,0
7527101,-72.84145,40.76435,RES1-1SWB,RES,R11B,227196.47,113598.23,13.5317,15.5317,Above DFE,0,0
7527102,-72.842212,40.765136,RES1-1SNB,RES,R11N,235292.37,117646.19,13.4997,13.9997,Above DFE,0,0
7527103,-72.841633,40.764759,RES1-1SWB,RES,R11B,192952.23,96476.11,13.6629,15.6629,Above DFE,0,0
7527104,-72.841618,40.763694,IND6,NONRES,I6LN,NaN,NaN,13.1117,13.6117,Above DFE,0,0
7527105,-72.841887,40.764197,RES1-1SNB,RES,R11N,111215.19,55607.6,12.574,13.074,Above DFE,0,0
7527106,-72.841986,40.765144,RES1-3SWB,RES,R13B,213301.93,106650.97,13.2247,15.2247,Above DFE,0,0
7527107,-72.841284,40.763942,RES1-1SNB,RES,R11N,90647.87,45323.94,12.6239,13.1239,Above DFE,0,0
7527108,-72.842001,40.764416,RES1-2SWB,RES,R12B,203478.83,101739.41,13.1849,15.1849,Above DFE,0,0
7527634,-72.843424,40.766679,RES1-1SNB,RES,R11N,190331.99,95165.99,15.3719,15.8719,Above DFE,0,0
7527621,-72.84321,40.765387,RES1-2SNB,RES,R12N,282715.93,141357.97,13.2015,14.7015,Above DFE,0,0
7527622,-72.843099,40.765905,RES1-2SWB,RES,R12B,258660.27,129330.14,13.7469,15.7469,Above DFE,0,0
7527623,-72.843183,40.76617,RES1-1SWB,RES,R11B,219084.04,109542.02,15.5543,17.5543,Above DFE,0,0
7527624,-72.843497,40.766907,RES1-1SWB,RES,R11B,268553.8,134276.9,17.4561,19.4561,Above DFE,0,0
7527625,-72.8439,40.766774,RES1-2SWB,RES,R12B,667179.02,333589.51,15.9342,17.9342,Above DFE,0,0
7527626,-72.843373,40.765575,IND6,NONRES,I6LN,NaN,NaN,14.9096,15.4096,Above DFE,0,0
7527627,-72.843268,40.766453,RES1-1SWB,RES,R11B,186555.6,93277.8,15.4955,17.4955,Above DFE,0,0
7527628,-72.843724,40.76633,RES1-1SNB,RES,R11N,109316.7,54658.35,15.6249,16.1249,Above DFE,0,0
7527629,-72.843593,40.765969,RES1-1SWB,RES,R11B,259188.68,129594.34,14.235,16.235,Above DFE,0,0
7527630,-72.84365,40.766402,RES1-2SWB,RES,R12B,201941.42,100970.71,14.6997,16.6997,Above DFE,0,0
7527631,-72.843001,40.765725,RES1-1SWB,RES,R11B,322954.86,161477.43,14.3185,16.3185,Above DFE,0,0
7527632,-72.842926,40.765377,RES1-2SWB,RES,R12B,454929.3,227464.65,13.7669,15.7669,Above DFE,0,0
7527633,-72.843479,40.765792,RES1-1SWB,RES,R11B,155270.8,77635.4,14.0092,16.0092,Above DFE,0,0
7530813,-72.843195,40.761597,RES1-1SWB,RES,R11B,170449.43,85224.71,12.2917,14.2917,Above DFE,0,0
7530815,-72.8429871797562,40.7619956852636,RES1-2SNB,RES,R12N,399267.56,199633.78,11.8329,13.3329,Above DFE,0,0
7530817,-72.844178,40.761455,RES1-1SWB,RES,R11B,150116.61,75058.3,12.3163,14.3163,Above DFE,0,0
7530845,-72.843762,40.775129,RES1-2SNB,RES,R12N,365568.86,182784.43,21.0522,22.5522,Above DFE,0,0
7530847,-72.843666,40.776608,RES3A,RES,R3A1B,929204.98,464602.49,22.3409,24.3409,Above DFE,0,0
7530849,-72.844,40.77557,RES1-1SWB,RES,R11B,215155.69,107577.84,23.4231,25.4231,Above DFE,0,0
7530851,-72.844482,40.776755,RES3A,RES,R3A1B,900392.11,450196.05,21.3294,23.3294,Above DFE,0,0
7530853,-72.843374,40.77415,AGR1,NONRES,A1LN,NaN,NaN,19.5651,20.0651,Above DFE,0,0
7530855,-72.843718,40.774788,RES1-1SWB,RES,R11B,207344.75,103672.38,20.7475,22.7475,Above DFE,0,0
7530857,-72.844039,40.777405,RES1-1SNB,RES,R11N,154924.29,77462.15,24.1325,24.6325,Above DFE,0,0
7530859,-72.843219,40.775213,RES1-2SWB,RES,R12B,116453.26,58226.63,22.2911,24.2911,Above DFE,0,0
7530861,-72.843589,40.776328,RES1-1SWB,RES,R11B,215256.22,107628.11,22.8995,24.8995,Above DFE,0,0
7530863,-72.844377,40.776437,IND6,NONRES,I6LN,NaN,NaN,21.996,22.496,Above DFE,0,0
7530865,-72.842795,40.774441,RES1-2SNB,RES,R12N,309889.52,154944.76,19.324,20.824,Above DFE,0,0
7530867,-72.843141,40.775337,RES3A,RES,R3A1B,960452.59,480226.3,22.6353,24.6353,Above DFE,0,0
7530869,-72.843611,40.774664,RES1-1SNB,RES,R11N,149367.83,74683.91,21.2248,21.7248,Above DFE,0,0
7530871,-72.844616,40.777149,RES1-2SWB,RES,R12B,322324.38,161162.19,21.5141,23.5141,Above DFE,0,0
7530873,-72.843518,40.774475,RES1-1SWB,RES,R11B,213773.61,106886.8,20.4476,22.4476,Above DFE,0,0
7530875,-72.843954,40.777223,RES1-1SWB,RES,R11B,299717.24,149858.62,23.0832,25.0832,Above DFE,0,0
7530877,-72.844182,40.77595,RES1-3SWB,RES,R13B,379014.82,189507.41,23.1791,25.1791,Above DFE,0,0
7530879,-72.843951,40.775396,RES1-1SWB,RES,R11B,266227.5,133113.75,22.5623,24.5623,Above DFE,0,0
7530881,-72.842856,40.774774,RES1-1SNB,RES,R11N,183443.55,91721.78,20.3188,21.8188,Above DFE,0,0
7530882,-72.844296,40.77621,RES1-2SWB,RES,R12B,405121.93,202560.96,23.3924,25.3924,Above DFE,0,0
7530884,-72.842967,40.775047,RES1-1SNB,RES,R11N,195431.7,97715.85,21.8746,23.3746,Above DFE,0,0
7530886,-72.842676,40.774246,RES1-1SWB,RES,R11B,206250.94,103125.47,18.641,20.641,Above DFE,0,0
7530888,-72.843295,40.775618,RES1-2SWB,RES,R12B,363689.86,181844.93,23.7661,25.7661,Above DFE,0,0
7530890,-72.843542,40.776079,COM3,NONRES,C3LN,NaN,NaN,21.834,22.334,Above DFE,0,0
7530892,-72.843879,40.777072,RES1-2SWB,RES,R12B,296736.9,148368.45,22.548,24.548,Above DFE,0,0
7530894,-72.843833,40.771908,RES3A,RES,R3A1B,642716.77,321358.39,20.6704,22.6704,Above DFE,0,0
7530896,-72.843477,40.772086,RES3A,RES,R3A1B,687547.44,343773.72,19.1201,21.1201,Above DFE,0,0
7530898,-72.843277,40.771786,RES1-3SNB,RES,R13N,512637.09,256318.55,18.4697,19.9697,Above DFE,0,0
7530900,-72.843726,40.773562,RES1-2SWB,RES,R12B,325071.29,162535.64,18.3499,20.3499,Above DFE,0,0
7530902,-72.844509,40.772491,RES1-1SWB,RES,R11B,305764.34,152882.17,21.8061,23.8061,Above DFE,0,0
7530904,-72.843546,40.772328,RES1-2SNB,RES,R12N,341060.65,170530.32,18.6561,19.1561,Above DFE,0,0
7530906,-72.843507,40.7731,RES1-2SWB,RES,R12B,350745.87,175372.94,17.2231,19.2231,Above DFE,0,0
7530908,-72.843459,40.772967,RES3A,RES,R3A1B,891403.47,445701.74,17.6075,19.6075,Above DFE,0,0
7530910,-72.84448,40.772782,RES1-1SWB,RES,R11B,286337,143168.5,19.6466,21.6466,Above DFE,0,0
7530912,-72.844975,40.772942,RES1-2SNB,RES,R12N,387062.35,193531.17,20.3204,20.8204,Above DFE,0,0
7530914,-72.845019,40.773212,RES3A,RES,R3A1B,903478.26,451739.13,20.6216,22.6216,Above DFE,0,0
7530916,-72.844652,40.773309,RES1-1SWB,RES,R11B,309600.04,154800.02,19.5761,21.5761,Above DFE,0,0
7530918,-72.842973,40.771984,RES1-3SWB,RES,R13B,556792.55,278396.27,16.3703,18.3703,Above DFE,0,0
7530919,-72.84432,40.772035,RES1-2SWB,RES,R12B,277948.95,138974.48,20.4356,22.4356,Above DFE,0,0
7530921,-72.843971,40.773514,RES1-1SWB,RES,R11B,250947.94,125473.97,16.8366,18.8366,Above DFE,0,0
7530923,-72.844217,40.773437,RES1-1SWB,RES,R11B,298398.73,149199.37,19.1797,21.1797,Above DFE,0,0
7530925,-72.842864,40.771689,RES1-2SWB,RES,R12B,465200.01,232600.01,17.1597,19.1597,Above DFE,0,0
7530927,-72.84401,40.772298,RES1-2SNB,RES,R12N,368693.86,184346.93,20.3675,20.8675,Above DFE,0,0
7530929,-72.843573,40.773271,COM1,NONRES,C1LN,NaN,NaN,17.8112,18.3112,Above DFE,0,0
7530931,-72.844841,40.772667,RES1-1SWB,RES,R11B,336151.63,168075.82,21.2078,23.2078,Above DFE,0,0
7530933,-72.844334,40.773082,REL1,NONRES,RE1LN,663482.31,663482.31,19.1195,19.6195,Above DFE,0,0
7530935,-72.844143,40.772288,RES1-1SNB,RES,R11N,107290.85,53645.42,20.3387,20.8387,Above DFE,0,0
7530937,-72.843912,40.772125,RES1-1SNB,RES,R11N,257648.67,128824.33,20.4224,21.9224,Above DFE,0,0
7530939,-72.844431,40.772243,RES1-1SNB,RES,R11N,239731.83,119865.91,21.1977,22.6977,Above DFE,0,0
7530941,-72.843176,40.772461,RES1-1SWB,RES,R11B,183025.16,91512.58,17.0968,19.0968,Above DFE,0,0
7530943,-72.843346,40.772793,RES1-3SWB,RES,R13B,575568.49,287784.25,16.6249,18.6249,Above DFE,0,0
7530945,-72.84415,40.772607,RES1-1SWB,RES,R11B,214721.07,107360.54,18.6986,20.6986,Above DFE,0,0
7530947,-72.842947,40.771846,RES1-1SNB,RES,R11N,135180.52,67590.26,17.5171,18.0171,Above DFE,0,0
7530996,-72.844264,40.764564,RES1-1SWB,RES,R11B,158493.31,79246.65,13.4495,15.4495,Above DFE,0,0
7530998,-72.844273,40.764269,RES1-1SNB,RES,R11N,248123.94,124061.97,12.6399,14.1399,Above DFE,0,0
7531000,-72.844801,40.764491,RES1-2SWB,RES,R12B,382092.01,191046.01,13.9602,15.9602,Above DFE,0,0
7531002,-72.845266,40.764109,RES1-2SWB,RES,R12B,348607.52,174303.76,12.7001,14.7001,Above DFE,0,0
7531004,-72.843868,40.764663,RES1-1SWB,RES,R11B,116803.66,58401.83,13.0736,15.0736,Above DFE,0,0
7531006,-72.844024,40.764326,RES1-3SWB,RES,R13B,522695.16,261347.58,13.3911,15.3911,Above DFE,0,0
7531008,-72.845384,40.764436,RES1-1SWB,RES,R11B,210577.91,105288.96,12.6269,14.6269,Above DFE,0,0
7531010,-72.844822,40.764285,RES1-1SNB,RES,R11N,80725.21,40362.61,13.2996,13.7996,Above DFE,0,0
7531012,-72.844524,40.764514,RES3A,RES,R3A1N,862196.08,431098.04,13.3169,13.8169,Above DFE,0,0
7531014,-72.844513,40.764192,RES1-1SWB,RES,R11B,220730.54,110365.27,12.9739,14.9739,Above DFE,0,0
7531016,-72.843553,40.76475,RES1-1SNB,RES,R11N,154743.01,77371.51,12.9395,13.4395,Above DFE,0,0
7531018,-72.844912,40.764117,RES1-2SNB,RES,R12N,253337.66,126668.83,12.9907,14.4907,Above DFE,0,0
7531046,-72.844305,40.762803,RES1-1SNB,RES,R11N,190152.46,95076.23,13.0764,13.5764,Above DFE,0,0
7531047,-72.843327,40.763365,RES1-1SWB,RES,R11B,218602.47,109301.23,12.891,14.891,Above DFE,0,0
7531049,-72.842879,40.763141,RES1-1SNB,RES,R11N,170579.45,85289.73,12.5412,13.0412,Above DFE,0,0
7531051,-72.8434,40.76302,RES1-1SWB,RES,R11B,118706.83,59353.41,12.8462,14.8462,Above DFE,0,0
7531053,-72.844204,40.763137,RES1-1SWB,RES,R11B,270679.66,135339.83,14.5046,16.5046,Above DFE,0,0
7531055,-72.843966,40.762902,RES1-2SNB,RES,R12N,294439.51,147219.75,14.1166,14.6166,Above DFE,0,0
7531057,-72.843746,40.762961,RES1-2SWB,RES,R12B,331010.15,165505.07,13.2964,15.2964,Above DFE,0,0
7531059,-72.844392,40.763107,RES1-2SNB,RES,R12N,252111.3,126055.65,14.1533,14.6533,Above DFE,0,0
7531061,-72.844611,40.762935,RES1-2SNB,RES,R12N,601903.2,300951.6,14.6336,15.1336,Above DFE,0,0
7531063,-72.843814,40.763225,RES1-2SWB,RES,R12B,287663.4,143831.7,12.8444,14.8444,Above DFE,0,0
7531114,-72.84527,40.782575,RES3A,RES,R3A3B,818279.77,409139.89,28.1856,30.1856,Above DFE,0,0
7531116,-72.844681,40.782668,RES3A,RES,R3A1B,830051.54,415025.77,27.5501,29.5501,Above DFE,0,0
7531118,-72.844612,40.782973,RES3A,RES,R3A1B,772290.95,386145.47,29.0733,31.0733,Above DFE,0,0
7531120,-72.845732,40.782016,RES3A,RES,R3A3B,846927.07,423463.54,27.1179,29.1179,Above DFE,0,0
7531122,-72.845355,40.781609,RES3A,RES,R3A1B,860171.41,430085.71,27.5927,29.5927,Above DFE,0,0
7531124,-72.846118,40.781719,RES3A,RES,R3A1B,647884.89,323942.45,26.8797,28.8797,Above DFE,0,0
7531126,-72.845104,40.78264,RES3A,RES,R3A3B,739664.56,369832.28,27.0985,29.0985,Above DFE,0,0
7531128,-72.844931,40.782066,RES3A,RES,R3A1N,669038.52,334519.26,25.9054,26.4054,Above DFE,0,0
7531130,-72.845486,40.782195,COM3,NONRES,C3LN,NaN,NaN,28.0512,28.5512,Above DFE,0,0
7531132,-72.845778,40.781575,COM4,NONRES,C4LN,NaN,NaN,25.9328,26.4328,Above DFE,0,0
7531134,-72.844813,40.782387,RES3A,RES,R3A1B,781820.21,390910.1,27.1795,29.1795,Above DFE,0,0
7531136,-72.846398,40.781577,RES1-2SWB,RES,R12B,222518.9,111259.45,26.7606,28.7606,Above DFE,0,0
7531138,-72.845377,40.782465,RES1-1SWB,RES,R11B,158726.97,79363.49,27.2649,29.2649,Above DFE,0,0
7531140,-72.845851,40.781892,RES1-2SNB,RES,R12N,241997.59,120998.8,26.3273,26.8273,Above DFE,0,0
7531142,-72.845443,40.782367,RES1-1SNB,RES,R11N,124973.52,62486.76,27.1158,27.6158,Above DFE,0,0
7531197,-72.845685,40.777907,RES1-2SWB,RES,R12B,330835.16,165417.58,22.5545,24.5545,Above DFE,0,0
7531199,-72.847231,40.779024,COM1,NONRES,C1LN,2802729.19,2802729.19,25.2478,25.7478,Above DFE,0,0
7531201,-72.846217,40.779141,RES1-1SWB,RES,R11B,240420.04,120210.02,25.6349,27.6349,Above DFE,0,0
7531203,-72.846728,40.779518,RES1-1SWB,RES,R11B,171250.41,85625.2,24.1853,26.1853,Above DFE,0,0
7531205,-72.845741,40.778031,RES1-2SWB,RES,R12B,297222.41,148611.2,22.312,24.312,Above DFE,0,0
7531207,-72.845821,40.778153,RES1-2SNB,RES,R12N,322396.56,161198.28,22.0499,23.5499,Above DFE,0,0
7531209,-72.847061,40.777842,RES1-2SNB,RES,R12N,265395.85,132697.92,24.1361,25.6361,Above DFE,0,0
7531211,-72.847287,40.778277,RES1-2SWB,RES,R12B,466904.21,233452.1,23.7533,25.7533,Above DFE,0,0
7531213,-72.846726,40.777201,RES1-1SWB,RES,R11B,346537.27,173268.64,23.4673,25.4673,Above DFE,0,0
7531215,-72.846381,40.779343,RES1-2SNB,RES,R12N,395355.24,197677.62,25.8619,26.3619,Above DFE,0,0
7531217,-72.847424,40.778471,RES1-1SNB,RES,R11N,175421.38,87710.69,23.7942,24.2942,Above DFE,0,0
7531218,-72.846823,40.777313,RES1-1SWB,RES,R11B,279928.17,139964.09,23.5575,25.5575,Above DFE,0,0
7531220,-72.845467,40.777495,RES1-2SWB,RES,R12B,320508.31,160254.15,21.7633,23.7633,Above DFE,0,0
7531223,-72.845804,40.778316,RES1-1SNB,RES,R11N,181417.49,90708.74,22.8672,24.3672,Above DFE,0,0
7531225,-72.846054,40.778597,COM8,NONRES,C8LN,785322.46,785322.46,23.239,23.739,Above DFE,0,0
7531227,-72.847173,40.778019,RES1-1SWB,RES,R11B,210163.45,105081.73,24.6388,26.6388,Above DFE,0,0
7531229,-72.847831,40.779508,COM4,NONRES,C4LN,1559219.93,1559219.93,26.9079,27.4079,Above DFE,0,0
7531231,-72.846124,40.778866,RES1-1SNB,RES,R11N,240356.84,120178.42,24.7403,26.2403,Above DFE,0,0
7531233,-72.845625,40.777771,RES1-2SWB,RES,R12B,311042.02,155521.01,22.1729,24.1729,Above DFE,0,0
7531235,-72.84684,40.777699,RES1-1SNB,RES,R11N,180547.63,90273.82,25.2228,25.7228,Above DFE,0,0
7531237,-72.846746,40.777072,RES1-1SWB,RES,R11B,291626.72,145813.36,24.0077,26.0077,Above DFE,0,0
7531239,-72.846905,40.777444,RES1-1SWB,RES,R11B,159784.08,79892.04,23.2269,25.2269,Above DFE,0,0
7531241,-72.845913,40.77734,RES1-1SNB,RES,R11N,234377.04,117188.52,21.9282,22.4282,Above DFE,0,0
7532006,-72.846086,40.758576,RES1-1SWB,RES,R11B,343238.16,171619.08,4.3829,6.3829,Under DFE,0,0
7532008,-72.846733,40.75983,RES1-2SWB,RES,R12B,351950.36,175975.18,9.1487,11.1487,Above DFE,0,0
7532010,-72.846365,40.759224,RES1-2SNB,RES,R12N,303526.87,151763.43,6.9631,7.4631,Under DFE,0,0
7532012,-72.846299,40.759002,RES1-1SWB,RES,R11B,199880.2,99940.1,6.1201,8.1201,Under DFE,0,0
7532014,-72.846855,40.759387,RES1-3SWB,RES,R13B,493557.32,246778.66,6.5289,8.5289,Under DFE,0,0
7532016,-72.846428,40.758396,RES1-1SWB,RES,R11B,206386.44,103193.22,5.9813,7.9813,Under DFE,0,0
7532114,-72.846377,40.765136,RES1-2SWB,RES,R12B,85880.7,42940.35,14.9342,16.9342,Above DFE,0,0
7532116,-72.846491,40.765044,RES1-1SWB,RES,R11B,146130.17,73065.08,14.5123,16.5123,Above DFE,0,0
7532118,-72.846501,40.766167,RES1-2SNB,RES,R12N,282469.54,141234.77,14.0656,14.5656,Above DFE,0,0
7532120,-72.846795,40.765839,RES1-1SWB,RES,R11B,225603.29,112801.65,16.273,18.273,Above DFE,0,0
7532122,-72.84601,40.764742,RES1-2SNB,RES,R12N,262793.47,131396.74,14.2211,15.7211,Above DFE,0,0
7532124,-72.846075,40.765085,RES1-1SWB,RES,R11B,174798,87399,14.7486,16.7486,Above DFE,0,0
7532126,-72.846691,40.765533,RES3A,RES,R3A1B,567635.7,283817.85,15.9292,17.9292,Above DFE,0,0
7532128,-72.846821,40.766077,RES1-2SWB,RES,R12B,320151.38,160075.69,16.0468,18.0468,Above DFE,0,0
7532130,-72.846104,40.764993,RES1-1SWB,RES,R11B,85487.75,42743.88,13.8549,15.8549,Above DFE,0,0
7532132,-72.846407,40.765214,RES1-2SNB,RES,R12N,156553.88,78276.94,15.284,16.784,Above DFE,0,0
7532134,-72.846273,40.765593,RES1-2SWB,RES,R12B,304739.34,152369.67,13.9065,15.9065,Above DFE,0,0
7532136,-72.846408,40.764863,RES1-2SNB,RES,R12N,292775.99,146388,14.6367,15.1367,Above DFE,0,0
7532138,-72.847029,40.773564,RES1-1SWB,RES,R11B,226999.58,113499.79,22.7417,24.7417,Above DFE,0,0
7532140,-72.846706,40.773838,RES3A,RES,R3A1B,616616.53,308308.26,22.6743,24.6743,Above DFE,0,0
7532142,-72.846647,40.773384,RES1-1SNB,RES,R11N,242350.41,121175.21,22.4182,22.9182,Above DFE,0,0
7532144,-72.847077,40.773802,RES1-1SNB,RES,R11N,268444.46,134222.23,23.5233,24.0233,Above DFE,0,0
7532146,-72.847075,40.774099,RES1-2SNB,RES,R12N,297406.84,148703.42,22.9436,23.4436,Above DFE,0,0
7532148,-72.84674,40.774086,RES1-2SWB,RES,R12B,351052.92,175526.46,22.7887,24.7887,Above DFE,0,0
7532150,-72.847042,40.773341,RES1-2SWB,RES,R12B,389747.51,194873.75,23.5313,25.5313,Above DFE,0,0
7532355,-72.849694,40.754762,RES1-1SWB,RES,R11B,329931.42,164965.71,5.5535,7.5535,Under DFE,0,0
7532357,-72.849453,40.754823,RES1-1SNB,RES,R11N,286375.18,143187.59,6.054,6.554,Under DFE,0,0
7530808,-72.843682,40.761495,RES1-1SWB,RES,R11B,186391.3,93195.65,11.9495,13.9495,Above DFE,0,0
7532275,-72.847538,40.773311,RES1-1SWB,RES,R11B,221325.17,110662.59,23.8807,25.8807,Above DFE,0,0
7532277,-72.847926,40.773296,RES1-2SWB,RES,R12B,383769.74,191884.87,23.7956,25.7956,Above DFE,0,0
7532279,-72.847945,40.773602,RES1-1SWB,RES,R11B,273170.29,136585.15,22.0153,24.0153,Above DFE,0,0
7532281,-72.847572,40.773665,RES1-2SWB,RES,R12B,334923.08,167461.54,22.6762,24.6762,Above DFE,0,0
7532283,-72.847661,40.774061,RES1-2SWB,RES,R12B,420548.43,210274.21,22.0652,24.0652,Above DFE,0,0
7532319,-72.848093,40.771133,RES1-2SNB,RES,R12N,294481.54,147240.77,21.7822,22.2822,Above DFE,0,0
7532321,-72.847177,40.771545,RES1-2SWB,RES,R12B,252207.52,126103.76,21.1756,23.1756,Above DFE,0,0
7532323,-72.847401,40.771277,COM2,NONRES,C2LN,NaN,NaN,22.0763,22.5763,Above DFE,0,0
7532325,-72.84678,40.771394,RES1-1SWB,RES,R11B,217527.78,108763.89,22.0701,24.0701,Above DFE,0,0
7532327,-72.846851,40.771566,RES1-2SNB,RES,R12N,305742.73,152871.37,22.4042,22.9042,Above DFE,0,0
7532329,-72.847523,40.771508,RES1-1SWB,RES,R11B,174885.04,87442.52,21.2783,23.2783,Above DFE,0,0
7532331,-72.847084,40.771332,RES1-2SWB,RES,R12B,340527.8,170263.9,20.472,22.472,Above DFE,0,0
7532333,-72.848214,40.771408,RES1-2SNB,RES,R12N,295216.25,147608.12,22.1118,22.6118,Above DFE,0,0
7532335,-72.847769,40.771232,RES1-1SNB,RES,R11N,206430.49,103215.24,22.4253,22.9253,Above DFE,0,0
7532337,-72.846448,40.771527,RES3A,RES,R3A1N,967609.35,483804.67,22.3558,22.8558,Above DFE,0,0
7532339,-72.848318,40.755044,RES1-2SWB,RES,R12B,486494.07,243247.04,5.8655,7.8655,Under DFE,0,0
7532341,-72.849269,40.755073,RES1-1SWB,RES,R11B,365012.95,182506.47,6.2531,8.2531,Under DFE,0,0
7532343,-72.848276,40.755271,RES1-1SNB,RES,R11N,257053.84,128526.92,5.533,7.033,Under DFE,0,0
7532345,-72.84862,40.755273,RES1-1SNB,RES,R11N,238619.52,119309.76,5.6482,7.1482,Under DFE,0,0
7532347,-72.849104,40.755149,RES1-1SWB,RES,R11B,190659.3,95329.65,5.3599,7.3599,Under DFE,0,0
7532349,-72.849571,40.755049,RES1-1SNB,RES,R11N,206787.92,103393.96,5.7089,6.2089,Under DFE,0,0
7532351,-72.849171,40.754801,RES1-2SWB,RES,R12B,456999.66,228499.83,5.7141,7.7141,Under DFE,0,0
7532353,-72.848606,40.754949,RES1-1SWB,RES,R11B,455229.47,227614.74,6.6921,8.6921,Under DFE,0,0
7530810,-72.842433,40.761968,RES1-1SWB,RES,R11B,282724.7,141362.35,11.7585,13.7585,Above DFE,0,0
7530812,-72.842519,40.762107,RES1-2SWB,RES,R12B,540724.18,270362.09,10.7968,12.7968,Above DFE,0,0
7530776,-72.843392,40.76263,RES3A,RES,R3A1B,691701.31,345850.65,12.5339,14.5339,Above DFE,0,0
7530778,-72.843261,40.762656,RES1-3SWB,RES,R13B,359029.08,179514.54,12.7831,14.7831,Above DFE,0,0
7530780,-72.842923,40.762403,RES1-1SWB,RES,R11B,216846.01,108423.01,12.3779,14.3779,Above DFE,0,0
7530782,-72.842645,40.762489,RES1-2SWB,RES,R12B,299702.82,149851.41,13.4152,15.4152,Above DFE,0,0
7530784,-72.844326,40.762106,RES1-1SNB,RES,R11N,164586.46,82293.23,13.0736,14.5736,Above DFE,0,0
7530786,-72.844449,40.762408,RES1-1SWB,RES,R11B,139208.86,69604.43,12.3782,14.3782,Above DFE,0,0
7530788,-72.843302,40.762293,RES1-1SWB,RES,R11B,160578.06,80289.03,12.5297,14.5297,Above DFE,0,0
7530790,-72.843574,40.762237,RES1-1SNB,RES,R11N,113988.14,56994.07,12.807,13.307,Above DFE,0,0
7530792,-72.842749,40.762784,RES1-1SWB,RES,R11B,192817.72,96408.86,13.4161,15.4161,Above DFE,0,0
7530794,-72.843827,40.762195,RES1-1SWB,RES,R11B,258313.06,129156.53,13.1334,15.1334,Above DFE,0,0
7530796,-72.84406,40.762114,RES1-1SWB,RES,R11B,123469.93,61734.97,12.115,14.115,Above DFE,0,0
7530798,-72.844079,40.762459,RES1-1SWB,RES,R11B,211892.89,105946.44,13.5293,15.5293,Above DFE,0,0
7530800,-72.84343,40.761903,RES1-2SWB,RES,R12B,385299.12,192649.56,12.2329,14.2329,Above DFE,0,0
7530802,-72.844209,40.761728,RES1-1SWB,RES,R11B,322993.65,161496.83,12.0408,14.0408,Above DFE,0,0
7530804,-72.843036,40.761726,RES1-1SWB,RES,R11B,142066.75,71033.38,11.6087,13.6087,Above DFE,0,0
7530806,-72.843781,40.761821,RES1-2SWB,RES,R12B,271291.74,135645.87,13.1786,15.1786,Above DFE,0,0
7533574,-72.849032,40.763512,RES1-3SWB,RES,R13B,456341.81,228170.9,9.556,11.556,Above DFE,0,0
7533562,-72.848482,40.748351,RES3A,RES,R3A3B,799664.66,399832.33,2.7041,4.7041,Under DFE,0,0
7533564,-72.848915,40.748337,RES3A,RES,R3A3B,784643.15,392321.58,1.7924,3.7924,Under DFE,0,0
7533566,-72.84886,40.762055,RES1-1SWB,RES,R11B,369867.46,184933.73,7.9427,9.9427,Under DFE,0,0
7533568,-72.848963,40.76325,RES1-1SWB,RES,R11B,171051.4,85525.7,9.8603,11.8603,Above DFE,0,0
7533570,-72.848828,40.762981,RES1-1SWB,RES,R11B,264423.77,132211.88,7.8589,9.8589,Under DFE,0,0
7533572,-72.848554,40.76227,RES1-2SNB,RES,R12N,256417.21,128208.61,10.7189,12.2189,Above DFE,0,0
7533576,-72.848719,40.762739,RES1-1SNB,RES,R11N,160210.23,80105.12,8.3065,9.8065,Under DFE,0,0
7533578,-72.84948,40.763477,RES1-1SWB,RES,R11B,234309.62,117154.81,7.9344,9.9344,Under DFE,0,0
7533580,-72.849209,40.762871,RES1-2SWB,RES,R12B,247082.22,123541.11,6.2125,8.2125,Under DFE,0,0
7533582,-72.849285,40.763671,RES1-2SWB,RES,R12B,386952.89,193476.45,10.8682,12.8682,Above DFE,0,0
7533584,-72.849257,40.763822,REL1,NONRES,RE1LN,996604.29,996604.29,11.6405,12.1405,Above DFE,0,0
7533586,-72.848814,40.762856,RES1-1SWB,RES,R11B,142876.05,71438.03,7.8175,9.8175,Under DFE,0,0
7533587,-72.848416,40.761991,RES1-2SWB,RES,R12B,342278.83,171139.41,8.9959,10.9959,Above DFE,0,0
7533589,-72.848894,40.763081,RES1-2SWB,RES,R12B,447509.37,223754.68,7.8408,9.8408,Under DFE,0,0
7533591,-72.848961,40.762206,RES1-1SWB,RES,R11B,189338.67,94669.33,7.4916,9.4916,Under DFE,0,0
7533593,-72.849306,40.763167,RES1-1SWB,RES,R11B,198738.33,99369.17,7.5767,9.5767,Under DFE,0,0
7533826,-72.849243,40.756538,RES1-2SNB,RES,R12N,344853.36,172426.68,4.7738,6.2738,Under DFE,0,0
7533660,-72.850274,40.756934,RES1-1SNB,RES,R11N,207408.51,103704.25,5.9339,7.4339,Under DFE,0,0
7533662,-72.850705,40.756851,RES1-1SWB,RES,R11B,242394.12,121197.06,7.361,9.361,Under DFE,0,0
7533664,-72.84964,40.756767,RES1-1SNB,RES,R11N,233388.11,116694.05,5.1703,5.6703,Under DFE,0,0
7533666,-72.850494,40.756561,RES1-1SNB,RES,R11N,225522.98,112761.49,7.1073,8.6073,Under DFE,0,0
7533668,-72.849999,40.756664,RES1-1SNB,RES,R11N,222912.82,111456.41,6.9206,8.4206,Under DFE,0,0
7533670,-72.849679,40.757033,RES1-2SWB,RES,R12B,476127.96,238063.98,5.881,7.881,Under DFE,0,0
7533828,-72.849739,40.756064,RES1-1SWB,RES,R11B,428324.61,214162.3,5.3888,7.3888,Under DFE,0,0
7533710,-72.849952,40.762529,RES1-2SWB,RES,R12B,289698,144849,5.1159,7.1159,Under DFE,0,0
7533712,-72.850177,40.763723,RES1-2SNB,RES,R12N,334637.53,167318.76,8.0344,9.5344,Under DFE,0,0
7533714,-72.849825,40.762287,RES1-1SNB,RES,R11N,239782.32,119891.16,4.4366,4.9366,Under DFE,0,0
7533716,-72.849385,40.762027,RES1-1SNB,RES,R11N,138370.94,69185.47,4.4758,4.9758,Under DFE,0,0
7533718,-72.849465,40.762313,RES1-2SNB,RES,R12N,238421.14,119210.57,4.979,5.479,Under DFE,0,0
7533720,-72.850259,40.763595,RES1-2SNB,RES,R12N,1100472.5,550236.25,7.4479,8.9479,Under DFE,0,0
7533722,-72.850025,40.762692,RES1-2SNB,RES,R12N,260294.52,130147.26,5.5265,6.0265,Under DFE,0,0
7533724,-72.849709,40.761952,RES1-2SNB,RES,R12N,401815.65,200907.82,6.8863,7.3863,Under DFE,0,0
7533726,-72.84972,40.762865,RES1-1SNB,RES,R11N,169668.52,84834.26,9.2892,10.7892,Above DFE,0,0
7533830,-72.849389,40.756151,RES1-2SNB,RES,R12N,494051.64,247025.82,6.7925,7.2925,Under DFE,0,0
7533832,-72.849054,40.75622,RES1-2SWB,RES,R12B,451111,225555.5,7.2291,9.2291,Under DFE,0,0
7533820,-72.85031,40.756235,RES1-1SNB,RES,R11N,227484.76,113742.38,7.2226,8.7226,Under DFE,0,0
7533822,-72.850022,40.756307,RES1-1SNB,RES,R11N,260750.83,130375.42,5.4819,5.9819,Under DFE,0,0
7533824,-72.84866,40.756304,RES1-1SNB,RES,R11N,263286.86,131643.43,4.0916,5.5916,Under DFE,0,0
7533834,-72.849636,40.756421,RES1-1SNB,RES,R11N,316058.5,158029.25,5.5462,7.0462,Under DFE,0,0
7533970,-72.851115,40.758086,RES1-2SNB,RES,R12N,378514.4,189257.2,9.9483,11.4483,Above DFE,0,0
7533971,-72.850842,40.758176,RES1-1SWB,RES,R11B,314825.92,157412.96,8.422,10.422,Above DFE,0,0
7533974,-72.850284,40.758031,RES1-1SWB,RES,R11B,243452.95,121726.48,6.9188,8.9188,Under DFE,0,0
7533976,-72.850356,40.758209,RES1-1SNB,RES,R11N,231217.64,115608.82,7.7052,8.2052,Under DFE,0,0
7533978,-72.850467,40.758148,RES1-1SWB,RES,R11B,136876.38,68438.19,7.3528,9.3528,Under DFE,0,0
7533980,-72.850995,40.757788,RES1-1SNB,RES,R11N,183008.77,91504.38,9.065,9.565,Under DFE,0,0
7534135,-72.851275,40.755036,RES1-1SWB,RES,R11B,197723.08,98861.54,6.5747,8.5747,Under DFE,0,0
7534137,-72.851498,40.755603,RES1-1SNB,RES,R11N,162631.08,81315.54,5.5664,6.0664,Under DFE,0,0
7534133,-72.851371,40.755177,RES1-1SNB,RES,R11N,174885.3,87442.65,6.4373,7.9373,Under DFE,0,0
7534139,-72.852334,40.756402,RES1-1SWB,RES,R11B,179160.89,89580.44,5.0186,7.0186,Under DFE,0,0
7534141,-72.85165,40.754925,RES1-2SNB,RES,R12N,207943.32,103971.66,4.4901,4.9901,Under DFE,0,0
7534143,-72.85175,40.756035,RES1-3SWB,RES,R13B,501909.7,250954.85,8.0502,10.0502,Above DFE,0,0
7534145,-72.85217,40.756143,RES1-1SNB,RES,R11N,186237.2,93118.6,5.1757,5.6757,Under DFE,0,0
7534147,-72.851914,40.755397,RES1-1SWB,RES,R11B,174825.34,87412.67,4.4874,6.4874,Under DFE,0,0
7534149,-72.851643,40.755791,RES1-1SWB,RES,R11B,195483.6,97741.8,5.6929,7.6929,Under DFE,0,0
7534151,-72.851402,40.755302,RES1-1SNB,RES,R11N,166437.42,83218.71,5.2624,5.7624,Under DFE,0,0
7534153,-72.851827,40.756247,IND6,NONRES,I6LN,NaN,NaN,6.6798,7.1798,Under DFE,0,0
7534155,-72.852034,40.755774,RES1-1SNB,RES,R11N,175877.67,87938.84,4.9948,6.4948,Under DFE,0,0
7534157,-72.852012,40.756537,RES1-2SWB,RES,R12B,256483.99,128242,7.381,9.381,Under DFE,0,0
7534159,-72.852133,40.755952,RES1-1SNB,RES,R11N,121251.3,60625.65,3.8146,4.3146,Under DFE,0,0
7535568,-72.85462,40.747215,RES1-1SWB,RES,R11B,215622.48,107811.24,2.018,4.018,Under DFE,0,0
7535570,-72.854527,40.747305,RES1-2SNB,RES,R12N,179609.75,89804.87,2.0753,3.5753,Under DFE,0,0
7535571,-72.853163,40.748153,RES1-1SNB,RES,R11N,267946.89,133973.44,3.3724,4.8724,Under DFE,0,0
7535573,-72.852919,40.747914,RES1-1SWB,RES,R11B,228733.43,114366.71,3.2601,5.2601,Under DFE,0,0
7535575,-72.854347,40.747186,RES1-1SNB,RES,R11N,203206.99,101603.5,3.0936,4.5936,Under DFE,0,0
7535577,-72.85322,40.747574,RES1-2SNB,RES,R12N,249449.81,124724.9,2.0063,2.5063,Under DFE,0,0
7535579,-72.854291,40.747486,RES1-2SNB,RES,R12N,369594.4,184797.2,2.39,2.89,Under DFE,0,0
7535581,-72.85336,40.74749,RES1-2SNB,RES,R12N,298917.32,149458.66,2.8375,4.3375,Under DFE,0,0
7535583,-72.85456,40.747507,RES1-1SWB,RES,R11B,308272.2,154136.1,3.748,5.748,Under DFE,0,0
7535585,-72.854004,40.756386,RES1-1SNB,RES,R11N,164352.39,82176.19,7.2112,7.7112,Under DFE,0,0
7535587,-72.854127,40.75647,RES1-1SWB,RES,R11B,142620.22,71310.11,7.5549,9.5549,Under DFE,0,0
7535589,-72.853827,40.756741,RES3A,RES,R3A1B,708672.2,354336.1,7.2838,9.2838,Under DFE,0,0
7535591,-72.854738,40.757647,RES1-1SWB,RES,R11B,182026.9,91013.45,9.4569,11.4569,Above DFE,0,0
7535593,-72.854482,40.757059,RES1-1SWB,RES,R11B,245798.64,122899.32,8.4446,10.4446,Above DFE,0,0
7535595,-72.854083,40.757202,RES1-1SWB,RES,R11B,153027.06,76513.53,9.6014,11.6014,Above DFE,0,0
7535597,-72.853988,40.756994,RES1-2SWB,RES,R12B,269737.83,134868.91,8.8092,10.8092,Above DFE,0,0
7535599,-72.854302,40.757801,RES1-1SWB,RES,R11B,181838.44,90919.22,11.0876,13.0876,Above DFE,0,0
7535601,-72.854426,40.758024,RES1-2SWB,RES,R12B,349911.05,174955.53,11.3647,13.3647,Above DFE,0,0
7535603,-72.854771,40.757865,RES1-1SWB,RES,R11B,178148.72,89074.36,10.9637,12.9637,Above DFE,0,0
7535280,-72.852202,40.749539,RES3A,RES,R3A1B,887514.7,443757.35,2.4934,4.4934,Under DFE,0,0
7535282,-72.849461,40.750578,RES1-1SNB,RES,R11N,239443.52,119721.76,2.2077,3.7077,Under DFE,0,0
7535284,-72.849648,40.750696,RES1-1SWB,RES,R11B,230610.35,115305.17,3.0519,5.0519,Under DFE,0,0
7535286,-72.849539,40.750806,RES1-1SNB,RES,R11N,260460.75,130230.37,5.8738,6.3738,Under DFE,0,0
7535288,-72.849277,40.750208,RES1-1SNB,RES,R11N,232995.96,116497.98,2.2499,2.7499,Under DFE,0,0
7535290,-72.849138,40.749939,RES1-1SNB,RES,R11N,265423,132711.5,2.6903,3.1903,Under DFE,0,0
7535292,-72.851874,40.748576,RES1-1SWB,RES,R11B,225379.43,112689.71,3.6253,5.6253,Under DFE,0,0
7535364,-72.852924,40.761095,RES1-1SNB,RES,R11N,194393.83,97196.91,11.1359,12.6359,Above DFE,0,0
7535366,-72.853545,40.761817,RES1-1SNB,RES,R11N,172419.23,86209.62,12.7258,14.2258,Above DFE,0,0
7535368,-72.852866,40.760884,RES1-3SNB,RES,R13N,578460.68,289230.34,11.1021,11.6021,Above DFE,0,0
7535370,-72.853261,40.760762,RES1-1SWB,RES,R11B,178145.86,89072.93,11.6069,13.6069,Above DFE,0,0
7535372,-72.8524634242058,40.7612439960346,RES1-1SWB,RES,R11B,233285.45,116642.72,11.3592,13.3592,Above DFE,0,0
7535374,-72.853099,40.760802,RES1-1SWB,RES,R11B,274576.46,137288.23,11.3479,13.3479,Above DFE,0,0
7535376,-72.853409,40.76155,RES1-2SWB,RES,R12B,430783.06,215391.53,13.5315,15.5315,Above DFE,0,0
7535378,-72.853543,40.761684,RES1-1SWB,RES,R11B,261345.75,130672.88,12.569,14.569,Above DFE,0,0
7535380,-72.853264,40.761402,RES1-1SNB,RES,R11N,219437.82,109718.91,12.4063,12.9063,Above DFE,0,0
7535544,-72.853801,40.753934,RES1-1SWB,RES,R11B,119306.06,59653.03,3.8675,5.8675,Under DFE,0,0
7535546,-72.853668,40.754056,RES1-1SWB,RES,R11B,226205.54,113102.77,5.0379,7.0379,Under DFE,0,0
7535548,-72.853841,40.753625,RES1-1SNB,RES,R11N,121847.83,60923.91,4.2739,4.7739,Under DFE,0,0
7535550,-72.853772,40.75317,RES1-2SNB,RES,R12N,295631.08,147815.54,4.8228,5.3228,Under DFE,0,0
7535552,-72.853483,40.753535,RES1-1SWB,RES,R11B,166878,83439,4.4066,6.4066,Under DFE,0,0
7535554,-72.853911,40.753773,RES1-1SWB,RES,R11B,123241.85,61620.92,4.2703,6.2703,Under DFE,0,0
7535556,-72.853822,40.753338,RES1-1SWB,RES,R11B,160524.93,80262.46,4.5218,6.5218,Under DFE,0,0
7535558,-72.853254,40.753014,RES1-2SWB,RES,R12B,281611.18,140805.59,3.9695,5.9695,Under DFE,0,0
7535560,-72.853371,40.752432,RES1-2SWB,RES,R12B,367502.57,183751.29,3.7846,5.7846,Under DFE,0,0
7535562,-72.853947,40.753999,RES1-1SNB,RES,R11N,157117.26,78558.63,4.2145,4.7145,Under DFE,0,0
7535564,-72.853578,40.753722,RES1-1SWB,RES,R11B,183094.61,91547.3,3.9114,5.9114,Under DFE,0,0
7535566,-72.853819,40.747646,RES1-1SNB,RES,R11N,191038.62,95519.31,2.8717,3.3717,Under DFE,0,0
7535605,-72.854343,40.75684,RES1-3SWB,RES,R13B,579723.23,289861.62,8.1496,10.1496,Above DFE,0,0
7535607,-72.854419,40.757419,RES1-2SWB,RES,R12B,328047.03,164023.52,9.274,11.274,Above DFE,0,0
7535636,-72.854269,40.751156,RES1-2SNB,RES,R12N,408753.23,204376.61,4.8179,5.3179,Under DFE,0,0
7535638,-72.854425,40.751125,RES1-1SWB,RES,R11B,196580.33,98290.16,4.4678,6.4678,Under DFE,0,0
7535640,-72.855128,40.750805,RES1-1SNB,RES,R11N,192364.05,96182.02,3.4857,3.9857,Under DFE,0,0
7535642,-72.856085,40.751163,RES1-1SNB,RES,R11N,204097.82,102048.91,4.6789,6.1789,Under DFE,0,0
7535644,-72.854686,40.751059,RES1-3SNB,RES,R13N,524909.98,262454.99,5.9115,6.4115,Under DFE,0,0
7535646,-72.85417,40.750839,RES1-1SWB,RES,R11B,226002.73,113001.36,3.6926,5.6926,Under DFE,0,0
7535648,-72.856087,40.751021,RES1-1SWB,RES,R11B,199133.68,99566.84,4.1822,6.1822,Under DFE,0,0
7535650,-72.856058,40.750792,RES1-1SNB,RES,R11N,217237.09,108618.54,3.5736,4.0736,Under DFE,0,0
7535652,-72.855386,40.751102,RES1-1SWB,RES,R11B,219193.33,109596.67,4.0463,6.0463,Under DFE,0,0
7535654,-72.855787,40.750795,RES1-2SNB,RES,R12N,185601.06,92800.53,2.9819,3.4819,Under DFE,0,0
7535656,-72.855942,40.751063,RES1-2SNB,RES,R12N,110586.69,55293.35,4.5193,6.0193,Under DFE,0,0
7535658,-72.85563,40.751081,RES1-1SWB,RES,R11B,244072.18,122036.09,4.1969,6.1969,Under DFE,0,0
7535660,-72.855811,40.751093,RES1-1SWB,RES,R11B,198051.3,99025.65,3.8835,5.8835,Under DFE,0,0
7535662,-72.854866,40.750884,RES1-1SWB,RES,R11B,269568.33,134784.17,3.8022,5.8022,Under DFE,0,0
7535664,-72.854683,40.750816,RES1-1SWB,RES,R11B,289651.92,144825.96,3.8586,5.8586,Under DFE,0,0
7535666,-72.855015,40.751092,COM4,NONRES,C4LN,NaN,NaN,5.0538,5.5538,Under DFE,0,0
7536707,-72.855963,40.758344,RES1-1SWB,RES,R11B,232867.78,116433.89,10.398,12.398,Above DFE,0,0
7536709,-72.855343,40.758142,RES1-2SWB,RES,R12B,380762.38,190381.19,10.7081,12.7081,Above DFE,0,0
7536711,-72.855525,40.758367,RES1-1SWB,RES,R11B,141789.17,70894.59,10.6417,12.6417,Above DFE,0,0
7536713,-72.855643,40.758134,RES1,RES,R11N,233213.15,116606.57,9.9373,11.9373,Above DFE,0,0
7536715,-72.856311,40.758048,RES1-1SNB,RES,R11N,143336.43,71668.21,11.213,11.713,Above DFE,0,0
7536717,-72.856598,40.75812,RES1-1SWB,RES,R11B,188980.92,94490.46,11.7197,13.7197,Above DFE,0,0
7536719,-72.855202,40.75853,RES1-1SNB,RES,R11N,171402.75,85701.37,12.1196,12.6196,Above DFE,0,0
7536721,-72.855416,40.758483,RES1-1SWB,RES,R11B,247085.2,123542.6,11.0881,13.0881,Above DFE,0,0
7536723,-72.854922,40.758291,RES1-1SNB,RES,R11N,154254.19,77127.09,10.6603,12.1603,Above DFE,0,0
7536725,-72.854635,40.758649,RES1-2SWB,RES,R12B,538131.76,269065.88,11.3079,13.3079,Above DFE,0,0
7536727,-72.855952,40.758091,RES1-1SWB,RES,R11B,201952.51,100976.25,11.3225,13.3225,Above DFE,0,0
7536798,-72.856327,40.755318,RES3A,RES,R3A5B,744369.85,372184.92,8.1185,10.1185,Above DFE,0,0
7536800,-72.856402,40.754887,RES3A,RES,R3A3N,662836.06,331418.03,7.5119,9.0119,Under DFE,0,0
7536802,-72.856748,40.755534,RES3A,RES,R3A5N,704196.14,352098.07,8.0791,9.5791,Under DFE,0,0
7536804,-72.856353,40.755194,RES1-1SNB,RES,R11N,132213.74,66106.87,8.4729,9.9729,Under DFE,0,0
7536806,-72.856804,40.754115,RES1-1SNB,RES,R11N,121607.92,60803.96,8.2096,8.7096,Under DFE,0,0
7536808,-72.856347,40.755037,RES1-1SNB,RES,R11N,127834.8,63917.4,7.7426,8.2426,Under DFE,0,0
7536810,-72.856422,40.754418,RES1-2SWB,RES,R12B,258367.82,129183.91,7.5897,9.5897,Under DFE,0,0
7536812,-72.856384,40.754072,RES1-2SNB,RES,R12N,175129.94,87564.97,7.9656,8.4656,Under DFE,0,0
7536814,-72.856754,40.755132,COM5,NONRES,C5LN,NaN,NaN,8.625,9.125,Under DFE,0,0
7536816,-72.856434,40.754726,COM3,NONRES,C3LN,NaN,NaN,7.0494,7.5494,Under DFE,0,0
7536818,-72.856781,40.754626,RES1-1SWB,RES,R11B,176265.06,88132.53,7.1755,9.1755,Under DFE,0,0
7536820,-72.856815,40.754322,RES1-1SWB,RES,R11B,145986.73,72993.36,7.9383,9.9383,Under DFE,0,0
7536823,-72.856779,40.754805,RES1-1SWB,RES,R11B,177446.18,88723.09,7.3133,9.3133,Under DFE,0,0
7536825,-72.856352,40.755739,IND6,NONRES,I6LN,NaN,NaN,8.4172,8.9172,Under DFE,0,0
7536827,-72.856758,40.755713,RES1-1SWB,RES,R11B,160180.16,80090.08,9.7336,11.7336,Above DFE,0,0
7536829,-72.856293,40.762411,RES1-1SWB,RES,R11B,248273.75,124136.87,14.3856,16.3856,Above DFE,0,0
7536831,-72.856139,40.762429,COM1,NONRES,C1LN,NaN,NaN,14.1084,14.6084,Above DFE,0,0
7536833,-72.856893,40.762312,RES1-3SWB,RES,R13B,377112.11,188556.05,15.4734,17.4734,Above DFE,0,0
7536835,-72.857285,40.761904,COM3,NONRES,C3LN,379255.09,379255.09,14.3622,14.8622,Above DFE,0,0
7536837,-72.856795,40.762342,RES1-2SWB,RES,R12B,260517.99,130259,15.4091,17.4091,Above DFE,0,0
7536839,-72.856502,40.762042,RES1-1SWB,RES,R11B,136643.15,68321.58,14.8756,16.8756,Above DFE,0,0
7536841,-72.856125,40.762158,RES1-1SNB,RES,R11N,197700.15,98850.07,14.8997,15.3997,Above DFE,0,0
7537009,-72.856883,40.751757,RES1-2SWB,RES,R12B,281437.16,140718.58,4.2125,6.2125,Under DFE,0,0
7537011,-72.856839,40.751675,RES1-2SWB,RES,R12B,184538.99,92269.5,5.1179,7.1179,Under DFE,0,0
7537012,-72.856978,40.750994,RES1-2SNB,RES,R12N,240813.07,120406.54,3.9507,4.4507,Under DFE,0,0
7537014,-72.856556,40.750716,RES1-2SWB,RES,R12B,264520.55,132260.27,4.2266,6.2266,Under DFE,0,0
7537017,-72.856471,40.751477,RES1-1SNB,RES,R11N,117412.23,58706.12,3.8791,5.3791,Under DFE,0,0
7537019,-72.856933,40.751164,RES1-1SWB,RES,R11B,181771.77,90885.88,4.4107,6.4107,Under DFE,0,0
7537021,-72.856979,40.750696,COM4,NONRES,C4LN,NaN,NaN,3.9106,4.4106,Under DFE,0,0
7537023,-72.8565,40.751377,RES1-1SWB,RES,R11B,161130.91,80565.45,3.8009,5.8009,Under DFE,0,0
7537025,-72.856985,40.750189,RES1-1SNB,RES,R11N,146082.55,73041.28,3.2888,4.7888,Under DFE,0,0
7537027,-72.856956,40.75045,RES1-1SWB,RES,R11B,127980.97,63990.49,3.3695,5.3695,Under DFE,0,0
7537029,-72.856882,40.751472,RES1-1SNB,RES,R11N,250474.33,125237.16,4.31,4.81,Under DFE,0,0
7537031,-72.856566,40.750862,RES1-1SWB,RES,R11B,174010.37,87005.19,3.8525,5.8525,Under DFE,0,0
7537033,-72.856937,40.751275,RES1-1SWB,RES,R11B,164488.07,82244.04,4.2158,6.2158,Under DFE,0,0
7537035,-72.856482,40.751833,RES1-1SNB,RES,R11N,113648.83,56824.41,5.4507,5.9507,Under DFE,0,0
7537037,-72.856552,40.751234,RES1-1SNB,RES,R11N,259889.63,129944.82,3.5233,5.0233,Under DFE,0,0
7537039,-72.856567,40.750447,RES1-1SNB,RES,R11N,124602.38,62301.19,3.5045,5.0045,Under DFE,0,0
7537041,-72.856611,40.75025,RES1-1SNB,RES,R11N,131173.69,65586.85,3.4941,3.9941,Under DFE,0,0
7537043,-72.857501,40.749635,RES3A,RES,R3A3N,658626.28,329313.14,3.0382,4.5382,Under DFE,0,0
7537045,-72.85764,40.749728,RES1-1SNB,RES,R11N,107772.57,53886.28,3.6848,11.6848,Above DFE,0,0
7537047,-72.857488,40.749822,RES1-1SNB,RES,R11N,169101.73,84550.87,4.0534,12.0534,Above DFE,0,0
7537049,-72.857587,40.747972,RES3A,RES,R3A1N,667494.14,333747.07,2.4006,3.9006,Under DFE,0,0
7537051,-72.860954,40.752934,RES3A,RES,R3A1N,797606.78,398803.39,4.1397,12.1397,Above DFE,0,0
7537053,-72.859762,40.749811,RES3A,RES,R3A3N,675153.41,337576.7,2.9573,10.9573,Above DFE,0,0
7537055,-72.857886,40.749786,RES3A,RES,R3A3N,896126.77,448063.39,4.7068,6.2068,Under DFE,0,0
7537258,-72.860949,40.753231,RES3A,RES,R3A1N,715377.11,357688.55,4.8625,12.8625,Above DFE,0,0
7537993,-72.857652,40.7495,RES3A,RES,R3A3N,710801.94,355400.97,3.0827,11.0827,Above DFE,0,0
7537995,-72.858397,40.749741,RES1-1SNB,RES,R11N,137482.58,68741.29,1.944,9.944,Under DFE,0,0
7537996,-72.85852,40.749692,RES1-1SNB,RES,R11N,54635.31,27317.65,2.4949,10.4949,Above DFE,0,0
7537998,-72.860934,40.753456,RES1-2SNB,RES,R12N,271046.48,135523.24,4.1039,12.1039,Above DFE,0,0
7538000,-72.859306,40.749853,RES1-1SNB,RES,R11N,221358.08,110679.04,3.9903,11.9903,Above DFE,0,0
7538002,-72.860934,40.752692,RES1-2SNB,RES,R12N,253208.9,126604.45,3.3493,11.3493,Above DFE,0,0
7538004,-72.857539,40.748507,RES1-1SNB,RES,R11N,154295.92,77147.96,3.1052,4.6052,Under DFE,0,0
7538006,-72.860265,40.749888,COM4,NONRES,C4LN,NaN,NaN,3.8644,11.8644,Above DFE,0,0
7538094,-72.85756,40.756396,RES1-1SNB,RES,R11N,148490.45,74245.23,8.236,8.736,Under DFE,0,0
7538096,-72.857527,40.756587,RES1-1SWB,RES,R11B,171106.11,85553.06,8.3986,10.3986,Above DFE,0,0
7538098,-72.857163,40.756336,RES1-1SNB,RES,R11N,162311.41,81155.71,8.9552,10.4552,Above DFE,0,0
7538100,-72.857522,40.757779,RES1-1SNB,RES,R11N,208527.48,104263.74,12.2191,12.7191,Above DFE,0,0
7538102,-72.857388,40.757234,RES1-2SWB,RES,R12B,197138.15,98569.08,10.7096,12.7096,Above DFE,0,0
7538104,-72.85754,40.757522,RES1-2SNB,RES,R12N,234678.18,117339.09,11.6278,12.1278,Above DFE,0,0
7538107,-72.857159,40.756772,RES1-1SWB,RES,R11B,218584.25,109292.13,11.2205,13.2205,Above DFE,0,0
7538109,-72.857281,40.756538,RES1-1SWB,RES,R11B,139569.61,69784.81,8.8785,10.8785,Above DFE,0,0
7538111,-72.857544,40.756754,RES1-2SWB,RES,R12B,206260.17,103130.08,8.7607,10.7607,Above DFE,0,0
7538113,-72.8574,40.757427,RES1-1SNB,RES,R11N,107584.04,53792.02,11.3376,11.8376,Above DFE,0,0
7538115,-72.857552,40.757312,RES1-1SWB,RES,R11B,163689.7,81844.85,10.4376,12.4376,Above DFE,0,0
7538117,-72.857511,40.756873,RES1-1SWB,RES,R11B,142341.84,71170.92,9.3062,11.3062,Above DFE,0,0
7538119,-72.857562,40.757072,RES1-1SNB,RES,R11N,204249.16,102124.58,10.5918,12.0918,Above DFE,0,0
7538121,-72.85712,40.757422,RES1-3SNB,RES,R13N,623895.31,311947.65,11.0169,12.5169,Above DFE,0,0
7539268,-72.858724,40.751151,RES1-1SWB,RES,R11B,252801.12,126400.56,4.9695,6.9695,Under DFE,0,0
7539270,-72.858352,40.751598,RES1-1SWB,RES,R11B,244796.26,122398.13,6.2294,8.2294,Under DFE,0,0
7539272,-72.858372,40.750758,RES1-2SNB,RES,R12N,278841.17,139420.58,4.7872,5.2872,Under DFE,0,0
7539275,-72.858738,40.750928,RES1-3SNB,RES,R13N,513314.36,256657.18,3.9973,4.4973,Under DFE,0,0
7539277,-72.858698,40.750536,RES1-1SNB,RES,R11N,146058.59,73029.3,3.0074,3.5074,Under DFE,0,0
7539279,-72.85841,40.750571,RES1-1SWB,RES,R11B,184610.9,92305.45,3.64,5.64,Under DFE,0,0
7539280,-72.858732,40.750281,RES1-1SWB,RES,R11B,159447.35,79723.68,2.8362,4.8362,Under DFE,0,0
7539283,-72.858345,40.750932,RES1-1SNB,RES,R11N,127737.28,63868.64,5.4939,5.9939,Under DFE,0,0
7539285,-72.858323,40.751363,RES1-1SNB,RES,R11N,159508.19,79754.1,5.6659,6.1659,Under DFE,0,0
7539287,-72.858381,40.750414,RES1-1SWB,RES,R11B,164612.16,82306.08,3.533,5.533,Under DFE,0,0
7539289,-72.858282,40.751852,RES1-1SWB,RES,R11B,160755.98,80377.99,6.2584,8.2584,Under DFE,0,0
7539290,-72.858294,40.751146,RES1-1SWB,RES,R11B,197387.88,98693.94,6.031,8.031,Under DFE,0,0
7539292,-72.858738,40.75138,RES1-1SNB,RES,R11N,314451.87,157225.93,4.8896,6.3896,Under DFE,0,0
7539294,-72.858612,40.750269,RES1-1SWB,RES,R11B,131102.68,65551.34,3.1967,5.1967,Under DFE,0,0
7539296,-72.858313,40.750245,RES1-1SWB,RES,R11B,142176.88,71088.44,3.1886,5.1886,Under DFE,0,0
7539298,-72.858742,40.751611,RES1-1SNB,RES,R11N,114406.54,57203.27,5.6071,6.1071,Under DFE,0,0
7539435,-72.859208,40.759225,RES1-1SNB,RES,R11N,224811.75,112405.87,9.4925,9.9925,Under DFE,0,0
7539437,-72.859213,40.758144,RES1-1SWB,RES,R11B,344603.28,172301.64,8.266,10.266,Above DFE,0,0
7539439,-72.859145,40.760137,IND6,NONRES,I6LN,NaN,NaN,11.7131,12.2131,Above DFE,0,0
7539441,-72.858943,40.758651,RES1-2SNB,RES,R12N,158080.77,79040.39,11.3525,11.8525,Above DFE,0,0
7539443,-72.858853,40.758529,RES1-1SWB,RES,R11B,233806.82,116903.41,11.9893,13.9893,Above DFE,0,0
7539446,-72.85879,40.759058,RES1-1SWB,RES,R11B,130649.48,65324.74,12.5984,14.5984,Above DFE,0,0
7539448,-72.858876,40.758101,RES1-1SWB,RES,R11B,169292.8,84646.4,10.4409,12.4409,Above DFE,0,0
7539450,-72.858781,40.759969,RES1-1SWB,RES,R11B,216274.3,108137.15,12.0593,14.0593,Above DFE,0,0
7539452,-72.858816,40.759293,RES1-1SNB,RES,R11N,133223.34,66611.67,12.7384,14.2384,Above DFE,0,0
7539454,-72.859201,40.759405,RES1-1SWB,RES,R11B,112730.16,56365.08,9.9952,11.9952,Above DFE,0,0
7539456,-72.859149,40.759936,RES1-1SNB,RES,R11N,160949.71,80474.86,10.811,12.311,Above DFE,0,0
7539458,-72.858792,40.759574,RES1-2SNB,RES,R12N,213745.33,106872.66,12.4365,12.9365,Above DFE,0,0
7539460,-72.85891,40.758797,RES1-1SWB,RES,R11B,83149.46,41574.73,11.1961,13.1961,Above DFE,0,0
7539462,-72.859149,40.758729,RES1-2SWB,RES,R12B,546087.23,273043.61,10.6866,12.6866,Above DFE,0,0
7539465,-72.859225,40.75895,RES1-1SNB,RES,R11N,156519.99,78259.99,10.8595,11.3595,Above DFE,0,0
7539467,-72.858812,40.758895,RES1-1SWB,RES,R11B,171867.33,85933.66,11.8257,13.8257,Above DFE,0,0
7539468,-72.858703,40.76043,RES1-1SWB,RES,R11B,184804.24,92402.12,11.8695,13.8695,Above DFE,0,0
7539470,-72.859177,40.759668,RES1-1SNB,RES,R11N,154368.65,77184.33,10.5547,11.0547,Above DFE,0,0
7541725,-72.862461,40.75977,RES3A,RES,R3A1N,739973.2,369986.6,16.2017,17.7017,Above DFE,0,0
7541727,-72.862889,40.75882,RES1-1SWB,RES,R11B,202902.86,101451.43,13.0877,15.0877,Above DFE,0,0
7541729,-72.862836,40.759067,RES1-1SNB,RES,R11N,173261.43,86630.72,15.9681,17.4681,Above DFE,0,0
7541731,-72.862447,40.759098,RES1-1SWB,RES,R11B,176813.54,88406.77,15.3212,17.3212,Above DFE,0,0
7541734,-72.862454,40.758905,RES1-2SWB,RES,R12B,248366.85,124183.42,14.4789,16.4789,Above DFE,0,0
7541736,-72.862498,40.758329,RES1-3SWB,RES,R13B,433128.04,216564.02,15.0259,17.0259,Above DFE,0,0
7541738,-72.862448,40.759553,RES1-1SNB,RES,R11N,201288.17,100644.09,15.7394,16.2394,Above DFE,0,0
7541740,-72.862536,40.759405,RES1-1SWB,RES,R11B,196508.11,98254.05,15.8781,17.8781,Above DFE,0,0
7541742,-72.862909,40.758603,RES1-2SWB,RES,R12B,270723.49,135361.75,13.8658,15.8658,Above DFE,0,0
7541744,-72.862781,40.759588,RES1-2SWB,RES,R12B,344568.71,172284.35,17.0458,19.0458,Above DFE,0,0
7541746,-72.862911,40.758324,RES1-1SNB,RES,R11N,264846.67,132423.34,14.3359,15.8359,Above DFE,0,0
7543947,-72.866699,40.759684,RES3A,RES,R3A3N,738016.93,369008.47,14.6956,15.1956,Above DFE,0,0
7543949,-72.866005,40.760123,RES1-1SWB,RES,R11B,281192.88,140596.44,14.7974,16.7974,Above DFE,0,0
7543951,-72.864953,40.760732,COM1,NONRES,C1LN,NaN,NaN,16.1451,16.6451,Above DFE,0,0
7543953,-72.866867,40.759611,RES1-1SWB,RES,R11B,281064.63,140532.31,13.4004,15.4004,Above DFE,0,0
7543955,-72.866124,40.759966,COM4,NONRES,C4LN,NaN,NaN,14.007,14.507,Above DFE,0,0
7543957,-72.867204,40.760002,RES1-2SWB,RES,R12B,229894.85,114947.42,14.5883,16.5883,Above DFE,0,0
7543959,-72.866447,40.759873,RES1-1SWB,RES,R11B,260471.88,130235.94,14.0925,16.0925,Above DFE,0,0
7543961,-72.86706,40.759917,RES1-3SNB,RES,R13N,555222.31,277611.16,13.7654,15.2654,Above DFE,0,0
7543963,-72.865837,40.760183,RES1-2SNB,RES,R12N,344954.29,172477.14,14.8444,15.3444,Above DFE,0,0
7545649,-72.867682,40.759113,RES1-1SWB,RES,R11B,223507.47,111753.73,13.4611,15.4611,Above DFE,0,0
7545651,-72.870283,40.757645,RES1-2SWB,RES,R12B,329733.94,164866.97,12.1528,14.1528,Above DFE,0,0
7545653,-72.867954,40.758947,RES1-1SWB,RES,R11B,244682.56,122341.28,15.1758,17.1758,Above DFE,0,0
7545655,-72.869147,40.758321,RES1-1SNB,RES,R11N,239267.16,119633.58,14.0151,15.5151,Above DFE,0,0
7545657,-72.86919,40.758816,RES1-1SNB,RES,R11N,244235.52,122117.76,14.8865,15.3865,Above DFE,0,0
7545659,-72.868532,40.758616,RES1-2SWB,RES,R12B,267636.1,133818.05,14.3548,16.3548,Above DFE,0,0
7545661,-72.870158,40.757744,RES1-1SWB,RES,R11B,293153.3,146576.65,12.7442,14.7442,Above DFE,0,0
7545663,-72.867447,40.759276,RES1-1SWB,RES,R11B,309102.43,154551.21,13.8696,15.8696,Above DFE,0,0
7545665,-72.86747,40.75961,RES1-1SWB,RES,R11B,302491.45,151245.72,14.5437,16.5437,Above DFE,0,0
7545667,-72.867632,40.759543,RES1-2SWB,RES,R12B,277124.2,138562.1,14.2665,16.2665,Above DFE,0,0
7545669,-72.867251,40.759369,RES1-2SWB,RES,R12B,243826.33,121913.16,13.3422,15.3422,Above DFE,0,0
7545671,-72.868247,40.759296,RES1-2SWB,RES,R12B,360326.42,180163.21,15.2876,17.2876,Above DFE,0,0
7545673,-72.870193,40.758459,RES1-2SWB,RES,R12B,315494.96,157747.48,13.8398,15.8398,Above DFE,0,0
7545675,-72.868257,40.758783,RES1-3SWB,RES,R13B,339406.32,169703.16,15.0152,17.0152,Above DFE,0,0
7545677,-72.869886,40.757926,RES1-2SWB,RES,R12B,241678.08,120839.04,13.7574,15.7574,Above DFE,0,0
7545679,-72.869365,40.75877,RES1-1SNB,RES,R11N,227971.8,113985.9,14.4448,14.9448,Above DFE,0,0
7545681,-72.870623,40.757751,RES1-1SNB,RES,R11N,244235.52,122117.76,11.6342,13.1342,Above DFE,0,0
7545683,-72.868529,40.759143,RES1-1SWB,RES,R11B,291462.91,145731.46,15.3292,17.3292,Above DFE,0,0
7545685,-72.870681,40.757408,RES1-1SNB,RES,R11N,238219.14,119109.57,10.6992,12.1992,Above DFE,0,0
7545687,-72.870585,40.758282,RES1-1SNB,RES,R11N,255286.73,127643.36,12.2747,13.7747,Above DFE,0,0
7545689,-72.869005,40.758408,RES1-1SNB,RES,R11N,238219.14,119109.57,14.3254,14.8254,Above DFE,0,0
7545691,-72.869479,40.758074,RES1-2SWB,RES,R12B,268983.01,134491.51,14.5548,16.5548,Above DFE,0,0
7545693,-72.869627,40.758671,RES1-1SWB,RES,R11B,532369.26,266184.63,14.586,16.586,Above DFE,0,0
7545695,-72.870639,40.758001,RES1-1SWB,RES,R11B,265752.11,132876.06,11.6048,13.6048,Above DFE,0,0
7545697,-72.868774,40.758552,RES1-1SWB,RES,R11B,295138.8,147569.4,14.7153,16.7153,Above DFE,0,0
7545699,-72.869746,40.758011,RES1-2SWB,RES,R12B,449789.59,224894.79,13.5024,15.5024,Above DFE,0,0
7545701,-72.870015,40.757841,RES1-1SWB,RES,R11B,330070.75,165035.38,12.8518,14.8518,Above DFE,0,0
7545703,-72.870454,40.757543,RES1-1SNB,RES,R11N,238219.14,119109.57,11.2887,12.7887,Above DFE,0,0
7545705,-72.869872,40.758604,RES1-1SWB,RES,R11B,228541.36,114270.68,13.4724,15.4724,Above DFE,0,0
7545707,-72.869045,40.758898,RES1-1SWB,RES,R11B,290100.65,145050.32,15.2274,17.2274,Above DFE,0,0
7545709,-72.869308,40.758245,RES1-1SNB,RES,R11N,254891.52,127445.76,13.9373,15.4373,Above DFE,0,0
7545711,-72.868735,40.759039,RES1-1SNB,RES,R11N,230965.47,115482.74,15.7658,16.2658,Above DFE,0,0
7545713,-72.868891,40.758974,RES1-2SNB,RES,R12N,309844.34,154922.17,16.4906,17.9906,Above DFE,0,0
7545715,-72.868404,40.758693,RES1-1SWB,RES,R11B,244682.56,122341.28,14.3212,16.3212,Above DFE,0,0
7546020,-72.86897,40.747059,RES1-1SWB,RES,R11B,325025.64,162512.82,5.0792,7.0792,Under DFE,0,0
7546022,-72.871039,40.746803,RES1-1SWB,RES,R11B,206341.89,103170.94,7.5301,9.5301,Under DFE,0,0
7546024,-72.869393,40.747049,RES1-2SWB,RES,R12B,323432.79,161716.39,5.1809,7.1809,Under DFE,0,0
7546026,-72.868669,40.746495,RES1-2SWB,RES,R12B,401879.02,200939.51,4.4979,6.4979,Under DFE,0,0
7546028,-72.869572,40.746487,RES1-1SWB,RES,R11B,273208.25,136604.12,5.4205,7.4205,Under DFE,0,0
7546030,-72.869544,40.747054,RES1-1SWB,RES,R11B,253751.24,126875.62,5.4011,7.4011,Under DFE,0,0
7546032,-72.871025,40.746572,RES1-1SWB,RES,R11B,334764.55,167382.27,5.2808,7.2808,Under DFE,0,0
7546034,-72.868706,40.747052,RES3A,RES,R3A1B,372544.62,186272.31,5.1156,7.1156,Under DFE,0,0
7546036,-72.870638,40.746409,RES1-2SWB,RES,R12B,362445.49,181222.74,7.3768,9.3768,Under DFE,0,0
7546038,-72.870563,40.746992,RES1-1SWB,RES,R11B,217041.41,108520.7,4.0636,6.0636,Under DFE,0,0
7546040,-72.869829,40.747048,RES1-2SNB,RES,R12N,277979.15,138989.58,6.5986,14.5986,Above DFE,0,0
7546042,-72.870936,40.746375,RES1-2SWB,RES,R12B,337607.65,168803.83,8.1545,10.1545,Above DFE,0,0
7546044,-72.86979,40.746471,RES1-2SWB,RES,R12B,244363.39,122181.7,6.2735,8.2735,Under DFE,0,0
7546046,-72.869969,40.746468,RES1-1SWB,RES,R11B,271747.18,135873.59,6.4081,8.4081,Under DFE,0,0
7546048,-72.871034,40.747066,RES1-2SWB,RES,R12B,374188.9,187094.45,7.4923,9.4923,Under DFE,0,0
7546050,-72.871008,40.746935,RES1-1SWB,RES,R11B,261261.68,130630.84,4.3356,6.3356,Under DFE,0,0
7546052,-72.86888,40.746489,RES1-1SWB,RES,R11B,301245.12,150622.56,4.6555,6.6555,Under DFE,0,0
7546054,-72.870006,40.74703,RES1-2SWB,RES,R12B,348654.92,174327.46,4.3765,6.3765,Under DFE,0,0
7546056,-72.870404,40.746417,RES1-1SWB,RES,R11B,309102.43,154551.21,5.5671,7.5671,Under DFE,0,0
7546058,-72.869664,40.746987,RES1-2SNB,RES,R12N,253079.87,126539.94,4.6916,12.6916,Above DFE,0,0
7546060,-72.868983,40.745981,RES1-1SWB,RES,R11B,223349.76,111674.88,4.4661,6.4661,Under DFE,0,0
7546062,-72.869906,40.744306,RES1-1SWB,RES,R11B,255554.24,127777.12,5.2493,7.2493,Under DFE,0,0
7546064,-72.870079,40.744301,RES1-2SWB,RES,R12B,296818.08,148409.04,5.726,7.726,Under DFE,0,0
7546066,-72.868177,40.747575,RES1-1SWB,RES,R11B,290144.98,145072.49,5.7378,7.7378,Under DFE,0,0
7546068,-72.868964,40.744363,RES1-3SNB,RES,R13N,462886.92,231443.46,8.8299,9.3299,Under DFE,0,0
7546399,-72.869308,40.745428,RES1-1SNB,RES,R11N,209556.3,104778.15,6.0705,7.5705,Under DFE,0,0
7546428,-72.867728,40.7455,RES1-1SWB,RES,R11B,244682.56,122341.28,5.2177,7.2177,Under DFE,0,0
7546429,-72.868327,40.751181,RES1-1SWB,RES,R11B,443570.58,221785.29,4.2636,6.2636,Under DFE,0,0
7546430,-72.868452,40.742256,RES1-1SWB,RES,R11B,326136.68,163068.34,4.6148,6.6148,Under DFE,0,0
7546431,-72.869187,40.744356,RES1-1SWB,RES,R11B,408075.91,204037.95,7.0786,9.0786,Under DFE,0,0
7546474,-72.867177,40.743924,RES1-1SWB,RES,R11B,535566.72,267783.36,6.0437,8.0437,Under DFE,0,0
7546478,-72.867509,40.74501,RES1-2SWB,RES,R12B,374618.07,187309.04,6.0493,8.0493,Under DFE,0,0
7546480,-72.868464,40.747588,RES1-1SWB,RES,R11B,380923.53,190461.76,5.491,7.491,Under DFE,0,0
7546482,-72.870237,40.747549,RES1-1SWB,RES,R11B,347225.67,173612.84,5.821,7.821,Under DFE,0,0
7546484,-72.868759,40.744345,RES1-2SWB,RES,R12B,352176.88,176088.44,6.9736,8.9736,Under DFE,0,0
7546486,-72.869713,40.745376,RES1-2SNB,RES,R12N,333151.32,166575.66,5.9494,7.4494,Under DFE,0,0
7546488,-72.869271,40.745956,RES1-1SWB,RES,R11B,253751.24,126875.62,5.0189,7.0189,Under DFE,0,0
7546490,-72.868447,40.745429,RES1-2SWB,RES,R12B,403424.51,201712.26,6.0605,8.0605,Under DFE,0,0
7546492,-72.868819,40.747558,RES1-2SWB,RES,R12B,348338.84,174169.42,6.1586,8.1586,Under DFE,0,0
7546494,-72.870358,40.745378,RES1-2SWB,RES,R12B,278658.66,139329.33,7.4288,9.4288,Under DFE,0,0
7546496,-72.870358,40.745378,COM4,NONRES,C4LB,289462.54,289462.54,7.4288,7.9288,Under DFE,0,0
7546498,-72.868297,40.743286,RES1-1SWB,RES,R11B,304182.87,152091.44,5.5541,7.5541,Under DFE,0,0
7546500,-72.8681,40.744392,RES1-2SWB,RES,R12B,493832.12,246916.06,4.5241,6.5241,Under DFE,0,0
7546503,-72.869359,40.747538,RES1-1SWB,RES,R11B,323370.9,161685.45,5.3506,7.3506,Under DFE,0,0
7546505,-72.868458,40.74437,RES1-1SWB,RES,R11B,300722.98,150361.49,7.2783,9.2783,Under DFE,0,0
7546507,-72.868765,40.745419,RES1-2SWB,RES,R12B,401087.92,200543.96,6.0424,8.0424,Under DFE,0,0
7546509,-72.869691,40.747564,RES1-1SWB,RES,R11B,377903.7,188951.85,5.8392,7.8392,Under DFE,0,0
7546511,-72.8678,40.742248,RES1-1SWB,RES,R11B,263053.74,131526.87,3.8632,5.8632,Under DFE,0,0
7546513,-72.869331,40.743262,RES1-2SNB,RES,R12N,325008.09,162504.04,4.6107,5.1107,Under DFE,0,0
7546515,-72.869552,40.743244,RES1-2SNB,RES,R12N,345174.48,172587.24,4.5948,5.0948,Under DFE,0,0
7546517,-72.86839,40.747055,RES1-1SWB,RES,R11B,238694.53,119347.26,5.5244,7.5244,Under DFE,0,0
7546519,-72.868696,40.742227,RES1-1SWB,RES,R11B,299985.15,149992.58,5.2125,7.2125,Under DFE,0,0
7546521,-72.868141,40.746079,RES1-2SWB,RES,R12B,415901.12,207950.56,2.4892,4.4892,Under DFE,0,0
7546523,-72.868585,40.74545,RES1-2SWB,RES,R12B,307536.84,153768.42,5.7154,7.7154,Under DFE,0,0
7546525,-72.867984,40.744901,RES1-1SWB,RES,R11B,296744.88,148372.44,5.3625,7.3625,Under DFE,0,0
7546527,-72.869429,40.744336,RES1-1SWB,RES,R11B,311688,155844,6.9161,8.9161,Under DFE,0,0
7546529,-72.866856,40.743284,RES1-1SNB,RES,R11N,233845.92,116922.96,3.6461,5.1461,Under DFE,0,0
7546531,-72.86826,40.746474,RES1-2SWB,RES,R12B,333206.94,166603.47,4.5699,6.5699,Under DFE,0,0
7546533,-72.868484,40.743304,RES1-1SNB,RES,R11N,208895.79,104447.9,3.9505,5.4505,Under DFE,0,0
7546535,-72.868047,40.742233,RES1-1SWB,RES,R11B,409435.16,204717.58,7.4521,9.4521,Under DFE,0,0
7546537,-72.867444,40.745373,RES3B,RES,R3B1B,435026.94,217513.47,4.825,6.825,Under DFE,0,0
7546539,-72.869042,40.743263,RES1-1SNB,RES,R11N,221644.8,110822.4,6.0961,6.5961,Under DFE,0,0
7546541,-72.869876,40.745969,RES1-2SWB,RES,R12B,421393.54,210696.77,6.9229,8.9229,Under DFE,0,0
7546543,-72.868979,40.74541,RES1-2SNB,RES,R12N,375750.91,187875.46,6.6462,7.1462,Under DFE,0,0
7546545,-72.867396,40.743345,RES1-2SWB,RES,R12B,385899.03,192949.51,3.6203,5.6203,Under DFE,0,0
7546548,-72.868688,40.745997,RES1-2SWB,RES,R12B,385899.03,192949.51,4.7366,6.7366,Under DFE,0,0
7546550,-72.869194,40.743284,RES1-2SWB,RES,R12B,356374.47,178187.23,5.9582,7.9582,Under DFE,0,0
7546552,-72.868077,40.74327,RES1-1SWB,RES,R11B,295947.3,147973.65,3.4218,5.4218,Under DFE,0,0
7546554,-72.869534,40.745416,RES1-1SWB,RES,R11B,293860.43,146930.22,5.8555,7.8555,Under DFE,0,0
7546556,-72.867167,40.743346,RES1-2SWB,RES,R12B,385899.03,192949.51,3.4932,5.4932,Under DFE,0,0
7546558,-72.867237,40.744354,RES1-1SNB,RES,R11N,324566.76,162283.38,5.1872,5.6872,Under DFE,0,0
7546560,-72.867631,40.743305,RES1-1SWB,RES,R11B,316352.08,158176.04,4.4567,6.4567,Under DFE,0,0
7546562,-72.86996,40.747535,RES1-1SWB,RES,R11B,248359.14,124179.57,5.7743,7.7743,Under DFE,0,0
7546564,-72.870283,40.745988,RES1-2SNB,RES,R12N,414568.68,207284.34,5.9532,6.4532,Under DFE,0,0
7546566,-72.868999,40.747572,RES1-1SWB,RES,R11B,240559.2,120279.6,5.1066,7.1066,Under DFE,0,0
7546568,-72.86959,40.744327,RES1-2SWB,RES,R12B,409706.49,204853.24,7.2049,9.2049,Under DFE,0,0
7546571,-72.868822,40.745997,RES1-2SWB,RES,R12B,309175.38,154587.69,4.9415,6.9415,Under DFE,0,0
7546573,-72.868675,40.747628,RES1-1SWB,RES,R11B,225801.15,112900.57,5.8179,7.8179,Under DFE,0,0
7546575,-72.868187,40.747128,RES1-1SWB,RES,R11B,286657.06,143328.53,4.2932,6.2932,Under DFE,0,0
7546577,-72.869648,40.745985,RES1-1SWB,RES,R11B,330505.13,165252.57,5.708,7.708,Under DFE,0,0
7552617,-72.874175,40.750943,RES1-2SWB,RES,R12B,260728.77,130364.38,7.0205,9.0205,Under DFE,0,0
7552619,-72.875813,40.751,RES1-1SWB,RES,R11B,138282.38,69141.19,7.5804,9.5804,Under DFE,0,0
7552621,-72.872295,40.751425,RES1-1SWB,RES,R11B,184514.86,92257.43,7.185,9.185,Under DFE,0,0
7552624,-72.875624,40.751278,RES1-1SWB,RES,R11B,153165.42,76582.71,8.8046,10.8046,Above DFE,0,0
7552626,-72.874227,40.751293,RES1-2SNB,RES,R12N,209160.63,104580.32,7.3089,8.8089,Under DFE,0,0
7552628,-72.872238,40.751166,RES1-1SNB,RES,R11N,162111.01,81055.5,6.9019,14.9019,Above DFE,0,0
7552630,-72.874,40.751297,RES1-1SWB,RES,R11B,186593.55,93296.78,7.4574,9.4574,Under DFE,0,0
7552632,-72.873459,40.7513,RES1-1SNB,RES,R11N,238219.14,119109.57,8.0331,9.5331,Under DFE,0,0
7552634,-72.876943,40.750799,RES1-2SNB,RES,R12N,238398.93,119199.46,8.1494,9.6494,Under DFE,0,0
7552636,-72.872721,40.750967,RES1-1SWB,RES,R11B,246919.81,123459.9,6.7528,8.7528,Under DFE,0,0
7552638,-72.872905,40.751334,RES1-1SWB,RES,R11B,187270.08,93635.04,7.7029,9.7029,Under DFE,0,0
7552640,-72.874497,40.751285,RES1-2SNB,RES,R12N,219216.06,109608.03,7.5554,9.0554,Under DFE,0,0
7552642,-72.874515,40.750924,RES1-1SWB,RES,R11B,267189.05,133594.53,6.8158,8.8158,Under DFE,0,0
7552644,-72.875447,40.751239,RES1-1SWB,RES,R11B,199160.64,99580.32,8.5897,10.5897,Above DFE,0,0
7552646,-72.876532,40.751265,RES1-1SWB,RES,R11B,175664.16,87832.08,8.9941,10.9941,Above DFE,0,0
7552648,-72.873295,40.751332,RES3A,RES,R3A1B,402854.49,201427.24,7.8393,9.8393,Under DFE,0,0
7552650,-72.876677,40.7508,RES1-1SWB,RES,R11B,169110.21,84555.1,7.4298,9.4298,Under DFE,0,0
7552652,-72.873895,40.750924,RES1-2SWB,RES,R12B,406712.75,203356.38,6.4588,8.4588,Under DFE,0,0
7552654,-72.872226,40.750991,RES1-1SNB,RES,R11N,145590.51,72795.25,6.3972,7.8972,Under DFE,0,0
7552656,-72.872276,40.751305,RES1-1SWB,RES,R11B,224839.26,112419.63,8.4,10.4,Above DFE,0,0
7552657,-72.875261,40.75123,RES1-1SWB,RES,R11B,196771.8,98385.9,9.3142,11.3142,Above DFE,0,0
7552658,-72.875821,40.751263,RES1-1SWB,RES,R11B,159651.57,79825.78,7.8785,9.8785,Under DFE,0,0
7552660,-72.87616,40.750979,RES1-1SNB,RES,R11N,151595.45,75797.73,7.9555,9.4555,Under DFE,0,0
7552662,-72.87613,40.751269,RES3A,RES,R3A1N,320859.26,160429.63,8.7218,10.2218,Above DFE,0,0
7552664,-72.87559,40.750999,RES1-2SWB,RES,R12B,195183.82,97591.91,7.2932,9.2932,Under DFE,0,0
7552666,-72.875038,40.750852,RES1-1SWB,RES,R11B,124035.84,62017.92,7.6554,9.6554,Under DFE,0,0
7552668,-72.87343,40.750874,RES1-2SWB,RES,R12B,223433.41,111716.7,6.9353,8.9353,Under DFE,0,0
7552670,-72.875034,40.751293,RES1-2SWB,RES,R12B,220496.34,110248.17,8.4646,10.4646,Above DFE,0,0
7552672,-72.876374,40.750829,RES1-1SWB,RES,R11B,204662.38,102331.19,8.0973,10.0973,Above DFE,0,0
7552674,-72.876986,40.751211,RES1-2SWB,RES,R12B,267260.28,133630.14,9.9211,11.9211,Above DFE,0,0
7552676,-72.87478,40.751284,RES1-1SWB,RES,R11B,232403.97,116201.99,7.7063,9.7063,Under DFE,0,0
7552677,-72.873159,40.750928,RES1-1SWB,RES,R11B,208190.62,104095.31,7.0018,9.0018,Under DFE,0,0
7553067,-72.874978,40.752537,RES1-1SWB,RES,R11B,205360.05,102680.02,9.2071,11.2071,Above DFE,0,0
7553068,-72.874091,40.752939,RES1-1SWB,RES,R11B,270256.96,135128.48,9.0108,11.0108,Above DFE,0,0
7553069,-72.872903,40.7526,RES1-1SNB,RES,R11N,172226.09,86113.04,7.6244,9.1244,Under DFE,0,0
7553070,-72.875335,40.75249,RES1-1SWB,RES,R11B,247262.16,123631.08,9.5097,11.5097,Above DFE,0,0
7553071,-72.876427,40.752507,RES1-2SWB,RES,R12B,300781.6,150390.8,10.4858,12.4858,Above DFE,0,0
7553072,-72.873806,40.752587,RES1-2SWB,RES,R12B,300219.99,150109.99,8.817,10.817,Above DFE,0,0
7553073,-72.873201,40.752978,RES1-2SWB,RES,R12B,232215.55,116107.78,8.9651,10.9651,Above DFE,0,0
7553074,-72.872394,40.753003,RES1-1SWB,RES,R11B,212954.03,106477.02,9.5925,11.5925,Above DFE,0,0
7553075,-72.875508,40.752504,RES1-1SNB,RES,R11N,159422.5,79711.25,9.1144,10.6144,Above DFE,0,0
7553076,-72.872834,40.75299,RES1-1SWB,RES,R11B,173223.34,86611.67,7.3173,9.3173,Under DFE,0,0
7553077,-72.876599,40.752517,RES1-1SWB,RES,R11B,171344.39,85672.19,10.3199,12.3199,Above DFE,0,0
7553078,-72.875685,40.75249,RES1-2SWB,RES,R12B,185018,92509,9.9461,11.9461,Above DFE,0,0
7553079,-72.876799,40.752868,RES1-1SWB,RES,R11B,194920.23,97460.12,10.189,12.189,Above DFE,0,0
7553080,-72.8724,40.752614,RES1-2SWB,RES,R12B,268582.35,134291.17,7.1024,9.1024,Under DFE,0,0
7553081,-72.87575,40.752902,RES1-1SWB,RES,R11B,259060.49,129530.24,9.6682,11.6682,Above DFE,0,0
7553082,-72.874078,40.752592,RES1-1SWB,RES,R11B,224839.26,112419.63,9.0533,11.0533,Above DFE,0,0
7553083,-72.874326,40.752954,RES1-1SWB,RES,R11B,243975.68,121987.84,9.0745,11.0745,Above DFE,0,0
7553084,-72.874457,40.752546,RES1-1SWB,RES,R11B,157075.24,78537.62,9.8643,11.8643,Above DFE,0,0
7553085,-72.876007,40.752468,RES1-1SNB,RES,R11N,156638.08,78319.04,9.5068,11.0068,Above DFE,0,0
7553086,-72.876981,40.752839,RES1-2SWB,RES,R12B,364799.64,182399.82,10.2359,12.2359,Above DFE,0,0
7553087,-72.873288,40.752574,RES1-1SWB,RES,R11B,155098.85,77549.42,7.6749,9.6749,Under DFE,0,0
7553088,-72.873551,40.752933,RES1-1SWB,RES,R11B,255533.01,127766.51,9.8376,11.8376,Above DFE,0,0
7553089,-72.87677,40.752472,RES1-1SWB,RES,R11B,172913.06,86456.53,9.4336,11.4336,Above DFE,0,0
7553090,-72.874995,40.752924,RES1-1SNB,RES,R11N,227236.47,113618.24,8.4838,16.4838,Above DFE,0,0
7553091,-72.874796,40.752536,RES1-1SNB,RES,R11N,236829.64,118414.82,8.585,9.085,Under DFE,0,0
7553092,-72.875179,40.752924,RES1-1SNB,RES,R11N,157202.64,78601.32,9.4779,17.4779,Above DFE,0,0
7553093,-72.875174,40.752523,RES1-1SNB,RES,R11N,234071.46,117035.73,8.9931,10.4931,Above DFE,0,0
7553094,-72.873369,40.752935,RES1-2SWB,RES,R12B,266499.19,133249.59,9.7753,11.7753,Above DFE,0,0
7553095,-72.87651,40.752876,RES1-1SWB,RES,R11B,199160.64,99580.32,9.9797,11.9797,Above DFE,0,0
7553096,-72.873727,40.752987,RES1-1SWB,RES,R11B,206498.61,103249.3,9.7325,11.7325,Above DFE,0,0
7553097,-72.876244,40.752497,RES1-1SNB,RES,R11N,157202.64,78601.32,9.7643,10.2643,Above DFE,0,0
7553098,-72.874598,40.752961,RES1-1SWB,RES,R11B,169460.75,84730.37,9.3196,11.3196,Above DFE,0,0
7553099,-72.874801,40.752938,RES1-1SNB,RES,R11N,227971.8,113985.9,8.7919,9.2919,Under DFE,0,0
7553100,-72.87355,40.752561,RES1-1SWB,RES,R11B,139702.2,69851.1,8.2981,10.2981,Above DFE,0,0
7553101,-72.872285,40.752792,RES1-1SNB,RES,R11N,232936.49,116468.25,8.999,16.999,Above DFE,0,0
7553102,-72.876146,40.752866,RES1-1SWB,RES,R11B,174641.95,87320.98,10.728,12.728,Above DFE,0,0
7553103,-72.875524,40.750075,RES1-2SWB,RES,R12B,242064.39,121032.2,8.5999,10.5999,Above DFE,0,0
7553104,-72.876636,40.749956,RES1-2SWB,RES,R12B,226908.86,113454.43,8.0114,10.0114,Above DFE,0,0
7553105,-72.874135,40.750455,RES1-1SNB,RES,R11N,153170.2,76585.1,6.2008,7.7008,Under DFE,0,0
7553106,-72.874962,40.750457,RES3A,RES,R3A1N,391263.57,195631.78,7.4712,8.9712,Under DFE,0,0
7553107,-72.873781,40.750462,RES1-2SNB,RES,R12N,238086.12,119043.06,7.1539,8.6539,Under DFE,0,0
7553108,-72.875016,40.750059,RES1-2SNB,RES,R12N,255478.63,127739.32,7.1172,8.6172,Under DFE,0,0
7553109,-72.873052,40.750507,RES1-1SWB,RES,R11B,153165.42,76582.71,6.5381,8.5381,Under DFE,0,0
7553110,-72.873586,40.750463,RES1-1SNB,RES,R11N,242203.97,121101.98,6.2741,14.2741,Above DFE,0,0
7553111,-72.87441,40.75048,RES1-2SWB,RES,R12B,145620.63,72810.32,6.6648,8.6648,Under DFE,0,0
7553112,-72.875406,40.750483,RES1-2SWB,RES,R12B,162423.01,81211.51,6.5886,8.5886,Under DFE,0,0
7553113,-72.876101,40.750025,RES1-1SWB,RES,R11B,271624.11,135812.05,8.122,10.122,Above DFE,0,0
7553114,-72.876905,40.750399,RES1-2SNB,RES,R12N,238274,119137,9.428,17.428,Above DFE,0,0
7553115,-72.873408,40.750495,RES1-2SWB,RES,R12B,186881.73,93440.87,6.4646,8.4646,Under DFE,0,0
7553116,-72.875733,40.750039,RES1-1SWB,RES,R11B,150193.68,75096.84,6.6551,8.6551,Under DFE,0,0
7553117,-72.876282,40.750024,RES1-2SNB,RES,R12N,217602,108801,7.8912,15.8912,Above DFE,0,0
7553118,-72.876658,40.750352,RES1-1SWB,RES,R11B,213452.47,106726.23,8.6007,10.6007,Above DFE,0,0
7553119,-72.876026,40.750437,RES1-1SWB,RES,R11B,158812.76,79406.38,7.8903,9.8903,Under DFE,0,0
7553120,-72.873801,40.750063,RES1-1SWB,RES,R11B,281431.8,140715.9,5.6536,7.6536,Under DFE,0,0
7553121,-72.875917,40.750025,RES1-2SWB,RES,R12B,190850.52,95425.26,7.6343,9.6343,Under DFE,0,0
7553122,-72.87433,40.75014,RES1-1SWB,RES,R11B,181628.71,90814.35,6.0589,8.0589,Under DFE,0,0
7553123,-72.874117,40.750136,RES1-1SWB,RES,R11B,169634.99,84817.5,6.797,8.797,Under DFE,0,0
7553124,-72.873434,40.750116,RES1-1SWB,RES,R11B,250412.34,125206.17,6.6844,8.6844,Under DFE,0,0
7553125,-72.872761,40.750133,RES1-2SNB,RES,R12N,353898.92,176949.46,7.0039,15.0039,Above DFE,0,0
7553126,-72.874867,40.750313,RES3A,RES,R3A3N,346582.75,173291.37,5.9002,7.4002,Under DFE,0,0
7553127,-72.875241,40.750085,RES1-1SWB,RES,R11B,367911.72,183955.86,7.4573,9.4573,Under DFE,0,0
7553128,-72.872266,40.750165,RES1-1SWB,RES,R11B,241649.44,120824.72,7.6901,9.6901,Under DFE,0,0
7553129,-72.873083,40.750096,RES1-2SWB,RES,R12B,402914.47,201457.24,6.4233,8.4233,Under DFE,0,0
7553130,-72.874719,40.750064,RES1-2SWB,RES,R12B,190850.52,95425.26,7.2252,9.2252,Under DFE,0,0
7553131,-72.875586,40.750467,RES1-2SWB,RES,R12B,156822.22,78411.11,6.8753,8.8753,Under DFE,0,0
7553132,-72.876467,40.750039,RES1-2SWB,RES,R12B,340934.4,170467.2,7.9434,9.9434,Under DFE,0,0
7553133,-72.872291,40.750494,RES3A,RES,R3A1B,354500.79,177250.4,6.8731,8.8731,Under DFE,0,0
7553134,-72.876512,40.750418,RES1-1SWB,RES,R11B,133724.96,66862.48,7.2767,9.2767,Under DFE,0,0
7553135,-72.873973,40.750457,RES1-1SNB,RES,R11N,153170.2,76585.1,6.2301,14.2301,Above DFE,0,0
7556367,-72.878627,40.753232,RES1-1SWB,RES,R11B,220262.72,110131.36,9.8865,11.8865,Above DFE,0,0
7556368,-72.878178,40.753899,RES1-1SWB,RES,R11B,159528.58,79764.29,11.0349,13.0349,Above DFE,0,0
7556369,-72.878847,40.753901,RES1-1SWB,RES,R11B,136503.36,68251.68,10.1054,12.1054,Above DFE,0,0
7556370,-72.877659,40.75366,RES1-1SWB,RES,R11B,151193.81,75596.9,10.3585,12.3585,Above DFE,0,0
7556371,-72.878481,40.753907,RES1-1SWB,RES,R11B,135015.15,67507.58,10.8489,12.8489,Above DFE,0,0
7556372,-72.879283,40.753889,RES1-1SNB,RES,R11N,181100.49,90550.24,12.2115,20.2115,Above DFE,0,0
7556373,-72.879019,40.753898,RES1-1SNB,RES,R11N,228700.61,114350.3,11.8275,12.3275,Above DFE,0,0
7556374,-72.879212,40.753472,RES3A,RES,R3A1B,360051.88,180025.94,12.4958,14.4958,Above DFE,0,0
7556375,-72.879246,40.7537,RES1-2SWB,RES,R12B,294103.55,147051.78,11.8626,13.8626,Above DFE,0,0
7556376,-72.878803,40.753223,RES1-2SWB,RES,R12B,371988.73,185994.36,11.171,13.171,Above DFE,0,0
7556377,-72.878651,40.753881,RES1-2SWB,RES,R12B,138152.91,69076.45,11.2348,13.2348,Above DFE,0,0
7556378,-72.877679,40.753931,RES1-2SWB,RES,R12B,273109.36,136554.68,11.2984,13.2984,Above DFE,0,0
7556379,-72.877661,40.753329,RES1-1SWB,RES,R11B,197049.42,98524.71,10.7094,12.7094,Above DFE,0,0
7556380,-72.879178,40.753239,RES1-3SWB,RES,R13B,390664.99,195332.49,11.0908,13.0908,Above DFE,0,0
7556381,-72.878097,40.753297,RES1-2SWB,RES,R12B,199861.63,99930.82,10.2703,12.2703,Above DFE,0,0
7556382,-72.878718,40.749097,RES1-1SWB,RES,R11B,315300.81,157650.4,6.9636,8.9636,Under DFE,0,0
7556383,-72.880564,40.749095,RES1-1SWB,RES,R11B,316004.66,158002.33,6.8769,8.8769,Under DFE,0,0
7556384,-72.87827,40.749285,RES1-1SNB,RES,R11N,149466.41,74733.2,6.1643,14.1643,Above DFE,0,0
7556385,-72.881105,40.749022,RES1-1SWB,RES,R11B,179568.52,89784.26,7.0792,9.0792,Under DFE,0,0
7556386,-72.880401,40.749432,RES1-2SWB,RES,R12B,225943.83,112971.91,8.0368,10.0368,Above DFE,0,0
7556387,-72.881661,40.749385,RES1-1SWB,RES,R11B,179378.16,89689.08,6.976,8.976,Under DFE,0,0
7556388,-72.881901,40.749421,RES1-1SWB,RES,R11B,175964.08,87982.04,7.316,9.316,Under DFE,0,0
7556389,-72.88213,40.749198,RES3A,RES,R3A1B,354860.45,177430.22,7.0999,9.0999,Under DFE,0,0
7556390,-72.879304,40.749133,RES1-1SWB,RES,R11B,197308.09,98654.05,6.6797,8.6797,Under DFE,0,0
7556391,-72.880032,40.749098,RES1-2SWB,RES,R12B,307755.25,153877.63,6.7126,8.7126,Under DFE,0,0
7556392,-72.881307,40.749443,RES1-2SWB,RES,R12B,222984.83,111492.42,7.3458,9.3458,Under DFE,0,0
7556393,-72.87741,40.74918,RES1-2SWB,RES,R12B,224313.04,112156.52,8.1101,10.1101,Above DFE,0,0
7556394,-72.880745,40.749049,RES1-1SNB,RES,R11N,232015.47,116007.74,6.1773,7.6773,Under DFE,0,0
7556395,-72.880961,40.749456,RES1-1SWB,RES,R11B,173016.61,86508.31,9.8052,11.8052,Above DFE,0,0
7556396,-72.881553,40.749001,RES1-2SNB,RES,R12N,246789.73,123394.87,7.266,8.766,Under DFE,0,0
7556397,-72.877727,40.749159,RES1-1SWB,RES,R11B,194519.72,97259.86,7.926,9.926,Under DFE,0,0
7556398,-72.878947,40.749129,RES1-1SWB,RES,R11B,213586.14,106793.07,7.0843,9.0843,Under DFE,0,0
7556399,-72.879665,40.749465,RES1-1SWB,RES,R11B,284607.69,142303.85,7.2189,9.2189,Under DFE,0,0
7556400,-72.881281,40.749032,RES1-1SWB,RES,R11B,210994.94,105497.47,6.6603,8.6603,Under DFE,0,0
7556401,-72.882147,40.749393,RES1-2SWB,RES,R12B,267070.39,133535.2,8.3178,10.3178,Above DFE,0,0
7556402,-72.879602,40.749077,RES3A,RES,R3A1B,356406.38,178203.19,5.5646,7.5646,Under DFE,0,0
7556403,-72.877431,40.749523,RES1-1SWB,RES,R11B,180324.84,90162.42,8.0386,10.0386,Above DFE,0,0
7556404,-72.878682,40.749472,RES1-2SWB,RES,R12B,368026.18,184013.09,8.3917,10.3917,Above DFE,0,0
7556405,-72.880222,40.749427,RES1-2SWB,RES,R12B,218181.6,109090.8,7.3982,9.3982,Under DFE,0,0
7556406,-72.878302,40.749462,RES1-1SWB,RES,R11B,214328.03,107164.01,8.4791,10.4791,Above DFE,0,0
7556407,-72.880583,40.749446,RES1-1SNB,RES,R11N,159513.66,79756.83,8.5692,10.0692,Above DFE,0,0
7556408,-72.880921,40.749039,RES1-1SNB,RES,R11N,160329.32,80164.66,6.6303,8.1303,Under DFE,0,0
7556409,-72.877883,40.74945,RES1-2SWB,RES,R12B,306040.41,153020.2,9.2543,11.2543,Above DFE,0,0
7556410,-72.879138,40.749465,RES1-1SWB,RES,R11B,180886.71,90443.35,7.9647,9.9647,Under DFE,0,0
7556411,-72.87803,40.749123,RES3B,RES,R3B1B,265258.43,132629.22,6.8317,8.8317,Under DFE,0,0
7556412,-72.879838,40.74912,RES1-1SWB,RES,R11B,153165.42,76582.71,6.1655,8.1655,Under DFE,0,0
7556413,-72.882076,40.749023,RES1-1SWB,RES,R11B,290389.32,145194.66,6.0367,8.0367,Under DFE,0,0
7556414,-72.880014,40.749483,RES1-1SWB,RES,R11B,285932.02,142966.01,7.6855,9.6855,Under DFE,0,0
7556415,-72.880391,40.749043,RES1-1SWB,RES,R11B,153215.85,76607.92,6.7476,8.7476,Under DFE,0,0
7556416,-72.880765,40.749431,RES1-2SNB,RES,R12N,322981.57,161490.78,8.323,16.323,Above DFE,0,0
7556417,-72.88149,40.749427,RES1-2SWB,RES,R12B,134419.05,67209.52,7.4247,9.4247,Under DFE,0,0
7556418,-72.87935,40.749512,RES1-1SWB,RES,R11B,271450.77,135725.39,6.707,8.707,Under DFE,0,0
7556419,-72.878961,40.749484,RES1-1SNB,RES,R11N,120700.94,60350.47,6.7916,14.7916,Above DFE,0,0
7558131,-72.882228,40.752355,RES1-2SNB,RES,R12N,282302.5,141151.25,8.1495,9.6495,Under DFE,0,0
7558132,-72.881471,40.752319,RES1-1SWB,RES,R11B,301557.98,150778.99,9.7769,11.7769,Above DFE,0,0
7558133,-72.878067,40.752857,RES1-2SWB,RES,R12B,151688.16,75844.08,8.989,10.989,Above DFE,0,0
7558134,-72.881684,40.752696,RES1-2SWB,RES,R12B,290409.01,145204.51,9.0969,11.0969,Above DFE,0,0
7558135,-72.88218,40.752233,RES1-2SWB,RES,R12B,249698.21,124849.1,9.1485,11.1485,Above DFE,0,0
7558136,-72.87919,40.752777,RES1-2SNB,RES,R12N,294787.4,147393.7,9.7171,11.2171,Above DFE,0,0
7558137,-72.877573,40.752415,RES1-1SWB,RES,R11B,307340.35,153670.18,8.1772,10.1772,Above DFE,0,0
7558138,-72.877865,40.752483,RES1-2SWB,RES,R12B,256235.35,128117.67,9.4352,11.4352,Above DFE,0,0
7558139,-72.879681,40.752754,RES1-1SWB,RES,R11B,150694.93,75347.47,10.509,12.509,Above DFE,0,0
7558140,-72.879461,40.752784,RES1-2SWB,RES,R12B,388394.55,194197.28,11.2358,13.2358,Above DFE,0,0
7558141,-72.881154,40.752739,RES1-1SWB,RES,R11B,190247.43,95123.71,10.9131,12.9131,Above DFE,0,0
7558142,-72.881835,40.752696,RES3A,RES,R3A1B,311215.9,155607.95,8.86,10.86,Above DFE,0,0
7558143,-72.880643,40.752727,RES1-1SWB,RES,R11B,218541.43,109270.71,11.1867,13.1867,Above DFE,0,0
7558144,-72.880091,40.752754,RES1-1SNB,RES,R11N,165210.62,82605.31,11.6511,19.6511,Above DFE,0,0
7558145,-72.87864,40.752808,RES1-1SWB,RES,R11B,288031.68,144015.84,10.0524,12.0524,Above DFE,0,0
7558146,-72.878416,40.752443,RES1-1SWB,RES,R11B,200136.9,100068.45,9.3074,11.3074,Above DFE,0,0
7558147,-72.882208,40.752626,RES1-2SWB,RES,R12B,259222.94,129611.47,7.772,9.772,Under DFE,0,0
7558148,-72.882246,40.752494,RES1-1SNB,RES,R11N,159967.87,79983.94,7.768,15.768,Above DFE,0,0
7558149,-72.877698,40.752844,RES1-2SWB,RES,R12B,223507.47,111753.73,9.0155,11.0155,Above DFE,0,0
7558150,-72.882219,40.752751,RES1-1SWB,RES,R11B,267759.36,133879.68,8.2556,10.2556,Above DFE,0,0
7558151,-72.878417,40.752771,RES1-1SWB,RES,R11B,252870.08,126435.04,9.9584,11.9584,Above DFE,0,0
7558152,-72.879952,40.752364,RES1-1SWB,RES,R11B,308518.48,154259.24,10.3675,12.3675,Above DFE,0,0
7558153,-72.88182,40.752313,RES1-1SWB,RES,R11B,249350.4,124675.2,8.3024,10.3024,Above DFE,0,0
7558154,-72.878975,40.752416,RES1-2SWB,RES,R12B,342458.27,171229.13,10.199,12.199,Above DFE,0,0
7558155,-72.881287,40.752327,RES1-1SNB,RES,R11N,164448.67,82224.33,9.5715,17.5715,Above DFE,0,0
7558156,-72.880561,40.752322,RES1-1SWB,RES,R11B,224055.27,112027.64,9.9747,11.9747,Above DFE,0,0
7558157,-72.880945,40.752701,RES1-2SWB,RES,R12B,315799.15,157899.57,11.3427,13.3427,Above DFE,0,0
7558158,-72.88078,40.752359,RES1-2SWB,RES,R12B,282129.62,141064.81,10.7682,12.7682,Above DFE,0,0
7558159,-72.880322,40.752368,RES1-1SWB,RES,R11B,256083.48,128041.74,10.7115,12.7115,Above DFE,0,0
7558160,-72.880363,40.752745,RES1-1SNB,RES,R11N,165210.62,82605.31,11.3311,19.3311,Above DFE,0,0
7558161,-72.878169,40.752452,RES1-1SWB,RES,R11B,177836.88,88918.44,9.31,11.31,Above DFE,0,0
7558162,-72.878979,40.752783,RES1-2SWB,RES,R12B,337181.2,168590.6,10.4225,12.4225,Above DFE,0,0
7558163,-72.878591,40.752449,RES1-1SWB,RES,R11B,224839.26,112419.63,9.4388,11.4388,Above DFE,0,0
7558164,-72.877582,40.752543,RES1-1SWB,RES,R11B,147551.5,73775.75,8.3303,10.3303,Above DFE,0,0
7558165,-72.879661,40.752354,RES1-2SWB,RES,R12B,196156.67,98078.34,9.9232,11.9232,Above DFE,0,0
7558166,-72.877544,40.75283,RES1-2SWB,RES,R12B,257859.32,128929.66,9.0567,11.0567,Above DFE,0,0
7558167,-72.881107,40.752355,RES1-2SNB,RES,R12N,347422.57,173711.28,10.1382,11.6382,Above DFE,0,0
7558168,-72.882712,40.748623,RES1-2SWB,RES,R12B,473882.04,236941.02,7.1919,9.1919,Under DFE,0,0
7558169,-72.882763,40.749735,RES1-2SWB,RES,R12B,389689.12,194844.56,7.3368,9.3368,Under DFE,0,0
7558170,-72.882621,40.746845,RES1-2SWB,RES,R12B,480082.64,240041.32,4.2313,6.2313,Under DFE,0,0
7558171,-72.882365,40.744037,RES1-1SWB,RES,R11B,303724.13,151862.07,5.7464,7.7464,Under DFE,0,0
7558172,-72.882368,40.744218,RES3A,RES,R3A1N,387813.12,193906.56,4.6001,12.6001,Above DFE,0,0
7558173,-72.882745,40.749448,RES1-1SWB,RES,R11B,332747.15,166373.58,7.2533,9.2533,Under DFE,0,0
7558174,-72.882735,40.749864,RES1-2SNB,RES,R12N,304693.4,152346.7,8.5254,16.5254,Above DFE,0,0
7558175,-72.88261,40.747332,RES1-1SWB,RES,R11B,313707.26,156853.63,5.3067,7.3067,Under DFE,0,0
7558176,-72.882574,40.747017,RES1-1SWB,RES,R11B,256363.24,128181.62,4.2465,6.2465,Under DFE,0,0
7558177,-72.882533,40.745057,RES1-2SWB,RES,R12B,478161.36,239080.68,5.8411,7.8411,Under DFE,0,0
7558178,-72.882768,40.749317,RES1-1SWB,RES,R11B,281323.65,140661.82,7.32,9.32,Under DFE,0,0
7558179,-72.882649,40.748305,RES1-1SWB,RES,R11B,432565.68,216282.84,5.7916,7.7916,Under DFE,0,0
7558180,-72.882599,40.746709,RES1-1SWB,RES,R11B,283043.82,141521.91,4.2678,6.2678,Under DFE,0,0
7558181,-72.882454,40.744667,RES1-2SWB,RES,R12B,478406.55,239203.28,4.7905,6.7905,Under DFE,0,0
7558182,-72.882724,40.748803,RES1-1SWB,RES,R11B,353681.43,176840.71,5.6291,7.6291,Under DFE,0,0
7558183,-72.882376,40.744376,RES1-2SWB,RES,R12B,325157.13,162578.57,3.8387,5.8387,Under DFE,0,0
7558184,-72.882501,40.745334,RES1-2SNB,RES,R12N,350442.42,175221.21,5.6132,13.6132,Above DFE,0,0
7558185,-72.882194,40.743308,RES1-1SWB,RES,R11B,490789.78,245394.89,4.6729,6.6729,Under DFE,0,0
7558186,-72.882799,40.750001,RES1-2SWB,RES,R12B,398690.06,199345.03,7.5534,9.5534,Under DFE,0,0
7558187,-72.882659,40.747667,RES1-2SWB,RES,R12B,311956.53,155978.27,7.0488,9.0488,Under DFE,0,0
7558188,-72.8827,40.749017,RES1-1SWB,RES,R11B,340166.3,170083.15,5.9105,7.9105,Under DFE,0,0
7558189,-72.882769,40.749594,RES1-2SWB,RES,R12B,464200.51,232100.25,7.7492,9.7492,Under DFE,0,0
7558190,-72.882512,40.745785,RES1-2SNB,RES,R12N,318672.58,159336.29,5.9958,7.4958,Under DFE,0,0
7558191,-72.882718,40.748494,RES1-2SNB,RES,R12N,390881.98,195440.99,5.1526,13.1526,Above DFE,0,0
7558192,-72.88263,40.747809,RES1-2SNB,RES,R12N,329210.3,164605.15,5.2857,13.2857,Above DFE,0,0
7558193,-72.882601,40.746296,RES1-2SWB,RES,R12B,472506.19,236253.1,5.0231,7.0231,Under DFE,0,0
7558194,-72.882619,40.747498,RES1-2SNB,RES,R12N,360033.71,180016.85,6.4898,14.4898,Above DFE,0,0
7558195,-72.882519,40.744791,RES1-2SNB,RES,R12N,292237.47,146118.73,4.1121,12.1121,Above DFE,0,0
7558196,-72.88276,40.750674,RES1-2SWB,RES,R12B,413636.08,206818.04,7.1097,9.1097,Under DFE,0,0
7558197,-72.882583,40.747187,RES1-2SWB,RES,R12B,275442.42,137721.21,4.0128,6.0128,Under DFE,0,0
7558198,-72.882284,40.743696,RES1-1SNB,RES,R11N,359310.26,179655.13,3.836,11.836,Above DFE,0,0
7558199,-72.882675,40.748088,RES1-1SWB,RES,R11B,275461.97,137730.99,4.3426,6.3426,Under DFE,0,0
7558200,-72.882597,40.74616,RES1-2SWB,RES,R12B,423613.81,211806.9,5.9792,7.9792,Under DFE,0,0
7558201,-72.882343,40.743871,RES1-2SWB,RES,R12B,349284.5,174642.25,7.275,9.275,Under DFE,0,0
7558202,-72.882533,40.745977,RES1-1SWB,RES,R11B,335338.53,167669.27,6.7882,8.7882,Under DFE,0,0
7558203,-72.882595,40.74657,RES1-1SWB,RES,R11B,374527.62,187263.81,4.5072,6.5072,Under DFE,0,0
7558204,-72.882183,40.743563,RES1-1SWB,RES,R11B,293146.56,146573.28,4.4171,6.4171,Under DFE,0,0
7558205,-72.882498,40.745545,RES1-1SWB,RES,R11B,371681.62,185840.81,5.5727,7.5727,Under DFE,0,0
7558206,-72.882805,40.750359,RES1-1SWB,RES,R11B,564361.96,282180.98,7.3263,9.3263,Under DFE,0,0
8292602,-72.832344,40.778177,RES1-1SWB,RES,R11B,298904.44,149452.22,16.1347,18.1347,Above DFE,0,0
8292603,-72.83177,40.777555,RES1-1SNB,RES,R11N,150251.07,75125.54,16.5335,18.0335,Above DFE,0,0
8292648,-72.834143,40.765588,RES1-2SWB,RES,R12B,446267.29,223133.64,10.4673,12.4673,Above DFE,0,0
8292649,-72.834661,40.76688,RES1-2SNB,RES,R12N,286467.54,143233.77,12.8597,13.3597,Above DFE,0,0
8292650,-72.835718,40.765944,RES1-1SWB,RES,R11B,266410.43,133205.21,11.2278,13.2278,Above DFE,0,0
8292651,-72.835983,40.766558,RES1-2SWB,RES,R12B,485049.06,242524.53,11.7441,13.7441,Above DFE,0,0
8292652,-72.835475,40.765491,RES1-1SWB,RES,R11B,283290.93,141645.46,9.6499,11.6499,Above DFE,0,0
8292653,-72.835592,40.765758,RES1-2SWB,RES,R12B,373154.22,186577.11,11.8224,13.8224,Above DFE,0,0
8292654,-72.836249,40.766317,RES1-1SWB,RES,R11B,299506.45,149753.22,11.5467,13.5467,Above DFE,0,0
8292655,-72.835462,40.765301,RES1-1SNB,RES,R11N,245060.5,122530.25,8.5383,9.0383,Under DFE,0,0
8292656,-72.836469,40.766676,RES1-2SNB,RES,R12N,268227.06,134113.53,11.4126,11.9126,Above DFE,0,0
8292657,-72.836048,40.766724,RES1-2SWB,RES,R12B,409652.37,204826.18,12.7584,14.7584,Above DFE,0,0
8292658,-72.836277,40.766667,RES1-3SWB,RES,R13B,338649.36,169324.68,11.0151,13.0151,Above DFE,0,0
8292659,-72.836033,40.765893,RES1-2SNB,RES,R12N,498897.6,249448.8,9.276,10.776,Above DFE,0,0
8292660,-72.835937,40.765709,RES1-2SNB,RES,R12N,330013.24,165006.62,9.9121,10.4121,Above DFE,0,0
8292661,-72.835496,40.765171,RES1-2SNB,RES,R12N,168378.61,84189.3,8.1184,9.6184,Under DFE,0,0
8292662,-72.835769,40.766208,RES1-1SWB,RES,R11B,267280.44,133640.22,11.1985,13.1985,Above DFE,0,0
8292663,-72.835858,40.765441,RES1-2SNB,RES,R12N,383384.45,191692.22,9.1664,10.6664,Above DFE,0,0
8292664,-72.836294,40.766449,RES1-2SWB,RES,R12B,375369.69,187684.85,10.9291,12.9291,Above DFE,0,0
8292665,-72.835922,40.766422,RES1-2SWB,RES,R12B,404520.72,202260.36,11.6534,13.6534,Above DFE,0,0
8292666,-72.835714,40.765138,RES1-1SWB,RES,R11B,259282.13,129641.07,8.809,10.809,Above DFE,0,0
8292689,-72.834801,40.776297,RES1-2SNB,RES,R12N,279296.96,139648.48,15.57,17.07,Above DFE,0,0
8292690,-72.835096,40.776851,RES1-1SNB,RES,R11N,169050.29,84525.15,15.2303,15.7303,Above DFE,0,0
8292691,-72.837074,40.778731,RES1-2SWB,RES,R12B,366437.98,183218.99,19.2284,21.2284,Above DFE,0,0
8292692,-72.836426,40.777222,RES1-1SNB,RES,R11N,189092.19,94546.09,16.2695,16.7695,Above DFE,0,0
8292693,-72.836634,40.777656,IND2,NONRES,I2LN,NaN,NaN,16.1514,16.6514,Above DFE,0,0
8292694,-72.834963,40.776684,RES1-1SNB,RES,R11N,209757.35,104878.67,14.7688,15.2688,Above DFE,0,0
8292695,-72.836122,40.776731,RES1-1SWB,RES,R11B,422954.1,211477.05,18.1018,20.1018,Above DFE,0,0
8292696,-72.837199,40.779058,RES1-2SWB,RES,R12B,304222.8,152111.4,18.7704,20.7704,Above DFE,0,0
8292697,-72.836353,40.777037,RES1-2SNB,RES,R12N,379341.45,189670.73,17.0352,17.5352,Above DFE,0,0
8292698,-72.835778,40.778613,RES1-2SNB,RES,R12N,373773.76,186886.88,15.9712,17.4712,Above DFE,0,0
8292699,-72.835547,40.77608,RES1-1SNB,RES,R11N,278818.36,139409.18,18.2522,19.7522,Above DFE,0,0
8292700,-72.835695,40.778377,RES1-1SNB,RES,R11N,186256.22,93128.11,15.472,15.972,Above DFE,0,0
8292701,-72.835891,40.778849,RES1-1SNB,RES,R11N,162065.22,81032.61,16.4962,17.9962,Above DFE,0,0
8292702,-72.835444,40.777465,RES1-1SNB,RES,R11N,244744.83,122372.41,12.8905,13.3905,Above DFE,0,0
8292703,-72.835137,40.776198,RES1-2SNB,RES,R12N,314203.49,157101.74,17.6181,18.1181,Above DFE,0,0
8292704,-72.835881,40.775976,RES1-1SNB,RES,R11N,168618.81,84309.41,18.1549,18.6549,Above DFE,0,0
8292705,-72.835456,40.777714,RES1-1SWB,RES,R11B,275329.05,137664.52,13.109,15.109,Above DFE,0,0
8292706,-72.834911,40.776463,RES1-1SNB,RES,R11N,193736.29,96868.14,15.3524,16.8524,Above DFE,0,0
8292707,-72.835626,40.778131,RES1-1SWB,RES,R11B,218700.33,109350.16,15.5959,17.5959,Above DFE,0,0
8292708,-72.835998,40.776351,RES1-2SWB,RES,R12B,334849.97,167424.98,16.3461,18.3461,Above DFE,0,0
8292709,-72.835209,40.777183,RES1-1SWB,RES,R11B,217450.26,108725.13,13.5783,15.5783,Above DFE,0,0
8292710,-72.836409,40.779011,RES1-2SNB,RES,R12N,262212.79,131106.39,16.9332,17.4332,Above DFE,0,0
8292711,-72.83611,40.776547,COM4,NONRES,C4LN,NaN,NaN,16.9115,17.4115,Above DFE,0,0
8292712,-72.836016,40.77624,RES1-1SWB,RES,R11B,191307.55,95653.77,16.8677,18.8677,Above DFE,0,0
8292713,-72.83556,40.777926,RES1-2SWB,RES,R12B,493305.34,246652.67,14.1495,16.1495,Above DFE,0,0
8292714,-72.836422,40.777346,RES3A,RES,R3A3N,400662.99,200331.5,15.6903,16.1903,Above DFE,0,0
8292715,-72.836873,40.77819,RES1-2SWB,RES,R12B,308878.05,154439.02,16.9637,18.9637,Above DFE,0,0
8292716,-72.836944,40.778463,RES1-3SWB,RES,R13B,367829.26,183914.63,17.9486,19.9486,Above DFE,0,0
8292717,-72.836721,40.777933,RES1-2SWB,RES,R12B,442456.85,221228.43,16.2801,18.2801,Above DFE,0,0
8292718,-72.836221,40.776859,RES1-1SWB,RES,R11B,200306.46,100153.23,16.3768,18.3768,Above DFE,0,0
8292719,-72.835125,40.776999,RES1-2SWB,RES,R12B,370853.71,185426.85,14.3481,16.3481,Above DFE,0,0
8292784,-72.838003,40.762052,RES1-2SNB,RES,R12N,322913.36,161456.68,5.7494,7.2494,Under DFE,0,0
8292785,-72.837069,40.760624,RES1-2SWB,RES,R12B,324297.59,162148.8,6.4427,8.4427,Under DFE,0,0
8292786,-72.837707,40.762155,RES1-2SNB,RES,R12N,278239.1,139119.55,5.5598,6.0598,Under DFE,0,0
8292787,-72.837096,40.760801,RES1-1SNB,RES,R11N,134181.62,67090.81,5.4428,6.9428,Under DFE,0,0
8292788,-72.837581,40.761002,RES1-2SWB,RES,R12B,352423.92,176211.96,7.2959,9.2959,Under DFE,0,0
8292789,-72.837354,40.760539,RES1-2SNB,RES,R12N,331966.11,165983.06,6.3946,7.8946,Under DFE,0,0
8292790,-72.837479,40.760702,RES1-2SWB,RES,R12B,199923.99,99961.99,4.8962,6.8962,Under DFE,0,0
8292838,-72.842,40.78283,RES1-2SWB,RES,R12B,372395.2,186197.6,27.1682,29.1682,Above DFE,0,0
8292839,-72.84171,40.784064,RES1-1SNB,RES,R11N,227944.97,113972.49,27.3903,27.8903,Above DFE,0,0
8292840,-72.840393,40.784557,RES1-1SNB,RES,R11N,196124.53,98062.27,25.5467,26.0467,Above DFE,0,0
8292841,-72.840198,40.785013,RES1-2SWB,RES,R12B,406260.38,203130.19,29.1934,31.1934,Above DFE,0,0
8292842,-72.841166,40.785268,RES1-2SNB,RES,R12N,91168.73,45584.36,30.719,32.219,Above DFE,0,0
8292843,-72.840927,40.783054,RES1-1SWB,RES,R11B,199764.78,99882.39,25.0628,27.0628,Above DFE,0,0
8292844,-72.841435,40.784789,RES1-1SWB,RES,R11B,240413.89,120206.95,29.2324,31.2324,Above DFE,0,0
8292845,-72.841282,40.785288,RES1-2SWB,RES,R12B,479233.35,239616.67,29.4938,31.4938,Above DFE,0,0
8292846,-72.84208,40.783139,RES1-2SWB,RES,R12B,439039.52,219519.76,27.7578,29.7578,Above DFE,0,0
8292847,-72.840839,40.783299,RES1-1SNB,RES,R11N,212757.29,106378.65,25.7709,27.2709,Above DFE,0,0
8292848,-72.839998,40.785552,COM1,NONRES,C1LN,NaN,NaN,31.1136,31.6136,Above DFE,0,0
8292849,-72.841009,40.782842,RES1-2SNB,RES,R12N,389272.69,194636.35,25.3977,26.8977,Above DFE,0,0
8292850,-72.841051,40.782615,RES1-1SNB,RES,R11N,232609.74,116304.87,25.7029,27.2029,Above DFE,0,0
8292851,-72.841424,40.78272,RES1-1SNB,RES,R11N,174389.61,87194.81,25.4269,25.9269,Above DFE,0,0
8292852,-72.841531,40.783958,RES1-2SWB,RES,R12B,223736.37,111868.18,27.1008,29.1008,Above DFE,0,0
8292853,-72.841105,40.785539,COM2,NONRES,C2LN,NaN,NaN,29.1518,29.6518,Above DFE,0,0
8292854,-72.84044,40.785522,RES3A,RES,R3A1N,1030249.43,515124.72,29.3857,29.8857,Above DFE,0,0
8292855,-72.84073,40.783718,RES1-2SWB,RES,R12B,402763.5,201381.75,24.1288,26.1288,Above DFE,0,0
8292856,-72.841469,40.78464,RES1-1SNB,RES,R11N,186473.86,93236.93,28.3704,28.8704,Above DFE,0,0
8292857,-72.840768,40.78553,RES1-2SWB,RES,R12B,304600.05,152300.02,29.5877,31.5877,Above DFE,0,0
8292858,-72.840312,40.784754,RES1-1SWB,RES,R11B,271353.88,135676.94,27.4989,29.4989,Above DFE,0,0
8292859,-72.84132,40.784523,RES1-3SNB,RES,R13N,318441.76,159220.88,28.4859,28.9859,Above DFE,0,0
8292883,-72.840474,40.780356,RES1-1SWB,RES,R11B,187156.49,93578.24,22.8473,24.8473,Above DFE,0,0
8292884,-72.841264,40.766042,RES1-2SNB,RES,R12N,257078.79,128539.4,14.2185,14.7185,Above DFE,0,0
8292885,-72.841889,40.767355,RES1-2SNB,RES,R12N,317065.5,158532.75,15.1652,16.6652,Above DFE,0,0
8292886,-72.841986,40.766742,RES1-1SWB,RES,R11B,282279.07,141139.54,14.8622,16.8622,Above DFE,0,0
8292887,-72.841795,40.767058,RES1-2SWB,RES,R12B,442525.3,221262.65,15.5214,17.5214,Above DFE,0,0
8292888,-72.842134,40.767243,RES1-1SWB,RES,R11B,423811.71,211905.85,13.813,15.813,Above DFE,0,0
8292889,-72.841562,40.766759,RES1-1SWB,RES,R11B,261939.78,130969.89,15.5883,17.5883,Above DFE,0,0
8292890,-72.841797,40.766372,RES1-2SWB,RES,R12B,212233.56,106116.78,15.1092,17.1092,Above DFE,0,0
8292891,-72.84175,40.766154,RES1-1SWB,RES,R11B,169331.98,84665.99,14.2365,16.2365,Above DFE,0,0
8292892,-72.841324,40.766213,RES1-2SWB,RES,R12B,428837.32,214418.66,14.2862,16.2862,Above DFE,0,0
8292893,-72.841898,40.766507,RES1-1SWB,RES,R11B,236511.05,118255.53,14.0482,16.0482,Above DFE,0,0
8292894,-72.841648,40.76687,RES1-2SWB,RES,R12B,461148.51,230574.26,16.0337,18.0337,Above DFE,0,0
8292895,-72.841611,40.765692,RES1-1SWB,RES,R11B,170746.8,85373.4,13.6873,15.6873,Above DFE,0,0
8292896,-72.841511,40.766596,RES1-2SWB,RES,R12B,347237.64,173618.82,14.8761,16.8761,Above DFE,0,0
8292919,-72.842616,40.766022,RES1-2SNB,RES,R12N,204128.72,102064.36,13.7023,14.2023,Above DFE,0,0
8292920,-72.84245,40.766669,RES1-1SWB,RES,R11B,293712.48,146856.24,15.2309,17.2309,Above DFE,0,0
8292921,-72.84256,40.766901,RES1-2SWB,RES,R12B,447391.8,223695.9,15.5353,17.5353,Above DFE,0,0
8292922,-72.84303,40.767018,RES1-2SNB,RES,R12N,339571.42,169785.71,16.5024,18.0024,Above DFE,0,0
8292923,-72.842772,40.766346,RES1-1SNB,RES,R11N,157232.64,78616.32,15.1185,16.6185,Above DFE,0,0
8292924,-72.842894,40.766657,RES1-1SWB,RES,R11B,133830.38,66915.19,15.0142,17.0142,Above DFE,0,0
8292925,-72.842238,40.766163,RES1-1SNB,RES,R11N,237501.33,118750.66,15.2264,16.7264,Above DFE,0,0
8292926,-72.842047,40.765611,RES1-1SNB,RES,R11N,235566.13,117783.06,14.7818,15.2818,Above DFE,0,0
8292927,-72.842018,40.765713,RES1-1SWB,RES,R11B,95398.2,47699.1,14.6453,16.6453,Above DFE,0,0
8292928,-72.842295,40.76642,RES1-1SNB,RES,R11N,250904.74,125452.37,15.1002,15.6002,Above DFE,0,0
8292929,-72.842529,40.765883,RES1-1SWB,RES,R11B,225878.14,112939.07,14.124,16.124,Above DFE,0,0
8292930,-72.842849,40.766506,RES1-1SWB,RES,R11B,134520.96,67260.48,15.0856,17.0856,Above DFE,0,0
8292931,-72.842694,40.767108,RES1-1SNB,RES,R11N,194989.58,97494.79,15.1828,15.6828,Above DFE,0,0
8292995,-72.842758,40.770503,RES3A,RES,R3A1B,691701.31,345850.65,15.7187,17.7187,Above DFE,0,0
8292996,-72.842473,40.770833,RES3A,RES,R3A3B,744462.76,372231.38,15.338,17.338,Above DFE,0,0
8292997,-72.84248,40.769895,RES1-2SWB,RES,R12B,290801.19,145400.6,13.0839,15.0839,Above DFE,0,0
8292998,-72.842516,40.770932,RES1-1SNB,RES,R11N,133115.19,66557.59,16.2369,17.7369,Above DFE,0,0
8292999,-72.8424,40.769723,RES1-2SWB,RES,R12B,459363.22,229681.61,12.5222,14.5222,Above DFE,0,0
8293000,-72.842266,40.770442,RES1-2SWB,RES,R12B,313559.6,156779.8,13.3881,15.3881,Above DFE,0,0
8293001,-72.842344,40.770565,RES1-1SWB,RES,R11B,191217.62,95608.81,13.9976,15.9976,Above DFE,0,0
8293002,-72.84304,40.771222,RES1-1SWB,RES,R11B,279901.05,139950.53,18.8789,20.8789,Above DFE,0,0
8293003,-72.842219,40.7703,RES1-1SNB,RES,R11N,248018.32,124009.16,13.4532,13.9532,Above DFE,0,0
8293004,-72.842922,40.770917,COM8,NONRES,C8LN,NaN,NaN,18.6117,19.1117,Above DFE,0,0
8293005,-72.842816,40.770692,RES1-2SNB,RES,R12N,385613.08,192806.54,16.559,18.059,Above DFE,0,0
8293006,-72.842759,40.756084,RES1-1SWB,RES,R11B,123751.84,61875.92,3.0847,5.0847,Under DFE,0,0
8293007,-72.842394,40.755061,RES1-1SNB,RES,R11N,149390.25,74695.12,2.7795,3.2795,Under DFE,0,0
8293008,-72.842305,40.756163,RES1-1SWB,RES,R11B,211214.78,105607.39,2.776,4.776,Under DFE,0,0
8293009,-72.842912,40.756581,RES1-1SNB,RES,R11N,142228.01,71114.01,6.5161,7.0161,Under DFE,0,0
8293010,-72.842362,40.756034,RES1-2SWB,RES,R12B,192136.78,96068.39,2.6175,4.6175,Under DFE,0,0
8293011,-72.842494,40.756473,RES1-1SWB,RES,R11B,167144.94,83572.47,5.4279,7.4279,Under DFE,0,0
8293012,-72.842986,40.779558,RES3A,RES,R3A1B,910258.59,455129.29,23.8904,25.8904,Above DFE,0,0
8293013,-72.841563,40.778922,RES1-2SWB,RES,R12B,326882.07,163441.04,23.3168,25.3168,Above DFE,0,0
8293014,-72.841315,40.778492,RES1-1SNB,RES,R11N,190921.53,95460.76,21.842,22.342,Above DFE,0,0
8293015,-72.842227,40.778256,RES1-1SWB,RES,R11B,170244.8,85122.4,22.6712,24.6712,Above DFE,0,0
8293016,-72.842925,40.77926,RES1-1SWB,RES,R11B,182267.59,91133.79,24.4937,26.4937,Above DFE,0,0
8293017,-72.841706,40.778395,IND6,NONRES,I6LN,298948.59,298948.59,22.2769,22.7769,Above DFE,0,0
8293018,-72.841611,40.779161,RES1-1SWB,RES,R11B,198942.42,99471.21,22.635,24.635,Above DFE,0,0
8293019,-72.842573,40.778516,RES1-1SWB,RES,R11B,209020.6,104510.3,22.687,24.687,Above DFE,0,0
8293020,-72.843218,40.780107,RES3A,RES,R3A1B,932244.54,466122.27,25.0195,27.0195,Above DFE,0,0
8293021,-72.842738,40.780414,RES1-1SWB,RES,R11B,296073.16,148036.58,25.192,27.192,Above DFE,0,0
8293022,-72.842003,40.780075,RES1-1SNB,RES,R11N,178776.84,89388.42,23.3268,23.8268,Above DFE,0,0
8293023,-72.841764,40.779635,RES1-2SWB,RES,R12B,232080.94,116040.47,22.2801,24.2801,Above DFE,0,0
8293024,-72.842457,40.778218,RES1-1SNB,RES,R11N,154934.89,77467.44,22.956,24.456,Above DFE,0,0
8293025,-72.841797,40.779477,RES1-3SWB,RES,R13B,518086.99,259043.49,21.7631,23.7631,Above DFE,0,0
8293026,-72.841491,40.77875,RES3A,RES,R3A1B,830617.59,415308.8,23.7647,25.7647,Above DFE,0,0
8293027,-72.842401,40.780342,RES3A,RES,R3A1B,893082.2,446541.1,25.4748,27.4748,Above DFE,0,0
8293028,-72.841935,40.779819,COM3,NONRES,C3LN,505646.99,505646.99,22.9107,23.4107,Above DFE,0,0
8293029,-72.842658,40.77872,RES1-1SNB,RES,R11N,143969.55,71984.77,23.1173,24.6173,Above DFE,0,0
8293030,-72.841949,40.779566,RES1-1SWB,RES,R11B,185986.2,92993.1,21.8079,23.8079,Above DFE,0,0
8293053,-72.843258,40.767649,RES1-2SWB,RES,R12B,384257.37,192128.68,15.9446,17.9446,Above DFE,0,0
8293054,-72.843525,40.768235,RES1-1SNB,RES,R11N,182009.73,91004.87,15.5003,17.0003,Above DFE,0,0
8293055,-72.843147,40.768308,RES1-2SWB,RES,R12B,251142.95,125571.47,14.3046,16.3046,Above DFE,0,0
8293056,-72.843024,40.767976,RES1-1SNB,RES,R11N,209566.56,104783.28,13.7965,14.2965,Above DFE,0,0
8293057,-72.843913,40.769157,RES1-1SWB,RES,R11B,251982.06,125991.03,16.8184,18.8184,Above DFE,0,0
8293058,-72.843508,40.768111,RES1-1SWB,RES,R11B,185840.25,92920.13,15.2413,17.2413,Above DFE,0,0
8293059,-72.843929,40.770067,RES1-2SNB,RES,R12N,277657.01,138828.51,18.2517,18.7517,Above DFE,0,0
8293060,-72.844119,40.769776,RES1-1SWB,RES,R11B,120816.62,60408.31,17.0286,19.0286,Above DFE,0,0
8293061,-72.842918,40.767715,IND6,NONRES,I6LN,NaN,NaN,14.4872,14.9872,Above DFE,0,0
8293062,-72.844321,40.770018,RES1-2SNB,RES,R12N,160137.21,80068.6,18.3637,19.8637,Above DFE,0,0
8293063,-72.844118,40.770482,RES1-1SNB,RES,R11N,144945.74,72472.87,18.2671,18.7671,Above DFE,0,0
8293064,-72.844116,40.769607,RES1-2SNB,RES,R12N,234006.87,117003.43,17.1556,17.6556,Above DFE,0,0
8293065,-72.843991,40.770199,RES1-1SWB,RES,R11B,232814.41,116407.2,17.6632,19.6632,Above DFE,0,0
8293066,-72.843508,40.769067,RES3A,RES,R3A1N,815843.97,407921.98,15.9744,16.4744,Above DFE,0,0
8293067,-72.84281,40.767516,RES1-1SWB,RES,R11B,314134.17,157067.08,15.2218,17.2218,Above DFE,0,0
8293068,-72.84341,40.767912,RES1-2SNB,RES,R12N,278196.38,139098.19,16.3322,16.8322,Above DFE,0,0
8293069,-72.843936,40.769305,RES1-1SNB,RES,R11N,107044.4,53522.2,17.2203,17.7203,Above DFE,0,0
8293070,-72.842964,40.767869,RES1-1SNB,RES,R11N,118473.65,59236.83,14.1558,14.6558,Above DFE,0,0
8293071,-72.844057,40.770301,RES1-2SWB,RES,R12B,251871.86,125935.93,17.86,19.86,Above DFE,0,0
8293072,-72.843293,40.768402,RES1-2SWB,RES,R12B,234056.85,117028.42,15.1416,17.1416,Above DFE,0,0
8293073,-72.844346,40.770907,RES1-3SWB,RES,R13B,391319.96,195659.98,19.3769,21.3769,Above DFE,0,0
8293201,-72.844222,40.765293,RES1-2SNB,RES,R12N,379226.86,189613.43,14.4029,14.9029,Above DFE,0,0
8293202,-72.844291,40.764988,RES1-3SNB,RES,R13N,444911.65,222455.83,14.2119,15.7119,Above DFE,0,0
8293203,-72.845414,40.764863,RES1-3SNB,RES,R13N,402125.5,201062.75,12.704,14.204,Above DFE,0,0
8293204,-72.845566,40.765005,RES1-2SNB,RES,R12N,438330.19,219165.09,12.6236,14.1236,Above DFE,0,0
8293227,-72.844322,40.767871,RES1-1SWB,RES,R11B,125151.12,62575.56,17.139,19.139,Above DFE,0,0
8293228,-72.845142,40.770716,RES1-2SWB,RES,R12B,424712.94,212356.47,20.1459,22.1459,Above DFE,0,0
8293229,-72.84532,40.770101,RES1-2SNB,RES,R12N,252111.3,126055.65,18.8629,20.3629,Above DFE,0,0
8293230,-72.844756,40.768898,RES1-1SWB,RES,R11B,220531.49,110265.74,17.7359,19.7359,Above DFE,0,0
8293231,-72.844936,40.76931,RES1-2SWB,RES,R12B,296869.6,148434.8,18.4886,20.4886,Above DFE,0,0
8293232,-72.843608,40.767264,RES1-2SWB,RES,R12B,258627.4,129313.7,16.4881,18.4881,Above DFE,0,0
8293233,-72.845061,40.769537,RES1-1SWB,RES,R11B,272970.39,136485.19,18.1323,20.1323,Above DFE,0,0
8293234,-72.843875,40.767778,AGR1,NONRES,A1LN,NaN,NaN,17.578,18.078,Above DFE,0,0
8293235,-72.843998,40.767215,RES3A,RES,R3A1B,851322.33,425661.16,17.0975,19.0975,Above DFE,0,0
8293236,-72.844593,40.769406,RES1-1SNB,RES,R11N,246290.41,123145.21,18.5776,19.0776,Above DFE,0,0
8293237,-72.844969,40.769453,RES1-1SNB,RES,R11N,113155.69,56577.84,18.0128,18.5128,Above DFE,0,0
8293238,-72.844682,40.76966,RES1-2SWB,RES,R12B,340249.33,170124.66,18.5212,20.5212,Above DFE,0,0
8293239,-72.84374,40.767541,RES3A,RES,R3A1N,855737.14,427868.57,16.9861,17.4861,Above DFE,0,0
8293240,-72.844352,40.768847,RES1-2SWB,RES,R12B,247995.35,123997.68,17.9797,19.9797,Above DFE,0,0
8293241,-72.844248,40.767702,RES1-1SWB,RES,R11B,349271.68,174635.84,18.1549,20.1549,Above DFE,0,0
8293242,-72.844531,40.76838,RES1-1SWB,RES,R11B,103748.26,51874.13,17.5581,19.5581,Above DFE,0,0
8293265,-72.847277,40.769159,RES1-1SNB,RES,R11N,236120.13,118060.06,19.1476,20.6476,Above DFE,0,0
8293266,-72.845973,40.769462,RES1-2SWB,RES,R12B,292508.15,146254.07,19.6778,21.6778,Above DFE,0,0
8293267,-72.846115,40.759876,RES3A,RES,R3A5B,758374.83,379187.41,7.5172,9.5172,Under DFE,0,0
8293268,-72.845569,40.759538,RES3A,RES,R3A3B,679533.98,339766.99,7.5091,9.5091,Under DFE,0,0
8293269,-72.845715,40.759861,RES3A,RES,R3A3N,763812.64,381906.32,8.66,10.16,Above DFE,0,0
8293270,-72.845196,40.758578,COM3,NONRES,C3LN,NaN,NaN,8.5019,9.0019,Under DFE,0,0
8293271,-72.845709,40.759691,RES3A,RES,R3A1B,641420.14,320710.07,8.41,10.41,Above DFE,0,0
8293272,-72.845272,40.758837,RES1-1SWB,RES,R11B,238661.49,119330.75,6.353,8.353,Under DFE,0,0
8293273,-72.845828,40.760063,IND6,NONRES,I6LN,NaN,NaN,9.0921,9.5921,Under DFE,0,0
8293274,-72.845517,40.759324,AGR1,NONRES,A1LN,NaN,NaN,8.2407,8.7407,Under DFE,0,0
8293275,-72.846069,40.759749,RES1-2SWB,RES,R12B,156528.95,78264.48,7.1526,9.1526,Under DFE,0,0
8293403,-72.846609,40.762001,RES1-1SWB,RES,R11B,220353.94,110176.97,11.923,13.923,Above DFE,0,0
8293404,-72.846346,40.761356,RES1-1SWB,RES,R11B,184794.52,92397.26,11.4704,13.4704,Above DFE,0,0
8293405,-72.84652,40.760722,RES1-2SNB,RES,R12N,207489.84,103744.92,10.3586,10.8586,Above DFE,0,0
8293406,-72.846265,40.761132,RES1-1SWB,RES,R11B,290774.55,145387.27,10.6302,12.6302,Above DFE,0,0
8293407,-72.846572,40.760975,RES1-2SWB,RES,R12B,357422.6,178711.3,10.3768,12.3768,Above DFE,0,0
8293408,-72.84683,40.761519,RES1-1SNB,RES,R11N,161681.09,80840.55,11.0373,11.5373,Above DFE,0,0
8293409,-72.846368,40.760797,RES1-2SNB,RES,R12N,103600.68,51800.34,10.1543,10.6543,Above DFE,0,0
8293410,-72.846867,40.763792,RES1-1SWB,RES,R11B,135377.75,67688.87,13.4742,15.4742,Above DFE,0,0
8293411,-72.84664,40.763246,RES1-1SNB,RES,R11N,201054.65,100527.32,13.2714,13.7714,Above DFE,0,0
8293412,-72.846645,40.764081,RES1-1SWB,RES,R11B,164261.47,82130.74,13.9313,15.9313,Above DFE,0,0
8293413,-72.846613,40.763512,RES1-2SWB,RES,R12B,400615.27,200307.64,12.926,14.926,Above DFE,0,0
8293414,-72.846425,40.76363,RES1-2SWB,RES,R12B,318717.47,159358.74,13.1014,15.1014,Above DFE,0,0
8293415,-72.845939,40.76251,RES1-1SWB,RES,R11B,185081.62,92540.81,12.4749,14.4749,Above DFE,0,0
8293416,-72.846577,40.763067,RES1-2SWB,RES,R12B,387925.61,193962.81,13.443,15.443,Above DFE,0,0
8293417,-72.846478,40.763854,RES1-2SWB,RES,R12B,378873.77,189436.88,14.2287,16.2287,Above DFE,0,0
8293418,-72.846927,40.763918,RES1-2SNB,RES,R12N,416804.41,208402.2,13.6989,14.1989,Above DFE,0,0
8293419,-72.846073,40.762835,RES1-1SWB,RES,R11B,344821.72,172410.86,12.9182,14.9182,Above DFE,0,0
8293420,-72.846331,40.762422,RES1-1SWB,RES,R11B,205245.25,102622.62,12.3526,14.3526,Above DFE,0,0
8293421,-72.846154,40.763106,RES1-2SNB,RES,R12N,349618.22,174809.11,13.3498,13.8498,Above DFE,0,0
8293422,-72.846168,40.762452,RES1-3SWB,RES,R13B,434080.95,217040.48,12.0653,14.0653,Above DFE,0,0
8293467,-72.848486,40.766519,RES1-1SWB,RES,R11B,155786.12,77893.06,15.7472,17.7472,Above DFE,0,0
8293468,-72.848945,40.767577,RES1-2SNB,RES,R12N,332639.77,166319.88,14.892,16.392,Above DFE,0,0
8293469,-72.849585,40.767038,RES1-1SWB,RES,R11B,134240.9,67120.45,15.0823,17.0823,Above DFE,0,0
8293470,-72.85005,40.767321,RES1-2SNB,RES,R12N,206916.42,103458.21,14.2904,15.7904,Above DFE,0,0
8293471,-72.84934,40.767459,RES1-1SNB,RES,R11N,226094.74,113047.37,15.6391,16.1391,Above DFE,0,0
8293472,-72.848839,40.754185,RES1-1SNB,RES,R11N,220990.25,110495.12,4.7432,5.2432,Under DFE,0,0
8293473,-72.848407,40.754626,RES1-1SNB,RES,R11N,242789.64,121394.82,4.1793,4.6793,Under DFE,0,0
8293474,-72.848121,40.7544,RES1-2SNB,RES,R12N,434263.19,217131.59,5.8794,7.3794,Under DFE,0,0
8293475,-72.848532,40.754355,RES1-1SWB,RES,R11B,223467.18,111733.59,4.3328,6.3328,Under DFE,0,0
8293476,-72.849237,40.754371,RES1-1SNB,RES,R11N,333182.31,166591.15,5.1275,6.6275,Under DFE,0,0
8293477,-72.848905,40.754499,RES1-1SWB,RES,R11B,392157.88,196078.94,5.2426,7.2426,Under DFE,0,0
8293478,-72.8491,40.75442,RES1-1SWB,RES,R11B,269878.38,134939.19,5.0842,7.0842,Under DFE,0,0
8293479,-72.848604,40.754597,RES1-2SWB,RES,R12B,341283.2,170641.6,4.522,6.522,Under DFE,0,0
8293480,-72.849446,40.754059,RES1-1SWB,RES,R11B,335866.73,167933.36,5.9744,7.9744,Under DFE,0,0
8293609,-72.851341,40.760457,RES1-2SWB,RES,R12B,545282.68,272641.34,8.7721,10.7721,Above DFE,0,0
8293610,-72.851467,40.760716,RES1-1SWB,RES,R11B,456232.24,228116.12,9.9835,11.9835,Above DFE,0,0
8293611,-72.851231,40.760214,RES1-1SWB,RES,R11B,322020.64,161010.32,7.6918,9.6918,Under DFE,0,0
8293612,-72.851686,40.760731,RES1-3SNB,RES,R13N,491628.98,245814.49,9.9602,10.4602,Above DFE,0,0
8293613,-72.851718,40.759437,RES1-1SWB,RES,R11B,310958.15,155479.07,10.7019,12.7019,Above DFE,0,0
8293614,-72.850993,40.759596,RES1-2SWB,RES,R12B,507888.5,253944.25,10.082,12.082,Above DFE,0,0
8293615,-72.851102,40.759923,RES1-1SNB,RES,R11N,256738.84,128369.42,10.3498,11.8498,Above DFE,0,0
8293638,-72.85279,40.759959,RES1-1SWB,RES,R11B,224263.98,112131.99,11.5852,13.5852,Above DFE,0,0
8293639,-72.85246,40.760072,COM1,NONRES,C1LN,NaN,NaN,11.367,11.867,Above DFE,0,0
8293640,-72.852061,40.758956,RES1-1SWB,RES,R11B,316812.6,158406.3,9.4527,11.4527,Above DFE,0,0
8293641,-72.852389,40.75886,RES1-1SWB,RES,R11B,316975.58,158487.79,9.6516,11.6516,Above DFE,0,0
8293642,-72.852687,40.759795,RES1-1SWB,RES,R11B,257959.19,128979.59,11.2406,13.2406,Above DFE,0,0
8293643,-72.852195,40.759365,RES1-1SWB,RES,R11B,328367.88,164183.94,10.6462,12.6462,Above DFE,0,0
8293644,-72.852718,40.758378,RES1-2SNB,RES,R12N,395984.82,197992.41,9.3866,10.8866,Above DFE,0,0
8293645,-72.852823,40.757572,RES1-2SWB,RES,R12B,445390.3,222695.15,8.4216,10.4216,Above DFE,0,0
8293646,-72.853109,40.758337,RES1-1SWB,RES,R11B,149013.85,74506.93,8.2377,10.2377,Above DFE,0,0
8293647,-72.852877,40.757807,RES1-2SWB,RES,R12B,308938.68,154469.34,7.9723,9.9723,Under DFE,0,0
8293648,-72.852536,40.757685,RES1-1SNB,RES,R11N,176051.32,88025.66,8.3176,9.8176,Under DFE,0,0
8293649,-72.852718,40.757678,RES1-1SWB,RES,R11B,225888.18,112944.09,7.8177,9.8177,Under DFE,0,0
8293650,-72.852471,40.756727,RES1-2SNB,RES,R12N,293436.04,146718.02,5.3575,5.8575,Under DFE,0,0
8293651,-72.852975,40.758055,RES1-2SWB,RES,R12B,393093.74,196546.87,8.756,10.756,Above DFE,0,0
8293652,-72.85242,40.757475,RES1-1SWB,RES,R11B,153890.33,76945.16,7.8791,9.8791,Under DFE,0,0
8293653,-72.852626,40.758202,RES1-2SNB,RES,R12N,270285.55,135142.77,8.3644,9.8644,Under DFE,0,0
8293697,-72.854262,40.752158,RES1-1SNB,RES,R11N,223515.98,111757.99,6.2212,6.7212,Under DFE,0,0
8293698,-72.855262,40.754717,RES1-2SWB,RES,R12B,306284.72,153142.36,6.5015,8.5015,Under DFE,0,0
8293699,-72.85574,40.755046,RES1-2SNB,RES,R12N,117045.35,58522.68,8.0054,8.5054,Under DFE,0,0
8293700,-72.854222,40.755255,RES1-2SNB,RES,R12N,276526.33,138263.17,7.9377,9.4377,Under DFE,0,0
8293701,-72.855455,40.755056,RES1-1SWB,RES,R11B,315423.29,157711.64,7.7241,9.7241,Under DFE,0,0
8293702,-72.854976,40.754798,RES1-2SNB,RES,R12N,296533.16,148266.58,6.5985,8.0985,Under DFE,0,0
8293703,-72.854826,40.754852,RES1-1SNB,RES,R11N,84258.79,42129.39,7.0373,7.5373,Under DFE,0,0
8293704,-72.854537,40.755201,RES1-1SNB,RES,R11N,163851.78,81925.89,8.6652,9.1652,Under DFE,0,0
8293705,-72.854658,40.754851,RES1-1SWB,RES,R11B,215223.61,107611.8,7.605,9.605,Under DFE,0,0
8293706,-72.854884,40.75513,RES1-3SWB,RES,R13B,340827.69,170413.84,7.9407,9.9407,Under DFE,0,0
8293707,-72.854123,40.75498,RES1-2SWB,RES,R12B,418674.89,209337.45,7.7853,9.7853,Under DFE,0,0
8293708,-72.854385,40.75491,RES1-2SWB,RES,R12B,433780.8,216890.4,6.543,8.543,Under DFE,0,0
8293709,-72.855947,40.755083,RES1-2SWB,RES,R12B,238234.9,119117.45,8.3104,10.3104,Above DFE,0,0
8293710,-72.855923,40.754728,RES1-1SWB,RES,R11B,138967.5,69483.75,6.9361,8.9361,Under DFE,0,0
8293711,-72.855632,40.754717,RES1-2SWB,RES,R12B,220386.9,110193.45,7.2262,9.2262,Under DFE,0,0
8293712,-72.855091,40.755074,RES1-2SWB,RES,R12B,273033.11,136516.55,7.7386,9.7386,Under DFE,0,0
8293735,-72.854937,40.753429,RES1-1SWB,RES,R11B,210731.77,105365.88,7.5856,9.5856,Under DFE,0,0
8293994,-72.860589,40.75999,RES1-1SWB,RES,R11B,245435.94,122717.97,12.5284,14.5284,Above DFE,0,0
8293995,-72.860967,40.758343,RES1-1SWB,RES,R11B,97265.53,48632.76,12.1395,14.1395,Above DFE,0,0
8293996,-72.860931,40.758607,RES1-2SNB,RES,R12N,117855.46,58927.73,12.2346,12.7346,Above DFE,0,0
8293997,-72.860999,40.759157,IND6,NONRES,I6LN,NaN,NaN,13.4395,13.9395,Above DFE,0,0
8293998,-72.861059,40.758539,RES1-1SWB,RES,R11B,174160.95,87080.47,12.352,14.352,Above DFE,0,0
8293999,-72.860602,40.758184,RES1-2SNB,RES,R12N,231635.87,115817.94,8.472,8.972,Under DFE,0,0
8294000,-72.860555,40.759539,RES1-1SNB,RES,R11N,128541.63,64270.82,12.6763,13.1763,Above DFE,0,0
8294001,-72.860976,40.759301,RES1-1SNB,RES,R11N,194065.07,97032.53,13.4331,13.9331,Above DFE,0,0
8294002,-72.861116,40.75874,RES1-1SWB,RES,R11B,176228.06,88114.03,13.4391,15.4391,Above DFE,0,0
8294343,-72.866505,40.759243,RES1-1SWB,RES,R11B,331874.84,165937.42,13.1106,15.1106,Above DFE,0,0
8294344,-72.865214,40.760031,RES1-1SNB,RES,R11N,231167.27,115583.63,14.9572,16.4572,Above DFE,0,0
8294345,-72.865366,40.759948,RES1-2SWB,RES,R12B,457101.23,228550.61,14.3317,16.3317,Above DFE,0,0
8294346,-72.865655,40.759781,RES1-2SWB,RES,R12B,478309.18,239154.59,14.5199,16.5199,Above DFE,0,0
8294347,-72.864506,40.760441,RES1-2SWB,RES,R12B,320949.45,160474.73,15.2964,17.2964,Above DFE,0,0
8294348,-72.862901,40.760972,RES1-1SNB,RES,R11N,240884.08,120442.04,16.6363,17.1363,Above DFE,0,0
8294349,-72.864227,40.76061,RES1-2SWB,RES,R12B,305992.87,152996.44,16.2609,18.2609,Above DFE,0,0
8294350,-72.863119,40.760861,RES1-1SWB,RES,R11B,218531.5,109265.75,16.7534,18.7534,Above DFE,0,0
8294395,-72.866045,40.751672,RES1-1SWB,RES,R11B,260851.56,130425.78,7.033,9.033,Under DFE,0,0
8294396,-72.864037,40.75207,IND6,NONRES,I6LN,NaN,NaN,7.9846,8.4846,Under DFE,0,0
8294397,-72.862984,40.751981,RES1-2SWB,RES,R12B,394824.33,197412.16,8.0381,10.0381,Above DFE,0,0
8294398,-72.866394,40.751604,RES1-1SWB,RES,R11B,252998.7,126499.35,7.0802,9.0802,Under DFE,0,0
8294399,-72.862782,40.752036,RES1-2SWB,RES,R12B,412322.67,206161.34,7.6032,9.6032,Under DFE,0,0
8294400,-72.866231,40.751652,RES1-2SWB,RES,R12B,373080.12,186540.06,5.8534,7.8534,Under DFE,0,0
8294401,-72.864555,40.751637,RES1-2SNB,RES,R12N,249878.02,124939.01,6.6986,7.1986,Under DFE,0,0
8294402,-72.864409,40.751997,AGR1,NONRES,A1LN,NaN,NaN,7.8756,8.3756,Under DFE,0,0
8294403,-72.865276,40.751545,RES1-1SWB,RES,R11B,297998.81,148999.41,6.4134,8.4134,Under DFE,0,0
8294404,-72.865417,40.751787,RES1-1SWB,RES,R11B,292610.84,146305.42,7.1647,9.1647,Under DFE,0,0
8294405,-72.863448,40.751923,COM3,NONRES,C3LN,NaN,NaN,8.0359,8.5359,Under DFE,0,0
8294406,-72.865851,40.751438,RES1-1SWB,RES,R11B,73612.95,36806.47,5.168,7.168,Under DFE,0,0
8294407,-72.863605,40.752148,RES1-1SWB,RES,R11B,366199.77,183099.88,8.3504,10.3504,Above DFE,0,0
8294408,-72.866876,40.751229,RES1-2SWB,RES,R12B,428308.66,214154.33,6.0859,8.0859,Under DFE,0,0
8294409,-72.866581,40.751599,RES1-2SWB,RES,R12B,354464.97,177232.48,5.6403,7.6403,Under DFE,0,0
8294410,-72.867345,40.75143,RES1-1SWB,RES,R11B,258740.86,129370.43,5.4123,7.4123,Under DFE,0,0
8296223,-72.814671,40.775409,RES1-2SNB,RES,R12N,209879.88,104939.94,3.6381,11.6381,Above DFE,0,0
8296224,-72.814758,40.774669,IND2,NONRES,I2LN,NaN,NaN,3.5588,11.5588,Above DFE,0,0
8296225,-72.814725,40.774446,RES1-2SNB,RES,R12N,404313.24,202156.62,4.718,6.218,Under DFE,0,0
8296226,-72.814597,40.775827,RES1-1SNB,RES,R11N,212643.51,106321.76,3.5227,5.0227,Under DFE,0,0
8296227,-72.814624,40.776358,RES1-1SNB,RES,R11N,184462.45,92231.22,2.7367,10.7367,Above DFE,0,0
8296668,-72.829598,40.762548,RES1-1SWB,RES,R11B,186427.41,93213.7,6.9054,8.9054,Under DFE,0,0
8296669,-72.830778,40.762232,RES1-1SNB,RES,R11N,172644.7,86322.35,7.3411,7.8411,Under DFE,0,0
8296670,-72.83021,40.762346,RES1-1SWB,RES,R11B,268179.61,134089.81,6.9961,8.9961,Under DFE,0,0
8296907,-72.836241,40.770341,RES1-1SWB,RES,R11B,258377.21,129188.6,14.0924,16.0924,Above DFE,0,0
8296908,-72.835885,40.769556,RES1-1SWB,RES,R11B,220853.69,110426.84,16.3668,18.3668,Above DFE,0,0
8296931,-72.835496,40.783015,RES1-1SWB,RES,R11B,206115.45,103057.73,24.6329,26.6329,Above DFE,0,0
8296932,-72.837061,40.782,RES1-2SWB,RES,R12B,604687.17,302343.59,21.606,23.606,Above DFE,0,0
8296933,-72.835705,40.782482,RES1-2SNB,RES,R12N,293298.15,146649.07,21.0001,21.5001,Above DFE,0,0
8296934,-72.836847,40.782441,RES1-2SNB,RES,R12N,337138.2,168569.1,21.5414,23.0414,Above DFE,0,0
8296935,-72.835824,40.785227,RES1-2SWB,RES,R12B,288085.42,144042.71,25.6481,27.6481,Above DFE,0,0
8296936,-72.835058,40.784268,RES1-1SNB,RES,R11N,185990.52,92995.26,26.1705,27.6705,Above DFE,0,0
8296937,-72.835125,40.783988,RES1-1SWB,RES,R11B,190488.22,95244.11,26.2141,28.2141,Above DFE,0,0
8296938,-72.83527,40.785675,RES1-2SWB,RES,R12B,461916.86,230958.43,24.6169,26.6169,Above DFE,0,0
8296962,-72.836759,40.762057,RES1-1SWB,RES,R11B,264490.74,132245.37,4.8559,6.8559,Under DFE,0,0
8296963,-72.836551,40.760744,RES1-3SWB,RES,R13B,457001.52,228500.76,5.8176,7.8176,Under DFE,0,0
8296964,-72.836713,40.761024,RES1-2SWB,RES,R12B,286887.56,143443.78,5.8611,7.8611,Under DFE,0,0
8296965,-72.836432,40.761296,RES1-1SNB,RES,R11N,169448.76,84724.38,5.7573,7.2573,Under DFE,0,0
8296966,-72.83635,40.760967,RES1-1SWB,RES,R11B,163282.95,81641.48,4.5384,6.5384,Under DFE,0,0
8296967,-72.836523,40.761438,RES1-2SNB,RES,R12N,222372.21,111186.11,4.5921,6.0921,Under DFE,0,0
8296968,-72.836321,40.760768,RES1-1SWB,RES,R11B,182071.15,91035.58,5.1171,7.1171,Under DFE,0,0
8296969,-72.836879,40.761508,RES1-1SNB,RES,R11N,202005.57,101002.78,6.0766,6.5766,Under DFE,0,0
8296992,-72.837849,40.760427,RES1-2SWB,RES,R12B,501201.59,250600.79,5.368,7.368,Under DFE,0,0
8296993,-72.838359,40.760566,RES1-1SWB,RES,R11B,218284.45,109142.23,5.0355,7.0355,Under DFE,0,0
8296994,-72.838463,40.761243,RES1-2SWB,RES,R12B,132475.26,66237.63,4.9642,6.9642,Under DFE,0,0
8296995,-72.83844,40.760785,RES1-1SWB,RES,R11B,168414.61,84207.31,4.8543,6.8543,Under DFE,0,0
8296996,-72.838831,40.761826,RES1-2SNB,RES,R12N,342458.12,171229.06,11.3478,12.8478,Above DFE,0,0
8296997,-72.838185,40.761257,COM3,NONRES,C3LN,NaN,NaN,5.0256,5.5256,Under DFE,0,0
8296998,-72.838583,40.761121,RES1-2SNB,RES,R12N,358208.97,179104.48,4.6138,5.1138,Under DFE,0,0
8296999,-72.838564,40.761895,RES1-1SWB,RES,R11B,175340.96,87670.48,12.0781,14.0781,Above DFE,0,0
8297000,-72.838124,40.761,RES1-1SWB,RES,R11B,237447.59,118723.79,7.1513,9.1513,Under DFE,0,0
8297023,-72.839324,40.773159,RES1-1SWB,RES,R11B,251795.7,125897.85,15.4937,17.4937,Above DFE,0,0
8297024,-72.839895,40.773387,RES1-1SNB,RES,R11N,155662.42,77831.21,15.7769,17.2769,Above DFE,0,0
8297025,-72.84069,40.774313,RES3A,RES,R3A1B,924491.07,462245.53,19.1764,21.1764,Above DFE,0,0
8297026,-72.839393,40.773317,RES1-1SWB,RES,R11B,276907.11,138453.56,15.8307,17.8307,Above DFE,0,0
8297050,-72.839145,40.779376,RES3A,RES,R3A1B,568583.92,284291.96,20.55,22.55,Above DFE,0,0
8297074,-72.84102,40.760525,RES1-2SNB,RES,R12N,244032.95,122016.48,5.9566,6.4566,Under DFE,0,0
8297075,-72.841262,40.760894,RES1-2SNB,RES,R12N,269511.74,134755.87,7.4548,8.9548,Under DFE,0,0
8297076,-72.840887,40.760353,RES1-2SNB,RES,R12N,149294.17,74647.09,5.6344,6.1344,Under DFE,0,0
8297077,-72.840327,40.760282,IND6,NONRES,I6LN,NaN,NaN,6.2537,6.7537,Under DFE,0,0
8297078,-72.840916,40.761021,RES1-1SWB,RES,R11B,195539.05,97769.53,8.4226,10.4226,Above DFE,0,0
8297079,-72.840584,40.759971,RES1-1SNB,RES,R11N,109659.68,54829.84,4.7618,5.2618,Under DFE,0,0
8297080,-72.840088,40.759844,RES1-1SWB,RES,R11B,277553.4,138776.7,4.7668,6.7668,Under DFE,0,0
8297081,-72.840679,40.760113,RES1-2SWB,RES,R12B,233205.72,116602.86,5.9417,7.9417,Under DFE,0,0
8297082,-72.840166,40.760057,RES1-1SWB,RES,R11B,288750.67,144375.33,5.6166,7.6166,Under DFE,0,0
8297083,-72.840469,40.760468,RES1-2SWB,RES,R12B,274789.89,137394.95,6.3053,8.3053,Under DFE,0,0
8297190,-72.842844,40.768684,RES1-1SNB,RES,R11N,153966.41,76983.2,15.2182,15.7182,Above DFE,0,0
8297191,-72.843083,40.769149,RES1-2SNB,RES,R12N,144449.15,72224.58,14.9175,16.4175,Above DFE,0,0
8297192,-72.842198,40.76821,RES1-1SWB,RES,R11B,199154.51,99577.26,12.8722,14.8722,Above DFE,0,0
8297193,-72.842265,40.768339,RES1-1SNB,RES,R11N,149995.38,74997.69,12.3979,12.8979,Above DFE,0,0
8297194,-72.842385,40.767833,RES1-1SNB,RES,R11N,215121.03,107560.51,13.6141,15.1141,Above DFE,0,0
8297195,-72.842026,40.76792,RES1-3SNB,RES,R13N,273761.23,136880.61,13.8192,14.3192,Above DFE,0,0
8297260,-72.84354,40.756847,RES1-1SNB,RES,R11N,167450.4,83725.2,3.7771,4.2771,Under DFE,0,0
8297261,-72.84397,40.756747,RES1-2SWB,RES,R12B,278868.55,139434.27,3.3916,5.3916,Under DFE,0,0
8297262,-72.844315,40.757692,RES1-1SNB,RES,R11N,88925.63,44462.82,4.3148,5.8148,Under DFE,0,0
8297263,-72.84369,40.757174,RES1-1SWB,RES,R11B,306930.73,153465.37,6.0907,8.0907,Under DFE,0,0
8297286,-72.844285,40.76641,RES1-1SWB,RES,R11B,176813.54,88406.77,15.4156,17.4156,Above DFE,0,0
8297287,-72.844896,40.766599,RES1-1SWB,RES,R11B,146288.18,73144.09,15.4924,17.4924,Above DFE,0,0
8297288,-72.844882,40.757917,RES1-1SWB,RES,R11B,207983.89,103991.95,4.1941,6.1941,Under DFE,0,0
8297289,-72.845676,40.756663,RES1-2SNB,RES,R12N,281186.65,140593.32,3.8771,4.3771,Under DFE,0,0
8297290,-72.845818,40.756899,RES1-3SNB,RES,R13N,384825.88,192412.94,2.4086,2.9086,Under DFE,0,0
8297291,-72.844801,40.757631,RES1-1SWB,RES,R11B,221282.67,110641.34,6.2613,8.2613,Under DFE,0,0
8297292,-72.844504,40.756633,RES1-1SWB,RES,R11B,244061.11,122030.55,3.0498,5.0498,Under DFE,0,0
8297293,-72.844356,40.756791,RES1-1SWB,RES,R11B,128095.71,64047.86,3.1093,5.1093,Under DFE,0,0
8297294,-72.844306,40.756662,RES1-1SNB,RES,R11N,139846.36,69923.18,3.2979,3.7979,Under DFE,0,0
8297295,-72.845935,40.757284,RES1-2SNB,RES,R12N,251896.7,125948.35,8.272,9.772,Under DFE,0,0
8297361,-72.846177,40.764266,COM8,NONRES,C8LN,NaN,NaN,12.9861,13.4861,Above DFE,0,0
8297362,-72.845483,40.762672,RES1-2SWB,RES,R12B,265371.99,132685.99,12.7937,14.7937,Above DFE,0,0
8297363,-72.845237,40.763059,RES1-2SWB,RES,R12B,265670.78,132835.39,13.5623,15.5623,Above DFE,0,0
8297364,-72.845488,40.763559,RES1-2SWB,RES,R12B,153682.04,76841.02,13.5357,15.5357,Above DFE,0,0
8297365,-72.845952,40.764361,RES1-2SWB,RES,R12B,269306.23,134653.11,12.4009,14.4009,Above DFE,0,0
8297366,-72.845892,40.764222,RES1-2SWB,RES,R12B,233148.86,116574.43,12.1351,14.1351,Above DFE,0,0
8297367,-72.845317,40.763296,RES1-1SWB,RES,R11B,242353.35,121176.68,13.1049,15.1049,Above DFE,0,0
8297368,-72.845421,40.763576,RES1-2SWB,RES,R12B,85563.01,42781.51,12.4721,14.4721,Above DFE,0,0
8297581,-72.850004,40.755276,RES1-1SWB,RES,R11B,229520.53,114760.27,5.3872,7.3872,Under DFE,0,0
8297582,-72.848472,40.756022,RES1-1SWB,RES,R11B,232586.96,116293.48,4.2543,6.2543,Under DFE,0,0
8297583,-72.849052,40.755803,RES1-2SNB,RES,R12N,382470.31,191235.16,5.0135,5.5135,Under DFE,0,0
8297584,-72.849766,40.755669,RES1-1SWB,RES,R11B,347867.17,173933.59,4.3547,6.3547,Under DFE,0,0
8297585,-72.848504,40.755879,RES1-1SWB,RES,R11B,129759.95,64879.97,3.5081,5.5081,Under DFE,0,0
8297586,-72.848385,40.755701,RES1-1SWB,RES,R11B,327994.73,163997.37,4.4427,6.4427,Under DFE,0,0
8297587,-72.849365,40.755458,RES1-2SWB,RES,R12B,467376.4,233688.2,7.3026,9.3026,Under DFE,0,0
8297588,-72.848728,40.75561,RES1-1SNB,RES,R11N,220887.39,110443.7,5.5606,7.0606,Under DFE,0,0
8297589,-72.849427,40.755764,RES1-1SWB,RES,R11B,318121.02,159060.51,4.6763,6.6763,Under DFE,0,0
8297590,-72.850112,40.755559,RES1-1SWB,RES,R11B,360167.78,180083.89,5.0899,7.0899,Under DFE,0,0
8297591,-72.849176,40.755704,RES1-1SWB,RES,R11B,221748.43,110874.22,5.0592,7.0592,Under DFE,0,0
8297592,-72.84916,40.765874,RES1-1SWB,RES,R11B,160106.29,80053.15,14.351,16.351,Above DFE,0,0
8297593,-72.849648,40.766134,RES1-2SWB,RES,R12B,93053.89,46526.94,12.6596,14.6596,Above DFE,0,0
8297594,-72.849365,40.76635,RES1-1SWB,RES,R11B,234138.81,117069.4,13.5595,15.5595,Above DFE,0,0
8297595,-72.850277,40.766438,RES1-1SWB,RES,R11B,204876.82,102438.41,13.4632,15.4632,Above DFE,0,0
8297596,-72.850916,40.767086,RES1-1SWB,RES,R11B,170600.37,85300.18,12.7345,14.7345,Above DFE,0,0
8297597,-72.849793,40.766558,RES1-2SWB,RES,R12B,279229.6,139614.8,14.167,16.167,Above DFE,0,0
8297598,-72.850075,40.765976,RES1-2SWB,RES,R12B,543910.11,271955.05,12.1943,14.1943,Above DFE,0,0
8297599,-72.850661,40.765756,COM4,NONRES,C4LN,NaN,NaN,11.7374,12.2374,Above DFE,0,0
8297600,-72.8509,40.7669,RES1-1SNB,RES,R11N,77080.63,38540.31,12.9074,13.4074,Above DFE,0,0
8297601,-72.849653,40.766047,RES1-1SNB,RES,R11N,134303.83,67151.92,11.9456,12.4456,Above DFE,0,0
8297602,-72.849456,40.765907,RES1-1SWB,RES,R11B,188580.09,94290.05,12.4116,14.4116,Above DFE,0,0
8297603,-72.85003,40.766878,RES1-1SWB,RES,R11B,182806.13,91403.06,15.1667,17.1667,Above DFE,0,0
8297604,-72.849536,40.765783,RES1-2SNB,RES,R12N,189061.55,94530.78,12.5585,14.0585,Above DFE,0,0
8297605,-72.849736,40.76627,RES1-1SWB,RES,R11B,270984.77,135492.38,13.2518,15.2518,Above DFE,0,0
8297606,-72.851038,40.766877,RES1-2SWB,RES,R12B,235831.55,117915.78,11.9044,13.9044,Above DFE,0,0
8297607,-72.850506,40.767136,RES1-2SNB,RES,R12N,267919.13,133959.56,15.7837,16.2837,Above DFE,0,0
8297608,-72.851197,40.766992,RES1-2SWB,RES,R12B,261136.11,130568.05,12.2609,14.2609,Above DFE,0,0
8297609,-72.849515,40.766588,RES1-1SNB,RES,R11N,325933.27,162966.64,14.2319,14.7319,Above DFE,0,0
8297610,-72.849916,40.766784,RES1-1SNB,RES,R11N,75947.35,37973.68,14.6487,15.1487,Above DFE,0,0
8297611,-72.850008,40.765691,RES1-1SNB,RES,R11N,185388.56,92694.28,11.6907,13.1907,Above DFE,0,0
8297612,-72.85095,40.766495,RES1-1SNB,RES,R11N,169962.31,84981.15,8.8716,10.3716,Above DFE,0,0
8297613,-72.84982,40.751227,RES1-1SWB,RES,R11B,178737.78,89368.89,2.7447,4.7447,Under DFE,0,0
8297614,-72.849673,40.751196,RES1-1SWB,RES,R11B,287471.28,143735.64,3.2975,5.2975,Under DFE,0,0
8297615,-72.850232,40.752454,RES1-1SNB,RES,R11N,216656.93,108328.47,3.295,3.795,Under DFE,0,0
8297616,-72.849826,40.751596,RES1-1SWB,RES,R11B,242880.17,121440.08,2.2521,4.2521,Under DFE,0,0
8297617,-72.850396,40.751911,COM3,NONRES,C3LN,NaN,NaN,5.6638,6.1638,Under DFE,0,0
8297618,-72.850525,40.752784,RES1-1SWB,RES,R11B,95880.48,47940.24,3.3541,5.3541,Under DFE,0,0
8297619,-72.85016,40.752312,RES1-1SNB,RES,R11N,189969.23,94984.62,3.9796,4.4796,Under DFE,0,0
8297620,-72.850355,40.752769,RES1-1SNB,RES,R11N,224326.75,112163.38,3.4518,3.9518,Under DFE,0,0
8297811,-72.851238,40.758474,RES1-1SWB,RES,R11B,323415.18,161707.59,8.9116,10.9116,Above DFE,0,0
8297812,-72.850837,40.752998,RES1-1SNB,RES,R11N,155409.39,77704.69,3.5367,4.0367,Under DFE,0,0
8297813,-72.851155,40.753549,RES1-1SWB,RES,R11B,173492.35,86746.17,4.175,6.175,Under DFE,0,0
8297814,-72.850762,40.753792,RES1-1SNB,RES,R11N,152033.71,76016.86,4.0996,4.5996,Under DFE,0,0
8297815,-72.85096,40.753233,RES1-1SNB,RES,R11N,167419.5,83709.75,4.5924,5.0924,Under DFE,0,0
8297816,-72.851474,40.75455,RES1-3SWB,RES,R13B,666559.3,333279.65,4.227,6.227,Under DFE,0,0
8297817,-72.851187,40.754627,RES1-1SNB,RES,R11N,188633.87,94316.94,7.0158,7.5158,Under DFE,0,0
8297818,-72.851388,40.754139,RES1-2SWB,RES,R12B,320105.58,160052.79,3.3693,5.3693,Under DFE,0,0
8297819,-72.850643,40.753364,RES1-1SWB,RES,R11B,197916.42,98958.21,5.3786,7.3786,Under DFE,0,0
8297820,-72.851088,40.754435,RES1-1SWB,RES,R11B,220626.27,110313.13,4.8436,6.8436,Under DFE,0,0
8297821,-72.85088,40.754136,RES1-1SWB,RES,R11B,134681.26,67340.63,4.9235,6.9235,Under DFE,0,0
8297822,-72.851219,40.75382,RES1-1SWB,RES,R11B,215240.32,107620.16,6.8099,8.8099,Under DFE,0,0
8297823,-72.851404,40.754264,RES1-1SWB,RES,R11B,216049.91,108024.96,3.9429,5.9429,Under DFE,0,0
8297824,-72.850555,40.753135,RES1-2SNB,RES,R12N,322627.94,161313.97,6.1947,6.6947,Under DFE,0,0
8297847,-72.85227,40.755153,RES1-1SWB,RES,R11B,183276.38,91638.19,4.5691,6.5691,Under DFE,0,0
8297848,-72.852315,40.755042,RES1-2SWB,RES,R12B,233118.58,116559.29,4.6787,6.6787,Under DFE,0,0
8297849,-72.852755,40.756355,RES1-1SWB,RES,R11B,200236.5,100118.25,5.3237,7.3237,Under DFE,0,0
8297850,-72.852824,40.755495,RES1-1SWB,RES,R11B,157763.34,78881.67,5.0193,7.0193,Under DFE,0,0
8297851,-72.852632,40.756034,COM3,NONRES,C3LN,NaN,NaN,5.5043,6.0043,Under DFE,0,0
8297852,-72.852275,40.754942,RES1-2SWB,RES,R12B,344411.84,172205.92,4.6124,6.6124,Under DFE,0,0
8297896,-72.852757,40.764804,RES1-1SWB,RES,R11B,376089.14,188044.57,14.2523,16.2523,Above DFE,0,0
8297897,-72.852369,40.764842,RES1-1SNB,RES,R11N,263231.24,131615.62,14.6605,15.1605,Above DFE,0,0
8297898,-72.852168,40.764073,GOV2,NONRES,G2LN,NaN,NaN,12.4458,12.9458,Above DFE,0,0
8298068,-72.85325,40.75534,RES1-1SWB,RES,R11B,266149.74,133074.87,5.9888,7.9888,Under DFE,0,0
8298069,-72.853645,40.755058,RES3A,RES,R3A3N,734949.53,367474.76,7.0837,8.5837,Under DFE,0,0
8298070,-72.853885,40.755674,RES1-2SWB,RES,R12B,205493.33,102746.66,6.9377,8.9377,Under DFE,0,0
8298071,-72.854006,40.755997,IND6,NONRES,I6LN,NaN,NaN,7.1493,7.6493,Under DFE,0,0
8298072,-72.853382,40.754527,COM3,NONRES,C3LN,NaN,NaN,6.8523,7.3523,Under DFE,0,0
8298073,-72.853729,40.755218,RES1-2SNB,RES,R12N,203745.22,101872.61,6.7114,8.2114,Under DFE,0,0
8298074,-72.853377,40.755442,RES1-2SWB,RES,R12B,252840.58,126420.29,6.3727,8.3727,Under DFE,0,0
8298075,-72.853526,40.754944,RES1-1SNB,RES,R11N,182562.17,91281.08,7.87,9.37,Under DFE,0,0
8298076,-72.853785,40.755413,RES1-2SWB,RES,R12B,292732.21,146366.11,6.6757,8.6757,Under DFE,0,0
8298077,-72.853506,40.755871,RES1-2SWB,RES,R12B,328849.04,164424.52,7.8015,9.8015,Under DFE,0,0
8298078,-72.853938,40.755836,RES1-2SNB,RES,R12N,216530.8,108265.4,6.8498,7.3498,Under DFE,0,0
8298079,-72.853845,40.756053,RES1-1SWB,RES,R11B,105866.26,52933.13,6.7249,8.7249,Under DFE,0,0
8298080,-72.853421,40.755545,RES1-1SWB,RES,R11B,248529.66,124264.83,6.9869,8.9869,Under DFE,0,0
8298081,-72.853089,40.755072,RES1-1SNB,RES,R11N,163448.67,81724.34,7.9645,8.4645,Under DFE,0,0
8298082,-72.853424,40.754821,RES1-1SNB,RES,R11N,133568.37,66784.19,7.7855,9.2855,Under DFE,0,0
8298083,-72.853474,40.754676,RES1-1SNB,RES,R11N,168760.6,84380.3,7.5977,8.0977,Under DFE,0,0
8298084,-72.852974,40.754795,RES1-3SNB,RES,R13N,265854.35,132927.18,6.1029,6.6029,Under DFE,0,0
8298085,-72.852973,40.754571,RES1-1SWB,RES,R11B,245784.8,122892.4,7.3462,9.3462,Under DFE,0,0
8298445,-72.857135,40.747895,RES1-1SNB,RES,R11N,158249.92,79124.96,3.5525,5.0525,Under DFE,0,0
8298446,-72.857029,40.749034,RES3A,RES,R3A3B,668687.23,334343.62,4.095,6.095,Under DFE,0,0
8298447,-72.856612,40.749567,RES3A,RES,R3A1B,711227.75,355613.88,3.947,5.947,Under DFE,0,0
8298448,-72.856689,40.748894,IND6,NONRES,I6LN,NaN,NaN,3.0132,3.5132,Under DFE,0,0
8298449,-72.856625,40.749139,RES3A,RES,R3A3B,738493.19,369246.59,3.1286,5.1286,Under DFE,0,0
8298450,-72.857073,40.748646,RES3A,RES,R3A3N,727004.66,363502.33,3.0767,3.5767,Under DFE,0,0
8298451,-72.857124,40.748125,RES3A,RES,R3A3B,646119.28,323059.64,5.597,7.597,Under DFE,0,0
8298452,-72.857111,40.747666,RES1-2SNB,RES,R12N,277187.96,138593.98,3.3831,3.8831,Under DFE,0,0
8298453,-72.856588,40.74978,RES1-1SWB,RES,R11B,146432.72,73216.36,3.1106,5.1106,Under DFE,0,0
8298454,-72.856705,40.748291,RES1-1SNB,RES,R11N,245128.23,122564.12,3.1674,3.6674,Under DFE,0,0
8298455,-72.856702,40.747627,RES1-1SNB,RES,R11N,128365.66,64182.83,2.2867,2.7867,Under DFE,0,0
8298456,-72.856951,40.748197,RES1-1SWB,RES,R11B,84556.54,42278.27,2.9941,4.9941,Under DFE,0,0
8298457,-72.857089,40.748519,RES1-1SWB,RES,R11B,229772.68,114886.34,2.8969,4.8969,Under DFE,0,0
8298458,-72.856688,40.749311,RES3A,RES,R3A1B,867494.42,433747.21,3.3136,5.3136,Under DFE,0,0
8298459,-72.857054,40.749371,RES1-1SWB,RES,R11B,233086.62,116543.31,2.9583,4.9583,Under DFE,0,0
8298460,-72.857057,40.749505,RES1-1SNB,RES,R11N,120104.05,60052.03,3.248,3.748,Under DFE,0,0
8298461,-72.857255,40.755728,RES1-1SWB,RES,R11B,175647.93,87823.97,8.9233,10.9233,Above DFE,0,0
8298462,-72.857568,40.7551,RES1-1SNB,RES,R11N,216438.91,108219.45,8.1774,9.6774,Under DFE,0,0
8298463,-72.857642,40.754605,RES1-1SWB,RES,R11B,165353.82,82676.91,9.8501,11.8501,Above DFE,0,0
8298464,-72.85725,40.755164,RES1-1SWB,RES,R11B,220849.64,110424.82,8.5068,10.5068,Above DFE,0,0
8298465,-72.857308,40.754284,RES1-1SWB,RES,R11B,209284.41,104642.2,8.7599,10.7599,Above DFE,0,0
8298466,-72.857602,40.755741,RES1-1SNB,RES,R11N,126304.7,63152.35,8.4348,8.9348,Under DFE,0,0
8298467,-72.857578,40.755493,RES1-1SNB,RES,R11N,119080.16,59540.08,8.3657,8.8657,Under DFE,0,0
8298468,-72.857627,40.755299,RES1-1SWB,RES,R11B,140380.82,70190.41,7.9728,9.9728,Under DFE,0,0
8298469,-72.85767,40.754149,RES1-1SWB,RES,R11B,198877.22,99438.61,8.6721,10.6721,Above DFE,0,0
8298470,-72.857251,40.75495,RES1-2SNB,RES,R12N,228961.11,114480.55,7.6309,8.1309,Under DFE,0,0
8298471,-72.857247,40.754795,RES1-1SNB,RES,R11N,189765.22,94882.61,8.7722,9.2722,Under DFE,0,0
8298472,-72.857641,40.754792,RES1-1SWB,RES,R11B,178492.06,89246.03,9.4564,11.4564,Above DFE,0,0
8298517,-72.857879,40.760411,RES1-1SWB,RES,R11B,216361.27,108180.63,12.5993,14.5993,Above DFE,0,0
8298518,-72.858309,40.759367,RES1-1SWB,RES,R11B,170009.13,85004.56,12.8722,14.8722,Above DFE,0,0
8298519,-72.857939,40.759623,RES1-1SWB,RES,R11B,191224.72,95612.36,12.8883,14.8883,Above DFE,0,0
8298520,-72.858252,40.760558,RES1-1SNB,RES,R11N,262194.67,131097.33,12.3979,12.8979,Above DFE,0,0
8298521,-72.858205,40.759875,RES1-1SNB,RES,R11N,150927.13,75463.57,12.5144,13.0144,Above DFE,0,0
8298522,-72.858202,40.759451,RES1-1SWB,RES,R11B,172182.36,86091.18,13.219,15.219,Above DFE,0,0
8298523,-72.858242,40.760116,RES1-1SWB,RES,R11B,188792.58,94396.29,12.9427,14.9427,Above DFE,0,0
8298524,-72.858324,40.759618,RES1-1SWB,RES,R11B,174596.23,87298.11,13.4978,15.4978,Above DFE,0,0
8298525,-72.858315,40.758719,RES1-1SWB,RES,R11B,351281.37,175640.68,12.0458,14.0458,Above DFE,0,0
8298526,-72.857846,40.760644,RES1-1SWB,RES,R11B,244263.65,122131.82,12.4455,14.4455,Above DFE,0,0
8298527,-72.857898,40.759898,RES1-1SWB,RES,R11B,131797.18,65898.59,13.5533,15.5533,Above DFE,0,0
8298528,-72.85833,40.75907,RES1-1SNB,RES,R11N,193514.86,96757.43,12.972,13.472,Above DFE,0,0
8298529,-72.857963,40.759113,RES1-1SNB,RES,R11N,272261.82,136130.91,13.7068,15.2068,Above DFE,0,0
8298678,-72.859544,40.75318,RES1-2SWB,RES,R12B,249525.47,124762.74,7.1994,9.1994,Under DFE,0,0
8298679,-72.859255,40.753022,RES1-1SWB,RES,R11B,163091.8,81545.9,7.5187,9.5187,Under DFE,0,0
8298680,-72.859595,40.752547,RES1-1SWB,RES,R11B,143779.97,71889.99,5.524,7.524,Under DFE,0,0
8298681,-72.859375,40.753211,RES1-2SNB,RES,R12N,93458.78,46729.39,6.7119,8.2119,Under DFE,0,0
8298682,-72.859238,40.75318,RES1-1SWB,RES,R11B,126622.6,63311.3,6.7787,8.7787,Under DFE,0,0
8298683,-72.85956,40.752277,RES1-1SWB,RES,R11B,209890.21,104945.1,5.53,7.53,Under DFE,0,0
8298684,-72.859204,40.753356,RES1-1SWB,RES,R11B,192341.26,96170.63,7.1444,9.1444,Under DFE,0,0
8298685,-72.85956,40.752858,RES1-1SWB,RES,R11B,369462.6,184731.3,6.3049,8.3049,Under DFE,0,0
8298686,-72.859264,40.753604,RES1-1SNB,RES,R11N,50846.43,25423.21,7.8382,9.3382,Under DFE,0,0
8298687,-72.859572,40.753027,RES1-2SWB,RES,R12B,214941.81,107470.9,7.0838,9.0838,Under DFE,0,0
8298688,-72.859116,40.753718,RES1-1SWB,RES,R11B,187314.04,93657.02,8.1413,10.1413,Above DFE,0,0
8298689,-72.859203,40.752257,RES1-2SNB,RES,R12N,317190.99,158595.49,6.4407,7.9407,Under DFE,0,0
8298690,-72.859471,40.753792,RES1-1SWB,RES,R11B,229273.46,114636.73,8.2969,10.2969,Above DFE,0,0
8298691,-72.859572,40.752662,RES1-1SWB,RES,R11B,208679.56,104339.78,5.9741,7.9741,Under DFE,0,0
8298692,-72.859245,40.753667,RES1-1SWB,RES,R11B,69676.94,34838.47,7.8336,9.8336,Under DFE,0,0
8298693,-72.859152,40.752758,RES1-1SWB,RES,R11B,197635.88,98817.94,7.122,9.122,Under DFE,0,0
8298694,-72.85907,40.753569,RES1-1SNB,RES,R11N,97625.92,48812.96,7.827,8.327,Under DFE,0,0
8298695,-72.859536,40.753562,RES1-1SWB,RES,R11B,358024.66,179012.33,8.1627,10.1627,Above DFE,0,0
8298696,-72.859541,40.753411,RES1-1SNB,RES,R11N,220856.43,110428.21,7.3167,8.8167,Under DFE,0,0
8298720,-72.860913,40.755353,RES1-1SNB,RES,R11N,271885.65,135942.83,4.7716,6.2716,Under DFE,0,0
8298721,-72.86084,40.754959,RES1-1SNB,RES,R11N,190345.33,95172.66,3.2816,4.7816,Under DFE,0,0
8298722,-72.860869,40.755823,RES1-1SWB,RES,R11B,215007.16,107503.58,6.1275,8.1275,Under DFE,0,0
8298723,-72.861211,40.755861,RES1-1SNB,RES,R11N,143225.69,71612.84,10.1327,10.6327,Above DFE,0,0
8298893,-72.865823,40.750729,RES1-2SWB,RES,R12B,377633.99,188817,5.4521,7.4521,Under DFE,0,0
8298894,-72.866893,40.750567,RES1-2SNB,RES,R12N,331092.4,165546.2,5.0058,5.5058,Under DFE,0,0
8298895,-72.866389,40.750904,RES1-2SWB,RES,R12B,409560.91,204780.45,4.59,6.59,Under DFE,0,0
8298896,-72.863764,40.751404,RES1-2SWB,RES,R12B,447799.44,223899.72,6.173,8.173,Under DFE,0,0
8298897,-72.866155,40.750671,RES1-2SWB,RES,R12B,443340.66,221670.33,9.0482,11.0482,Above DFE,0,0
8298898,-72.863143,40.751523,RES1-2SNB,RES,R12N,419737.27,209868.63,7.8864,9.3864,Under DFE,0,0
8298899,-72.864657,40.751253,RES1-1SWB,RES,R11B,290099.7,145049.85,6.368,8.368,Under DFE,0,0
8298900,-72.866468,40.750635,RES1-2SWB,RES,R12B,268708.16,134354.08,4.4283,6.4283,Under DFE,0,0
8298901,-72.865271,40.750836,RES1-2SNB,RES,R12N,373324.85,186662.42,5.8024,6.3024,Under DFE,0,0
8298902,-72.864208,40.75134,RES1-1SNB,RES,R11N,235984.52,117992.26,6.7396,7.2396,Under DFE,0,0
8298903,-72.862811,40.751598,RES1-1SWB,RES,R11B,265577.89,132788.95,7.2005,9.2005,Under DFE,0,0
8298904,-72.866622,40.750559,RES1-2SWB,RES,R12B,421076.01,210538,4.5937,6.5937,Under DFE,0,0
8298905,-72.86587,40.751007,RES1-2SWB,RES,R12B,370399.17,185199.59,5.2701,7.2701,Under DFE,0,0
8298906,-72.865475,40.750802,COM1,NONRES,C1LN,NaN,NaN,6.8503,7.3503,Under DFE,0,0
8298907,-72.863419,40.751478,RES1-2SWB,RES,R12B,383733.42,191866.71,6.8736,8.8736,Under DFE,0,0
8298908,-72.863728,40.751128,RES1-1SWB,RES,R11B,313479.06,156739.53,7.2017,9.2017,Under DFE,0,0
8298909,-72.86561,40.751056,RES1-2SNB,RES,R12N,385991.59,192995.8,6.1386,6.6386,Under DFE,0,0
8298910,-72.863951,40.751368,RES1-2SWB,RES,R12B,477636.94,238818.47,6.3916,8.3916,Under DFE,0,0
8298911,-72.866055,40.750968,RES1-2SWB,RES,R12B,354532.42,177266.21,5.5577,7.5577,Under DFE,0,0
8298912,-72.862865,40.751283,RES1-1SNB,RES,R11N,242193.12,121096.56,6.9413,7.4413,Under DFE,0,0
8298913,-72.866304,40.750656,RES1-2SWB,RES,R12B,258600.92,129300.46,4.1028,6.1028,Under DFE,0,0
8298914,-72.864252,40.751035,RES1-2SWB,RES,R12B,436327.93,218163.97,8.3754,10.3754,Above DFE,0,0
8292497,-72.832087,40.764995,RES3A,RES,R3A3N,718840.18,359420.09,8.4333,8.9333,Under DFE,0,0
8292498,-72.830886,40.765309,RES1-1SWB,RES,R11B,201681.89,100840.95,8.974,10.974,Above DFE,0,0
8292499,-72.832493,40.764871,RES1-1SWB,RES,R11B,210761.41,105380.71,9.1798,11.1798,Above DFE,0,0
8292500,-72.831131,40.765194,RES1-2SWB,RES,R12B,204588.5,102294.25,8.4828,10.4828,Above DFE,0,0
8292501,-72.831513,40.76515,IND6,NONRES,I6LN,NaN,NaN,8.4618,8.9618,Under DFE,0,0
8292502,-72.832742,40.764446,RES1-1SNB,RES,R11N,141575.14,70787.57,8.7683,10.2683,Above DFE,0,0
8292503,-72.831817,40.765073,RES1-2SWB,RES,R12B,345728.75,172864.37,8.5042,10.5042,Above DFE,0,0
8292504,-72.831244,40.764868,RES1-1SWB,RES,R11B,228748.22,114374.11,8.7479,10.7479,Above DFE,0,0
8292505,-72.831825,40.764843,RES1-1SNB,RES,R11N,103745.88,51872.94,8.5707,9.0707,Under DFE,0,0
8292506,-72.830899,40.764947,RES1-2SNB,RES,R12N,256585.59,128292.79,7.5489,9.0489,Under DFE,0,0
8292507,-72.831433,40.764818,RES1-1SWB,RES,R11B,131751.17,65875.58,8.3436,10.3436,Above DFE,0,0
8292508,-72.832702,40.764816,RES1-1SNB,RES,R11N,62869.01,31434.51,8.4336,9.9336,Under DFE,0,0
8292509,-72.832423,40.76459,RES1-2SWB,RES,R12B,252660.04,126330.02,8.9492,10.9492,Above DFE,0,0
8292510,-72.832106,40.764656,RES1-2SWB,RES,R12B,282697.27,141348.63,9.2449,11.2449,Above DFE,0,0
8292511,-72.831669,40.764799,RES1-1SWB,RES,R11B,249343.3,124671.65,9.5767,11.5767,Above DFE,0,0
8292512,-72.831926,40.764711,RES1-2SNB,RES,R12N,346726.65,173363.33,8.9141,9.4141,Under DFE,0,0
8292513,-72.832882,40.764826,RES1-2SWB,RES,R12B,325760.1,162880.05,8.7731,10.7731,Above DFE,0,0
8292546,-72.833036,40.763318,RES1-1SWB,RES,R11B,271098.99,135549.5,7.8443,9.8443,Under DFE,0,0
8292547,-72.83259,40.763117,RES1-1SWB,RES,R11B,205817.98,102908.99,7.515,9.515,Under DFE,0,0
8292548,-72.832938,40.762913,RES1-1SWB,RES,R11B,193382.57,96691.29,8.0344,10.0344,Above DFE,0,0
8292549,-72.832698,40.762327,RES1-2SWB,RES,R12B,302809.1,151404.55,6.213,8.213,Under DFE,0,0
8292550,-72.832203,40.762194,RES1-1SNB,RES,R11N,159332.14,79666.07,6.6472,7.1472,Under DFE,0,0
8292551,-72.832097,40.761857,RES1-1SWB,RES,R11B,214902.35,107451.18,9.1202,11.1202,Above DFE,0,0
8292552,-72.832342,40.762559,RES1-2SWB,RES,R12B,350212.92,175106.46,6.8041,8.8041,Under DFE,0,0
8292553,-72.832449,40.76225,RES1-2SNB,RES,R12N,254503.12,127251.56,5.7634,6.2634,Under DFE,0,0
8292554,-72.832758,40.763368,RES1-2SNB,RES,R12N,433247.02,216623.51,8.2304,9.7304,Under DFE,0,0
8292555,-72.832454,40.762742,RES1-1SWB,RES,R11B,208697.51,104348.75,8.644,10.644,Above DFE,0,0
8292581,-72.833105,40.778097,RES1-2SWB,RES,R12B,298724.76,149362.38,14.8578,16.8578,Above DFE,0,0
8292582,-72.832901,40.778301,RES1-2SWB,RES,R12B,399326.87,199663.43,17.1819,19.1819,Above DFE,0,0
8292583,-72.832818,40.777379,RES1-1SWB,RES,R11B,163805.42,81902.71,15.6893,17.6893,Above DFE,0,0
8292584,-72.833262,40.778382,RES1-1SWB,RES,R11B,180118.83,90059.41,16.803,18.803,Above DFE,0,0
8292585,-72.8329,40.777645,RES1-1SNB,RES,R11N,284255.99,142128,15.4962,15.9962,Above DFE,0,0
8292586,-72.831946,40.777061,RES1-1SWB,RES,R11B,245020.6,122510.3,13.9289,15.9289,Above DFE,0,0
8292587,-72.83269,40.777107,RES1-2SNB,RES,R12N,320030.33,160015.17,14.5384,16.0384,Above DFE,0,0
8292588,-72.832378,40.777935,RES1-1SNB,RES,R11N,164803.39,82401.7,16.2645,16.7645,Above DFE,0,0
8292589,-72.831402,40.777952,RES1-1SWB,RES,R11B,186372.39,93186.19,16.2976,18.2976,Above DFE,0,0
8292590,-72.832109,40.778081,RES1-1SNB,RES,R11N,239670.98,119835.49,16.0805,17.5805,Above DFE,0,0
8292591,-72.831666,40.778058,RES1-1SWB,RES,R11B,187857.82,93928.91,16.7757,18.7757,Above DFE,0,0
8292592,-72.830879,40.77726,RES1-1SNB,RES,R11N,128416.73,64208.36,16.8528,17.3528,Above DFE,0,0
8292593,-72.831052,40.777861,COM4,NONRES,C4LN,NaN,NaN,15.8283,16.3283,Above DFE,0,0
8292594,-72.830217,40.777734,RES1-2SWB,RES,R12B,292381.15,146190.57,15.4176,17.4176,Above DFE,0,0
8292595,-72.831598,40.777147,RES1-1SWB,RES,R11B,263493.14,131746.57,15.3768,17.3768,Above DFE,0,0
8292596,-72.83023,40.777431,RES1-2SWB,RES,R12B,258172.96,129086.48,15.3686,17.3686,Above DFE,0,0
8292597,-72.829714,40.777594,RES1-1SWB,RES,R11B,300986.18,150493.09,17.244,19.244,Above DFE,0,0
8292598,-72.830572,40.777438,RES1-1SWB,RES,R11B,147931.44,73965.72,15.9708,17.9708,Above DFE,0,0
8292599,-72.832604,40.778222,RES1-2SWB,RES,R12B,414879.81,207439.9,16.7399,18.7399,Above DFE,0,0
8292600,-72.831273,40.777201,RES1-1SWB,RES,R11B,210300.34,105150.17,16.3515,18.3515,Above DFE,0,0
8292601,-72.830793,40.777823,RES1-1SWB,RES,R11B,305156.28,152578.14,15.9292,17.9292,Above DFE,0,0
8292618,-72.83427,40.757699,RES1-3SWB,RES,R13B,401546.96,200773.48,3.2909,5.2909,Under DFE,0,0
8292635,-72.834682,40.768911,RES1-1SNB,RES,R11N,273300.42,136650.21,15.566,17.066,Above DFE,0,0
8292636,-72.834755,40.76916,RES1-3SNB,RES,R13N,603061.79,301530.89,16.5401,18.0401,Above DFE,0,0
8292637,-72.834491,40.769236,RES1-2SWB,RES,R12B,359478.62,179739.31,15.8814,17.8814,Above DFE,0,0
8292638,-72.834312,40.768949,RES1-3SWB,RES,R13B,585986.38,292993.19,14.8256,16.8256,Above DFE,0,0
8292639,-72.83408,40.769061,RES1-2SWB,RES,R12B,440479.08,220239.54,15.7122,17.7122,Above DFE,0,0
8292640,-72.834772,40.767058,RES3A,RES,R3A1B,751131.83,375565.91,13.4384,15.4384,Above DFE,0,0
8292641,-72.833742,40.765662,RES1-2SNB,RES,R12N,367212.73,183606.36,10.5322,11.0322,Above DFE,0,0
8292642,-72.834508,40.766773,RES1-3SWB,RES,R13B,367114.98,183557.49,12.0131,14.0131,Above DFE,0,0
8292643,-72.834199,40.765852,RES3A,RES,R3A1B,852608.29,426304.14,11.4804,13.4804,Above DFE,0,0
8292644,-72.83394,40.766139,RES1-2SWB,RES,R12B,426125.72,213062.86,11.9428,13.9428,Above DFE,0,0
8292645,-72.834592,40.766603,RES1-1SWB,RES,R11B,233146.13,116573.07,12.4695,14.4695,Above DFE,0,0
8292646,-72.834342,40.766147,COM4,NONRES,C4LN,NaN,NaN,12.0107,12.5107,Above DFE,0,0
8292647,-72.834038,40.766384,RES1-1SWB,RES,R11B,210436.61,105218.3,12.1529,14.1529,Above DFE,0,0
8292688,-72.836619,40.779105,RES1-2SNB,RES,R12N,282051.46,141025.73,17.365,18.865,Above DFE,0,0
8292777,-72.837155,40.760996,RES1-2SNB,RES,R12N,208346.37,104173.18,7.184,7.684,Under DFE,0,0
8292778,-72.837554,40.760851,RES1-2SNB,RES,R12N,284376.04,142188.02,5.0011,5.5011,Under DFE,0,0
8292779,-72.837345,40.76146,RES1-1SWB,RES,R11B,155938.41,77969.2,5.1806,7.1806,Under DFE,0,0
8292780,-72.837455,40.761696,RES1-2SWB,RES,R12B,252582.97,126291.48,4.7967,6.7967,Under DFE,0,0
8292781,-72.837706,40.76119,RES1-2SWB,RES,R12B,413019.44,206509.72,6.9917,8.9917,Under DFE,0,0
8292782,-72.837313,40.761241,IND6,NONRES,I6LN,NaN,NaN,8.7381,9.2381,Under DFE,0,0
8292783,-72.837748,40.761357,RES1-2SNB,RES,R12N,250034.27,125017.13,7.4051,7.9051,Under DFE,0,0
8292795,-72.838709,40.780062,RES1-3SNB,RES,R13N,832101.46,416050.73,19.9707,21.4707,Above DFE,0,0
8292796,-72.839404,40.780602,RES1-2SNB,RES,R12N,368532.85,184266.42,21.7167,22.2167,Above DFE,0,0
8292797,-72.838275,40.780382,RES1-2SWB,RES,R12B,286643.97,143321.98,18.7941,20.7941,Above DFE,0,0
8292798,-72.839155,40.781084,RES1-3SWB,RES,R13B,489653.24,244826.62,23.4388,25.4388,Above DFE,0,0
8292799,-72.838271,40.780953,RES1-2SWB,RES,R12B,302405.78,151202.89,21.1489,23.1489,Above DFE,0,0
8292800,-72.83912,40.780094,RES1-1SWB,RES,R11B,291062.68,145531.34,19.357,21.357,Above DFE,0,0
8292801,-72.839155,40.781287,RES1-2SNB,RES,R12N,275011.57,137505.78,23.4692,24.9692,Above DFE,0,0
8292802,-72.838025,40.781119,RES1-2SNB,RES,R12N,302033.73,151016.87,21.9396,22.4396,Above DFE,0,0
8292803,-72.838315,40.780192,RES1-2SWB,RES,R12B,447466.42,223733.21,18.0192,20.0192,Above DFE,0,0
8292804,-72.83827,40.779893,RES1-2SNB,RES,R12N,298618,149309,19.333,20.833,Above DFE,0,0
8292805,-72.839572,40.780176,RES1-1SWB,RES,R11B,227417.75,113708.87,20.445,22.445,Above DFE,0,0
8292806,-72.837883,40.781514,RES1-1SWB,RES,R11B,219919.16,109959.58,23.5078,25.5078,Above DFE,0,0
8292807,-72.838173,40.780725,RES1-1SWB,RES,R11B,307711.02,153855.51,19.7712,21.7712,Above DFE,0,0
8292808,-72.838959,40.781724,RES1-2SWB,RES,R12B,271756.52,135878.26,23.0592,25.0592,Above DFE,0,0
8292809,-72.839469,40.780411,RES1-2SNB,RES,R12N,375036.22,187518.11,20.9641,21.4641,Above DFE,0,0
8292810,-72.839351,40.780783,RES1-1SWB,RES,R11B,146917.42,73458.71,21.8746,23.8746,Above DFE,0,0
8292811,-72.839037,40.781477,RES1-2SWB,RES,R12B,389582.07,194791.03,23.0691,25.0691,Above DFE,0,0
8292812,-72.8379,40.781314,RES1-2SWB,RES,R12B,295548.92,147774.46,24.4795,26.4795,Above DFE,0,0
8292813,-72.838593,40.781663,RES1-1SWB,RES,R11B,233741.03,116870.52,22.9539,24.9539,Above DFE,0,0
8292816,-72.839251,40.763544,RES1-1SWB,RES,R11B,353794.2,176897.1,11.2486,13.2486,Above DFE,0,0
8292817,-72.838802,40.762642,RES1-2SNB,RES,R12N,216337.35,108168.68,9.202,9.702,Under DFE,0,0
8292818,-72.83889,40.762851,RES1-2SNB,RES,R12N,255104.84,127552.42,10.2793,11.7793,Above DFE,0,0
8292819,-72.839242,40.762575,RES1-1SWB,RES,R11B,200248.64,100124.32,11.2048,13.2048,Above DFE,0,0
8292820,-72.839467,40.763101,RES1-1SWB,RES,R11B,215857.98,107928.99,10.9362,12.9362,Above DFE,0,0
8292821,-72.839598,40.763428,RES1-2SNB,RES,R12N,153531.68,76765.84,10.7364,11.2364,Above DFE,0,0
8292822,-72.839073,40.763191,RES1-1SWB,RES,R11B,227357.42,113678.71,10.6642,12.6642,Above DFE,0,0
8292823,-72.839381,40.762894,RES1-1SWB,RES,R11B,260693.21,130346.61,11.1935,13.1935,Above DFE,0,0
8292824,-72.838685,40.762304,RES1-2SWB,RES,R12B,324678.66,162339.33,7.2507,9.2507,Under DFE,0,0
8292825,-72.839508,40.763305,RES1-1SNB,RES,R11N,318528.71,159264.35,10.7352,12.2352,Above DFE,0,0
8292826,-72.839035,40.762226,RES1-1SWB,RES,R11B,194364.76,97182.38,9.0923,11.0923,Above DFE,0,0
8292827,-72.839351,40.763902,RES1-1SNB,RES,R11N,110682.57,55341.28,10.6503,12.1503,Above DFE,0,0
8292831,-72.840536,40.784081,COM3,NONRES,C3LN,NaN,NaN,24.7842,25.2842,Above DFE,0,0
8292832,-72.840986,40.784227,RES1-2SWB,RES,R12B,410729.7,205364.85,26.0343,28.0343,Above DFE,0,0
8292833,-72.840058,40.785277,RES1-1SWB,RES,R11B,257710.05,128855.02,31.4305,33.4305,Above DFE,0,0
8292834,-72.841934,40.783395,RES1-2SWB,RES,R12B,488151.91,244075.95,27.0046,29.0046,Above DFE,0,0
8292835,-72.84042,40.784359,RES1-1SNB,RES,R11N,207956,103978,26.5804,28.0804,Above DFE,0,0
8292836,-72.841391,40.784966,RES1-1SWB,RES,R11B,209564.11,104782.06,30.1834,32.1834,Above DFE,0,0
8292837,-72.841629,40.784333,RES1-2SNB,RES,R12N,379304.1,189652.05,28.1849,28.6849,Above DFE,0,0
8292866,-72.84078,40.781752,RES1-2SNB,RES,R12N,225876.36,112938.18,24.1215,24.6215,Above DFE,0,0
8292867,-72.840983,40.78119,RES1-2SWB,RES,R12B,471158.9,235579.45,24.6207,26.6207,Above DFE,0,0
8292868,-72.8398,40.781194,RES1-2SWB,RES,R12B,343499.16,171749.58,23.084,25.084,Above DFE,0,0
8292869,-72.839541,40.78187,RES1-1SNB,RES,R11N,161097.99,80549,23.9485,25.4485,Above DFE,0,0
8292870,-72.839733,40.781422,RES1-1SNB,RES,R11N,148549.77,74274.89,24.3277,25.8277,Above DFE,0,0
8292871,-72.840116,40.780282,RES1-1SWB,RES,R11B,120368.36,60184.18,21.7979,23.7979,Above DFE,0,0
8292872,-72.841155,40.780784,RES1-2SWB,RES,R12B,281873.74,140936.87,23.8241,25.8241,Above DFE,0,0
8292873,-72.839998,40.780561,RES1-1SWB,RES,R11B,184060.83,92030.41,21.9376,23.9376,Above DFE,0,0
8292874,-72.839634,40.78163,RES1-2SWB,RES,R12B,398179.81,199089.91,23.523,25.523,Above DFE,0,0
8292875,-72.839955,40.780763,RES1-2SNB,RES,R12N,368902.36,184451.18,23.1941,23.6941,Above DFE,0,0
8292876,-72.841017,40.780973,RES1-2SWB,RES,R12B,329145.62,164572.81,24.2224,26.2224,Above DFE,0,0
8292877,-72.840908,40.781425,RES1-2SNB,RES,R12N,227541.9,113770.95,23.177,23.677,Above DFE,0,0
8292878,-72.840672,40.782049,RES1-1SWB,RES,R11B,227507.72,113753.86,24.6484,26.6484,Above DFE,0,0
8292879,-72.839839,40.780915,RES1-1SNB,RES,R11N,268502.66,134251.33,23.1118,24.6118,Above DFE,0,0
8292880,-72.839912,40.781945,RES1-2SNB,RES,R12N,349346.97,174673.48,24.0964,25.5964,Above DFE,0,0
8292881,-72.841229,40.780556,RES1-2SWB,RES,R12B,319842.01,159921,23.9032,25.9032,Above DFE,0,0
8292882,-72.840292,40.782026,RES1-1SWB,RES,R11B,302717.04,151358.52,25.1286,27.1286,Above DFE,0,0
8292908,-72.84178,40.770333,RES3A,RES,R3A3B,702062.97,351031.48,13.5166,15.5166,Above DFE,0,0
8292909,-72.84149,40.770462,RES1-2SNB,RES,R12N,262850.8,131425.4,13.4628,14.9628,Above DFE,0,0
8292910,-72.841483,40.770816,RES1-1SWB,RES,R11B,245021.82,122510.91,13.6331,15.6331,Above DFE,0,0
8292911,-72.841341,40.770283,RES1-2SWB,RES,R12B,437370.19,218685.1,13.7026,15.7026,Above DFE,0,0
8292912,-72.841988,40.770862,COM4,NONRES,C4MN,1107502.24,1107502.24,14.7167,15.2167,Above DFE,0,0
8292913,-72.841562,40.769882,RES1-2SNB,RES,R12N,272313.62,136156.81,12.847,14.347,Above DFE,0,0
8292914,-72.841409,40.770612,RES1-1SNB,RES,R11N,255595.3,127797.65,13.731,14.231,Above DFE,0,0
8292915,-72.841199,40.769984,RES1-1SNB,RES,R11N,253333.48,126666.74,13.2508,14.7508,Above DFE,0,0
8292916,-72.842112,40.765909,RES1-2SWB,RES,R12B,335085.04,167542.52,14.0677,16.0677,Above DFE,0,0
8292917,-72.842127,40.765769,RES1-2SWB,RES,R12B,87569.96,43784.98,13.6583,15.6583,Above DFE,0,0
8292918,-72.842443,40.765561,COM3,NONRES,C3LN,579354.1,579354.1,14.597,15.097,Above DFE,0,0
8292994,-72.842578,40.771088,RES3A,RES,R3A1B,703688.55,351844.27,16.4043,18.4043,Above DFE,0,0
8293044,-72.8433,40.76865,RES3A,RES,R3A3N,811123.48,405561.74,15.0995,16.5995,Above DFE,0,0
8293045,-72.843631,40.768401,RES3A,RES,R3A3B,715013.41,357506.71,16.423,18.423,Above DFE,0,0
8293046,-72.843751,40.769609,RES1-2SNB,RES,R12N,249302.26,124651.13,16.6923,17.1923,Above DFE,0,0
8293047,-72.843784,40.768779,RES1-1SWB,RES,R11B,214566.88,107283.44,15.5879,17.5879,Above DFE,0,0
8293048,-72.843391,40.768818,RES1-2SWB,RES,R12B,253522.22,126761.11,15.7658,17.7658,Above DFE,0,0
8293049,-72.844649,40.770809,RES1-3SWB,RES,R13B,438409.52,219204.76,21.0741,23.0741,Above DFE,0,0
8293050,-72.844035,40.769334,RES1-1SWB,RES,R11B,118040.83,59020.42,16.3386,18.3386,Above DFE,0,0
8293051,-72.84444,40.77037,RES1-1SNB,RES,R11N,116034.45,58017.23,18.7424,19.2424,Above DFE,0,0
8293052,-72.843147,40.767417,RES1-2SWB,RES,R12B,250373.35,125186.68,15.392,17.392,Above DFE,0,0
8293195,-72.844666,40.764895,RES1-1SWB,RES,R11B,158137.56,79068.78,14.0912,16.0912,Above DFE,0,0
8293196,-72.8445,40.765245,RES1-2SNB,RES,R12N,107074.74,53537.37,13.9349,14.4349,Above DFE,0,0
8293197,-72.844785,40.765193,RES1-1SWB,RES,R11B,142037.69,71018.84,13.2079,15.2079,Above DFE,0,0
8293198,-72.843821,40.765166,RES1-2SWB,RES,R12B,577858.72,288929.36,13.4969,15.4969,Above DFE,0,0
8293199,-72.84512,40.764893,RES1-2SNB,RES,R12N,218908.63,109454.32,14.2672,15.7672,Above DFE,0,0
8293200,-72.845192,40.765083,RES1-1SNB,RES,R11N,161661.61,80830.81,14.0776,14.5776,Above DFE,0,0
8293220,-72.844845,40.769101,RES3A,RES,R3A1B,653489.77,326744.89,17.5516,19.5516,Above DFE,0,0
8293221,-72.843928,40.768001,RES3A,RES,R3A3B,814006.25,407003.13,16.4055,18.4055,Above DFE,0,0
8293222,-72.84414,40.767468,RES3A,RES,R3A3N,745834.61,372917.31,17.8532,19.3532,Above DFE,0,0
8293223,-72.844454,40.769191,RES1-2SWB,RES,R12B,404309.34,202154.67,17.616,19.616,Above DFE,0,0
8293224,-72.844597,40.768582,RES1-2SWB,RES,R12B,369602.73,184801.36,17.6085,19.6085,Above DFE,0,0
8293225,-72.845405,40.77032,RES1-1SNB,RES,R11N,122520.77,61260.38,19.6956,20.1956,Above DFE,0,0
8293226,-72.845447,40.770557,RES1-2SNB,RES,R12N,254308.91,127154.46,19.9938,21.4938,Above DFE,0,0
8293256,-72.845736,40.769822,RES3A,RES,R3A1N,724164.03,362082.01,18.9512,19.4512,Above DFE,0,0
8293257,-72.846309,40.769638,RES3A,RES,R3A1N,753660.68,376830.34,19.6957,21.1957,Above DFE,0,0
8293258,-72.846917,40.769196,RES1-3SWB,RES,R13B,474849.61,237424.81,18.5826,20.5826,Above DFE,0,0
8293259,-72.84603,40.769739,RES1-2SWB,RES,R12B,419460.51,209730.25,18.6646,20.6646,Above DFE,0,0
8293260,-72.846607,40.76958,RES1-2SNB,RES,R12N,220086.49,110043.24,18.7664,19.2664,Above DFE,0,0
8293261,-72.846951,40.769504,RES1-1SNB,RES,R11N,132357.75,66178.87,18.8614,19.3614,Above DFE,0,0
8293262,-72.846241,40.769395,RES1-2SNB,RES,R12N,284956.26,142478.13,19.6197,20.1197,Above DFE,0,0
8293263,-72.84654,40.769287,RES1-2SWB,RES,R12B,349696.09,174848.05,19.2289,21.2289,Above DFE,0,0
8293264,-72.84561,40.769537,RES1-2SNB,RES,R12N,324349.98,162174.99,18.8548,20.3548,Above DFE,0,0
8293400,-72.846434,40.761655,RES1-2SNB,RES,R12N,453054.48,226527.24,11.8781,12.3781,Above DFE,0,0
8293401,-72.846091,40.760688,RES1-1SWB,RES,R11B,193028.23,96514.12,10.1276,12.1276,Above DFE,0,0
8293402,-72.846221,40.760397,RES1-1SWB,RES,R11B,266324.81,133162.4,9.6673,11.6673,Above DFE,0,0
8293429,-72.84799,40.76749,RES3A,RES,R3A3N,889652.81,444826.4,16.169,17.669,Above DFE,0,0
8293430,-72.847625,40.766568,RES3A,RES,R3A3B,697588.22,348794.11,17.0077,19.0077,Above DFE,0,0
8293431,-72.847893,40.766312,RES3A,RES,R3A1B,637615.58,318807.79,15.4382,17.4382,Above DFE,0,0
8293432,-72.848503,40.767677,RES1-1SWB,RES,R11B,158398.64,79199.32,16.0232,18.0232,Above DFE,0,0
8293433,-72.847765,40.767015,RES1-2SNB,RES,R12N,236583.73,118291.87,17.0698,18.5698,Above DFE,0,0
8293434,-72.848209,40.766912,RES1-1SWB,RES,R11B,249134.38,124567.19,16.5133,18.5133,Above DFE,0,0
8293435,-72.848342,40.767646,RES1-1SWB,RES,R11B,90935.72,45467.86,16.4631,18.4631,Above DFE,0,0
8293436,-72.848169,40.767803,RES1-1SWB,RES,R11B,315788.34,157894.17,16.0139,18.0139,Above DFE,0,0
8293437,-72.848105,40.766678,RES1-2SWB,RES,R12B,202027.11,101013.56,16.1458,18.1458,Above DFE,0,0
8293438,-72.848005,40.766472,RES1-1SNB,RES,R11N,138739.07,69369.54,15.7856,16.2856,Above DFE,0,0
8293439,-72.847485,40.766335,RES1-2SWB,RES,R12B,345658.05,172829.02,15.2913,17.2913,Above DFE,0,0
8293440,-72.847899,40.76726,RES1-1SWB,RES,R11B,334863.49,167431.75,15.8849,17.8849,Above DFE,0,0
8293460,-72.848761,40.767156,RES1-2SNB,RES,R12N,355034.05,177517.02,15.0693,15.5693,Above DFE,0,0
8293461,-72.848994,40.766694,RES1-1SWB,RES,R11B,127579.86,63789.93,14.6818,16.6818,Above DFE,0,0
8293462,-72.848663,40.766922,RES1-2SNB,RES,R12N,268678.91,134339.45,16.5001,17.0001,Above DFE,0,0
8293463,-72.848518,40.766653,RES1-1SWB,RES,R11B,168033.85,84016.92,15.4348,17.4348,Above DFE,0,0
8293464,-72.849642,40.767368,RES1-2SWB,RES,R12B,256399.68,128199.84,15.6109,17.6109,Above DFE,0,0
8293465,-72.849126,40.767126,RES1-1SWB,RES,R11B,169214.16,84607.08,15.1386,17.1386,Above DFE,0,0
8293466,-72.849065,40.766989,RES1-3SWB,RES,R13B,340799.33,170399.66,14.679,16.679,Above DFE,0,0
8293550,-72.850025,40.769132,RES1-2SWB,RES,R12B,272190.03,136095.01,15.9626,17.9626,Above DFE,0,0
8293551,-72.850163,40.76945,RES1-1SWB,RES,R11B,124802.09,62401.05,16.0448,18.0448,Above DFE,0,0
8293552,-72.850148,40.769101,RES1-1SWB,RES,R11B,240408.85,120204.42,15.5941,17.5941,Above DFE,0,0
8293553,-72.8506,40.76927,RES1-2SNB,RES,R12N,343973.32,171986.66,16.0701,16.5701,Above DFE,0,0
8293554,-72.84977,40.769476,RES1-1SWB,RES,R11B,275259.79,137629.89,16.7659,18.7659,Above DFE,0,0
8293555,-72.850547,40.769016,RES1-1SWB,RES,R11B,230941.62,115470.81,15.7971,17.7971,Above DFE,0,0
8293556,-72.849671,40.769252,RES1-2SWB,RES,R12B,301586.87,150793.43,15.7973,17.7973,Above DFE,0,0
8293592,-72.851427,40.770381,COM1,NONRES,C1LN,523249.84,523249.84,15.8507,16.3507,Above DFE,0,0
8293604,-72.85151,40.759066,RES1-1SNB,RES,R11N,206699.91,103349.96,9.4907,10.9907,Above DFE,0,0
8293605,-72.851759,40.759861,RES1-2SNB,RES,R12N,676256.7,338128.35,11.4501,12.9501,Above DFE,0,0
8293606,-72.851287,40.759164,RES1-1SNB,RES,R11N,209410.97,104705.48,9.2973,10.7973,Above DFE,0,0
8293607,-72.852086,40.760322,RES1-1SNB,RES,R11N,213842.04,106921.02,11.4993,11.9993,Above DFE,0,0
8293608,-72.85218,40.760588,RES1-1SWB,RES,R11B,284640.03,142320.02,11.4173,13.4173,Above DFE,0,0
8293630,-72.852674,40.760543,RES1-1SWB,RES,R11B,341550.07,170775.03,12.1405,14.1405,Above DFE,0,0
8293631,-72.85271,40.760379,RES1-1SWB,RES,R11B,214481.7,107240.85,11.7706,13.7706,Above DFE,0,0
8293632,-72.852284,40.759506,RES1-1SNB,RES,R11N,250887.95,125443.97,11.9286,13.4286,Above DFE,0,0
8293633,-72.852365,40.759638,RES1-1SWB,RES,R11B,286021.88,143010.94,10.8094,12.8094,Above DFE,0,0
8293634,-72.852636,40.759425,RES1-1SNB,RES,R11N,218170.24,109085.12,12.2585,13.7585,Above DFE,0,0
8293635,-72.852684,40.759557,RES1-1SWB,RES,R11B,281264.34,140632.17,11.7636,13.7636,Above DFE,0,0
8293636,-72.85256,40.759243,RES1-1SNB,RES,R11N,289831.42,144915.71,11.617,12.117,Above DFE,0,0
8293637,-72.85297,40.760235,RES1-1SWB,RES,R11B,247828.8,123914.4,12.6519,14.6519,Above DFE,0,0
8293684,-72.854435,40.752449,IND6,NONRES,I6LN,NaN,NaN,6.7779,7.2779,Under DFE,0,0
8293685,-72.854914,40.752099,RES1-2SWB,RES,R12B,400551.61,200275.8,6.5731,8.5731,Under DFE,0,0
8293686,-72.855606,40.7524,RES1-2SNB,RES,R12N,224553.33,112276.66,5.6121,6.1121,Under DFE,0,0
8293687,-72.855716,40.752088,RES1-1SWB,RES,R11B,178012.88,89006.44,5.7148,7.7148,Under DFE,0,0
8293688,-72.854943,40.752378,RES1-1SWB,RES,R11B,163346.53,81673.27,6.2664,8.2664,Under DFE,0,0
8293689,-72.853801,40.752239,RES1-2SNB,RES,R12N,244014.54,122007.27,5.0324,5.5324,Under DFE,0,0
8293690,-72.855742,40.752409,RES1-1SNB,RES,R11N,110532.33,55266.16,5.6478,6.1478,Under DFE,0,0
8293691,-72.855976,40.752143,RES1-2SWB,RES,R12B,294324.1,147162.05,5.6778,7.6778,Under DFE,0,0
8293692,-72.855373,40.752074,RES1-1SWB,RES,R11B,177958.48,88979.24,5.5453,7.5453,Under DFE,0,0
8293693,-72.854639,40.752398,RES1-1SWB,RES,R11B,256385.21,128192.6,6.5378,8.5378,Under DFE,0,0
8293694,-72.855984,40.752418,RES1-1SNB,RES,R11N,272751.79,136375.9,5.8286,7.3286,Under DFE,0,0
8293695,-72.85414,40.752263,RES1-3SWB,RES,R13B,330772.4,165386.2,5.9576,7.9576,Under DFE,0,0
8293696,-72.853995,40.752225,RES1-2SWB,RES,R12B,210611.76,105305.88,5.4459,7.4459,Under DFE,0,0
8293728,-72.855957,40.753479,RES1-1SWB,RES,R11B,300337.73,150168.87,7.4896,9.4896,Under DFE,0,0
8293729,-72.855235,40.753717,RES1-2SNB,RES,R12N,250217.2,125108.6,6.0738,7.5738,Under DFE,0,0
8293730,-72.854445,40.753561,RES1-1SNB,RES,R11N,199621.45,99810.73,5.3849,5.8849,Under DFE,0,0
8293731,-72.855198,40.753436,RES1-1SNB,RES,R11N,144351.23,72175.61,6.8074,8.3074,Under DFE,0,0
8293732,-72.854715,40.75369,RES1-2SWB,RES,R12B,386591.52,193295.76,5.0656,7.0656,Under DFE,0,0
8293733,-72.855541,40.753447,RES1-2SWB,RES,R12B,369800.34,184900.17,7.4311,9.4311,Under DFE,0,0
8293734,-72.855577,40.753716,RES1-1SWB,RES,R11B,323873.95,161936.98,7.9071,9.9071,Under DFE,0,0
8293824,-72.858237,40.755594,RES3A,RES,R3A1N,691701.31,345850.65,8.4482,8.9482,Under DFE,0,0
8293825,-72.858092,40.755552,RES3A,RES,R3A5N,755453.51,377726.76,9.4431,9.9431,Under DFE,0,0
8293826,-72.858418,40.754273,RES3A,RES,R3A1B,691701.31,345850.65,8.215,10.215,Above DFE,0,0
8293827,-72.858516,40.75533,COM3,NONRES,C3LN,NaN,NaN,10.1993,10.6993,Above DFE,0,0
8293828,-72.858542,40.754431,COM2,NONRES,C2LN,NaN,NaN,10.2082,10.7082,Above DFE,0,0
8293829,-72.858508,40.755543,IND6,NONRES,I6LN,NaN,NaN,9.71,10.21,Above DFE,0,0
8293830,-72.858559,40.755082,COM4,NONRES,C4LN,NaN,NaN,8.961,9.461,Under DFE,0,0
8293831,-72.858352,40.75576,RES3A,RES,R3A1B,691701.31,345850.65,8.7987,10.7987,Above DFE,0,0
8293832,-72.858087,40.755774,RES3A,RES,R3A5B,771333.61,385666.81,8.4821,10.4821,Above DFE,0,0
8293833,-72.858128,40.754135,RES1-1SWB,RES,R11B,164590.18,82295.09,7.9579,9.9579,Under DFE,0,0
8293834,-72.858477,40.755779,REL1,NONRES,RE1LN,NaN,NaN,9.0169,9.5169,Under DFE,0,0
8293835,-72.858161,40.754942,COM1,NONRES,C1LN,NaN,NaN,10.3691,10.8691,Above DFE,0,0
8293836,-72.858614,40.754163,RES1-1SWB,RES,R11B,155509.61,77754.8,8.0436,10.0436,Above DFE,0,0
8293837,-72.858129,40.754671,RES1-1SWB,RES,R11B,146373.57,73186.78,8.6827,10.6827,Above DFE,0,0
8293838,-72.858556,40.754857,RES1-1SNB,RES,R11N,98337.06,49168.53,8.1093,9.6093,Under DFE,0,0
8293929,-72.85909,40.754219,RES3A,RES,R3A3B,856098.31,428049.16,8.8019,10.8019,Above DFE,0,0
8293930,-72.85902,40.754921,RES3A,RES,R3A3B,890525.19,445262.6,9.6774,11.6774,Above DFE,0,0
8293931,-72.859381,40.755503,RES3A,RES,R3A3N,728671.2,364335.6,9.4763,9.9763,Under DFE,0,0
8293932,-72.859412,40.754832,RES1-1SWB,RES,R11B,118062.31,59031.15,7.3755,9.3755,Under DFE,0,0
8293933,-72.859029,40.755124,RES1-2SNB,RES,R12N,360067.54,180033.77,9.129,9.629,Under DFE,0,0
8293934,-72.859386,40.755608,RES1-1SWB,RES,R11B,115546.3,57773.15,9.9923,11.9923,Above DFE,0,0
8293935,-72.859367,40.755786,RES1-2SNB,RES,R12N,284970.09,142485.04,10.4584,11.9584,Above DFE,0,0
8293936,-72.858969,40.755277,RES1-1SWB,RES,R11B,172479.78,86239.89,8.9348,10.9348,Above DFE,0,0
8293937,-72.85917,40.754478,RES1-2SWB,RES,R12B,121649.67,60824.84,8.7985,10.7985,Above DFE,0,0
8293938,-72.859534,40.754224,RES1-3SWB,RES,R13B,395758.26,197879.13,8.1973,10.1973,Above DFE,0,0
8293939,-72.859027,40.75578,RES1-1SWB,RES,R11B,149342.52,74671.26,9.813,11.813,Above DFE,0,0
8293940,-72.859417,40.754996,RES1-2SWB,RES,R12B,255175.51,127587.75,8.3671,10.3671,Above DFE,0,0
8293941,-72.859015,40.754419,RES1-1SNB,RES,R11N,153683.55,76841.78,8.282,8.782,Under DFE,0,0
8293942,-72.859043,40.754718,COM2,NONRES,C2LN,NaN,NaN,8.5745,9.0745,Under DFE,0,0
8293954,-72.86036,40.760679,RES1-1SNB,RES,R11N,104674.05,52337.03,13.128,13.628,Above DFE,0,0
8293955,-72.860434,40.760764,RES1-2SNB,RES,R12N,206866.84,103433.42,13.8261,14.3261,Above DFE,0,0
8293956,-72.861401,40.760162,RES1-1SWB,RES,R11B,160502.17,80251.08,14.2176,16.2176,Above DFE,0,0
8293957,-72.860903,40.760686,RES1-1SNB,RES,R11N,115547.57,57773.79,12.6244,13.1244,Above DFE,0,0
8293958,-72.861387,40.760498,RES1-2SWB,RES,R12B,203777.59,101888.79,13.7412,15.7412,Above DFE,0,0
8293959,-72.86092,40.760309,RES1-2SWB,RES,R12B,386199.11,193099.56,13.1209,15.1209,Above DFE,0,0
8293960,-72.861564,40.760168,RES1-1SWB,RES,R11B,127395.79,63697.9,14.2479,16.2479,Above DFE,0,0
8293961,-72.860484,40.760363,RES1-1SWB,RES,R11B,167009.81,83504.9,12.2212,14.2212,Above DFE,0,0
8293962,-72.860353,40.761111,RES1-1SWB,RES,R11B,151006.51,75503.25,15.0501,17.0501,Above DFE,0,0
8293963,-72.860974,40.760593,RES1-1SWB,RES,R11B,212277.07,106138.53,12.7356,14.7356,Above DFE,0,0
8293964,-72.860678,40.760874,RES1-2SWB,RES,R12B,329631.61,164815.8,14.6839,16.6839,Above DFE,0,0
8293965,-72.861727,40.760174,RES3A,RES,R3A1B,805931.58,402965.79,15.1597,17.1597,Above DFE,0,0
8293991,-72.860864,40.759901,COM1,NONRES,C1LN,NaN,NaN,14.515,15.015,Above DFE,0,0
8293992,-72.860555,40.758565,RES3A,RES,R3A3N,830229.21,415114.61,10.6231,11.1231,Above DFE,0,0
8293993,-72.861075,40.758262,RES1-1SWB,RES,R11B,218468.07,109234.04,12.9598,14.9598,Above DFE,0,0
8294280,-72.863772,40.758313,RES3A,RES,R3A3B,767712.94,383856.47,13.389,15.389,Above DFE,0,0
8294281,-72.863339,40.758802,RES1-1SNB,RES,R11N,161533.09,80766.54,13.3368,14.8368,Above DFE,0,0
8294282,-72.863692,40.759087,RES1-2SWB,RES,R12B,267645.62,133822.81,13.4514,15.4514,Above DFE,0,0
8294283,-72.863319,40.758602,RES1-1SNB,RES,R11N,185112.17,92556.09,13.0844,14.5844,Above DFE,0,0
8294284,-72.863344,40.75931,RES1-2SWB,RES,R12B,315191.84,157595.92,14.6434,16.6434,Above DFE,0,0
8294285,-72.86335,40.758953,RES1-2SWB,RES,R12B,321986.8,160993.4,14.4061,16.4061,Above DFE,0,0
8294286,-72.86344,40.758311,RES1-1SWB,RES,R11B,255372.66,127686.33,12.8982,14.8982,Above DFE,0,0
8294321,-72.866301,40.759425,RES3A,RES,R3A1N,978782.12,489391.06,14.0084,14.5084,Above DFE,0,0
8294322,-72.863943,40.760785,RES1-2SWB,RES,R12B,333854.07,166927.04,15.3279,17.3279,Above DFE,0,0
8294323,-72.864075,40.760685,RES1-1SWB,RES,R11B,298410.94,149205.47,15.4551,17.4551,Above DFE,0,0
8294324,-72.866093,40.759523,RES1-2SNB,RES,R12N,330278.62,165139.31,14.1081,14.6081,Above DFE,0,0
8294325,-72.865316,40.759659,RES1-2SNB,RES,R12N,132695.23,66347.61,13.9436,14.4436,Above DFE,0,0
8294326,-72.863517,40.761021,RES3A,RES,R3A1N,728554.6,364277.3,16.4469,16.9469,Above DFE,0,0
8294327,-72.865509,40.759864,RES1-2SNB,RES,R12N,383117.02,191558.51,14.3087,15.8087,Above DFE,0,0
8294328,-72.865941,40.759617,RES1-2SWB,RES,R12B,420374.04,210187.02,14.8854,16.8854,Above DFE,0,0
8294329,-72.86443,40.760149,RES1-2SNB,RES,R12N,356429.75,178214.88,15.3109,15.8109,Above DFE,0,0
8294330,-72.865615,40.759437,RES1-2SWB,RES,R12B,517353.12,258676.56,14.9485,16.9485,Above DFE,0,0
8294331,-72.866,40.759198,RES1-2SWB,RES,R12B,278957.01,139478.51,13.8858,15.8858,Above DFE,0,0
8294332,-72.864377,40.76053,RES1-2SWB,RES,R12B,527253.49,263626.75,15.8369,17.8369,Above DFE,0,0
8294333,-72.865425,40.759535,RES1-1SNB,RES,R11N,189354.89,94677.44,13.9436,15.4436,Above DFE,0,0
8294335,-72.863977,40.760374,RES1-2SNB,RES,R12N,158142.05,79071.02,15.9049,16.4049,Above DFE,0,0
8294336,-72.865874,40.759318,RES1-2SWB,RES,R12B,358926.55,179463.28,14.1729,16.1729,Above DFE,0,0
8294337,-72.866266,40.759071,RES3A,RES,R3A1B,832707.57,416353.78,13.4359,15.4359,Above DFE,0,0
8294338,-72.86419,40.760281,RES1-1SWB,RES,R11B,290585.81,145292.91,18.1471,20.1471,Above DFE,0,0
8294339,-72.865248,40.759649,RES3A,RES,R3A1B,953105.33,476552.66,14.0895,16.0895,Above DFE,0,0
8294340,-72.863567,40.760624,RES1-3SWB,RES,R13B,632031.15,316015.58,16.7656,18.7656,Above DFE,0,0
8294341,-72.863896,40.760427,RES1-2SWB,RES,R12B,378812.98,189406.49,15.9049,17.9049,Above DFE,0,0
8294342,-72.863304,40.76112,RES1-2SWB,RES,R12B,494408.44,247204.22,15.6852,17.6852,Above DFE,0,0
8294376,-72.867011,40.751495,RES1-2SWB,RES,R12B,298694.84,149347.42,5.5974,7.5974,Under DFE,0,0
8294377,-72.865077,40.751583,RES1-1SNB,RES,R11N,196438.61,98219.3,6.3666,7.8666,Under DFE,0,0
8294378,-72.866759,40.751566,RES1-1SNB,RES,R11N,191525.85,95762.93,5.7779,7.2779,Under DFE,0,0
8294379,-72.86482,40.751615,RES1-1SWB,RES,R11B,384497.69,192248.85,7.0622,9.0622,Under DFE,0,0
8294380,-72.863063,40.752249,RES1-1SWB,RES,R11B,280379.49,140189.74,8.3385,10.3385,Above DFE,0,0
8294381,-72.863694,40.751856,RES1-3SWB,RES,R13B,518912.55,259456.28,7.5719,9.5719,Under DFE,0,0
8294382,-72.865695,40.75145,RES1-1SNB,RES,R11N,253464.19,126732.09,7.1375,7.6375,Under DFE,0,0
8294383,-72.865971,40.751403,RES1-2SWB,RES,R12B,343513.53,171756.76,5.6382,7.6382,Under DFE,0,0
8294384,-72.863154,40.751947,RES1-2SNB,RES,R12N,342770.96,171385.48,8.2518,9.7518,Under DFE,0,0
8294385,-72.865041,40.751898,RES1-1SNB,RES,R11N,292156.43,146078.22,6.0441,7.5441,Under DFE,0,0
8294386,-72.866394,40.751311,RES1-2SWB,RES,R12B,503443.71,251721.86,6.4423,8.4423,Under DFE,0,0
8294387,-72.867244,40.75141,RES1-2SNB,RES,R12N,134087.96,67043.98,5.6385,7.1385,Under DFE,0,0
8294388,-72.86335,40.752187,RES1-2SWB,RES,R12B,404499.59,202249.8,7.8854,9.8854,Under DFE,0,0
8294389,-72.863769,40.752117,RES1-2SWB,RES,R12B,406001.62,203000.81,7.8319,9.8319,Under DFE,0,0
8294390,-72.864101,40.751756,RES1-1SNB,RES,R11N,257719.77,128859.88,8.167,9.667,Under DFE,0,0
8294391,-72.867235,40.75118,RES1-1SWB,RES,R11B,371242.05,185621.02,4.7405,6.7405,Under DFE,0,0
8294392,-72.862824,40.752313,RES1-1SWB,RES,R11B,356275.97,178137.98,8.0135,10.0135,Above DFE,0,0
8294393,-72.865435,40.751514,RES1-2SWB,RES,R12B,346820.15,173410.08,6.6018,8.6018,Under DFE,0,0
8294394,-72.865873,40.751707,RES1-1SWB,RES,R11B,227684.41,113842.2,7.6728,9.6728,Under DFE,0,0
8294477,-72.867931,40.755999,RES1-1SWB,RES,R11B,271747.18,135873.59,11.8221,13.8221,Above DFE,0,0
8294478,-72.865882,40.757674,RES1-1SWB,RES,R11B,265611.37,132805.68,11.2462,13.2462,Above DFE,0,0
8294479,-72.867687,40.756048,RES1-2SWB,RES,R12B,344475.18,172237.59,12.1747,14.1747,Above DFE,0,0
8294480,-72.864634,40.756638,RES1-1SWB,RES,R11B,276316.62,138158.31,11.4183,13.4183,Above DFE,0,0
8294481,-72.864895,40.756589,RES1-1SWB,RES,R11B,279305.27,139652.63,11.6088,13.6088,Above DFE,0,0
8294482,-72.867146,40.756159,RES1-2SWB,RES,R12B,406963.75,203481.88,11.0223,13.0223,Above DFE,0,0
8294483,-72.867422,40.756094,RES1-1SWB,RES,R11B,277416.51,138708.26,11.4593,13.4593,Above DFE,0,0
8294484,-72.866792,40.7571,RES1-2SWB,RES,R12B,344070.3,172035.15,11.3268,13.3268,Above DFE,0,0
8294485,-72.867133,40.756908,RES1-1SWB,RES,R11B,256412.96,128206.48,10.6248,12.6248,Above DFE,0,0
8294486,-72.865191,40.75655,RES1-1SWB,RES,R11B,258151,129075.5,11.4672,13.4672,Above DFE,0,0
8294487,-72.865144,40.758064,RES1-1SWB,RES,R11B,271747.18,135873.59,12.264,14.264,Above DFE,0,0
8294488,-72.867633,40.75665,RES1-1SWB,RES,R11B,233502.8,116751.4,12.0918,14.0918,Above DFE,0,0
8294489,-72.86929,40.755679,RES1-1SWB,RES,R11B,253751.24,126875.62,11.2236,13.2236,Above DFE,0,0
8294490,-72.866644,40.757195,RES1-1SWB,RES,R11B,278650.04,139325.02,11.3686,13.3686,Above DFE,0,0
8294491,-72.864781,40.756887,RES1-2SWB,RES,R12B,337321.59,168660.8,11.4438,13.4438,Above DFE,0,0
8294492,-72.86827,40.755904,RES1-1SWB,RES,R11B,307931.12,153965.56,11.1121,13.1121,Above DFE,0,0
8294493,-72.868882,40.75584,RES1-1SWB,RES,R11B,315843.84,157921.92,11.5977,13.5977,Above DFE,0,0
8294494,-72.866907,40.756209,RES1-2SWB,RES,R12B,287994.53,143997.27,10.7304,12.7304,Above DFE,0,0
8294495,-72.86557,40.756457,RES1-1SWB,RES,R11B,260703.39,130351.69,11.0281,13.0281,Above DFE,0,0
8294496,-72.866163,40.757492,RES1-1SWB,RES,R11B,206619.84,103309.92,10.9068,12.9068,Above DFE,0,0
8294497,-72.869065,40.755761,RES1-1SWB,RES,R11B,195826.38,97913.19,11.1988,13.1988,Above DFE,0,0
8294498,-72.86502,40.757609,RES1-2SWB,RES,R12B,388619.12,194309.56,12.8671,14.8671,Above DFE,0,0
8294499,-72.865595,40.75787,RES1-2SWB,RES,R12B,396763.37,198381.68,12.1482,14.1482,Above DFE,0,0
8294500,-72.86804,40.756378,RES1-1SWB,RES,R11B,259859.88,129929.94,13.084,15.084,Above DFE,0,0
8294501,-72.865081,40.75782,RES1-1SWB,RES,R11B,276733.36,138366.68,12.9149,14.9149,Above DFE,0,0
8294502,-72.864915,40.757179,RES1-1SWB,RES,R11B,230489.28,115244.64,11.6011,13.6011,Above DFE,0,0
8294503,-72.868323,40.756221,RES1-2SWB,RES,R12B,299374.69,149687.35,12.3684,14.3684,Above DFE,0,0
8294504,-72.864953,40.757301,RES1-2SWB,RES,R12B,393715.94,196857.97,12.2384,14.2384,Above DFE,0,0
8294505,-72.866214,40.756301,RES1-2SWB,RES,R12B,295384.32,147692.16,10.6378,12.6378,Above DFE,0,0
8294506,-72.866484,40.757399,RES3A,RES,R3A1N,408262.99,204131.5,11.1304,12.6304,Above DFE,0,0
8294507,-72.868704,40.755912,RES1-1SNB,RES,R11N,204949.24,102474.62,10.7941,12.2941,Above DFE,0,0
8294508,-72.866056,40.756384,RES1-1SWB,RES,R11B,227092.15,113546.07,11.2751,13.2751,Above DFE,0,0
8294509,-72.864877,40.757044,RES1-1SWB,RES,R11B,314505.18,157252.59,11.9633,13.9633,Above DFE,0,0
8294510,-72.868478,40.756158,RES3A,RES,R3A1B,310073.66,155036.83,11.3854,13.3854,Above DFE,0,0
8294511,-72.867433,40.756727,RES1-1SWB,RES,R11B,276042.91,138021.46,11.8537,13.8537,Above DFE,0,0
8294512,-72.867758,40.756552,RES1-1SWB,RES,R11B,297422.28,148711.14,11.5283,13.5283,Above DFE,0,0
8294513,-72.867886,40.756452,RES1-1SWB,RES,R11B,230489.28,115244.64,12.0542,14.0542,Above DFE,0,0
8294514,-72.86583,40.756412,RES1-1SWB,RES,R11B,289414.4,144707.2,11.7896,13.7896,Above DFE,0,0
8294515,-72.869356,40.743853,RES1-2SNB,RES,R12N,342585.41,171292.7,6.3002,14.3002,Above DFE,0,0
8294516,-72.867193,40.742869,RES1-1SNB,RES,R11N,245593.01,122796.5,3.1423,11.1423,Above DFE,0,0
8294517,-72.867745,40.742781,RES1-3SWB,RES,R13B,382409.83,191204.91,3.3916,5.3916,Under DFE,0,0
8294518,-72.870474,40.743683,RES1-1SWB,RES,R11B,338870.52,169435.26,5.1034,7.1034,Under DFE,0,0
8294519,-72.870716,40.744453,RES1-1SWB,RES,R11B,411243.46,205621.73,4.7652,6.7652,Under DFE,0,0
8294520,-72.86775,40.744965,RES1-1SWB,RES,R11B,379834.95,189917.48,5.5905,7.5905,Under DFE,0,0
8294521,-72.870878,40.744749,RES1-1SWB,RES,R11B,311688,155844,6.2794,8.2794,Under DFE,0,0
8294522,-72.868746,40.744933,RES1-1SWB,RES,R11B,494530.58,247265.29,5.7736,7.7736,Under DFE,0,0
8294523,-72.867837,40.743863,RES1-1SWB,RES,R11B,253751.24,126875.62,5.5858,7.5858,Under DFE,0,0
8294524,-72.869186,40.743859,RES1-2SWB,RES,R12B,422684.6,211342.3,5.9619,7.9619,Under DFE,0,0
8294525,-72.867926,40.742802,RES1-2SWB,RES,R12B,321695.26,160847.63,4.0851,6.0851,Under DFE,0,0
8294526,-72.870535,40.743865,RES1-2SNB,RES,R12N,305640.68,152820.34,5.6647,7.1647,Under DFE,0,0
8294527,-72.868355,40.744919,RES1-1SWB,RES,R11B,385614.09,192807.04,5.624,7.624,Under DFE,0,0
8294528,-72.868288,40.742786,RES1-1SWB,RES,R11B,242402.76,121201.38,5.6725,7.6725,Under DFE,0,0
8294529,-72.868117,40.744969,RES1-1SWB,RES,R11B,261400.74,130700.37,4.8276,6.8276,Under DFE,0,0
8294530,-72.867558,40.742813,RES1-1SNB,RES,R11N,230254.94,115127.47,5.8115,13.8115,Above DFE,0,0
8294531,-72.868628,40.743874,RES1-2SWB,RES,R12B,407840.08,203920.04,7.7736,9.7736,Under DFE,0,0
8294532,-72.869536,40.743848,RES1-2SWB,RES,R12B,403806.31,201903.16,6.0112,8.0112,Under DFE,0,0
8294533,-72.868154,40.743893,RES1-1SWB,RES,R11B,349806.3,174903.15,6.4668,8.4668,Under DFE,0,0
8294534,-72.867461,40.743895,RES1-2SWB,RES,R12B,280976.73,140488.36,4.6485,6.6485,Under DFE,0,0
8294535,-72.86922,40.74494,RES1-2SWB,RES,R12B,482841.99,241420.99,6.3991,8.3991,Under DFE,0,0
8294536,-72.870489,40.744911,RES1-2SWB,RES,R12B,373417.74,186708.87,7.5098,9.5098,Under DFE,0,0
8294537,-72.868798,40.742773,RES1-1SWB,RES,R11B,315431.24,157715.62,4.9085,6.9085,Under DFE,0,0
8294538,-72.868623,40.742764,RES1-1SWB,RES,R11B,244153.34,122076.67,5.4402,7.4402,Under DFE,0,0
8294539,-72.870132,40.744891,RES1-2SWB,RES,R12B,484864.62,242432.31,5.2967,7.2967,Under DFE,0,0
8294540,-72.870273,40.744275,RES1-1SWB,RES,R11B,348311.05,174155.53,6.8231,8.8231,Under DFE,0,0
8294541,-72.869006,40.743865,RES1-2SWB,RES,R12B,384864.75,192432.38,6.935,8.935,Under DFE,0,0
8294542,-72.869727,40.743838,RES1-2SWB,RES,R12B,409830.36,204915.18,6.9519,8.9519,Under DFE,0,0
8294543,-72.869295,40.742798,RES1-1SNB,RES,R11N,228774.34,114387.17,6.8253,7.3253,Under DFE,0,0
8294544,-72.869089,40.7422,RES1-1SWB,RES,R11B,258437.84,129218.92,5.6183,7.6183,Under DFE,0,0
8294545,-72.867642,40.744389,RES1-1SWB,RES,R11B,274403.53,137201.76,4.596,6.596,Under DFE,0,0
8294546,-72.870908,40.74493,RES1-2SNB,RES,R12N,318762.82,159381.41,6.2307,7.7307,Under DFE,0,0
8294547,-72.870046,40.743166,RES1-2SNB,RES,R12N,263155.12,131577.56,5.7694,6.2694,Under DFE,0,0
8294548,-72.867666,40.74388,RES1-2SWB,RES,R12B,456042.7,228021.35,5.0799,7.0799,Under DFE,0,0
8294549,-72.868455,40.742802,RES1-2SWB,RES,R12B,309175.38,154587.69,4.2008,6.2008,Under DFE,0,0
8294550,-72.868564,40.744965,RES1-1SWB,RES,R11B,262093.04,131046.52,5.4141,7.4141,Under DFE,0,0
8294551,-72.867821,40.744382,RES1-2SWB,RES,R12B,331733.9,165866.95,4.8965,6.8965,Under DFE,0,0
8294552,-72.86688,40.742952,RES1-1SNB,RES,R11N,180608.8,90304.4,4.3002,4.8002,Under DFE,0,0
8294553,-72.870249,40.743175,RES1-2SNB,RES,R12N,294094.01,147047,5.5828,7.0828,Under DFE,0,0
8294554,-72.867498,40.744374,RES1,RES,R13N,495542.81,247771.4,4.7616,6.7616,Under DFE,0,0
8294555,-72.869024,40.742798,RES1-1SWB,RES,R11B,445519.16,222759.58,5.2164,7.2164,Under DFE,0,0
8294556,-72.867377,40.742835,RES1-1SWB,RES,R11B,296744.88,148372.44,4.7325,6.7325,Under DFE,0,0
8294557,-72.869899,40.744898,RES1-2SWB,RES,R12B,391941.55,195970.78,4.4738,6.4738,Under DFE,0,0
8294558,-72.870633,40.744222,RES1-2SWB,RES,R12B,415574.28,207787.14,5.5757,7.5757,Under DFE,0,0
8294559,-72.869541,40.742749,RES1-2SWB,RES,R12B,396973.16,198486.58,4.7596,6.7596,Under DFE,0,0
8294560,-72.868825,40.743871,RES1-2SWB,RES,R12B,373685.08,186842.54,6.8439,8.8439,Under DFE,0,0
8294561,-72.869907,40.743832,RES1-2SWB,RES,R12B,410077.9,205038.95,6.7656,8.7656,Under DFE,0,0
8294562,-72.870119,40.743777,RES1-1SWB,RES,R11B,348519.74,174259.87,6.5338,8.5338,Under DFE,0,0
8294598,-72.870058,40.756878,RES1-1SWB,RES,R11B,299985.15,149992.58,11.6676,13.6676,Above DFE,0,0
8294599,-72.867535,40.758319,RES1-2SWB,RES,R12B,329733.94,164866.97,13.4603,15.4603,Above DFE,0,0
8294600,-72.868526,40.75776,RES1-2SWB,RES,R12B,288381.03,144190.51,13.4686,15.4686,Above DFE,0,0
8294601,-72.869244,40.75774,RES1-1SWB,RES,R11B,244682.56,122341.28,13.4952,15.4952,Above DFE,0,0
8294602,-72.867157,40.758933,RES1-1SWB,RES,R11B,292811.53,146405.77,12.8631,14.8631,Above DFE,0,0
8294603,-72.867643,40.758632,RES1-1SNB,RES,R11N,230847.9,115423.95,13.826,15.326,Above DFE,0,0
8294604,-72.870384,40.757054,RES1-1SWB,RES,R11B,282451.66,141225.83,12.0999,14.0999,Above DFE,0,0
8294605,-72.870502,40.756961,RES1-1SWB,RES,R11B,267189.05,133594.53,11.9814,13.9814,Above DFE,0,0
8294606,-72.869445,40.757259,RES1-2SWB,RES,R12B,379576.84,189788.42,12.5405,14.5405,Above DFE,0,0
8294607,-72.870682,40.756516,RES1-1SWB,RES,R11B,311688,155844,8.9964,10.9964,Above DFE,0,0
8294608,-72.868653,40.758052,RES1-1SWB,RES,R11B,295303.44,147651.72,14.3647,16.3647,Above DFE,0,0
8294609,-72.867851,40.758153,RES1-2SWB,RES,R12B,314173.13,157086.56,13.0391,15.0391,Above DFE,0,0
8294610,-72.870208,40.757193,RES1-1SWB,RES,R11B,268992.84,134496.42,11.5129,13.5129,Above DFE,0,0
8294611,-72.869091,40.757464,RES1-1SWB,RES,R11B,287683.87,143841.93,13.2378,15.2378,Above DFE,0,0
8294612,-72.868793,40.757618,RES1-2SWB,RES,R12B,388302.59,194151.3,12.7295,14.7295,Above DFE,0,0
8294613,-72.867807,40.758567,RES1-2SWB,RES,R12B,322301.38,161150.69,13.7107,15.7107,Above DFE,0,0
8294614,-72.867105,40.758606,RES1-1SNB,RES,R11N,250808.14,125404.07,13.6694,14.1694,Above DFE,0,0
8294615,-72.868055,40.75842,RES1-3SWB,RES,R13B,599649.75,299824.88,12.9803,14.9803,Above DFE,0,0
8294616,-72.869628,40.757128,RES1-3SWB,RES,R13B,393586.95,196793.47,13.6597,15.6597,Above DFE,0,0
8294617,-72.870271,40.756752,RES1-1SWB,RES,R11B,299985.15,149992.58,11.7501,13.7501,Above DFE,0,0
8294618,-72.868359,40.758222,RES1-1SWB,RES,R11B,297262.44,148631.22,14.3981,16.3981,Above DFE,0,0
8294619,-72.8693,40.75734,RES1-3SWB,RES,R13B,361318.32,180659.16,13.9825,15.9825,Above DFE,0,0
8294620,-72.867694,40.758236,RES1-2SWB,RES,R12B,209454.34,104727.17,12.5431,14.5431,Above DFE,0,0
8294621,-72.867496,40.758714,RES1-1SWB,RES,R11B,319656.47,159828.23,13.7777,15.7777,Above DFE,0,0
8294622,-72.868331,40.757899,RES1-1SWB,RES,R11B,260982.94,130491.47,13.7361,15.7361,Above DFE,0,0
8294623,-72.869841,40.757008,RES1-1SWB,RES,R11B,253150.84,126575.42,12.4457,14.4457,Above DFE,0,0
8294624,-72.870446,40.756669,RES1-1SWB,RES,R11B,294146.52,147073.26,11.6983,13.6983,Above DFE,0,0
8294625,-72.866872,40.75871,RES1-2SWB,RES,R12B,345684.05,172842.02,12.5901,14.5901,Above DFE,0,0
8294626,-72.868503,40.75813,RES1-2SNB,RES,R12N,345995.25,172997.62,14.6587,16.1587,Above DFE,0,0
8294627,-72.869454,40.757581,RES1-2SWB,RES,R12B,345147.84,172573.92,12.8922,14.8922,Above DFE,0,0
8294628,-72.869808,40.7574,RES1-1SWB,RES,R11B,263326.41,131663.2,12.6815,14.6815,Above DFE,0,0
8294629,-72.870716,40.756857,RES1-2SWB,RES,R12B,423729.65,211864.82,8.9381,10.9381,Above DFE,0,0
8294630,-72.868786,40.757974,RES1-1SWB,RES,R11B,294478.13,147239.07,14.6649,16.6649,Above DFE,0,0
8294631,-72.86734,40.758473,RES1-1SWB,RES,R11B,275242.95,137621.47,13.5642,15.5642,Above DFE,0,0
8294632,-72.867356,40.758797,RES1-1SNB,RES,R11N,230847.9,115423.95,12.8189,13.3189,Above DFE,0,0
8294633,-72.868009,40.758087,RES1-1SWB,RES,R11B,253751.24,126875.62,13.778,15.778,Above DFE,0,0
8294634,-72.868168,40.757987,RES1-1SNB,RES,R11N,230965.47,115482.74,14.1255,14.6255,Above DFE,0,0
8294635,-72.86893,40.757892,RES1-1SWB,RES,R11B,294478.13,147239.07,13.7795,15.7795,Above DFE,0,0
8294636,-72.868212,40.758292,RES1-1SWB,RES,R11B,325191.28,162595.64,14.5255,16.5255,Above DFE,0,0
8294637,-72.869938,40.757298,RES1-1SWB,RES,R11B,373962.17,186981.09,13.1902,15.1902,Above DFE,0,0
8294638,-72.869672,40.757429,RES1-1SWB,RES,R11B,297100.36,148550.18,12.9678,14.9678,Above DFE,0,0
8294832,-72.871533,40.754591,RES1-2SWB,RES,R12B,356897.4,178448.7,10.2889,12.2889,Above DFE,0,0
8294833,-72.870377,40.75509,RES1-2SWB,RES,R12B,420106.44,210053.22,8.2194,10.2194,Above DFE,0,0
8294834,-72.868398,40.754947,RES1-1SNB,RES,R11N,229662.2,114831.1,9.9513,10.4513,Above DFE,0,0
8294835,-72.870168,40.754625,RES1-1SWB,RES,R11B,274403.53,137201.76,6.6402,8.6402,Under DFE,0,0
8294836,-72.868313,40.755469,RES1-1SWB,RES,R11B,264811.59,132405.8,10.8977,12.8977,Above DFE,0,0
8294837,-72.86909,40.755337,RES1-1SWB,RES,R11B,260563.31,130281.65,10.248,12.248,Above DFE,0,0
8294838,-72.86944,40.754751,RES1-1SWB,RES,R11B,304030.17,152015.09,8.8899,10.8899,Above DFE,0,0
8294839,-72.870016,40.75512,RES1-2SNB,RES,R12N,344349.96,172174.98,9.6624,11.1624,Above DFE,0,0
8294840,-72.86961,40.754718,RES1-1SWB,RES,R11B,256363.24,128181.62,8.0456,10.0456,Above DFE,0,0
8294841,-72.871346,40.754606,RES1-2SWB,RES,R12B,303289.88,151644.94,9.5396,11.5396,Above DFE,0,0
8294842,-72.864704,40.756181,RES1-1SNB,RES,R11N,227971.8,113985.9,10.5965,11.0965,Above DFE,0,0
8294843,-72.870804,40.754615,RES1-1SNB,RES,R11N,222687.55,111343.78,6.3601,7.8601,Under DFE,0,0
8294844,-72.865919,40.755369,RES1-3SWB,RES,R13B,339603.48,169801.74,12.246,14.246,Above DFE,0,0
8294845,-72.867656,40.755026,RES1-2SWB,RES,R12B,226410.16,113205.08,10.9336,12.9336,Above DFE,0,0
8294846,-72.864716,40.755663,RES1-2SWB,RES,R12B,311691.64,155845.82,11.4813,13.4813,Above DFE,0,0
8294847,-72.869753,40.755174,RES1-1SWB,RES,R11B,294478.13,147239.07,9.6101,11.6101,Above DFE,0,0
8294848,-72.864458,40.755687,RES1-2SWB,RES,R12B,400605.59,200302.79,12.391,14.391,Above DFE,0,0
8294849,-72.867508,40.755084,RES1-1SWB,RES,R11B,246191.96,123095.98,11.351,13.351,Above DFE,0,0
8294850,-72.870671,40.755069,RES1-1SWB,RES,R11B,317762.43,158881.21,8.5546,10.5546,Above DFE,0,0
8294851,-72.866709,40.755753,RES1-1SWB,RES,R11B,301245.12,150622.56,11.8003,13.8003,Above DFE,0,0
8294852,-72.870976,40.754602,RES1-1SNB,RES,R11N,228700.61,114350.3,7.0059,7.5059,Under DFE,0,0
8294853,-72.867388,40.755629,RES3A,RES,R3A1N,345422.87,172711.44,12.7019,13.2019,Above DFE,0,0
8294854,-72.864879,40.756148,RES1-1SNB,RES,R11N,227971.8,113985.9,10.7932,11.2932,Above DFE,0,0
8294855,-72.866553,40.75527,RES1-1SWB,RES,R11B,227692.08,113846.04,10.339,12.339,Above DFE,0,0
8294856,-72.865687,40.755428,RES1-1SWB,RES,R11B,324155.52,162077.76,10.0207,12.0207,Above DFE,0,0
8294857,-72.869257,40.754754,RES1-1SWB,RES,R11B,285402.31,142701.16,8.5467,10.5467,Above DFE,0,0
8294858,-72.867159,40.755159,RES1-1SNB,RES,R11N,239267.16,119633.58,11.2668,12.7668,Above DFE,0,0
8294859,-72.866804,40.755215,RES1-1SWB,RES,R11B,234146.93,117073.46,10.8684,12.8684,Above DFE,0,0
8294860,-72.868613,40.75491,RES1-2SWB,RES,R12B,355981.99,177990.99,9.7459,11.7459,Above DFE,0,0
8294861,-72.868907,40.755383,RES1-2SNB,RES,R12N,372359.04,186179.52,10.4643,11.9643,Above DFE,0,0
8294862,-72.869065,40.754789,RES1-1SWB,RES,R11B,187340.32,93670.16,8.8511,10.8511,Above DFE,0,0
8294863,-72.871174,40.755002,RES1-2SWB,RES,R12B,315883.8,157941.9,7.7331,9.7331,Under DFE,0,0
8294864,-72.87062,40.754617,RES1-1SNB,RES,R11N,238219.14,119109.57,6.4848,6.9848,Under DFE,0,0
8294865,-72.865068,40.755623,RES1-2SWB,RES,R12B,318200.78,159100.39,10.8573,12.8573,Above DFE,0,0
8294866,-72.868537,40.755386,RES1-2SWB,RES,R12B,330587.65,165293.83,10.4326,12.4326,Above DFE,0,0
8294867,-72.865219,40.756053,RES1-2SWB,RES,R12B,381951,190975.5,11.4944,13.4944,Above DFE,0,0
8294868,-72.871144,40.754598,RES1-1SNB,RES,R11N,231783.41,115891.7,7.2926,7.7926,Under DFE,0,0
8294869,-72.870957,40.755069,RES1-2SWB,RES,R12B,515609.24,257804.62,7.043,9.043,Under DFE,0,0
8294870,-72.868054,40.755031,RES1-2SWB,RES,R12B,288381.03,144190.51,9.9616,11.9616,Above DFE,0,0
8294871,-72.865414,40.755521,RES1-2SWB,RES,R12B,319090.59,159545.3,9.9994,11.9994,Above DFE,0,0
8294872,-72.865398,40.756045,RES1-1SNB,RES,R11N,227971.8,113985.9,11.2969,12.7969,Above DFE,0,0
8294873,-72.869894,40.754666,RES1-1SWB,RES,R11B,207350.42,103675.21,8.1592,10.1592,Above DFE,0,0
8294874,-72.865838,40.755956,RES1-1SNB,RES,R11N,249107.95,124553.98,11.5726,12.0726,Above DFE,0,0
8294875,-72.868906,40.754827,RES1-2SNB,RES,R12N,380547.07,190273.54,9.7192,10.2192,Above DFE,0,0
8294876,-72.868014,40.755507,RES1-1SNB,RES,R11N,228700.61,114350.3,9.7954,10.2954,Above DFE,0,0
8294877,-72.869583,40.755207,RES1-1SNB,RES,R11N,241107.94,120553.97,9.8191,11.3191,Above DFE,0,0
8294878,-72.865083,40.756097,RES1-1SNB,RES,R11N,227971.8,113985.9,11.6918,12.1918,Above DFE,0,0
8294949,-72.872556,40.752176,RES1-2SNB,RES,R12N,255948.6,127974.3,8.241,16.241,Above DFE,0,0
8294950,-72.873136,40.751789,RES1-1SNB,RES,R11N,228700.61,114350.3,8.2884,9.7884,Under DFE,0,0
8294951,-72.874765,40.751704,RES1-1SWB,RES,R11B,148351.85,74175.93,8.0087,10.0087,Above DFE,0,0
8294952,-72.875303,40.751651,RES1-2SWB,RES,R12B,217017.94,108508.97,9.2544,11.2544,Above DFE,0,0
8294953,-72.873596,40.752166,RES1-1SWB,RES,R11B,261261.68,130630.84,7.8181,9.8181,Under DFE,0,0
8294954,-72.876019,40.751668,RES1-1SWB,RES,R11B,210114.84,105057.42,9.1557,11.1557,Above DFE,0,0
8294955,-72.87639,40.751655,RES1-1SWB,RES,R11B,268737.59,134368.79,7.8321,9.8321,Under DFE,0,0
8294956,-72.876977,40.751641,RES1-2SNB,RES,R12N,368874.1,184437.05,9.2748,17.2748,Above DFE,0,0
8294957,-72.873289,40.752161,RES1-1SWB,RES,R11B,334205.49,167102.74,9.3924,11.3924,Above DFE,0,0
8294958,-72.87621,40.752076,RES1-2SWB,RES,R12B,292522.03,146261.02,9.5724,11.5724,Above DFE,0,0
8294959,-72.873951,40.752114,RES1-2SWB,RES,R12B,442623.39,221311.7,9.0351,11.0351,Above DFE,0,0
8294960,-72.876166,40.751761,RES1-1SWB,RES,R11B,112783.1,56391.55,8.3115,10.3115,Above DFE,0,0
8294961,-72.874575,40.752145,RES1-1SWB,RES,R11B,163585.75,81792.88,7.9406,9.9406,Under DFE,0,0
8294962,-72.874207,40.751691,RES1-3SWB,RES,R13B,236844.52,118422.26,8.5433,10.5433,Above DFE,0,0
8294963,-72.875469,40.751688,RES1-2SWB,RES,R12B,445964.68,222982.34,9.0822,11.0822,Above DFE,0,0
8294964,-72.876386,40.752036,RES1-1SNB,RES,R11N,247807.75,123903.88,10.3212,18.3212,Above DFE,0,0
8294965,-72.872279,40.752158,RES1-2SNB,RES,R12N,256884.49,128442.24,7.7635,9.2635,Under DFE,0,0
8294966,-72.874028,40.751691,RES1-1SWB,RES,R11B,143814.57,71907.28,7.7207,9.7207,Under DFE,0,0
8294967,-72.87499,40.752088,RES1-1SWB,RES,R11B,227692.08,113846.04,8.2139,10.2139,Above DFE,0,0
8294968,-72.8744,40.752166,RES1-2SWB,RES,R12B,171463.56,85731.78,8.4695,10.4695,Above DFE,0,0
8294969,-72.874568,40.751759,RES1-1SWB,RES,R11B,286657.06,143328.53,8.5478,10.5478,Above DFE,0,0
8294970,-72.874396,40.751731,RES1-2SWB,RES,R12B,165378.99,82689.49,7.1533,9.1533,Under DFE,0,0
8294971,-72.873303,40.751783,RES1-1SNB,RES,R11N,165210.62,82605.31,8.7804,10.2804,Above DFE,0,0
8294972,-72.873664,40.751738,RES1-1SWB,RES,R11B,218860.6,109430.3,7.4281,9.4281,Under DFE,0,0
8294973,-72.875421,40.752034,RES1-1SWB,RES,R11B,167086.08,83543.04,9.6378,11.6378,Above DFE,0,0
8294974,-72.875661,40.751693,RES1-3SWB,RES,R13B,230222.88,115111.44,10.1331,12.1331,Above DFE,0,0
8294975,-72.87576,40.75206,RES1-2SWB,RES,R12B,306920.42,153460.21,11.6862,13.6862,Above DFE,0,0
8294976,-72.875844,40.751699,RES1-2SWB,RES,R12B,305903.79,152951.89,9.3261,11.3261,Above DFE,0,0
8294977,-72.876575,40.752049,RES1-1SNB,RES,R11N,163332.82,81666.41,9.1679,10.6679,Above DFE,0,0
8294978,-72.872769,40.751791,RES1-1SWB,RES,R11B,179758.36,89879.18,7.665,9.665,Under DFE,0,0
8294979,-72.872955,40.751797,RES1-2SNB,RES,R12N,239634.17,119817.09,7.8424,9.3424,Under DFE,0,0
8294980,-72.876957,40.752041,RES1-1SWB,RES,R11B,253301.24,126650.62,8.3136,10.3136,Above DFE,0,0
8294981,-72.872588,40.751809,RES1-1SNB,RES,R11N,161047.11,80523.56,7.7171,15.7171,Above DFE,0,0
8294982,-72.874944,40.751678,RES1-2SWB,RES,R12B,114505.11,57252.56,9.2991,11.2991,Above DFE,0,0
8294983,-72.872216,40.75182,RES1-1SWB,RES,R11B,176262.86,88131.43,8.1283,10.1283,Above DFE,0,0
8294984,-72.8724,40.751802,RES1-2SNB,RES,R12N,239634.17,119817.09,7.6634,15.6634,Above DFE,0,0
8294985,-72.873883,40.751728,RES1-2SNB,RES,R12N,221085.36,110542.68,7.8883,15.8883,Above DFE,0,0
8294986,-72.876052,40.752027,RES1-1SWB,RES,R11B,206741.57,103370.79,9.636,11.636,Above DFE,0,0
8295075,-72.874904,40.754479,RES1-1SNB,RES,R11N,153170.2,76585.1,8.1727,16.1727,Above DFE,0,0
8295076,-72.873916,40.754969,RES1-1SWB,RES,R11B,229377.8,114688.9,11.0182,13.0182,Above DFE,0,0
8295077,-72.877125,40.754444,RES1-1SNB,RES,R11N,226742.63,113371.32,12.0484,13.5484,Above DFE,0,0
8295078,-72.876348,40.754444,RES1-2SWB,RES,R12B,216346.38,108173.19,9.4811,11.4811,Above DFE,0,0
8295079,-72.877108,40.754326,RES1-1SNB,RES,R11N,154825.02,77412.51,11.4532,12.9532,Above DFE,0,0
8295080,-72.877179,40.754861,RES1-1SNB,RES,R11N,157202.64,78601.32,10.7235,18.7235,Above DFE,0,0
8295081,-72.876517,40.754423,RES1-2SWB,RES,R12B,156822.22,78411.11,10.2215,12.2215,Above DFE,0,0
8295082,-72.875842,40.754443,RES1-2SWB,RES,R12B,268205.89,134102.95,7.8022,9.8022,Under DFE,0,0
8295083,-72.873911,40.754568,RES1-1SWB,RES,R11B,283990.58,141995.29,8.563,10.563,Above DFE,0,0
8295084,-72.875462,40.754451,RES1-1SWB,RES,R11B,129994.68,64997.34,7.3493,9.3493,Under DFE,0,0
8295085,-72.875249,40.754462,RES1-1SWB,RES,R11B,181083.8,90541.9,7.7567,9.7567,Under DFE,0,0
8295086,-72.874542,40.754492,RES1-1SWB,RES,R11B,200580.02,100290.01,8.7658,10.7658,Above DFE,0,0
8295087,-72.876169,40.754445,RES1-2SWB,RES,R12B,240336.62,120168.31,8.9362,10.9362,Above DFE,0,0
8295088,-72.876739,40.754484,RES1-2SWB,RES,R12B,178999.49,89499.74,9.835,11.835,Above DFE,0,0
8295168,-72.877067,40.753527,RES1-1SNB,RES,R11N,190449.49,95224.74,10.5088,12.0088,Above DFE,0,0
8295169,-72.877151,40.753717,RES1-2SWB,RES,R12B,232560.57,116280.28,10.2747,12.2747,Above DFE,0,0
8295170,-72.874643,40.753346,RES1-1SWB,RES,R11B,187511.16,93755.58,9.4247,11.4247,Above DFE,0,0
8295171,-72.87545,40.753332,RES1-1SWB,RES,R11B,203024.85,101512.42,10.1072,12.1072,Above DFE,0,0
8295172,-72.876642,40.753299,RES1-1SWB,RES,R11B,185636.39,92818.19,9.9397,11.9397,Above DFE,0,0
8295173,-72.873144,40.753432,RES1-1SWB,RES,R11B,264963.06,132481.53,8.9979,10.9979,Above DFE,0,0
8295174,-72.873497,40.753433,RES1-1SWB,RES,R11B,364212.09,182106.05,9.1924,11.1924,Above DFE,0,0
8295175,-72.872634,40.753443,RES1-2SWB,RES,R12B,236109.38,118054.69,9.3518,11.3518,Above DFE,0,0
8295176,-72.875851,40.75397,RES1-1SWB,RES,R11B,201899.1,100949.55,9.1059,11.1059,Above DFE,0,0
8295177,-72.87614,40.753979,RES1-1SWB,RES,R11B,191350.13,95675.07,10.3028,12.3028,Above DFE,0,0
8295178,-72.873057,40.754065,RES1-1SWB,RES,R11B,170496,85248,8.0311,10.0311,Above DFE,0,0
8295179,-72.875747,40.753366,RES1-2SWB,RES,R12B,269051.48,134525.74,9.8924,11.8924,Above DFE,0,0
8295180,-72.875235,40.753959,RES1-3SNB,RES,R13N,542615.59,271307.79,8.5799,10.0799,Above DFE,0,0
8295181,-72.873702,40.754054,RES1-2SWB,RES,R12B,400605.59,200302.79,7.8778,9.8778,Under DFE,0,0
8295182,-72.876228,40.753342,RES1-2SNB,RES,R12N,234007.8,117003.9,10.3887,18.3887,Above DFE,0,0
8295183,-72.874855,40.753342,RES1-2SWB,RES,R12B,158586.85,79293.43,9.5389,11.5389,Above DFE,0,0
8295184,-72.876684,40.753901,RES1-1SWB,RES,R11B,307636.16,153818.08,11.0687,13.0687,Above DFE,0,0
8295185,-72.87285,40.75345,RES1-1SNB,RES,R11N,173038.18,86519.09,7.6862,9.1862,Under DFE,0,0
8295186,-72.872891,40.754063,RES1-1SWB,RES,R11B,207991.8,103995.9,8.7168,10.7168,Above DFE,0,0
8295187,-72.874021,40.753363,RES1-1SWB,RES,R11B,174358.8,87179.4,7.9562,9.9562,Under DFE,0,0
8295188,-72.874972,40.753923,RES1-2SNB,RES,R12N,244298.94,122149.47,7.5292,15.5292,Above DFE,0,0
8295189,-72.875589,40.753964,RES1-1SWB,RES,R11B,180720.3,90360.15,7.7837,9.7837,Under DFE,0,0
8295190,-72.874605,40.753977,RES3A,RES,R3A1B,371301.33,185650.67,8.2287,10.2287,Above DFE,0,0
8295191,-72.873976,40.754028,RES1-2SNB,RES,R12N,240121.11,120060.55,8.1727,9.6727,Under DFE,0,0
8295192,-72.875209,40.75336,RES1-1SWB,RES,R11B,163524.76,81762.38,9.482,11.482,Above DFE,0,0
8295193,-72.875946,40.753324,RES1-1SWB,RES,R11B,156876.75,78438.37,9.6949,11.6949,Above DFE,0,0
8295194,-72.872642,40.754059,RES1-2SWB,RES,R12B,410201.57,205100.78,10.233,12.233,Above DFE,0,0
8295195,-72.876391,40.753955,RES1-2SWB,RES,R12B,282129.62,141064.81,8.8582,10.8582,Above DFE,0,0
8295196,-72.874247,40.754022,RES1-1SNB,RES,R11N,152068.45,76034.23,8.6923,10.1923,Above DFE,0,0
8295197,-72.874343,40.753358,RES1-2SWB,RES,R12B,330587.65,165293.83,8.445,10.445,Above DFE,0,0
8295198,-72.877087,40.753943,RES1-2SWB,RES,R12B,238749.1,119374.55,10.6756,12.6756,Above DFE,0,0
8295199,-72.876433,40.75332,RES1-1SWB,RES,R11B,152921.06,76460.53,10.0394,12.0394,Above DFE,0,0
8295200,-72.875012,40.753365,RES1-1SWB,RES,R11B,187511.16,93755.58,10.5018,12.5018,Above DFE,0,0
8295201,-72.873363,40.754069,RES1-2SWB,RES,R12B,311688,155844,8.7261,10.7261,Above DFE,0,0
8295202,-72.872349,40.754032,RES1-2SWB,RES,R12B,393785.95,196892.98,10.2417,12.2417,Above DFE,0,0
8295203,-72.872319,40.753466,RES1-1SWB,RES,R11B,195426.78,97713.39,8.5874,10.5874,Above DFE,0,0
8295204,-72.873756,40.753378,RES1-1SWB,RES,R11B,158736.04,79368.02,7.8434,9.8434,Under DFE,0,0
8295250,-72.879007,40.750328,RES1-1SNB,RES,R11N,159422.5,79711.25,7.3204,7.8204,Under DFE,0,0
8295251,-72.880079,40.7503,RES1-1SWB,RES,R11B,223085.49,111542.74,7.5216,9.5216,Under DFE,0,0
8295252,-72.87907,40.749929,RES1-2SWB,RES,R12B,334705.47,167352.73,8.1753,10.1753,Above DFE,0,0
8295253,-72.880966,40.749868,RES1-1SNB,RES,R11N,155497.47,77748.73,8.5883,16.5883,Above DFE,0,0
8295254,-72.878077,40.749935,RES1-2SWB,RES,R12B,222565.37,111282.68,7.6374,9.6374,Under DFE,0,0
8295255,-72.880458,40.750285,RES1-1SWB,RES,R11B,252088.91,126044.45,8.3389,10.3389,Above DFE,0,0
8295256,-72.881643,40.74984,RES1-1SWB,RES,R11B,314292.06,157146.03,8.7439,10.7439,Above DFE,0,0
8295257,-72.87955,40.750312,RES1-1SNB,RES,R11N,160148.81,80074.41,7.8565,15.8565,Above DFE,0,0
8295258,-72.88214,40.749859,RES1-2SWB,RES,R12B,290729.78,145364.89,8.7692,10.7692,Above DFE,0,0
8295259,-72.881526,40.750259,RES1-1SWB,RES,R11B,127241.85,63620.92,8.8872,10.8872,Above DFE,0,0
8295260,-72.879587,40.749922,RES1-1SWB,RES,R11B,319541.98,159770.99,7.9895,9.9895,Under DFE,0,0
8295261,-72.882153,40.750035,RES1-2SWB,RES,R12B,272107.65,136053.83,6.7561,8.7561,Under DFE,0,0
8295262,-72.880989,40.750272,RES1-2SWB,RES,R12B,233657.95,116828.97,10.1827,12.1827,Above DFE,0,0
8295263,-72.879893,40.749901,RES1-1SWB,RES,R11B,298069.63,149034.82,6.573,8.573,Under DFE,0,0
8295264,-72.878105,40.750356,RES1-1SWB,RES,R11B,292307.4,146153.7,8.2843,10.2843,Above DFE,0,0
8295265,-72.881178,40.750254,RES1-2SWB,RES,R12B,240667.89,120333.95,8.4875,10.4875,Above DFE,0,0
8295266,-72.881338,40.750119,RES1-2SWB,RES,R12B,198432.3,99216.15,8.9004,10.9004,Above DFE,0,0
8295267,-72.878415,40.750356,RES1-1SWB,RES,R11B,247926.42,123963.21,8.7239,10.7239,Above DFE,0,0
8295268,-72.880629,40.75029,RES1-1SWB,RES,R11B,152184.39,76092.19,8.2544,10.2544,Above DFE,0,0
8295269,-72.877805,40.750319,RES1-2SWB,RES,R12B,207756.45,103878.23,8.8379,10.8379,Above DFE,0,0
8295270,-72.880787,40.749865,RES1-1SWB,RES,R11B,293146.56,146573.28,8.7247,10.7247,Above DFE,0,0
8295271,-72.882087,40.750204,RES1-2SNB,RES,R12N,314288.66,157144.33,8.6513,16.6513,Above DFE,0,0
8295272,-72.87974,40.750328,RES1-1SWB,RES,R11B,272574.58,136287.29,7.695,9.695,Under DFE,0,0
8295273,-72.880244,40.749901,RES1-2SWB,RES,R12B,229013.34,114506.67,7.7596,9.7596,Under DFE,0,0
8295274,-72.88081,40.750226,RES1-2SWB,RES,R12B,225943.83,112971.91,9.1172,11.1172,Above DFE,0,0
8295275,-72.877448,40.750384,RES1-2SWB,RES,R12B,234023.53,117011.77,9.2771,11.2771,Above DFE,0,0
8295276,-72.877393,40.749981,RES1-2SWB,RES,R12B,311143.78,155571.89,8.1378,10.1378,Above DFE,0,0
8295277,-72.880445,40.74985,RES1-2SWB,RES,R12B,140966.09,70483.05,7.8652,9.8652,Under DFE,0,0
8295278,-72.879297,40.750275,RES1-2SWB,RES,R12B,264946.01,132473.01,7.4197,9.4197,Under DFE,0,0
8295279,-72.878585,40.749922,RES1-1SWB,RES,R11B,244809.54,122404.77,7.2545,9.2545,Under DFE,0,0
8295280,-72.881339,40.749845,RES1-1SWB,RES,R11B,241409.55,120704.77,10.2992,12.2992,Above DFE,0,0
8295281,-72.877904,40.749961,RES1-2SWB,RES,R12B,387718.56,193859.28,7.9341,9.9341,Under DFE,0,0
8295282,-72.878818,40.750314,RES1-2SWB,RES,R12B,162144.89,81072.45,7.6931,9.6931,Under DFE,0,0
8296215,-72.814582,40.776204,RES1-1SNB,RES,R11N,190434.49,95217.25,2.75,10.75,Above DFE,0,0
8296216,-72.814828,40.773522,RES1-1SNB,RES,R11N,73147.24,36573.62,11.4833,12.9833,Above DFE,0,0
8296217,-72.814639,40.774857,RES3A,RES,R3A1N,972748.75,486374.38,4.6214,12.6214,Above DFE,0,0
8296218,-72.814673,40.773629,RES1-2SNB,RES,R12N,113010.44,56505.22,10.9439,12.4439,Above DFE,0,0
8296219,-72.814684,40.775545,RES1-1SNB,RES,R11N,179667.59,89833.8,4.6766,12.6766,Above DFE,0,0
8296220,-72.814535,40.776637,RES1-2SNB,RES,R12N,299548.54,149774.27,3.2974,3.7974,Under DFE,0,0
8296221,-72.814626,40.775683,RES1-1SNB,RES,R11N,166379.56,83189.78,4.0461,12.0461,Above DFE,0,0
8296222,-72.814685,40.775267,RES3A,RES,R3A1N,998546.42,499273.21,3.1704,4.6704,Under DFE,0,0
8296826,-72.8338,40.76483,RES1-2SNB,RES,R12N,405146.77,202573.39,10.164,10.664,Above DFE,0,0
8296827,-72.83332,40.763919,RES1-2SWB,RES,R12B,266627.34,133313.67,8.0517,10.0517,Above DFE,0,0
8296661,-72.829926,40.762413,RES1-1SWB,RES,R11B,255621.33,127810.67,5.7965,7.7965,Under DFE,0,0
8296662,-72.829304,40.762625,RES1-1SWB,RES,R11B,279415.96,139707.98,7.222,9.222,Under DFE,0,0
8296663,-72.830408,40.762369,RES1-1SWB,RES,R11B,132282.82,66141.41,6.0616,8.0616,Under DFE,0,0
8296664,-72.830993,40.762507,RES1-2SNB,RES,R12N,275537.69,137768.84,6.3788,6.8788,Under DFE,0,0
8296665,-72.830491,40.762268,RES1-1SWB,RES,R11B,187259.99,93630,6.1319,8.1319,Under DFE,0,0
8296666,-72.830089,40.762697,RES1-1SNB,RES,R11N,214827.34,107413.67,6.4484,7.9484,Under DFE,0,0
8296667,-72.830492,40.762582,IND6,NONRES,I6LN,NaN,NaN,6.9586,7.4586,Under DFE,0,0
8296828,-72.83305,40.764065,RES1-1SNB,RES,R11N,168395.89,84197.95,8.8651,9.3651,Under DFE,0,0
8296793,-72.832149,40.757906,RES1-3SWB,RES,R13B,463930.8,231965.4,4.0959,6.0959,Under DFE,0,0
8296794,-72.831073,40.757757,RES3A,RES,R3A1B,900518.7,450259.35,5.6276,7.6276,Under DFE,0,0
8296795,-72.831604,40.757801,RES1-2SWB,RES,R12B,256411.94,128205.97,3.625,5.625,Under DFE,0,0
8296796,-72.833104,40.759155,RES1-2SWB,RES,R12B,287016.69,143508.35,1.4828,3.4828,Under DFE,0,0
8296821,-72.833534,40.764931,RES1-1SWB,RES,R11B,152285.13,76142.57,9.6522,11.6522,Above DFE,0,0
8296822,-72.83348,40.765048,RES1-2SWB,RES,R12B,458582.27,229291.13,10.425,12.425,Above DFE,0,0
8296823,-72.833474,40.764144,RES1-1SWB,RES,R11B,160247.11,80123.55,8.6606,10.6606,Above DFE,0,0
8296824,-72.83304,40.763949,RES1-1SNB,RES,R11N,148135.24,74067.62,8.45,8.95,Under DFE,0,0
8296825,-72.833125,40.764314,RES1-1SWB,RES,R11B,212255.26,106127.63,8.5301,10.5301,Above DFE,0,0
8296829,-72.833316,40.764636,RES1-1SWB,RES,R11B,273318.78,136659.39,9.7566,11.7566,Above DFE,0,0
8296830,-72.833607,40.765348,RES1-1SNB,RES,R11N,187434.53,93717.27,10.0858,10.5858,Above DFE,0,0
8296831,-72.833663,40.764597,RES1-1SWB,RES,R11B,215625.61,107812.8,8.885,10.885,Above DFE,0,0
8296832,-72.83292,40.76378,RES1-2SWB,RES,R12B,432359.72,216179.86,8.6601,10.6601,Above DFE,0,0
8296833,-72.83326,40.763656,RES1-1SWB,RES,R11B,242487.41,121243.71,8.317,10.317,Above DFE,0,0
8296898,-72.835724,40.769329,RES1-2SNB,RES,R12N,357224.29,178612.15,16.7902,17.2902,Above DFE,0,0
8296899,-72.835778,40.770351,RES1-1SWB,RES,R11B,269541.76,134770.88,13.1929,15.1929,Above DFE,0,0
8296900,-72.836057,40.770913,RES1-1SNB,RES,R11N,239526.33,119763.17,12.1492,13.6492,Above DFE,0,0
8296901,-72.835945,40.769755,RES1-1SWB,RES,R11B,270592.3,135296.15,16.305,18.305,Above DFE,0,0
8296902,-72.835915,40.76992,RES1-3SWB,RES,R13B,358160.46,179080.23,16.0607,18.0607,Above DFE,0,0
8296903,-72.835965,40.770345,RES1-2SWB,RES,R12B,184623.46,92311.73,13.3114,15.3114,Above DFE,0,0
8296904,-72.836173,40.770209,RES1-2SNB,RES,R12N,418996.3,209498.15,15.3634,15.8634,Above DFE,0,0
8296905,-72.835437,40.769509,RES1-2SWB,RES,R12B,490368.68,245184.34,16.338,18.338,Above DFE,0,0
8296906,-72.835549,40.76987,RES1-1SNB,RES,R11N,211909.93,105954.97,16.5955,17.0955,Above DFE,0,0
8296925,-72.836666,40.782972,RES1-1SNB,RES,R11N,218731.34,109365.67,20.7809,22.2809,Above DFE,0,0
8296926,-72.835905,40.782247,RES1-2SWB,RES,R12B,95731.56,47865.78,19.9181,21.9181,Above DFE,0,0
8296927,-72.834781,40.78485,RES1-1SNB,RES,R11N,188651.65,94325.83,23.6884,25.1884,Above DFE,0,0
8296928,-72.83574,40.785453,RES1-2SNB,RES,R12N,308798.61,154399.3,26.4281,26.9281,Above DFE,0,0
8296929,-72.836572,40.783267,RES1-1SNB,RES,R11N,179694.78,89847.39,22.1392,22.6392,Above DFE,0,0
8296930,-72.835785,40.782154,RES3A,RES,R3A1N,656355.37,328177.69,21.2851,21.7851,Above DFE,0,0
8296939,-72.834722,40.785049,COM1,NONRES,C1LN,301827.78,301827.78,22.4081,22.9081,Above DFE,0,0
8296940,-72.834926,40.784381,RES1-1SWB,RES,R11B,144400.12,72200.06,25.3613,27.3613,Above DFE,0,0
8296941,-72.834977,40.78463,RES1-1SNB,RES,R11N,181665.64,90832.82,24.9784,25.4784,Above DFE,0,0
8296942,-72.835062,40.784128,RES1-2SNB,RES,R12N,449564.41,224782.21,26.2775,26.7775,Above DFE,0,0
8296943,-72.836092,40.784414,RES1-1SWB,RES,R11B,221153.38,110576.69,28.0773,30.0773,Above DFE,0,0
8296944,-72.834608,40.785316,RES1-2SWB,RES,R12B,329458.26,164729.13,22.3,24.3,Above DFE,0,0
8296945,-72.834668,40.785183,RES1-2SWB,RES,R12B,345123.95,172561.98,22.3647,24.3647,Above DFE,0,0
8296946,-72.834992,40.784817,RES1-1SNB,RES,R11N,136053.25,68026.63,22.9152,23.4152,Above DFE,0,0
8296947,-72.836846,40.781701,RES1-2SWB,RES,R12B,286025.59,143012.8,22.1874,24.1874,Above DFE,0,0
8296948,-72.83695,40.782255,RES1-1SNB,RES,R11N,247877.64,123938.82,21.5245,22.0245,Above DFE,0,0
8296949,-72.835399,40.783274,RES1-2SWB,RES,R12B,324290.71,162145.35,25.4571,27.4571,Above DFE,0,0
8296950,-72.834506,40.785527,RES3A,RES,R3A1B,735768.55,367884.27,22.7218,24.7218,Above DFE,0,0
8296951,-72.835683,40.785674,RES1-1SWB,RES,R11B,212713.22,106356.61,25.6407,27.6407,Above DFE,0,0
8296952,-72.836186,40.784226,RES1-2SNB,RES,R12N,291220.85,145610.43,25.8003,26.3003,Above DFE,0,0
8296953,-72.836172,40.783739,RES1-2SNB,RES,R12N,367077,183538.5,24.6063,25.1063,Above DFE,0,0
8296954,-72.836216,40.784021,RES1-2SNB,RES,R12N,585207.29,292603.65,27.3767,28.8767,Above DFE,0,0
8296955,-72.835945,40.784885,RES1-3SNB,RES,R13N,253324.84,126662.42,26.2113,27.7113,Above DFE,0,0
8296956,-72.836424,40.783452,RES1-2SNB,RES,R12N,472369.18,236184.59,23.4129,23.9129,Above DFE,0,0
8296957,-72.835878,40.785017,RES1-2SWB,RES,R12B,278108.9,139054.45,25.6797,27.6797,Above DFE,0,0
8296958,-72.834453,40.78579,RES1-2SNB,RES,R12N,300719.44,150359.72,23.8927,24.3927,Above DFE,0,0
8296959,-72.836738,40.782699,RES1-1SNB,RES,R11N,254778.45,127389.22,19.8944,20.3944,Above DFE,0,0
8296960,-72.836039,40.781573,RES1-3SNB,RES,R13N,421654.1,210827.05,22.2753,23.7753,Above DFE,0,0
8296961,-72.835877,40.784586,RES1-2SWB,RES,R12B,433167.07,216583.54,27.8799,29.8799,Above DFE,0,0
8296990,-72.838287,40.76149,RES1-1SWB,RES,R11B,207545.77,103772.88,5.3311,7.3311,Under DFE,0,0
8296991,-72.838471,40.761643,RES1-1SWB,RES,R11B,95247.68,47623.84,5.674,7.674,Under DFE,0,0
8297019,-72.838724,40.772754,RES1-1SNB,RES,R11N,274523.99,137261.99,13.7902,14.2902,Above DFE,0,0
8297020,-72.839306,40.773425,RES1-1SNB,RES,R11N,83804.94,41902.47,15.4953,15.9953,Above DFE,0,0
8297021,-72.840415,40.773636,RES1-2SWB,RES,R12B,366773.97,183386.98,17.0896,19.0896,Above DFE,0,0
8297022,-72.839487,40.773555,RES3A,RES,R3A1B,995235.53,497617.77,16.1003,18.1003,Above DFE,0,0
8297027,-72.839144,40.77368,IND6,NONRES,I6LN,480784.96,480784.96,17.3142,17.8142,Above DFE,0,0
8297028,-72.839771,40.773108,RES1-2SNB,RES,R12N,274911.4,137455.7,16.2153,17.7153,Above DFE,0,0
8297029,-72.839935,40.77452,RES1-1SWB,RES,R11B,237580.6,118790.3,18.8279,20.8279,Above DFE,0,0
8297030,-72.838947,40.773226,RES3A,RES,R3A1B,855121.43,427560.71,16.3339,18.3339,Above DFE,0,0
8297031,-72.839331,40.773584,RES1-1SWB,RES,R11B,104775.75,52387.88,16.1782,18.1782,Above DFE,0,0
8297032,-72.840154,40.772987,RES1-2SWB,RES,R12B,279724.69,139862.35,16.2144,18.2144,Above DFE,0,0
8297033,-72.840539,40.773992,RES1-2SNB,RES,R12N,403099.87,201549.93,17.9758,19.4758,Above DFE,0,0
8297034,-72.839003,40.773432,RES1-1SWB,RES,R11B,303295.08,151647.54,16.8736,18.8736,Above DFE,0,0
8297035,-72.840044,40.773695,RES3A,RES,R3A1B,978209.64,489104.82,17.717,19.717,Above DFE,0,0
8297036,-72.83906,40.772633,RES1-3SNB,RES,R13N,505012.34,252506.17,12.917,13.417,Above DFE,0,0
8297037,-72.839587,40.774626,RES1-2SWB,RES,R12B,383733.42,191866.71,19.6123,21.6123,Above DFE,0,0
8297038,-72.839577,40.77275,RES1-1SWB,RES,R11B,234101.54,117050.77,14.1853,16.1853,Above DFE,0,0
8297039,-72.839236,40.773817,RES1-2SNB,RES,R12N,288150.02,144075.01,16.8143,17.3143,Above DFE,0,0
8297040,-72.840318,40.773305,RES1-2SNB,RES,R12N,235500.12,117750.06,16.9196,17.4196,Above DFE,0,0
8297041,-72.838839,40.773019,RES1-1SWB,RES,R11B,251938.66,125969.33,15.1016,17.1016,Above DFE,0,0
8297042,-72.839241,40.773974,RES1-3SNB,RES,R13N,508075.17,254037.58,17.2842,17.7842,Above DFE,0,0
8297043,-72.839048,40.772745,RES1-2SWB,RES,R12B,204066.26,102033.13,13.9798,15.9798,Above DFE,0,0
8297044,-72.840113,40.772833,RES1-1SNB,RES,R11N,167946.02,83973.01,14.175,15.675,Above DFE,0,0
8297045,-72.838816,40.779135,RES1-2SWB,RES,R12B,310695.94,155347.97,19.1885,21.1885,Above DFE,0,0
8297046,-72.839043,40.779648,RES3A,RES,R3A1B,972949.21,486474.61,19.9355,21.9355,Above DFE,0,0
8297047,-72.83869,40.779578,RES1-2SWB,RES,R12B,190312.24,95156.12,19.3241,21.3241,Above DFE,0,0
8297048,-72.838263,40.779273,RES1-1SNB,RES,R11N,154285.24,77142.62,19.3599,19.8599,Above DFE,0,0
8297049,-72.838556,40.779196,RES1-1SWB,RES,R11B,220201.44,110100.72,19.7884,21.7884,Above DFE,0,0
8297051,-72.839113,40.779055,IND6,NONRES,I6LN,1591444.59,1591444.59,19.8819,20.3819,Above DFE,0,0
8297052,-72.838001,40.779344,RES1-1SWB,RES,R11B,279415.96,139707.98,19.7383,21.7383,Above DFE,0,0
8297053,-72.838465,40.779533,RES1-2SNB,RES,R12N,342098.75,171049.38,19.4849,20.9849,Above DFE,0,0
8297054,-72.838953,40.766037,RES1-2SNB,RES,R12N,232006.77,116003.38,13.1167,14.6167,Above DFE,0,0
8297055,-72.838799,40.766079,RES1-2SWB,RES,R12B,250671.85,125335.93,12.4972,14.4972,Above DFE,0,0
8297056,-72.83847,40.765024,RES1-2SNB,RES,R12N,380256.68,190128.34,12.8492,14.3492,Above DFE,0,0
8297057,-72.838228,40.764518,IND2,NONRES,I2LN,NaN,NaN,12.3857,12.8857,Above DFE,0,0
8297058,-72.838585,40.765255,RES1-1SWB,RES,R11B,261746.14,130873.07,13.6778,15.6778,Above DFE,0,0
8297059,-72.838679,40.765485,RES1-1SWB,RES,R11B,352326.81,176163.4,13.6124,15.6124,Above DFE,0,0
8297060,-72.838228,40.765397,RES1-1SWB,RES,R11B,275574.58,137787.29,12.4916,14.4916,Above DFE,0,0
8297061,-72.838315,40.764741,RES1-2SNB,RES,R12N,326844.95,163422.48,12.0844,12.5844,Above DFE,0,0
8297062,-72.838126,40.765121,RES1-2SWB,RES,R12B,486441.04,243220.52,13.0812,15.0812,Above DFE,0,0
8297063,-72.838842,40.765769,RES1-2SWB,RES,R12B,212056.82,106028.41,13.5242,15.5242,Above DFE,0,0
8297064,-72.837912,40.7646,RES1-2SNB,RES,R12N,405329.28,202664.64,11.9755,12.4755,Above DFE,0,0
8297065,-72.838429,40.765912,RES1-2SWB,RES,R12B,360391.66,180195.83,13.3579,15.3579,Above DFE,0,0
8297066,-72.838398,40.76472,RES1-1SNB,RES,R11N,163636.08,81818.04,11.9086,13.4086,Above DFE,0,0
8297067,-72.838309,40.765655,RES1-1SNB,RES,R11N,253404.44,126702.22,12.9864,14.4864,Above DFE,0,0
8297068,-72.837987,40.764856,RES1-2SNB,RES,R12N,381419.94,190709.97,12.3192,12.8192,Above DFE,0,0
8297069,-72.840408,40.759776,RES1-1SWB,RES,R11B,153625.07,76812.53,4.863,6.863,Under DFE,0,0
8297070,-72.840017,40.759993,RES3A,RES,R3A1B,372804.66,186402.33,5.0178,7.0178,Under DFE,0,0
8297071,-72.841022,40.761168,RES1-2SWB,RES,R12B,246497.97,123248.98,7.9751,9.9751,Under DFE,0,0
8297072,-72.841074,40.760697,RES1-1SNB,RES,R11N,274585.2,137292.6,8.2743,9.7743,Under DFE,0,0
8297073,-72.841085,40.761291,RES1-2SNB,RES,R12N,297506.88,148753.44,8.4519,9.9519,Under DFE,0,0
8297181,-72.842031,40.767735,RES1-2SNB,RES,R12N,343320.27,171660.14,14.9438,15.4438,Above DFE,0,0
8297182,-72.842313,40.767602,RES3A,RES,R3A1B,1030940.47,515470.24,14.1461,16.1461,Above DFE,0,0
8297183,-72.842587,40.768978,RES1-1SWB,RES,R11B,212335.36,106167.68,14.2736,16.2736,Above DFE,0,0
8297184,-72.842447,40.767933,RES1-1SWB,RES,R11B,117533.32,58766.66,13.4861,15.4861,Above DFE,0,0
8297185,-72.842413,40.768537,RES1-2SNB,RES,R12N,306346.12,153173.06,13.4512,13.9512,Above DFE,0,0
8297186,-72.842555,40.768083,RES1-2SNB,RES,R12N,496475.35,248237.68,14.0158,15.5158,Above DFE,0,0
8297187,-72.842719,40.768409,RES1-2SWB,RES,R12B,295921.8,147960.9,14.446,16.446,Above DFE,0,0
8297188,-72.842495,40.768766,RES1-1SNB,RES,R11N,170202.65,85101.32,13.6944,14.1944,Above DFE,0,0
8297189,-72.842689,40.769225,RES1-1SNB,RES,R11N,214918.14,107459.07,14.8825,15.3825,Above DFE,0,0
8297255,-72.844144,40.757269,RES1-1SWB,RES,R11B,164907.84,82453.92,5.3984,7.3984,Under DFE,0,0
8297256,-72.844349,40.757791,RES1-1SNB,RES,R11N,171166.81,85583.4,4.0524,5.5524,Under DFE,0,0
8297257,-72.84378,40.757386,RES1-1SWB,RES,R11B,178642.43,89321.21,7.0556,9.0556,Under DFE,0,0
8297258,-72.844221,40.75751,RES1-1SWB,RES,R11B,271081.25,135540.63,4.7151,6.7151,Under DFE,0,0
8297259,-72.844166,40.758223,RES1-1SWB,RES,R11B,242542.41,121271.21,5.9455,7.9455,Under DFE,0,0
8297275,-72.844796,40.766279,RES1-2SWB,RES,R12B,440582.2,220291.1,16.001,18.001,Above DFE,0,0
8297276,-72.845016,40.766206,RES1-2SWB,RES,R12B,153213.75,76606.88,15.3441,17.3441,Above DFE,0,0
8297277,-72.845111,40.7665,RES1-2SNB,RES,R12N,288451.86,144225.93,16.6458,17.1458,Above DFE,0,0
8297278,-72.845476,40.766395,RES1-2SNB,RES,R12N,246987.54,123493.77,16.3512,16.8512,Above DFE,0,0
8297279,-72.845785,40.766326,RES1-2SWB,RES,R12B,383168.79,191584.4,17.3151,19.3151,Above DFE,0,0
8297280,-72.845315,40.766148,RES1-2SNB,RES,R12N,196217.77,98108.88,15.0263,16.5263,Above DFE,0,0
8297281,-72.844691,40.766651,RES1-2SWB,RES,R12B,319878.62,159939.31,15.8146,17.8146,Above DFE,0,0
8297282,-72.846045,40.766236,RES1-1SNB,RES,R11N,147289.09,73644.54,15.5803,16.0803,Above DFE,0,0
8297283,-72.84566,40.766097,RES1-1SWB,RES,R11B,338084.82,169042.41,14.7849,16.7849,Above DFE,0,0
8297284,-72.845963,40.766054,RES1-2SWB,RES,R12B,286060.53,143030.27,14.4249,16.4249,Above DFE,0,0
8297285,-72.844407,40.766695,RES1-1SWB,RES,R11B,194788.2,97394.1,16.4777,18.4777,Above DFE,0,0
8297347,-72.844699,40.763789,RES1-2SWB,RES,R12B,205532.02,102766.01,13.1922,15.1922,Above DFE,0,0
8297344,-72.844939,40.763685,COM2,NONRES,C2LN,NaN,NaN,13.8818,14.3818,Above DFE,0,0
8297345,-72.843806,40.763968,RES1-2SNB,RES,R12N,178393.47,89196.73,13.7655,14.2655,Above DFE,0,0
8297346,-72.844496,40.763427,RES1-1SNB,RES,R11N,94070.23,47035.11,13.2612,14.7612,Above DFE,0,0
8297348,-72.843171,40.763803,RES1-2SNB,RES,R12N,246756.74,123378.37,13.5582,14.0582,Above DFE,0,0
8297349,-72.844385,40.763846,RES1-2SWB,RES,R12B,232054.81,116027.4,12.6896,14.6896,Above DFE,0,0
8297350,-72.844021,40.763595,RES1-1SWB,RES,R11B,140231.41,70115.71,12.477,14.477,Above DFE,0,0
8297351,-72.843339,40.764059,RES1-1SWB,RES,R11B,250876.79,125438.39,13.5823,15.5823,Above DFE,0,0
8297352,-72.843839,40.763651,RES1-1SWB,RES,R11B,183368.03,91684.02,12.6349,14.6349,Above DFE,0,0
8297353,-72.843583,40.764007,RES1-1SWB,RES,R11B,128516.04,64258.02,13.002,15.002,Above DFE,0,0
8297354,-72.844827,40.763441,RES1-1SWB,RES,R11B,235569.73,117784.86,14.4239,16.4239,Above DFE,0,0
8297355,-72.843544,40.763683,RES1-3SWB,RES,R13B,360841.37,180420.68,12.9669,14.9669,Above DFE,0,0
8297356,-72.845639,40.762983,RES3A,RES,R3A3B,811619.66,405809.83,12.6038,14.6038,Above DFE,0,0
8297357,-72.845562,40.763764,REL1,NONRES,RE1LN,NaN,NaN,12.2564,12.7564,Above DFE,0,0
8297358,-72.845851,40.763506,RES1-1SWB,RES,R11B,251820.98,125910.49,13.214,15.214,Above DFE,0,0
8297359,-72.845088,40.762757,RES1-1SWB,RES,R11B,144621.45,72310.73,12.8163,14.8163,Above DFE,0,0
8297360,-72.846031,40.763907,RES1-2SWB,RES,R12B,268105.21,134052.6,13.1761,15.1761,Above DFE,0,0
8297549,-72.847754,40.753235,RES1-1SWB,RES,R11B,312979.16,156489.58,6.8063,8.8063,Under DFE,0,0
8297550,-72.849034,40.75305,RES1-1SNB,RES,R11N,252433.16,126216.58,3.7049,4.2049,Under DFE,0,0
8297551,-72.848383,40.753261,RES1-1SWB,RES,R11B,331015.96,165507.98,4.0081,6.0081,Under DFE,0,0
8297552,-72.848835,40.752793,RES1-1SNB,RES,R11N,270497.11,135248.55,3.6742,4.1742,Under DFE,0,0
8297553,-72.848576,40.752876,RES1-1SWB,RES,R11B,291022.83,145511.41,4.0936,6.0936,Under DFE,0,0
8297554,-72.848182,40.752951,RES1-1SWB,RES,R11B,223783.01,111891.5,3.2416,5.2416,Under DFE,0,0
8297555,-72.848686,40.753172,RES1-2SNB,RES,R12N,395125.57,197562.78,4.0896,4.5896,Under DFE,0,0
8297572,-72.848774,40.77049,RES3A,RES,R3A1B,896230.31,448115.16,20.2247,22.2247,Above DFE,0,0
8297573,-72.849187,40.770389,RES1-1SWB,RES,R11B,385917.47,192958.74,19.6468,21.6468,Above DFE,0,0
8297574,-72.849593,40.770261,RES1-1SNB,RES,R11N,177646.33,88823.17,18.883,19.383,Above DFE,0,0
8297575,-72.848448,40.770551,RES1-1SWB,RES,R11B,238027.75,119013.88,20.3662,22.3662,Above DFE,0,0
8297576,-72.848349,40.770291,RES3A,RES,R3A1B,967083.39,483541.7,17.8358,19.8358,Above DFE,0,0
8297577,-72.849166,40.770071,RES1-2SWB,RES,R12B,340484.3,170242.15,18.2302,20.2302,Above DFE,0,0
8297578,-72.84879,40.770197,RES1-1SWB,RES,R11B,298448.78,149224.39,18.463,20.463,Above DFE,0,0
8297579,-72.84949,40.770008,RES1-2SWB,RES,R12B,328724.55,164362.28,18.9654,20.9654,Above DFE,0,0
8297580,-72.848915,40.755555,COM8,NONRES,C8LN,NaN,NaN,5.5296,6.0296,Under DFE,0,0
8297809,-72.850746,40.75857,RES1-1SNB,RES,R11N,330630.95,165315.47,8.5536,9.0536,Under DFE,0,0
8297810,-72.850528,40.758655,RES1-1SWB,RES,R11B,359090.64,179545.32,7.9796,9.9796,Under DFE,0,0
8297838,-72.852773,40.755619,RES1-1SWB,RES,R11B,175277.7,87638.85,5.6657,7.6657,Under DFE,0,0
8297839,-72.852929,40.755756,IND6,NONRES,I6LN,NaN,NaN,5.6852,6.1852,Under DFE,0,0
8297840,-72.852713,40.755175,RES1-2SWB,RES,R12B,358601.19,179300.59,5.4155,7.4155,Under DFE,0,0
8297841,-72.852625,40.754889,RES1-2SWB,RES,R12B,454973.33,227486.67,5.7311,7.7311,Under DFE,0,0
8297842,-72.852444,40.755549,RES1-2SWB,RES,R12B,277200.67,138600.34,6.0397,8.0397,Under DFE,0,0
8297843,-72.852925,40.756093,RES1-1SWB,RES,R11B,134342.58,67171.29,5.4227,7.4227,Under DFE,0,0
8297844,-72.853056,40.755997,RES1-1SNB,RES,R11N,138768.26,69384.13,5.6223,7.1223,Under DFE,0,0
8297845,-72.852429,40.755327,RES1-1SWB,RES,R11B,223234.85,111617.43,5.0696,7.0696,Under DFE,0,0
8297846,-72.852674,40.755078,RES1-2SNB,RES,R12N,251145.11,125572.55,5.1504,5.6504,Under DFE,0,0
8297892,-72.852821,40.765036,RES1-2SWB,RES,R12B,449326.08,224663.04,15.7193,17.7193,Above DFE,0,0
8297893,-72.852972,40.765636,RES1-1SNB,RES,R11N,295002.65,147501.32,16.2038,17.7038,Above DFE,0,0
8297894,-72.8521,40.763679,COM3,NONRES,C3LN,NaN,NaN,13.0768,13.5768,Above DFE,0,0
8297895,-72.852452,40.765074,RES1-1SNB,RES,R11N,260266.2,130133.1,14.5406,15.0406,Above DFE,0,0
8298067,-72.853448,40.755344,RES3A,RES,R3A1N,691701.31,345850.65,6.901,7.401,Under DFE,0,0
8298131,-72.854253,40.752968,RES1-1SWB,RES,R11B,252808.67,126404.34,6.0777,8.0777,Under DFE,0,0
8298132,-72.855159,40.753083,RES1-1SWB,RES,R11B,273608.33,136804.16,7.0742,9.0742,Under DFE,0,0
8298133,-72.855483,40.752773,RES1-1SWB,RES,R11B,172305.74,86152.87,6.19,8.19,Under DFE,0,0
8298134,-72.855072,40.752775,RES1-1SWB,RES,R11B,166367.89,83183.95,6.3037,8.3037,Under DFE,0,0
8298135,-72.855225,40.752876,RES1-1SWB,RES,R11B,72661.02,36330.51,6.6055,8.6055,Under DFE,0,0
8298136,-72.855924,40.753107,RES1-1SWB,RES,R11B,236486.04,118243.02,7.3951,9.3951,Under DFE,0,0
8298137,-72.854261,40.753147,RES1-1SWB,RES,R11B,304250.73,152125.36,6.0772,8.0772,Under DFE,0,0
8298138,-72.854614,40.752775,RES1-2SNB,RES,R12N,302967.73,151483.87,7.5438,9.0438,Under DFE,0,0
8298139,-72.855619,40.753054,RES1-2SWB,RES,R12B,284832.85,142416.43,8.0183,10.0183,Above DFE,0,0
8298140,-72.854412,40.752848,RES1-1SWB,RES,R11B,160182.47,80091.23,6.8688,8.8688,Under DFE,0,0
8298141,-72.854973,40.75307,RES1-2SNB,RES,R12N,200203.07,100101.54,6.4243,6.9243,Under DFE,0,0
8298175,-72.855485,40.760511,RES1-1SNB,RES,R11N,155532.86,77766.43,12.9782,14.4782,Above DFE,0,0
8298176,-72.855769,40.760447,RES1-1SNB,RES,R11N,177184.43,88592.22,12.6715,13.1715,Above DFE,0,0
8298177,-72.8561,40.760359,RES1-2SWB,RES,R12B,272738.8,136369.4,13.2319,15.2319,Above DFE,0,0
8298178,-72.855362,40.760263,RES1-2SWB,RES,R12B,253685.74,126842.87,12.9939,14.9939,Above DFE,0,0
8298179,-72.856402,40.760312,RES1-1SNB,RES,R11N,179935.64,89967.82,12.7345,14.2345,Above DFE,0,0
8298180,-72.856019,40.760096,RES1-2SWB,RES,R12B,373312.48,186656.24,13.2885,15.2885,Above DFE,0,0
8298181,-72.855631,40.756726,RES3A,RES,R3A3B,652951.44,326475.72,8.5811,10.5811,Above DFE,0,0
8298182,-72.855781,40.757048,RES1-2SWB,RES,R12B,NaN,NaN,9.6629,11.6629,Above DFE,0,0
8298183,-72.855304,40.756728,COM4,NONRES,C4LN,NaN,NaN,8.3773,8.8773,Under DFE,0,0
8298184,-72.855464,40.756976,RES1-1SWB,RES,R11B,216123.23,108061.61,8.7414,10.7414,Above DFE,0,0
8298444,-72.856968,40.747829,RES3A,RES,R3A1B,691701.31,345850.65,2.8047,4.8047,Under DFE,0,0
8298495,-72.858044,40.7573,COM5,NONRES,C5LN,NaN,NaN,10.5098,11.0098,Above DFE,0,0
8298496,-72.858481,40.756716,RES3A,RES,R3A3B,731849.71,365924.85,9.3131,11.3131,Above DFE,0,0
8298497,-72.858041,40.756437,RES1-1SNB,RES,R11N,138774.11,69387.06,9.2894,10.7894,Above DFE,0,0
8298498,-72.858468,40.756148,RES1-1SNB,RES,R11N,123605.29,61802.64,9.4175,10.9175,Above DFE,0,0
8298499,-72.858474,40.756906,RES1-2SNB,RES,R12N,231918.34,115959.17,10.2448,11.7448,Above DFE,0,0
8298500,-72.858406,40.757377,IND6,NONRES,I6LN,NaN,NaN,9.9357,10.4357,Above DFE,0,0
8298501,-72.85804,40.756626,RES1-2SWB,RES,R12B,296244.58,148122.29,9.4303,11.4303,Above DFE,0,0
8298502,-72.858401,40.75705,RES1-1SWB,RES,R11B,198141.59,99070.8,9.3323,11.3323,Above DFE,0,0
8298503,-72.8583,40.757535,RES1-2SWB,RES,R12B,141393.4,70696.7,9.3583,11.3583,Above DFE,0,0
8298504,-72.858459,40.756432,RES1-1SWB,RES,R11B,228241.96,114120.98,9.0894,11.0894,Above DFE,0,0
8298505,-72.8584,40.757138,RES1-1SNB,RES,R11N,100692.71,50346.35,8.895,10.395,Above DFE,0,0
8298506,-72.858116,40.756144,RES1-1SWB,RES,R11B,110442.56,55221.28,9.3456,11.3456,Above DFE,0,0
8298507,-72.858006,40.7575,RES1-1SWB,RES,R11B,182551.97,91275.99,11.6403,13.6403,Above DFE,0,0
8298508,-72.857995,40.757081,RES1-2SNB,RES,R12N,184056.52,92028.26,9.2999,9.7999,Under DFE,0,0
8298509,-72.858287,40.757774,RES1-1SWB,RES,R11B,188413.74,94206.87,12.5816,14.5816,Above DFE,0,0
8298510,-72.858035,40.756841,RES1-1SWB,RES,R11B,120900.82,60450.41,9.6498,11.6498,Above DFE,0,0
8298511,-72.857996,40.758608,RES1-1SWB,RES,R11B,224041.37,112020.69,13.2355,15.2355,Above DFE,0,0
8298512,-72.858385,40.758142,RES1-1SNB,RES,R11N,176072.12,88036.06,13.4375,13.9375,Above DFE,0,0
8298513,-72.858403,40.758385,RES1-1SNB,RES,R11N,130131.97,65065.98,11.9049,12.4049,Above DFE,0,0
8298514,-72.858175,40.759997,RES1-1SWB,RES,R11B,111084.68,55542.34,12.5646,14.5646,Above DFE,0,0
8298515,-72.85799,40.758231,RES1-2SNB,RES,R12N,414311.64,207155.82,13.2197,13.7197,Above DFE,0,0
8298516,-72.857914,40.759414,RES1-1SWB,RES,R11B,145979.06,72989.53,12.3164,14.3164,Above DFE,0,0
8298677,-72.85954,40.753312,RES1-1SWB,RES,R11B,200333.6,100166.8,7.7425,9.7425,Under DFE,0,0
8298705,-72.860673,40.75751,RES3A,RES,R3A3N,661892.42,330946.21,10.5665,12.0665,Above DFE,0,0
8298706,-72.860819,40.756244,COM1,NONRES,C1LN,NaN,NaN,8.0962,8.5962,Under DFE,0,0
8298707,-72.860777,40.756954,RES3A,RES,R3A1N,719866.42,359933.21,11.0816,11.5816,Above DFE,0,0
8298708,-72.86109,40.75741,RES3A,RES,R3A3B,749445.04,374722.52,12.6098,14.6098,Above DFE,0,0
8298709,-72.861173,40.756578,RES1-1SWB,RES,R11B,296668.2,148334.1,10.9763,12.9763,Above DFE,0,0
8298710,-72.861037,40.757222,COM3,NONRES,C3LN,NaN,NaN,11.4887,11.9887,Above DFE,0,0
8298711,-72.861171,40.756217,RES1-1SNB,RES,R11N,152285.94,76142.97,10.7226,11.2226,Above DFE,0,0
8298712,-72.86066,40.757609,RES1-1SWB,RES,R11B,114740.77,57370.38,9.8801,11.8801,Above DFE,0,0
8298713,-72.860742,40.75678,RES1-1SWB,RES,R11B,208386.95,104193.47,9.0537,11.0537,Above DFE,0,0
8298714,-72.860741,40.757142,RES1-1SWB,RES,R11B,206281.96,103140.98,10.7609,12.7609,Above DFE,0,0
8298715,-72.860662,40.757838,RES1-1SWB,RES,R11B,193636.02,96818.01,8.7218,10.7218,Above DFE,0,0
8298716,-72.861087,40.757862,RES1-1SWB,RES,R11B,203940.39,101970.19,12.5669,14.5669,Above DFE,0,0
8298717,-72.860844,40.756467,RES1-1SWB,RES,R11B,173265.38,86632.69,10.2673,12.2673,Above DFE,0,0
8298718,-72.861147,40.756763,RES1-1SWB,RES,R11B,178492.06,89246.03,11.5439,13.5439,Above DFE,0,0
8298719,-72.861185,40.755513,RES1-2SWB,RES,R12B,429942.58,214971.29,8.8695,10.8695,Above DFE,0,0
8298887,-72.863337,40.75121,RES1-1SWB,RES,R11B,228951.13,114475.57,6.3702,8.3702,Under DFE,0,0
8298888,-72.8668910264969,40.7507865077618,RES1-2SWB,RES,R12B,341313.96,170656.98,4.6838,6.6838,Under DFE,0,0
8298889,-72.864512,40.750985,RES1-1SWB,RES,R11B,281858.46,140929.23,7.3725,9.3725,Under DFE,0,0
8298890,-72.863989,40.751087,RES1-1SWB,RES,R11B,254708.11,127354.06,7.1091,9.1091,Under DFE,0,0
8298891,-72.865073,40.750874,RES1-2SNB,RES,R12N,296257.61,148128.8,6.953,7.453,Under DFE,0,0
8298892,-72.86622,40.750934,RES1-2SNB,RES,R12N,321664.66,160832.33,4.3895,5.8895,Under DFE,0,0
8299892,-72.878683,40.744549,RES1-1SWB,RES,R11B,240422.5,120211.25,4.3227,6.3227,Under DFE,0,0
8299893,-72.880849,40.744443,RES1-2SWB,RES,R12B,269519.01,134759.51,3.8263,5.8263,Under DFE,0,0
8299894,-72.880828,40.744141,RES1-2SWB,RES,R12B,261748.2,130874.1,5.1926,7.1926,Under DFE,0,0
8299895,-72.88161,40.744205,RES1-2SWB,RES,R12B,239671,119835.5,4.3984,6.3984,Under DFE,0,0
8299896,-72.879515,40.7445,RES1-1SNB,RES,R11N,200781.55,100390.77,3.1381,11.1381,Above DFE,0,0
8299897,-72.879035,40.744559,RES1-1SWB,RES,R11B,253751.24,126875.62,4.2314,6.2314,Under DFE,0,0
8299898,-72.881767,40.744486,RES1-2SWB,RES,R12B,267544.64,133772.32,5.0662,7.0662,Under DFE,0,0
8299899,-72.880596,40.744475,RES1-1SWB,RES,R11B,341123.53,170561.77,6.0548,8.0548,Under DFE,0,0
8299900,-72.880362,40.74412,RES1-2SWB,RES,R12B,398534.4,199267.2,5.7341,7.7341,Under DFE,0,0
8299901,-72.880656,40.744098,RES1-1SNB,RES,R11N,159513.66,79756.83,5.7474,7.2474,Under DFE,0,0
8299902,-72.881622,40.744338,RES1-2SWB,RES,R12B,363706.33,181853.16,4.0952,6.0952,Under DFE,0,0
8299903,-72.879762,40.74453,RES1-2SWB,RES,R12B,158586.85,79293.43,5.8765,7.8765,Under DFE,0,0
8299904,-72.881008,40.74414,RES1-2SWB,RES,R12B,233231.85,116615.92,4.4116,6.4116,Under DFE,0,0
8299905,-72.879944,40.74455,RES1-2SWB,RES,R12B,195183.82,97591.91,5.0232,7.0232,Under DFE,0,0
8299906,-72.879224,40.744538,RES1-2SWB,RES,R12B,292089.83,146044.91,2.5722,4.5722,Under DFE,0,0
8299907,-72.880192,40.744463,RES1-2SNB,RES,R12N,367275.29,183637.64,8.084,9.584,Under DFE,0,0
8299908,-72.881202,40.744504,RES1-2SWB,RES,R12B,279831.09,139915.54,3.4076,5.4076,Under DFE,0,0
8299909,-72.881186,40.744053,RES1-1SWB,RES,R11B,188598.58,94299.29,4.4933,6.4933,Under DFE,0,0
8363864,-72.818452,40.773753,RES1-2SWB,RES,R12B,421529.87,210764.93,5.0316,7.0316,Under DFE,0,0
8363865,-72.818683,40.773742,RES1-2SWB,RES,R12B,321803.54,160901.77,5.3809,7.3809,Under DFE,0,0
8363866,-72.817222,40.774012,RES1-1SNB,RES,R11N,177318.17,88659.09,6.1744,7.6744,Under DFE,0,0
8363867,-72.819537,40.773944,RES1-1SNB,RES,R11N,262583.07,131291.54,7.6469,9.1469,Under DFE,0,0
8363868,-72.816822,40.77449,RES1-2SNB,RES,R12N,294095.71,147047.85,5.6259,6.1259,Under DFE,0,0
8363869,-72.81914,40.773599,RES1-2SWB,RES,R12B,218211.51,109105.76,4.7434,6.7434,Under DFE,0,0
8363870,-72.818854,40.774099,RES1-1SWB,RES,R11B,236765.73,118382.87,7.0546,9.0546,Under DFE,0,0
8363871,-72.817756,40.773893,RES1-1SWB,RES,R11B,160386.72,80193.36,4.4249,6.4249,Under DFE,0,0
8363872,-72.81584,40.774308,RES1-2SNB,RES,R12N,234720.74,117360.37,2.7705,3.2705,Under DFE,0,0
8363873,-72.819826,40.77347,RES1-1SNB,RES,R11N,118566.51,59283.26,4.4283,5.9283,Under DFE,0,0
8363982,-72.836176,40.764048,RES1-2SNB,RES,R12N,251111.31,125555.65,9.349,9.849,Under DFE,0,0
8363983,-72.835646,40.763725,RES1-1SWB,RES,R11B,250772.23,125386.11,8.5587,10.5587,Above DFE,0,0
8363984,-72.836484,40.764579,RES1-2SNB,RES,R12N,372728.09,186364.05,10.8492,12.3492,Above DFE,0,0
8363985,-72.836369,40.764373,RES1-2SWB,RES,R12B,186445.75,93222.88,10.5456,12.5456,Above DFE,0,0
8363986,-72.835863,40.76436,RES1-3SWB,RES,R13B,268661.06,134330.53,10.4441,12.4441,Above DFE,0,0
8363987,-72.835406,40.763169,RES1-1SNB,RES,R11N,192650.47,96325.23,7.0687,8.5687,Under DFE,0,0
8363988,-72.835998,40.764684,RES1-1SWB,RES,R11B,209782.69,104891.34,11.0867,13.0867,Above DFE,0,0
8363989,-72.836202,40.764637,RES1-1SWB,RES,R11B,334952.53,167476.26,11.1477,13.1477,Above DFE,0,0
8363990,-72.835745,40.76408,RES1-1SWB,RES,R11B,251317.96,125658.98,10.3266,12.3266,Above DFE,0,0
8363991,-72.835494,40.763434,RES1-1SWB,RES,R11B,271314.31,135657.15,7.7859,9.7859,Under DFE,0,0
8363992,-72.836083,40.763757,RES1-1SNB,RES,R11N,182600.9,91300.45,9.5569,11.0569,Above DFE,0,0
8363993,-72.835678,40.763058,RES1-3SNB,RES,R13N,459221.44,229610.72,7.7824,8.2824,Under DFE,0,0
8363994,-72.836612,40.779552,RES3A,RES,R3A1B,859531.82,429765.91,18.9259,20.9259,Above DFE,0,0
8363995,-72.837524,40.780662,RES3A,RES,R3A3N,871530.73,435765.37,20.6934,21.1934,Above DFE,0,0
8363996,-72.837346,40.781041,RES3A,RES,R3A1B,737406.09,368703.05,22.0151,24.0151,Above DFE,0,0
8363997,-72.83625,40.780957,RES1-2SWB,RES,R12B,337330.11,168665.05,21.6687,23.6687,Above DFE,0,0
8363998,-72.837165,40.779712,RES1-1SWB,RES,R11B,204696.53,102348.27,18.9351,20.9351,Above DFE,0,0
8363999,-72.837629,40.780258,RES1-2SNB,RES,R12N,308519.61,154259.8,18.9157,20.4157,Above DFE,0,0
8364000,-72.837295,40.781386,IND6,NONRES,I6LN,NaN,NaN,21.8892,22.3892,Above DFE,0,0
8364001,-72.836636,40.780059,RES1-1SWB,RES,R11B,143603.89,71801.95,19.3611,21.3611,Above DFE,0,0
8364002,-72.836431,40.780025,RES1-2SNB,RES,R12N,262818.93,131409.47,19.2481,20.7481,Above DFE,0,0
8364003,-72.836386,40.779837,RES1-1SWB,RES,R11B,168630.16,84315.08,19.3074,21.3074,Above DFE,0,0
8364004,-72.836624,40.780148,RES1-1SNB,RES,R11N,211631.67,105815.83,19.1988,19.6988,Above DFE,0,0
8364005,-72.836332,40.780833,RES1-1SNB,RES,R11N,256375.78,128187.89,20.3562,20.8562,Above DFE,0,0
8364006,-72.836196,40.781087,RES1-1SNB,RES,R11N,157665.51,78832.75,22.6988,24.1988,Above DFE,0,0
8364007,-72.836258,40.779479,RES3A,RES,R3A1N,807257.74,403628.87,18.3916,18.8916,Above DFE,0,0
8364008,-72.837578,40.780457,RES3A,RES,R3A1B,932471.4,466235.7,19.4227,21.4227,Above DFE,0,0
8364009,-72.836347,40.780628,RES1-1SNB,RES,R11N,147592.18,73796.09,20.5552,22.0552,Above DFE,0,0
8364010,-72.836903,40.779653,RES1-2SNB,RES,R12N,259531.51,129765.75,18.2981,18.7981,Above DFE,0,0
8364011,-72.836152,40.781202,RES1-1SWB,RES,R11B,193965.27,96982.63,22.3376,24.3376,Above DFE,0,0
8364012,-72.837665,40.78007,RES1-1SWB,RES,R11B,187192.69,93596.35,18.0572,20.0572,Above DFE,0,0
8364013,-72.837457,40.780788,RES1-1SWB,RES,R11B,232626.46,116313.23,21.6847,23.6847,Above DFE,0,0
8364014,-72.836493,40.780365,AGR1,NONRES,A1LN,NaN,NaN,20.1146,20.6146,Above DFE,0,0
8364015,-72.837524,40.779774,RES1-2SWB,RES,R12B,334245.3,167122.65,18.45,20.45,Above DFE,0,0
8364016,-72.837367,40.768886,RES1-1SNB,RES,R11N,273711.29,136855.65,15.8822,16.3822,Above DFE,0,0
8364017,-72.837006,40.768993,RES1-1SWB,RES,R11B,266573.48,133286.74,15.0177,17.0177,Above DFE,0,0
8364018,-72.837173,40.769227,RES1-1SNB,RES,R11N,230101.83,115050.92,15.7318,17.2318,Above DFE,0,0
8364019,-72.837517,40.769065,RES1-2SWB,RES,R12B,394456.87,197228.44,15.4706,17.4706,Above DFE,0,0
8364020,-72.837952,40.770068,RES1-1SWB,RES,R11B,240263.32,120131.66,15.607,17.607,Above DFE,0,0
8364021,-72.83782,40.769735,RES1-1SNB,RES,R11N,255521.73,127760.86,14.9011,15.4011,Above DFE,0,0
8364022,-72.837543,40.769185,RES1-2SWB,RES,R12B,168992.5,84496.25,15.442,17.442,Above DFE,0,0
8364023,-72.837592,40.770164,RES1-2SNB,RES,R12N,453891.82,226945.91,15.7153,16.2153,Above DFE,0,0
8364024,-72.837637,40.770431,RES1-1SWB,RES,R11B,346665.29,173332.65,14.7068,16.7068,Above DFE,0,0
8364025,-72.837294,40.769568,RES1-2SWB,RES,R12B,468652.02,234326.01,16.956,18.956,Above DFE,0,0
8364026,-72.8377,40.76952,RES1-1SWB,RES,R11B,260640.74,130320.37,15.813,17.813,Above DFE,0,0
8364027,-72.837672,40.770037,RES1-1SWB,RES,R11B,152411.8,76205.9,15.453,17.453,Above DFE,0,0
8364028,-72.837853,40.77042,RES1-2SNB,RES,R12N,407480.68,203740.34,14.752,15.252,Above DFE,0,0
8364072,-72.83915,40.77082,RES1-2SWB,RES,R12B,457277.56,228638.78,14.7617,16.7617,Above DFE,0,0
8364073,-72.839332,40.771121,RES3A,RES,R3A1N,1056568.7,528284.35,14.7899,15.2899,Above DFE,0,0
8364074,-72.83928,40.771875,RES1-2SNB,RES,R12N,308308.87,154154.43,11.8266,12.3266,Above DFE,0,0
8364098,-72.839705,40.766771,RES1-2SWB,RES,R12B,250542.29,125271.15,12.9507,14.9507,Above DFE,0,0
8364099,-72.84021,40.767792,RES1-3SWB,RES,R13B,459370.97,229685.48,14.7915,16.7915,Above DFE,0,0
8364100,-72.839854,40.766176,RES1-1SWB,RES,R11B,295208.93,147604.46,14.4708,16.4708,Above DFE,0,0
8364101,-72.840127,40.766861,RES1-1SWB,RES,R11B,359280.79,179640.39,14.3343,16.3343,Above DFE,0,0
8364102,-72.840449,40.767422,RES1-2SWB,RES,R12B,484938.42,242469.21,14.9382,16.9382,Above DFE,0,0
8364103,-72.840673,40.770727,RES1-1SWB,RES,R11B,250776.55,125388.27,14.8078,16.8078,Above DFE,0,0
8364104,-72.84041,40.770205,RES1-2SWB,RES,R12B,453638.73,226819.36,13.1427,15.1427,Above DFE,0,0
8364105,-72.840784,40.770141,RES1-1SWB,RES,R11B,227739.3,113869.65,13.5735,15.5735,Above DFE,0,0
8364106,-72.840829,40.770353,RES1-2SNB,RES,R12N,293611.8,146805.9,13.9223,14.4223,Above DFE,0,0
8364107,-72.841017,40.770711,RES1-2SWB,RES,R12B,322361.29,161180.64,13.9972,15.9972,Above DFE,0,0
8364108,-72.84044,40.770456,RES1-1SWB,RES,R11B,323954.57,161977.29,13.7783,15.7783,Above DFE,0,0
8364152,-72.842354,40.758632,RES1-2SWB,RES,R12B,412599.2,206299.6,5.5721,7.5721,Under DFE,0,0
8364153,-72.842257,40.758154,RES1-1SWB,RES,R11B,175035.39,87517.69,4.65,6.65,Under DFE,0,0
8364154,-72.842508,40.757931,RES1-1SWB,RES,R11B,148162.27,74081.13,5.429,7.429,Under DFE,0,0
8364155,-72.842487,40.75779,RES1-1SNB,RES,R11N,109970.9,54985.45,4.4082,5.9082,Under DFE,0,0
8364156,-72.842257,40.757148,IND6,NONRES,I6LN,NaN,NaN,4.5909,5.0909,Under DFE,0,0
8364157,-72.842203,40.757915,RES1-1SWB,RES,R11B,137464.61,68732.3,4.4993,6.4993,Under DFE,0,0
8364267,-72.847775,40.769025,RES1-1SWB,RES,R11B,233043.89,116521.94,18.7934,20.7934,Above DFE,0,0
8364268,-72.848088,40.768923,RES1-2SWB,RES,R12B,292422.83,146211.41,18.9863,20.9863,Above DFE,0,0
8364269,-72.847893,40.769288,RES1-2SWB,RES,R12B,361213.92,180606.96,18.9856,20.9856,Above DFE,0,0
8364270,-72.849032,40.768956,RES1-2SNB,RES,R12N,290148.38,145074.19,16.7297,17.2297,Above DFE,0,0
8364424,-72.855901,40.759475,RES1-3SWB,RES,R13B,269031.55,134515.78,12.8459,14.8459,Above DFE,0,0
8364425,-72.856223,40.759371,COM3,NONRES,C3LN,NaN,NaN,14.0769,14.5769,Above DFE,0,0
8364426,-72.856537,40.759249,COM2,NONRES,C2LN,NaN,NaN,13.4169,13.9169,Above DFE,0,0
8364427,-72.855145,40.762076,RES1-1SWB,RES,R11B,173469.71,86734.85,14.3273,16.3273,Above DFE,0,0
8364428,-72.854974,40.760549,RES1-2SWB,RES,R12B,198685.13,99342.56,12.0786,14.0786,Above DFE,0,0
8364429,-72.855506,40.762607,COM3,NONRES,C3LN,NaN,NaN,15.2471,15.7471,Above DFE,0,0
8364430,-72.854523,40.760449,RES1-1SWB,RES,R11B,335661.66,167830.83,12.1702,14.1702,Above DFE,0,0
8364431,-72.855626,40.762496,COM1,NONRES,C1LN,NaN,NaN,14.7973,15.2973,Above DFE,0,0
8364432,-72.85512,40.761224,RES1-2SNB,RES,R12N,205063.15,102531.58,13.3895,14.8895,Above DFE,0,0
8364433,-72.855507,40.761981,RES1-2SNB,RES,R12N,182296.88,91148.44,14.615,15.115,Above DFE,0,0
8364434,-72.855111,40.760923,RES1-2SNB,RES,R12N,269841.47,134920.73,13.313,14.813,Above DFE,0,0
8364435,-72.854884,40.760337,RES1-3SWB,RES,R13B,333518.61,166759.3,13.0051,15.0051,Above DFE,0,0
8364436,-72.854906,40.761374,RES1-1SWB,RES,R11B,184893.59,92446.79,13.4381,15.4381,Above DFE,0,0
8364437,-72.855033,40.761864,RES1-1SNB,RES,R11N,201436.76,100718.38,13.5804,15.0804,Above DFE,0,0
8364438,-72.855446,40.761748,RES1-2SWB,RES,R12B,253488.82,126744.41,15.1374,17.1374,Above DFE,0,0
8364439,-72.854581,40.760697,RES1-2SNB,RES,R12N,191107.03,95553.52,11.7034,12.2034,Above DFE,0,0
8364440,-72.85498,40.761617,RES1-2SNB,RES,R12N,276424.75,138212.37,13.5994,14.0994,Above DFE,0,0
8364441,-72.854702,40.760972,COM8,NONRES,C8LN,NaN,NaN,13.189,13.689,Above DFE,0,0
8364442,-72.85557,40.762194,RES1-2SWB,RES,R12B,308181.17,154090.58,14.9309,16.9309,Above DFE,0,0
8364443,-72.855574,40.754379,RES3A,RES,R3A3B,746995.82,373497.91,7.8495,9.8495,Under DFE,0,0
8364444,-72.853804,40.754356,RES1-1SNB,RES,R11N,178966.4,89483.2,5.1449,5.6449,Under DFE,0,0
8364445,-72.854077,40.754302,RES1-1SNB,RES,R11N,125822.4,62911.2,5.2258,6.7258,Under DFE,0,0
8364446,-72.8543,40.754244,RES1-1SWB,RES,R11B,242675.95,121337.97,4.2335,6.2335,Under DFE,0,0
8364447,-72.855679,40.754048,RES1-2SWB,RES,R12B,128244.17,64122.09,6.5326,8.5326,Under DFE,0,0
8364448,-72.853946,40.754663,RES1-1SNB,RES,R11N,155183.03,77591.51,6.5294,7.0294,Under DFE,0,0
8364449,-72.85458,40.754513,RES1-1SNB,RES,R11N,156168.49,78084.24,5.9872,6.4872,Under DFE,0,0
8364450,-72.855276,40.75407,RES1-1SNB,RES,R11N,113390.14,56695.07,5.5658,6.0658,Under DFE,0,0
8364451,-72.855918,40.754422,RES1-1SNB,RES,R11N,144093.76,72046.88,6.3692,6.8692,Under DFE,0,0
8364452,-72.855921,40.75412,RES1-1SWB,RES,R11B,178719.42,89359.71,7.5829,9.5829,Under DFE,0,0
8364453,-72.854235,40.754389,RES1-2SWB,RES,R12B,95480.46,47740.23,5.4297,7.4297,Under DFE,0,0
8364454,-72.85511,40.754069,RES1-1SNB,RES,R11N,220038.03,110019.02,5.5146,7.0146,Under DFE,0,0
8364455,-72.85529,40.754387,RES1-2SWB,RES,R12B,442872.53,221436.27,5.8072,7.8072,Under DFE,0,0
8364456,-72.855773,40.754383,RES1-1SNB,RES,R11N,108366.07,54183.03,6.0879,6.5879,Under DFE,0,0
8364457,-72.854372,40.754565,RES1-1SWB,RES,R11B,153583.85,76791.92,4.9433,6.9433,Under DFE,0,0
8364458,-72.855068,40.754202,RES1-2SNB,RES,R12N,102027.12,51013.56,5.7345,6.2345,Under DFE,0,0
8364459,-72.855015,40.754421,RES3A,RES,R3A1N,834953.23,417476.61,5.6391,6.1391,Under DFE,0,0
8364482,-72.854914,40.749807,RES1-1SNB,RES,R11N,213445.54,106722.77,1.8646,3.3646,Under DFE,0,0
8364483,-72.854761,40.749725,RES1-1SNB,RES,R11N,NaN,NaN,2.3264,2.8264,Under DFE,0,0
8364484,-72.855613,40.749789,RES1-1SNB,RES,R11N,228345.52,114172.76,2.8865,3.3865,Under DFE,0,0
8364485,-72.856183,40.749809,RES1-1SWB,RES,R11B,264235.88,132117.94,3.81,5.81,Under DFE,0,0
8364486,-72.855407,40.749456,RES1-2SWB,RES,R12B,245225.82,122612.91,2.0707,4.0707,Under DFE,0,0
8364572,-72.859221,40.751451,RES1-1SWB,RES,R11B,222254.65,111127.33,4.8427,6.8427,Under DFE,0,0
8364573,-72.859201,40.751615,RES1-1SWB,RES,R11B,119408.77,59704.38,5.7923,7.7923,Under DFE,0,0
8364574,-72.859277,40.750591,RES1-1SNB,RES,R11N,190560.2,95280.1,5.6737,7.1737,Under DFE,0,0
8364575,-72.859675,40.750237,RES1-2SWB,RES,R12B,252930.36,126465.18,3.3541,5.3541,Under DFE,0,0
8364576,-72.859294,40.750253,RES1-2SNB,RES,R12N,284691.83,142345.92,5.9367,6.4367,Under DFE,0,0
8364577,-72.859677,40.751124,RES1-2SWB,RES,R12B,182983.53,91491.76,4.5598,6.5598,Under DFE,0,0
8386048,-72.824418,40.774692,RES1-1SNB,RES,R11N,243421.9,121710.95,11.2438,12.7438,Above DFE,0,0
8386049,-72.822097,40.775163,RES1-1SNB,RES,R11N,167266.39,83633.2,9.4388,10.9388,Above DFE,0,0
8386050,-72.821751,40.775313,RES1-2SNB,RES,R12N,253372.34,126686.17,8.1597,9.6597,Under DFE,0,0
8386051,-72.821456,40.775193,RES1-2SWB,RES,R12B,348674.92,174337.46,8.7654,10.7654,Above DFE,0,0
8386052,-72.823439,40.774873,RES1-1SNB,RES,R11N,264785.49,132392.74,9.9838,11.4838,Above DFE,0,0
8386162,-72.837181,40.771285,RES1-2SWB,RES,R12B,419721.55,209860.77,11.7181,13.7181,Above DFE,0,0
8386163,-72.83738,40.771851,RES1-2SWB,RES,R12B,260084.8,130042.4,9.6838,11.6838,Above DFE,0,0
8386164,-72.837861,40.771952,RES1-2SWB,RES,R12B,167409.03,83704.51,10.2666,12.2666,Above DFE,0,0
8386165,-72.838073,40.772458,RES1-1SNB,RES,R11N,295478.5,147739.25,13.4683,13.9683,Above DFE,0,0
8386166,-72.837068,40.771076,RES1-2SWB,RES,R12B,425676.84,212838.42,13.905,15.905,Above DFE,0,0
8386167,-72.837933,40.772131,RES1-1SNB,RES,R11N,158085.95,79042.98,11.9745,12.4745,Above DFE,0,0
8386168,-72.837506,40.768039,RES3A,RES,R3A1N,691808.26,345904.13,14.5042,15.0042,Above DFE,0,0
8386169,-72.837137,40.766827,RES1-2SWB,RES,R12B,353281.5,176640.75,12.376,14.376,Above DFE,0,0
8386170,-72.837406,40.766735,RES3A,RES,R3A1B,570909.93,285454.96,12.2705,14.2705,Above DFE,0,0
8386171,-72.838133,40.768345,RES1-2SWB,RES,R12B,370486.52,185243.26,14.1678,16.1678,Above DFE,0,0
8386172,-72.838026,40.768402,RES1-2SNB,RES,R12N,159269.89,79634.95,14.885,15.385,Above DFE,0,0
8386173,-72.837347,40.767576,RES1-1SWB,RES,R11B,280409.07,140204.54,14.5052,16.5052,Above DFE,0,0
8386174,-72.836928,40.76692,RES3A,RES,R3A1B,642518.3,321259.15,11.8943,13.8943,Above DFE,0,0
8386175,-72.837782,40.767654,RES1-2SWB,RES,R12B,452617.91,226308.95,14.2336,16.2336,Above DFE,0,0
8386176,-72.837828,40.768413,RES3A,RES,R3A1B,847700.41,423850.21,15.6047,17.6047,Above DFE,0,0
8386177,-72.837381,40.76772,RES1-2SWB,RES,R12B,288735.58,144367.79,14.6513,16.6513,Above DFE,0,0
8386308,-72.847629,40.752356,RES1-2SNB,RES,R12N,286541.78,143270.89,2.5504,4.0504,Under DFE,0,0
8386309,-72.847997,40.752293,RES1-1SWB,RES,R11B,328982.47,164491.24,3.1202,5.1202,Under DFE,0,0
8386310,-72.848511,40.752554,RES1-2SNB,RES,R12N,261965.91,130982.95,2.9836,4.4836,Under DFE,0,0
8386311,-72.848018,40.752526,RES1-1SWB,RES,R11B,212695.78,106347.89,2.9621,4.9621,Under DFE,0,0
8386312,-72.847455,40.752753,RES1,RES,R11B,298474.44,149237.22,5.28,6.28,Under DFE,0,0
8386313,-72.848025,40.752642,RES1-1SNB,RES,R11N,248288.07,124144.04,3.4826,4.9826,Under DFE,0,0
8386314,-72.848796,40.76506,RES1-2SWB,RES,R12B,398224.25,199112.12,13.6792,15.6792,Above DFE,0,0
8386315,-72.848578,40.764483,RES1-3SNB,RES,R13N,340142.86,170071.43,13.1649,13.6649,Above DFE,0,0
8386316,-72.848713,40.764907,RES1-2SWB,RES,R12B,285693.2,142846.6,13.485,15.485,Above DFE,0,0
8386317,-72.848896,40.765308,RES1-1SWB,RES,R11B,204500.09,102250.04,13.5491,15.5491,Above DFE,0,0
8386318,-72.848902,40.764327,RES1-2SWB,RES,R12B,137894.03,68947.01,12.0255,14.0255,Above DFE,0,0
8386319,-72.849341,40.765253,RES1-2SWB,RES,R12B,265689.86,132844.93,12.4778,14.4778,Above DFE,0,0
8386320,-72.849028,40.765556,RES1-1SWB,RES,R11B,197436.22,98718.11,13.7406,15.7406,Above DFE,0,0
8386321,-72.848477,40.764224,RES1-2SNB,RES,R12N,320045.83,160022.91,14.2372,15.7372,Above DFE,0,0
8386322,-72.849196,40.764979,RES1-2SWB,RES,R12B,285401.03,142700.52,11.4487,13.4487,Above DFE,0,0
8386323,-72.849125,40.765218,RES1-3SWB,RES,R13B,228548.89,114274.44,13.2704,15.2704,Above DFE,0,0
8386324,-72.848904,40.764454,RES1-1SWB,RES,R11B,199292.91,99646.46,10.8426,12.8426,Above DFE,0,0
8386325,-72.849087,40.764781,RES1-2SNB,RES,R12N,309099.41,154549.7,11.6995,12.1995,Above DFE,0,0
8386326,-72.84943,40.765479,RES1-2SWB,RES,R12B,207695.99,103848,12.2515,14.2515,Above DFE,0,0
8386349,-72.84983,40.768802,RES1-2SNB,RES,R12N,233191.41,116595.7,15.5624,16.0624,Above DFE,0,0
8386350,-72.850634,40.755521,RES1-2SWB,RES,R12B,320962.77,160481.39,6.6453,8.6453,Under DFE,0,0
8386351,-72.85108,40.756762,RES1-1SWB,RES,R11B,253803.62,126901.81,7.38,9.38,Under DFE,0,0
8386352,-72.851009,40.755415,RES1-1SWB,RES,R11B,265830.03,132915.02,7.2507,9.2507,Under DFE,0,0
8386353,-72.851258,40.756054,RES1-2SNB,RES,R12N,276703.85,138351.92,7.3229,8.8229,Under DFE,0,0
8386354,-72.850874,40.756273,RES1-1SNB,RES,R11N,189339.53,94669.76,6.8103,7.3103,Under DFE,0,0
8386355,-72.851363,40.756304,RES1-1SWB,RES,R11B,204746.93,102373.47,7.8937,9.8937,Under DFE,0,0
8386356,-72.851492,40.75667,RES1-1SWB,RES,R11B,213562.85,106781.43,7.3224,9.3224,Under DFE,0,0
8386357,-72.851116,40.755669,RES1-2SWB,RES,R12B,380847.17,190423.58,7.6102,9.6102,Under DFE,0,0
8386358,-72.850469,40.755197,RES1-1SNB,RES,R11N,205218.85,102609.43,6.9046,7.4046,Under DFE,0,0
8386359,-72.850737,40.755822,RES1-2SWB,RES,R12B,462703.15,231351.58,7.0489,9.0489,Under DFE,0,0
8386360,-72.850924,40.755175,RES1-1SWB,RES,R11B,341282.75,170641.38,7.0036,9.0036,Under DFE,0,0
8386361,-72.85075,40.75596,RES1-1SNB,RES,R11N,176998.94,88499.47,6.8779,7.3779,Under DFE,0,0
8386362,-72.85103,40.756498,RES1-1SWB,RES,R11B,255044.9,127522.45,8.0638,10.0638,Above DFE,0,0
8386363,-72.851386,40.756444,RES1-1SWB,RES,R11B,256730.87,128365.44,7.8176,9.8176,Under DFE,0,0
8386408,-72.855585,40.755708,RES1-2SNB,RES,R12N,196196.76,98098.38,8.4544,8.9544,Under DFE,0,0
8386409,-72.854991,40.75548,RES1-2SWB,RES,R12B,148551.49,74275.75,8.4262,10.4262,Above DFE,0,0
8386410,-72.855185,40.75574,RES1-1SWB,RES,R11B,286254.28,143127.14,10.3602,12.3602,Above DFE,0,0
8386411,-72.854856,40.755796,RES1-1SWB,RES,R11B,408527.8,204263.9,9.0922,11.0922,Above DFE,0,0
8386412,-72.854658,40.755531,RES1-2SWB,RES,R12B,444746.48,222373.24,7.8907,9.8907,Under DFE,0,0
8386413,-72.856513,40.75258,RES3A,RES,R3A3N,757819.27,378909.64,6.6512,7.1512,Under DFE,0,0
8386414,-72.856446,40.753006,RES1-1SNB,RES,R11N,129061.16,64530.58,7.1907,7.6907,Under DFE,0,0
8386415,-72.856906,40.752414,RES1-3SNB,RES,R13N,241976.24,120988.12,6.8619,7.3619,Under DFE,0,0
8386416,-72.856544,40.753269,RES1-1SWB,RES,R11B,138193.43,69096.71,7.362,9.362,Under DFE,0,0
8386417,-72.856912,40.75269,RES1-1SWB,RES,R11B,130814.95,65407.47,6.6629,8.6629,Under DFE,0,0
8386418,-72.856701,40.753772,REL1,NONRES,RE1LN,NaN,NaN,8.3971,8.8971,Under DFE,0,0
8386419,-72.856855,40.753011,RES1-1SWB,RES,R11B,176460.22,88230.11,7.0011,9.0011,Under DFE,0,0
8386420,-72.856842,40.753205,RES1-2SWB,RES,R12B,327439.91,163719.95,7.1017,9.1017,Under DFE,0,0
8386421,-72.856889,40.752791,RES1-1SNB,RES,R11N,153528.81,76764.41,6.783,7.283,Under DFE,0,0
8386422,-72.856904,40.752561,RES1-2SWB,RES,R12B,314965.59,157482.8,6.7609,8.7609,Under DFE,0,0
8386423,-72.856487,40.752166,RES1-1SWB,RES,R11B,279521.47,139760.74,5.5771,7.5771,Under DFE,0,0
8386424,-72.856469,40.752757,RES1-3SWB,RES,R13B,324759.91,162379.95,7.1478,9.1478,Under DFE,0,0
8386425,-72.856897,40.752907,RES1-1SWB,RES,R11B,121393.52,60696.76,6.9323,8.9323,Under DFE,0,0
8386700,-72.833311,40.765793,RES1-1SNB,RES,R11N,221737.81,110868.91,10.3749,11.8749,Above DFE,0,0
8386701,-72.832294,40.766092,RES1-1SNB,RES,R11N,202376.5,101188.25,10.8596,11.3596,Above DFE,0,0
8386702,-72.832683,40.766236,RES1-1SWB,RES,R11B,210798.59,105399.29,11.4421,13.4421,Above DFE,0,0
8386703,-72.833193,40.765889,RES1-2SNB,RES,R12N,254177.67,127088.83,10.5737,12.0737,Above DFE,0,0
8386704,-72.832133,40.766152,RES1-2SNB,RES,R12N,384037.12,192018.56,11.2422,11.7422,Above DFE,0,0
8386705,-72.832659,40.766033,RES1-2SWB,RES,R12B,187821.74,93910.87,10.6522,12.6522,Above DFE,0,0
8386706,-72.832498,40.766071,RES1-2SNB,RES,R12N,106761.81,53380.91,11.4134,11.9134,Above DFE,0,0
8386707,-72.832807,40.765845,RES3A,RES,R3A1N,602913.22,301456.61,9.9665,10.4665,Above DFE,0,0
8386708,-72.832168,40.76637,RES1-1SWB,RES,R11B,222220.13,111110.06,11.4508,13.4508,Above DFE,0,0
8386731,-72.835048,40.764376,RES3A,RES,R3A3B,654410.94,327205.47,9.1436,11.1436,Above DFE,0,0
8386732,-72.835499,40.764536,RES3A,RES,R3A3B,861247.41,430623.7,10.956,12.956,Above DFE,0,0
8386733,-72.835606,40.76482,RES3A,RES,R3A3B,661616.81,330808.41,8.4782,10.4782,Above DFE,0,0
8386734,-72.835343,40.764252,RES3A,RES,R3A1B,745596.5,372798.25,10.3719,12.3719,Above DFE,0,0
8386735,-72.83512,40.763709,RES1-2SWB,RES,R12B,331367.28,165683.64,7.7769,9.7769,Under DFE,0,0
8386736,-72.834677,40.763606,RES1-1SNB,RES,R11N,257254.67,128627.33,7.6115,9.1115,Under DFE,0,0
8386737,-72.834923,40.763284,COM4,NONRES,C4LN,NaN,NaN,5.8541,6.3541,Under DFE,0,0
8386738,-72.835114,40.76467,RES1-2SNB,RES,R12N,194500.67,97250.34,8.044,8.544,Under DFE,0,0
8386739,-72.835218,40.764851,IND2,NONRES,I2LN,NaN,NaN,8.8396,9.3396,Under DFE,0,0
8386740,-72.835223,40.764042,RES1-1SNB,RES,R11N,177013.23,88506.62,10.6342,12.1342,Above DFE,0,0
8386741,-72.834993,40.763482,RES1-1SWB,RES,R11B,198082.25,99041.12,7.1775,9.1775,Under DFE,0,0
8386742,-72.835979,40.771783,RES3A,RES,R3A3B,804109.97,402054.98,11.1172,13.1172,Above DFE,0,0
8386743,-72.836098,40.771986,RES1-2SNB,RES,R12N,173993.97,86996.99,12.2775,12.7775,Above DFE,0,0
8386744,-72.835793,40.771457,RES1-2SNB,RES,R12N,345517.61,172758.8,10.4375,10.9375,Above DFE,0,0
8386830,-72.837842,40.763505,RES1-1SNB,RES,R11N,136651.39,68325.7,7.5099,9.0099,Under DFE,0,0
8386831,-72.837933,40.763828,RES1-2SWB,RES,R12B,268593.1,134296.55,11.308,13.308,Above DFE,0,0
8386832,-72.838065,40.764128,RES1-2SWB,RES,R12B,275530.81,137765.4,12.8821,14.8821,Above DFE,0,0
8386833,-72.837676,40.763279,RES1-2SWB,RES,R12B,362908.61,181454.3,6.9646,8.9646,Under DFE,0,0
8386834,-72.837977,40.770843,RES3A,RES,R3A3B,706191.79,353095.9,12.382,14.382,Above DFE,0,0
8386835,-72.838567,40.771524,RES3A,RES,R3A3B,879914.61,439957.3,12.4435,14.4435,Above DFE,0,0
8386836,-72.837834,40.770851,RES3A,RES,R3A3B,851090.15,425545.08,12.3995,14.3995,Above DFE,0,0
8386837,-72.838108,40.77144,RES3A,RES,R3A3N,647265.42,323632.71,12.374,12.874,Above DFE,0,0
8386838,-72.838397,40.771105,RES3A,RES,R3A3B,793525.31,396762.66,14.5521,16.5521,Above DFE,0,0
8386839,-72.838233,40.77172,RES3A,RES,R3A3B,818101.13,409050.57,9.865,11.865,Above DFE,0,0
8386840,-72.838717,40.77187,RES1-1SWB,RES,R11B,282520.05,141260.02,12.5194,14.5194,Above DFE,0,0
8386841,-72.838336,40.77194,RES1-2SWB,RES,R12B,387786.31,193893.16,10.9033,12.9033,Above DFE,0,0
8386842,-72.838144,40.770735,IND6,NONRES,I6LN,NaN,NaN,13.5486,14.0486,Above DFE,0,0
8386843,-72.83882,40.772047,RES1-2SWB,RES,R12B,362228.88,181114.44,12.638,14.638,Above DFE,0,0
8386844,-72.838874,40.772248,COM8,NONRES,C8LN,NaN,NaN,13.466,13.966,Above DFE,0,0
8386845,-72.838446,40.772146,RES1-2SWB,RES,R12B,408748.96,204374.48,12.4461,14.4461,Above DFE,0,0
8386846,-72.83865,40.771688,RES1-1SNB,RES,R11N,168452.23,84226.11,10.0415,11.5415,Above DFE,0,0
8386847,-72.839099,40.76541,RES1-3SNB,RES,R13N,333480.15,166740.08,12.5053,14.0053,Above DFE,0,0
8386848,-72.839219,40.765587,RES1-2SWB,RES,R12B,443879.09,221939.55,12.9757,14.9757,Above DFE,0,0
8386849,-72.839304,40.764857,RES1-1SNB,RES,R11N,297541.58,148770.79,11.5613,13.0613,Above DFE,0,0
8386850,-72.839088,40.765207,RES1-2SNB,RES,R12N,444462.03,222231.02,11.9399,12.4399,Above DFE,0,0
8386851,-72.838966,40.764924,RES1-2SWB,RES,R12B,446007.18,223003.59,12.0285,14.0285,Above DFE,0,0
8386852,-72.839697,40.765777,RES1-2SWB,RES,R12B,388672.68,194336.34,12.441,14.441,Above DFE,0,0
8386853,-72.838665,40.764356,RES1-1SWB,RES,R11B,265761.21,132880.6,10.9408,12.9408,Above DFE,0,0
8386854,-72.839589,40.765535,RES1-2SWB,RES,R12B,368879.15,184439.58,12.6971,14.6971,Above DFE,0,0
8386855,-72.838992,40.764282,RES1-2SWB,RES,R12B,465755.73,232877.87,11.4861,13.4861,Above DFE,0,0
8386856,-72.839164,40.764533,RES1-1SNB,RES,R11N,243227.8,121613.9,12.1052,13.6052,Above DFE,0,0
8386857,-72.839466,40.765175,RES1-2SNB,RES,R12N,387884.52,193942.26,11.4719,11.9719,Above DFE,0,0
8386858,-72.838893,40.764699,RES1-1SNB,RES,R11N,218208.88,109104.44,11.1958,12.6958,Above DFE,0,0
8387091,-72.843848,40.755495,RES1-1SWB,RES,R11B,142746.25,71373.12,1.7902,3.7902,Under DFE,0,0
8387092,-72.845331,40.755779,COM4,NONRES,C4LN,NaN,NaN,4.6225,5.1225,Under DFE,0,0
8387093,-72.844211,40.756244,RES1-1SWB,RES,R11B,196132.78,98066.39,2.6479,4.6479,Under DFE,0,0
8387094,-72.843654,40.754993,RES1-1SNB,RES,R11N,136137.16,68068.58,2.5552,3.0552,Under DFE,0,0
8387095,-72.844148,40.756089,RES1-2SNB,RES,R12N,245758.49,122879.24,2.9462,4.4462,Under DFE,0,0
8387124,-72.84743,40.781354,RES1-2SWB,RES,R12B,255067.74,127533.87,27.0643,29.0643,Above DFE,0,0
8387125,-72.84743,40.781354,COM4,NONRES,C4LN,NaN,NaN,27.0643,27.5643,Above DFE,0,0
8387126,-72.847466,40.780988,RES1-1SNB,RES,R11N,194501.89,97250.95,26.964,27.464,Above DFE,0,0
8387127,-72.847466,40.780988,COM3,NONRES,C3LN,NaN,NaN,26.964,27.464,Above DFE,0,0
8387128,-72.847466,40.780988,AGR1,NONRES,A1LN,NaN,NaN,26.964,27.464,Above DFE,0,0
8387129,-72.847558,40.761003,RES3A,RES,R3A3B,817384.41,408692.2,11.618,13.618,Above DFE,0,0
8387130,-72.847423,40.761761,RES1-3SWB,RES,R13B,427094.4,213547.2,10.2614,12.2614,Above DFE,0,0
8387131,-72.847835,40.761643,RES1-2SNB,RES,R12N,244581.25,122290.62,11.268,12.768,Above DFE,0,0
8387132,-72.847163,40.760437,RES1-1SWB,RES,R11B,146891.29,73445.65,8.975,10.975,Above DFE,0,0
8387133,-72.847048,40.760801,RES1-1SWB,RES,R11B,203236.68,101618.34,11.3393,13.3393,Above DFE,0,0
8387134,-72.846932,40.760427,RES1-1SNB,RES,R11N,90414.48,45207.24,9.6476,11.1476,Above DFE,0,0
8387135,-72.84734,40.760656,RES1-1SNB,RES,R11N,181961.13,90980.57,9.2889,9.7889,Under DFE,0,0
8387136,-72.847116,40.761013,COM4,NONRES,C4LN,NaN,NaN,10.5356,11.0356,Above DFE,0,0
8387137,-72.833888,40.763157,RES1-1SWB,RES,R11B,195747.37,97873.69,6.9185,8.9185,Under DFE,0,0
8387138,-72.833526,40.763196,RES1-2SNB,RES,R12N,394510.96,197255.48,7.3319,8.8319,Under DFE,0,0
8387139,-72.833561,40.76241,RES1-2SNB,RES,R12N,237807.89,118903.95,5.4895,6.9895,Under DFE,0,0
8387140,-72.832879,40.761703,RES1-2SWB,RES,R12B,303644.55,151822.27,4.1227,6.1227,Under DFE,0,0
8387141,-72.833045,40.762097,RES1-2SNB,RES,R12N,287216.68,143608.34,5.2161,5.7161,Under DFE,0,0
8387142,-72.833489,40.7621,RES1-1SWB,RES,R11B,196987.8,98493.9,4.7,6.7,Under DFE,0,0
8387143,-72.832934,40.761876,RES1-1SWB,RES,R11B,270229.37,135114.68,4.8596,6.8596,Under DFE,0,0
8387144,-72.833359,40.762731,RES1-2SNB,RES,R12N,293156.04,146578.02,6.392,7.892,Under DFE,0,0
8387276,-72.857764,40.752217,RES1-1SWB,RES,R11B,331621.61,165810.81,6.6534,8.6534,Under DFE,0,0
8387277,-72.857687,40.753164,RES1-1SWB,RES,R11B,214774.47,107387.23,7.5392,9.5392,Under DFE,0,0
8387278,-72.857742,40.753523,RES1-2SWB,RES,R12B,271573.47,135786.73,7.5645,9.5645,Under DFE,0,0
8387279,-72.857736,40.752588,RES1-2SWB,RES,R12B,326891.59,163445.79,8.13,10.13,Above DFE,0,0
8387280,-72.857716,40.75241,RES1-2SNB,RES,R12N,234293.3,117146.65,7.3785,7.8785,Under DFE,0,0
8387281,-72.857923,40.762084,REL1,NONRES,RE1LN,NaN,NaN,15.1774,15.6774,Above DFE,0,0
8387282,-72.858239,40.761532,RES3A,RES,R3A3N,734737.44,367368.72,13.6856,14.1856,Above DFE,0,0
8387283,-72.857892,40.761265,COM3,NONRES,C3LN,NaN,NaN,13.0127,13.5127,Above DFE,0,0
8387284,-72.857952,40.761802,RES1-2SWB,RES,R12B,254006.35,127003.17,14.9629,16.9629,Above DFE,0,0
8387285,-72.85782,40.761893,RES1-1SNB,RES,R11N,181051.11,90525.56,15.0193,15.5193,Above DFE,0,0
8387286,-72.85821,40.760927,RES1-2SNB,RES,R12N,203947.12,101973.56,12.8448,13.3448,Above DFE,0,0
8387287,-72.858213,40.761127,RES1-1SNB,RES,R11N,149689.34,74844.67,13.8487,14.3487,Above DFE,0,0
8387288,-72.857825,40.761013,RES1-1SNB,RES,R11N,85247.77,42623.88,12.6477,14.1477,Above DFE,0,0
8387375,-72.846061,40.780565,RES1-1SNB,RES,R11N,78358.61,39179.3,27.22,28.72,Above DFE,0,0
8387376,-72.846359,40.780917,RES1-2SNB,RES,R12N,287150.21,143575.1,27.3878,27.8878,Above DFE,0,0
8387377,-72.846591,40.781277,RES1-1SNB,RES,R11N,148238.77,74119.38,26.8421,28.3421,Above DFE,0,0
8387378,-72.845698,40.781046,COM4,NONRES,C4LN,NaN,NaN,27.2651,27.7651,Above DFE,0,0
8387379,-72.846178,40.780459,RES1-1SWB,RES,R11B,211799.57,105899.79,26.8998,28.8998,Above DFE,0,0
8387423,-72.862613,40.755233,RES1-1SWB,RES,R11B,187449.66,93724.83,11.0386,13.0386,Above DFE,0,0
8387424,-72.862914,40.755564,RES1-1SWB,RES,R11B,203331.66,101665.83,10.2164,12.2164,Above DFE,0,0
8387425,-72.862652,40.755889,COM4,NONRES,C4LN,NaN,NaN,12.3615,12.8615,Above DFE,0,0
8387426,-72.862646,40.755641,RES1-1SWB,RES,R11B,159984.18,79992.09,11.9728,13.9728,Above DFE,0,0
8387427,-72.862668,40.755476,RES1-2SNB,RES,R12N,269054.28,134527.14,11.1756,11.6756,Above DFE,0,0
8363843,-72.817056,40.774465,RES1-2SWB,RES,R12B,433721.69,216860.85,6.2184,8.2184,Under DFE,0,0
8363844,-72.816981,40.774357,RES3A,RES,R3A1B,372804.66,186402.33,5.4331,7.4331,Under DFE,0,0
8363845,-72.818043,40.774233,RES1-2SWB,RES,R12B,322845.57,161422.78,6.844,8.844,Under DFE,0,0
8363846,-72.818583,40.774168,RES1-1SWB,RES,R11B,129147.12,64573.56,5.9463,7.9463,Under DFE,0,0
8363847,-72.820294,40.773685,RES1-1SWB,RES,R11B,231203.96,115601.98,6.164,8.164,Under DFE,0,0
8363848,-72.81631,40.774579,RES1-2SNB,RES,R12N,232027.77,116013.88,5.6799,7.1799,Under DFE,0,0
8363849,-72.819083,40.774031,RES1-1SWB,RES,R11B,199258.28,99629.14,6.7669,8.7669,Under DFE,0,0
8363850,-72.8195,40.773535,RES1-1SWB,RES,R11B,184578.61,92289.31,4.6741,6.6741,Under DFE,0,0
8363851,-72.817915,40.773853,RES1-2SWB,RES,R12B,223979.09,111989.54,4.1778,6.1778,Under DFE,0,0
8363852,-72.818224,40.774197,RES1-3SWB,RES,R13B,369397.36,184698.68,6.2027,8.2027,Under DFE,0,0
8363853,-72.817516,40.774321,RES1-1SWB,RES,R11B,337665.71,168832.85,6.4952,8.4952,Under DFE,0,0
8363854,-72.816355,40.774169,RES1-1SNB,RES,R11N,138464.58,69232.29,4.4368,5.9368,Under DFE,0,0
8363855,-72.818418,40.774187,RES1-3SWB,RES,R13B,337442.73,168721.36,5.9752,7.9752,Under DFE,0,0
8363856,-72.816874,40.774071,RES1-1SWB,RES,R11B,203070.4,101535.2,5.2764,7.2764,Under DFE,0,0
8363857,-72.817568,40.77391,RES1-1SNB,RES,R11N,115376.23,57688.12,4.7975,5.2975,Under DFE,0,0
8363858,-72.819264,40.77399,RES1-1SWB,RES,R11B,229572.77,114786.38,7.7926,9.7926,Under DFE,0,0
8363859,-72.817869,40.774261,RES1-1SNB,RES,R11N,175906.26,87953.13,6.8205,8.3205,Under DFE,0,0
8363860,-72.818279,40.773787,RES1-2SNB,RES,R12N,370366.66,185183.33,4.531,5.031,Under DFE,0,0
8363861,-72.81529,40.77482,RES1-2SWB,RES,R12B,312811.47,156405.73,3.6705,5.6705,Under DFE,0,0
8363862,-72.81647,40.774546,RES1-1SWB,RES,R11B,161051.34,80525.67,5.6696,7.6696,Under DFE,0,0
8363863,-72.818118,40.773892,RES1-3SNB,RES,R13N,344591.8,172295.9,4.3274,4.8274,Under DFE,0,0
8363874,-72.815976,40.774691,COM4,NONRES,C4LN,2535745.25,2535745.25,4.7753,5.2753,Under DFE,0,0
8363875,-72.820453,40.773835,RES1-1SWB,RES,R11B,257626.12,128813.06,7.9038,9.9038,Under DFE,0,0
8363876,-72.820222,40.773445,RES1-1SNB,RES,R11N,307800.45,153900.23,6.7257,7.2257,Under DFE,0,0
8363877,-72.817696,40.774295,RES1-2SWB,RES,R12B,294400.93,147200.46,7.0453,9.0453,Under DFE,0,0
8363878,-72.816178,40.774224,RES1-2SWB,RES,R12B,328706.77,164353.38,3.8652,5.8652,Under DFE,0,0
8363879,-72.815984,40.774243,RES1-2SNB,RES,R12N,363601.19,181800.59,3.9572,5.4572,Under DFE,0,0
8363880,-72.81705,40.77404,RES1-2SWB,RES,R12B,295431.88,147715.94,5.1046,7.1046,Under DFE,0,0
8363881,-72.818336,40.774043,RES1-1SWB,RES,R11B,196760.52,98380.26,4.8371,6.8371,Under DFE,0,0
8363882,-72.819874,40.773895,RES1-1SWB,RES,R11B,312590.99,156295.49,6.8076,8.8076,Under DFE,0,0
8363883,-72.816523,40.774136,RES1-2SNB,RES,R12N,263135.87,131567.93,4.295,5.795,Under DFE,0,0
8363884,-72.819315,40.773579,RES1-1SWB,RES,R11B,121074.45,60537.22,4.9032,6.9032,Under DFE,0,0
8363885,-72.820164,40.773859,RES1-2SWB,RES,R12B,170289.64,85144.82,6.8697,8.8697,Under DFE,0,0
8363919,-72.826667,40.776367,RES1-2SWB,RES,R12B,290817.4,145408.7,14.0015,16.0015,Above DFE,0,0
8363920,-72.825762,40.776284,RES1-1SWB,RES,R11B,193103.4,96551.7,14.1457,16.1457,Above DFE,0,0
8363921,-72.826393,40.776197,RES1-2SNB,RES,R12N,232219.38,116109.69,11.9004,12.4004,Above DFE,0,0
8363922,-72.82619,40.77651,RES1-1SWB,RES,R11B,310025.56,155012.78,14.626,16.626,Above DFE,0,0
8363923,-72.826897,40.776783,RES1-1SWB,RES,R11B,245165.36,122582.68,13.9817,15.9817,Above DFE,0,0
8363924,-72.826424,40.776597,RES1-1SWB,RES,R11B,184900.69,92450.34,15.1074,17.1074,Above DFE,0,0
8363925,-72.826672,40.776705,RES1-2SNB,RES,R12N,372304.02,186152.01,14.9972,15.4972,Above DFE,0,0
8363926,-72.825938,40.776418,RES1-1SWB,RES,R11B,133847.56,66923.78,14.0225,16.0225,Above DFE,0,0
8363980,-72.835868,40.7633,COM4,NONRES,C4LN,NaN,NaN,8.6851,9.1851,Under DFE,0,0
8363981,-72.835925,40.763697,RES1-1SWB,RES,R11B,122870.68,61435.34,8.3656,10.3656,Above DFE,0,0
8364062,-72.839113,40.771552,RES1-2SNB,RES,R12N,431982.18,215991.09,15.5653,16.0653,Above DFE,0,0
8364063,-72.839601,40.771793,RES1-3SNB,RES,R13N,473501.8,236750.9,12.5824,13.0824,Above DFE,0,0
8364064,-72.838732,40.770634,RES1-1SWB,RES,R11B,405840.7,202920.35,15.6558,17.6558,Above DFE,0,0
8364065,-72.839677,40.77207,RES1-1SNB,RES,R11N,230158.84,115079.42,14.4616,15.9616,Above DFE,0,0
8364066,-72.838936,40.771217,RES1-1SWB,RES,R11B,225418.36,112709.18,13.4884,15.4884,Above DFE,0,0
8364067,-72.838879,40.771076,RES1-1SWB,RES,R11B,201116.66,100558.33,13.9337,15.9337,Above DFE,0,0
8364068,-72.838797,40.770915,RES1-1SNB,RES,R11N,270607.04,135303.52,15.4211,15.9211,Above DFE,0,0
8364069,-72.839249,40.771807,RES1-2SNB,RES,R12N,253886.59,126943.3,11.7055,12.2055,Above DFE,0,0
8364070,-72.839353,40.772134,RES1-1SWB,RES,R11B,297401.66,148700.83,14.1236,16.1236,Above DFE,0,0
8364071,-72.83948,40.771517,RES3A,RES,R3A1B,948315.11,474157.56,14.669,16.669,Above DFE,0,0
8364075,-72.838965,40.770556,COM4,NONRES,C4LN,283504.91,283504.91,14.9146,15.4146,Above DFE,0,0
8364076,-72.839997,40.764287,RES1-2SWB,RES,R12B,489328.42,244664.21,11.8376,13.8376,Above DFE,0,0
8364077,-72.839841,40.764897,RES1-1SWB,RES,R11B,261403.52,130701.76,11.8147,13.8147,Above DFE,0,0
8364078,-72.840409,40.765247,RES1-1SNB,RES,R11N,240201.02,120100.51,12.951,13.451,Above DFE,0,0
8364079,-72.839566,40.764399,RES1-1SWB,RES,R11B,245821.77,122910.89,10.7657,12.7657,Above DFE,0,0
8364080,-72.839961,40.765134,RES1-1SNB,RES,R11N,197854.38,98927.19,10.5687,11.0687,Above DFE,0,0
8364081,-72.839731,40.764735,RES1-1SWB,RES,R11B,291944.92,145972.46,12.3907,14.3907,Above DFE,0,0
8364082,-72.840026,40.765291,RES1-1SWB,RES,R11B,234916.88,117458.44,12.4022,14.4022,Above DFE,0,0
8364083,-72.840036,40.765419,RES1-1SWB,RES,R11B,309697.44,154848.72,12.7151,14.7151,Above DFE,0,0
8364084,-72.840271,40.764945,RES1-1SNB,RES,R11N,222815.79,111407.89,13.0147,13.5147,Above DFE,0,0
8364085,-72.839535,40.764198,RES1-2SNB,RES,R12N,407257.45,203628.72,12.5132,13.0132,Above DFE,0,0
8364086,-72.839668,40.764602,RES1-2SNB,RES,R12N,371821.57,185910.78,12.325,13.825,Above DFE,0,0
8364087,-72.840129,40.764716,RES1-1SNB,RES,R11N,276314.57,138157.28,13.4874,13.9874,Above DFE,0,0
8364088,-72.840539,40.765476,RES1-1SWB,RES,R11B,460825.57,230412.78,12.8043,14.8043,Above DFE,0,0
8364089,-72.840118,40.76668,RES1-3SNB,RES,R13N,492184.26,246092.13,13.2212,13.7212,Above DFE,0,0
8364090,-72.840325,40.767142,RES1-2SNB,RES,R12N,201032.61,100516.3,14.1732,15.6732,Above DFE,0,0
8364091,-72.839902,40.767081,RES1-2SWB,RES,R12B,604276.45,302138.23,15.5275,17.5275,Above DFE,0,0
8364092,-72.839481,40.766276,RES1-2SNB,RES,R12N,296563.9,148281.95,14.5301,15.0301,Above DFE,0,0
8364093,-72.840562,40.767706,RES1-1SWB,RES,R11B,175175.57,87587.78,13.7468,15.7468,Above DFE,0,0
8364094,-72.839654,40.766496,RES1-1SWB,RES,R11B,428749.53,214374.76,13.8451,15.8451,Above DFE,0,0
8364095,-72.84003,40.767396,RES1-3SWB,RES,R13B,548900.12,274450.06,14.5643,16.5643,Above DFE,0,0
8364096,-72.840406,40.767226,RES1-1SNB,RES,R11N,193401.95,96700.97,14.3831,15.8831,Above DFE,0,0
8364097,-72.840299,40.767081,RES1-2SWB,RES,R12B,428369.69,214184.84,14.4302,16.4302,Above DFE,0,0
8364147,-72.842637,40.758099,RES1-1SNB,RES,R11N,158859.51,79429.75,5.6039,7.1039,Under DFE,0,0
8364148,-72.842881,40.758649,RES1-1SNB,RES,R11N,149488.72,74744.36,5.4969,5.9969,Under DFE,0,0
8364149,-72.842667,40.758524,RES1-3SWB,RES,R13B,242505.67,121252.83,5.5393,7.5393,Under DFE,0,0
8364150,-72.842745,40.758314,RES1-2SNB,RES,R12N,182648.89,91324.44,5.74,7.24,Under DFE,0,0
8364151,-72.842288,40.757632,RES1-1SNB,RES,R11N,148082.47,74041.24,4.8844,5.3844,Under DFE,0,0
8364193,-72.845878,40.755876,RES1-2SWB,RES,R12B,440264.7,220132.35,3.2549,5.2549,Under DFE,0,0
8364192,-72.845656,40.755399,RES1-1SNB,RES,R11N,161813.78,80906.89,2.1205,2.6205,Under DFE,0,0
8364194,-72.846191,40.755819,RES1-1SWB,RES,R11B,282722.9,141361.45,4.0383,6.0383,Under DFE,0,0
8364223,-72.846228,40.768001,RES3A,RES,R3A5N,798375.49,399187.74,16.7957,18.2957,Above DFE,0,0
8364224,-72.845409,40.768457,RES1-3SNB,RES,R13N,242547.32,121273.66,16.6994,17.1994,Above DFE,0,0
8364225,-72.845352,40.768281,RES1-2SWB,RES,R12B,150403.11,75201.56,17.2238,19.2238,Above DFE,0,0
8364226,-72.846562,40.768138,RES1-1SWB,RES,R11B,304953.78,152476.89,16.8516,18.8516,Above DFE,0,0
8364227,-72.845822,40.76835,RES1-1SNB,RES,R11N,143031.56,71515.78,18.163,19.663,Above DFE,0,0
8364228,-72.845155,40.768476,RES1-1SWB,RES,R11B,219564.42,109782.21,18.2811,20.2811,Above DFE,0,0
8364229,-72.846191,40.762081,RES1-2SNB,RES,R12N,369112.97,184556.48,11.8512,12.3512,Above DFE,0,0
8364230,-72.845755,40.762138,RES1-2SNB,RES,R12N,207272.64,103636.32,12.548,14.048,Above DFE,0,0
8364231,-72.845263,40.760974,RES1-1SWB,RES,R11B,297009.51,148504.75,10.5668,12.5668,Above DFE,0,0
8364232,-72.84544,40.761306,RES1-2SWB,RES,R12B,299767.36,149883.68,12.8892,14.8892,Above DFE,0,0
8364233,-72.845588,40.761721,RES1-1SWB,RES,R11B,267397.01,133698.51,12.5014,14.5014,Above DFE,0,0
8364234,-72.845649,40.760997,RES1-2SWB,RES,R12B,281814.17,140907.09,9.989,11.989,Above DFE,0,0
8364235,-72.845511,40.760659,RES1-3SNB,RES,R13N,218370.39,109185.19,9.3176,10.8176,Above DFE,0,0
8364236,-72.845169,40.760707,RES1-1SWB,RES,R11B,291107.61,145553.81,10.3533,12.3533,Above DFE,0,0
8364237,-72.845867,40.761455,RES1-1SWB,RES,R11B,452692.98,226346.49,12.2581,14.2581,Above DFE,0,0
8364250,-72.848073,40.778015,RES3A,RES,R3A1B,682188.23,341094.11,23.7454,25.7454,Above DFE,0,0
8364251,-72.848225,40.778387,RES3A,RES,R3A3N,862132.57,431066.28,25.1391,26.6391,Above DFE,0,0
8364252,-72.848274,40.778614,COM4,NONRES,C4LN,1331652.27,1331652.27,24.4521,24.9521,Above DFE,0,0
8364253,-72.848301,40.776746,REL1,NONRES,RE1LN,2340336.78,2340336.78,25.2578,25.7578,Above DFE,0,0
8364254,-72.847632,40.776889,RES3A,RES,R3A1N,766175.96,383087.98,23.2746,23.7746,Above DFE,0,0
8364255,-72.848967,40.776731,COM3,NONRES,C3LN,1185516.69,1185516.69,26.9219,27.4219,Above DFE,0,0
8364256,-72.847988,40.777808,RES3A,RES,R3A3N,884041.47,442020.74,24.0947,24.5947,Above DFE,0,0
8364257,-72.847622,40.777046,RES1-2SNB,RES,R12N,248135.53,124067.77,23.3558,23.8558,Above DFE,0,0
8364258,-72.847813,40.777464,RES1-1SWB,RES,R11B,189200.46,94600.23,23.7374,25.7374,Above DFE,0,0
8364259,-72.847866,40.777623,RES1-2SWB,RES,R12B,413857.45,206928.72,23.9369,25.9369,Above DFE,0,0
8364260,-72.847717,40.777145,RES3A,RES,R3A1N,940617.53,470308.77,23.7755,25.2755,Above DFE,0,0
8364261,-72.848517,40.769137,RES1-3SNB,RES,R13N,365790.82,182895.41,17.2576,17.7576,Above DFE,0,0
8364262,-72.848776,40.769065,RES1-3SNB,RES,R13N,307787.76,153893.88,16.7174,17.2174,Above DFE,0,0
8364263,-72.8489,40.768778,RES1-1SWB,RES,R11B,272415.58,136207.79,16.7781,18.7781,Above DFE,0,0
8364264,-72.848011,40.769018,RES1-1SNB,RES,R11N,111841.57,55920.78,19.4369,20.9369,Above DFE,0,0
8364265,-72.84834,40.768828,RES1-1SNB,RES,R11N,181781.96,90890.98,16.9324,18.4324,Above DFE,0,0
8364266,-72.848232,40.76921,RES1-3SWB,RES,R13B,336830.96,168415.48,18.4313,20.4313,Above DFE,0,0
8364320,-72.851559,40.768478,RES3A,RES,R3A5B,720610.97,360305.48,11.6055,13.6055,Above DFE,0,0
8364321,-72.850982,40.768474,RES3A,RES,R3A1B,850911.39,425455.7,16.0105,18.0105,Above DFE,0,0
8364322,-72.850946,40.768245,IND6,NONRES,I6LN,NaN,NaN,15.3247,15.8247,Above DFE,0,0
8364323,-72.851246,40.768116,RES3A,RES,R3A1N,647539.23,323769.62,12.7826,13.2826,Above DFE,0,0
8364324,-72.851563,40.768631,RES3A,RES,R3A3B,743565.25,371782.62,11.6501,13.6501,Above DFE,0,0
8364337,-72.853335,40.757718,RES3A,RES,R3A3N,715134.65,357567.32,8.3353,8.8353,Under DFE,0,0
8364338,-72.853655,40.757388,RES1-1SWB,RES,R11B,238201.64,119100.82,9.3791,11.3791,Above DFE,0,0
8364339,-72.853458,40.757912,RES1-2SWB,RES,R12B,363970.49,181985.24,9.9843,11.9843,Above DFE,0,0
8364340,-72.853481,40.757055,RES1-1SWB,RES,R11B,247838.3,123919.15,8.4804,10.4804,Above DFE,0,0
8364341,-72.85353,40.758242,RES1-2SWB,RES,R12B,351952.64,175976.32,8.8591,10.8591,Above DFE,0,0
8364342,-72.852845,40.756659,RES1-1SNB,RES,R11N,111023.41,55511.71,6.2057,6.7057,Under DFE,0,0
8364343,-72.853053,40.756886,RES1-1SNB,RES,R11N,72491.71,36245.86,6.919,7.419,Under DFE,0,0
8364344,-72.853159,40.757328,RES1-1SWB,RES,R11B,150842.73,75421.36,7.4623,9.4623,Under DFE,0,0
8364345,-72.853268,40.757601,RES1-1SNB,RES,R11N,133050.39,66525.19,8.0823,8.5823,Under DFE,0,0
8364346,-72.853351,40.756785,RES1-1SWB,RES,R11B,141908.25,70954.13,7.1882,9.1882,Under DFE,0,0
8364347,-72.853302,40.756614,RES1-2SWB,RES,R12B,269752.31,134876.16,7.9088,9.9088,Under DFE,0,0
8364348,-72.853485,40.757204,RES3A,RES,R3A1N,931182.99,465591.49,7.7709,9.2709,Under DFE,0,0
8364349,-72.853797,40.75814,RES1-1SWB,RES,R11B,154887.55,77443.78,10.0522,12.0522,Above DFE,0,0
8364350,-72.853826,40.757828,RES1-1SWB,RES,R11B,215403.69,107701.85,10.301,12.301,Above DFE,0,0
8364351,-72.853042,40.757056,RES1-1SWB,RES,R11B,225239.68,112619.84,7.0565,9.0565,Under DFE,0,0
8364361,-72.854084,40.761735,RES3A,RES,R3A1B,797840.12,398920.06,12.6785,14.6785,Above DFE,0,0
8364362,-72.853726,40.760863,RES3A,RES,R3A1N,687755.28,343877.64,12.3337,12.8337,Above DFE,0,0
8364363,-72.854854,40.762753,COM1,NONRES,C1LN,767020.41,767020.41,14.9383,15.4383,Above DFE,0,0
8364364,-72.854252,40.76099,RES1-1SNB,RES,R11N,110725.52,55362.76,11.4504,11.9504,Above DFE,0,0
8364365,-72.854265,40.761983,RES1-1SNB,RES,R11N,143954.65,71977.32,13.6252,15.1252,Above DFE,0,0
8364366,-72.853827,40.761052,RES1-1SWB,RES,R11B,199240.27,99620.13,14.2992,16.2992,Above DFE,0,0
8364367,-72.854112,40.760796,RES1-1SWB,RES,R11B,175911.18,87955.59,12.9051,14.9051,Above DFE,0,0
8364368,-72.854296,40.761205,RES1-2SWB,RES,R12B,298463.84,149231.92,13.294,15.294,Above DFE,0,0
8364369,-72.854911,40.762596,RES1-1SWB,RES,R11B,157191.35,78595.67,14.2697,16.2697,Above DFE,0,0
8364370,-72.85472,40.762658,RES1-2SWB,RES,R12B,117874.92,58937.46,14.2754,16.2754,Above DFE,0,0
8364371,-72.854722,40.7622,RES1-1SWB,RES,R11B,156631.39,78315.7,14.0158,16.0158,Above DFE,0,0
8364372,-72.854023,40.760561,RES1-1SWB,RES,R11B,206694.67,103347.34,11.5315,13.5315,Above DFE,0,0
8364373,-72.854568,40.761724,RES1-1SNB,RES,R11N,121624.29,60812.15,12.6463,13.1463,Above DFE,0,0
8364374,-72.854455,40.761456,RES1-1SNB,RES,R11N,218192.34,109096.17,13.1025,13.6025,Above DFE,0,0
8364375,-72.853717,40.760673,RES1-1SWB,RES,R11B,169797.46,84898.73,12.6982,14.6982,Above DFE,0,0
8364376,-72.854747,40.762523,RES1-2SNB,RES,R12N,249920.85,124960.43,13.6428,14.1428,Above DFE,0,0
8364417,-72.855034,40.75973,RES3A,RES,R3A3B,662639.18,331319.59,11.7405,13.7405,Above DFE,0,0
8364418,-72.855189,40.759695,RES1-1SWB,RES,R11B,225235.37,112617.68,11.9738,13.9738,Above DFE,0,0
8364419,-72.855876,40.759693,RES1-1SNB,RES,R11N,168538.92,84269.46,12.4344,12.9344,Above DFE,0,0
8364420,-72.856548,40.759579,RES1-2SNB,RES,R12N,279878.96,139939.48,12.8109,13.3109,Above DFE,0,0
8364421,-72.856115,40.759468,RES1-1SNB,RES,R11N,108451.49,54225.74,13.0381,13.5381,Above DFE,0,0
8364422,-72.856348,40.759664,RES1-2SWB,RES,R12B,191517.68,95758.84,12.8601,14.8601,Above DFE,0,0
8364423,-72.856002,40.759478,RES1-2SWB,RES,R12B,250593.48,125296.74,12.606,14.606,Above DFE,0,0
8364470,-72.855891,40.761524,RES1-1SNB,RES,R11N,214727.52,107363.76,15.6767,16.1767,Above DFE,0,0
8364471,-72.856493,40.761679,RES1-1SNB,RES,R11N,94947.99,47473.99,14.5936,15.0936,Above DFE,0,0
8364472,-72.857298,40.761419,RES1-3SNB,RES,R13N,360833.34,180416.67,14.0969,15.5969,Above DFE,0,0
8364473,-72.856392,40.761391,COM3,NONRES,C3LN,NaN,NaN,14.9351,15.4351,Above DFE,0,0
8364474,-72.856135,40.761467,RES1-1SWB,RES,R11B,299193.96,149596.98,14.5611,16.5611,Above DFE,0,0
8364475,-72.856586,40.761625,RES1-1SWB,RES,R11B,198274.39,99137.2,13.7723,15.7723,Above DFE,0,0
8364476,-72.857282,40.761187,RES1-1SWB,RES,R11B,178657.83,89328.92,14.1114,16.1114,Above DFE,0,0
8364477,-72.856239,40.761709,RES1-2SWB,RES,R12B,264147.15,132073.57,17.1332,19.1332,Above DFE,0,0
8364478,-72.857012,40.761236,RES1-2SWB,RES,R12B,333582.61,166791.3,13.7115,15.7115,Above DFE,0,0
8364479,-72.855986,40.761773,RES1-1SWB,RES,R11B,219898.89,109949.45,15.4683,17.4683,Above DFE,0,0
8364480,-72.856704,40.761306,RES1-1SWB,RES,R11B,265659.44,132829.72,13.302,15.302,Above DFE,0,0
8364481,-72.856184,40.749461,RES3A,RES,R3A3N,715696.11,357848.06,2.9346,3.4346,Under DFE,0,0
8364564,-72.859622,40.751767,RES1-2SNB,RES,R12N,169001.77,84500.89,4.7485,5.2485,Under DFE,0,0
8364565,-72.859605,40.751869,RES1-1SNB,RES,R11N,137091.58,68545.79,4.7566,5.2566,Under DFE,0,0
8364566,-72.859244,40.751142,RES3A,RES,R3A1B,1043605.48,521802.74,4.946,6.946,Under DFE,0,0
8364567,-72.859598,40.751255,RES1-1SWB,RES,R11B,244909.02,122454.51,5.0172,7.0172,Under DFE,0,0
8364568,-72.859657,40.750647,RES1-1SNB,RES,R11N,157263.57,78631.78,3.6532,4.1532,Under DFE,0,0
8364569,-72.85969,40.750483,RES1-2SNB,RES,R12N,319617.46,159808.73,3.788,5.288,Under DFE,0,0
8364570,-72.85961,40.751619,RES1-1SNB,RES,R11N,131655.59,65827.8,5.9389,6.4389,Under DFE,0,0
8364571,-72.859612,40.7514,RES1-2SWB,RES,R12B,207457.95,103728.97,5.2298,7.2298,Under DFE,0,0
8364593,-72.860034,40.761237,RES3A,RES,R3A5N,665246.18,332623.09,14.5959,15.0959,Above DFE,0,0
8364594,-72.859873,40.761368,RES1-1SWB,RES,R11B,225959.28,112979.64,15.0336,17.0336,Above DFE,0,0
8364595,-72.860028,40.760461,RES3A,RES,R3A5N,770219.75,385109.88,11.2776,11.7776,Above DFE,0,0
8364596,-72.860016,40.760748,RES1-1SWB,RES,R11B,153033.38,76516.69,12.2758,14.2758,Above DFE,0,0
8364597,-72.860005,40.761123,RES1-1SWB,RES,R11B,126924.07,63462.04,13.5584,15.5584,Above DFE,0,0
8364598,-72.859603,40.761246,RES1-1SWB,RES,R11B,225395.36,112697.68,14.1632,16.1632,Above DFE,0,0
8364653,-72.869577,40.748956,RES1-1SWB,RES,R11B,308427.26,154213.63,6.3654,8.3654,Under DFE,0,0
8364654,-72.870074,40.748974,RES1-2SWB,RES,R12B,434723.88,217361.94,7.2064,9.2064,Under DFE,0,0
8364655,-72.871216,40.74894,RES3A,RES,R3A3B,387518.61,193759.3,6.3269,8.3269,Under DFE,0,0
8364656,-72.869454,40.748567,RES1-2SWB,RES,R12B,338221.44,169110.72,7.6444,9.6444,Under DFE,0,0
8364657,-72.870847,40.748515,RES1-1SWB,RES,R11B,345434.09,172717.04,4.7783,6.7783,Under DFE,0,0
8364658,-72.869577,40.748779,RES1-2SWB,RES,R12B,453520.55,226760.28,5.9891,7.9891,Under DFE,0,0
8364659,-72.870101,40.748536,RES1-2SWB,RES,R12B,319724.76,159862.38,4.7902,6.7902,Under DFE,0,0
8364660,-72.870668,40.748943,RES1-1SWB,RES,R11B,249776.64,124888.32,6.412,8.412,Under DFE,0,0
8364661,-72.87064,40.748526,RES1-2SWB,RES,R12B,209454.34,104727.17,4.9317,6.9317,Under DFE,0,0
8364662,-72.870981,40.748934,RES3A,RES,R3A1B,563300.75,281650.37,7.4549,9.4549,Under DFE,0,0
8364663,-72.869877,40.748541,RES1-1SWB,RES,R11B,372968.12,186484.06,5.4489,7.4489,Under DFE,0,0
8364664,-72.870396,40.74897,RES1-1SWB,RES,R11B,304335.36,152167.68,7.3098,9.3098,Under DFE,0,0
8364665,-72.870333,40.748548,RES1-1SWB,RES,R11B,466160.06,233080.03,4.9431,6.9431,Under DFE,0,0
8364806,-72.879817,40.747423,RES1-2SNB,RES,R12N,226919.61,113459.8,6.0912,14.0912,Above DFE,0,0
8364807,-72.877767,40.747474,RES1-2SWB,RES,R12B,204258.64,102129.32,6.514,8.514,Under DFE,0,0
8364808,-72.879389,40.74744,RES1-1SNB,RES,R11N,157763.36,78881.68,5.8004,6.3004,Under DFE,0,0
8364809,-72.880288,40.747399,RES1-1SNB,RES,R11N,165880.67,82940.34,5.7607,13.7607,Above DFE,0,0
8364810,-72.878123,40.747538,RES1-2SWB,RES,R12B,231632.93,115816.47,6.3949,8.3949,Under DFE,0,0
8364811,-72.878305,40.747528,RES1-2SWB,RES,R12B,254282.26,127141.13,7.1284,9.1284,Under DFE,0,0
8364812,-72.878789,40.747492,RES1-2SNB,RES,R12N,362826.75,181413.38,8.6621,10.1621,Above DFE,0,0
8364813,-72.880389,40.747793,RES1-2SWB,RES,R12B,277689.9,138844.95,7.1761,9.1761,Under DFE,0,0
8364814,-72.879592,40.747851,RES1-1SNB,RES,R11N,142202.87,71101.44,6.1793,14.1793,Above DFE,0,0
8364815,-72.881006,40.747371,RES1-1SNB,RES,R11N,337241.31,168620.65,4.8556,12.8556,Above DFE,0,0
8364816,-72.879228,40.747791,RES1-2SWB,RES,R12B,355598.86,177799.43,7.9589,9.9589,Under DFE,0,0
8364817,-72.88065,40.747387,RES1-1SNB,RES,R11N,166047.12,83023.56,5.7196,7.2196,Under DFE,0,0
8364818,-72.877396,40.747868,RES1-2SWB,RES,R12B,388321.69,194160.84,5.8627,7.8627,Under DFE,0,0
8364819,-72.881999,40.747482,RES1-1SNB,RES,R11N,165042.05,82521.02,5.709,13.709,Above DFE,0,0
8364820,-72.879563,40.747384,RES1-1SNB,RES,R11N,119970.68,59985.34,5.6359,7.1359,Under DFE,0,0
8364821,-72.878479,40.747515,RES1-2SWB,RES,R12B,260571.17,130285.58,6.3699,8.3699,Under DFE,0,0
8364822,-72.879059,40.747858,RES1-1SWB,RES,R11B,264004.53,132002.27,6.0049,8.0049,Under DFE,0,0
8364823,-72.879039,40.74748,RES1-2SWB,RES,R12B,396973.16,198486.58,6.7282,8.7282,Under DFE,0,0
8364824,-72.878268,40.747877,RES1-1SWB,RES,R11B,180136.52,90068.26,5.5462,7.5462,Under DFE,0,0
8364825,-72.878508,40.747894,RES1-2SWB,RES,R12B,141108.88,70554.44,5.9921,7.9921,Under DFE,0,0
8364826,-72.880469,40.747391,RES1-1SNB,RES,R11N,167200.31,83600.16,5.4767,13.4767,Above DFE,0,0
8364827,-72.881392,40.747782,RES1-1SWB,RES,R11B,203879.78,101939.89,4.2929,6.2929,Under DFE,0,0
8364828,-72.880675,40.747813,RES1-1SWB,RES,R11B,143814.57,71907.28,6.6122,8.6122,Under DFE,0,0
8364829,-72.879195,40.747442,RES1-2SWB,RES,R12B,223209.27,111604.63,5.2902,7.2902,Under DFE,0,0
8364830,-72.879961,40.74779,RES1-2SWB,RES,R12B,193208.2,96604.1,4.6928,6.6928,Under DFE,0,0
8364831,-72.878692,40.7479,RES1-3SWB,RES,R13B,232010.96,116005.48,6.2669,8.2669,Under DFE,0,0
8364832,-72.881521,40.747419,RES1-1SWB,RES,R11B,335642.19,167821.09,5.0791,7.0791,Under DFE,0,0
8364833,-72.877798,40.747868,RES1-1SWB,RES,R11B,269098.1,134549.05,6.051,8.051,Under DFE,0,0
8364834,-72.877329,40.747514,RES1-1SNB,RES,R11N,236287.06,118143.53,5.1161,13.1161,Above DFE,0,0
8364835,-72.880123,40.747817,RES1-1SWB,RES,R11B,297262.44,148631.22,6.436,8.436,Under DFE,0,0
8364836,-72.881998,40.747763,RES3A,RES,R3A1B,352773.68,176386.84,4.6451,6.6451,Under DFE,0,0
8364837,-72.881281,40.747431,RES1-2SWB,RES,R12B,210884.8,105442.4,4.4085,6.4085,Under DFE,0,0
8364838,-72.880849,40.747821,RES1-1SWB,RES,R11B,134432.22,67216.11,5.7081,7.7081,Under DFE,0,0
8364839,-72.880062,40.747414,RES1-2SNB,RES,R12N,226919.61,113459.8,6.2028,14.2028,Above DFE,0,0
8386035,-72.822297,40.774762,RES1-2SWB,RES,R12B,452981.83,226490.91,9.224,11.224,Above DFE,0,0
8386036,-72.824288,40.774335,RES1-1SNB,RES,R11N,165073.27,82536.63,9.0448,9.5448,Under DFE,0,0
8386037,-72.821494,40.775359,RES1-3SWB,RES,R13B,376737.94,188368.97,8.4936,10.4936,Above DFE,0,0
8386024,-72.82211,40.774781,RES1-2SWB,RES,R12B,288462.39,144231.2,9.0177,11.0177,Above DFE,0,0
8386025,-72.822428,40.775107,COM2,NONRES,C2LN,NaN,NaN,9.3908,9.8908,Under DFE,0,0
8386026,-72.82406,40.774767,RES1-1SWB,RES,R11B,335699,167849.5,9.6447,11.6447,Above DFE,0,0
8386027,-72.825252,40.774114,RES1-1SNB,RES,R11N,145282,72641,9.6574,10.1574,Above DFE,0,0
8386028,-72.821388,40.774878,RES1-3SNB,RES,R13N,377318.2,188659.1,8.9264,9.4264,Under DFE,0,0
8386029,-72.821438,40.775018,RES1-2SWB,RES,R12B,254832.95,127416.47,9.3758,11.3758,Above DFE,0,0
8386030,-72.825508,40.774533,RES1-1SWB,RES,R11B,162169.67,81084.84,9.4203,11.4203,Above DFE,0,0
8386031,-72.823186,40.774941,RES1-1SWB,RES,R11B,235977.98,117988.99,10.9712,12.9712,Above DFE,0,0
8386032,-72.821883,40.775221,RES1-2SNB,RES,R12N,356531.69,178265.85,8.3264,8.8264,Under DFE,0,0
8386033,-72.821761,40.774844,RES1-2SWB,RES,R12B,286846.74,143423.37,8.8491,10.8491,Above DFE,0,0
8386034,-72.82499,40.774612,RES1-2SWB,RES,R12B,309037.86,154518.93,9.1059,11.1059,Above DFE,0,0
8386038,-72.82193,40.774809,RES1-1SNB,RES,R11N,202563.54,101281.77,8.8911,10.3911,Above DFE,0,0
8386039,-72.822768,40.775073,RES1-1SWB,RES,R11B,184894.23,92447.12,9.3916,11.3916,Above DFE,0,0
8386040,-72.825303,40.774208,RES1-2SWB,RES,R12B,196708.69,98354.35,8.8932,10.8932,Above DFE,0,0
8386041,-72.823649,40.774861,RES1-1SWB,RES,R11B,197882.98,98941.49,9.8794,11.8794,Above DFE,0,0
8386042,-72.823145,40.774568,RES1-2SNB,RES,R12N,414844.94,207422.47,9.6598,11.1598,Above DFE,0,0
8386043,-72.825264,40.774578,RES1-1SWB,RES,R11B,296860.1,148430.05,9.839,11.839,Above DFE,0,0
8386044,-72.821839,40.774975,RES3A,RES,R3A1B,372804.66,186402.33,9.018,11.018,Above DFE,0,0
8386045,-72.824811,40.774202,IND6,NONRES,I6LN,NaN,NaN,8.3011,8.8011,Under DFE,0,0
8386046,-72.823847,40.774415,RES1-2SWB,RES,R12B,372700.18,186350.09,9.0827,11.0827,Above DFE,0,0
8386047,-72.823805,40.77485,RES1-1SWB,RES,R11B,160198.48,80099.24,8.9819,10.9819,Above DFE,0,0
8386097,-72.832668,40.765537,RES1-2SNB,RES,R12N,246074.17,123037.09,9.1812,9.6812,Under DFE,0,0
8386098,-72.832273,40.765301,RES1-1SNB,RES,R11N,147763.82,73881.91,8.6371,9.1371,Under DFE,0,0
8386099,-72.832426,40.76527,RES1-1SWB,RES,R11B,274241,137120.5,8.3601,10.3601,Above DFE,0,0
8386100,-72.832035,40.765394,RES1-1SWB,RES,R11B,164302.14,82151.07,8.7017,10.7017,Above DFE,0,0
8386101,-72.8313,40.765801,RES1-1SWB,RES,R11B,192224.56,96112.28,9.5002,11.5002,Above DFE,0,0
8386102,-72.831962,40.765605,RES3A,RES,R3A1B,372804.66,186402.33,8.6312,10.6312,Above DFE,0,0
8386103,-72.832222,40.765426,RES1-1SNB,RES,R11N,93703.5,46851.75,8.4678,8.9678,Under DFE,0,0
8386104,-72.832191,40.765661,RES1-1SWB,RES,R11B,233257.35,116628.68,10.2451,12.2451,Above DFE,0,0
8386105,-72.831437,40.765566,RES1-2SWB,RES,R12B,291924.21,145962.11,9.1483,11.1483,Above DFE,0,0
8386106,-72.833005,40.765139,RES1-1SWB,RES,R11B,205357.73,102678.86,10.3718,12.3718,Above DFE,0,0
8386107,-72.831041,40.765573,RES1-1SWB,RES,R11B,212389.88,106194.94,8.5627,10.5627,Above DFE,0,0
8386108,-72.83272,40.765218,RES1-3SNB,RES,R13N,320490.57,160245.29,10.7364,11.2364,Above DFE,0,0
8386109,-72.831614,40.765825,RES1-1SNB,RES,R11N,226289.47,113144.74,8.6736,10.1736,Above DFE,0,0
8386110,-72.832418,40.765631,RES1-2SNB,RES,R12N,206856.88,103428.44,9.3704,9.8704,Under DFE,0,0
8386111,-72.831798,40.765793,RES1-1SNB,RES,R11N,122421.97,61210.99,8.7002,9.2002,Under DFE,0,0
8386112,-72.83313,40.76541,RES1-1SWB,RES,R11B,184662.77,92331.38,10.099,12.099,Above DFE,0,0
8386113,-72.831946,40.765729,RES1-1SWB,RES,R11B,230686.39,115343.2,8.9163,10.9163,Above DFE,0,0
8386151,-72.837272,40.771498,RES1-2SNB,RES,R12N,401192.39,200596.19,10.842,11.342,Above DFE,0,0
8386141,-72.834096,40.767655,RES1-2SWB,RES,R12B,528166.31,264083.16,14.2233,16.2233,Above DFE,0,0
8386142,-72.833418,40.767817,RES1-2SNB,RES,R12N,339209.44,169604.72,13.5099,14.0099,Above DFE,0,0
8386143,-72.833952,40.768001,RES1-2SWB,RES,R12B,441402.49,220701.24,14.2377,16.2377,Above DFE,0,0
8386144,-72.832909,40.76795,COM1,NONRES,C1LN,322596.03,322596.03,14.3114,14.8114,Above DFE,0,0
8386145,-72.833753,40.768056,RES1-2SWB,RES,R12B,348480.34,174240.17,15.2823,17.2823,Above DFE,0,0
8386146,-72.834081,40.767883,RES1-2SNB,RES,R12N,179852.84,89926.42,14.3405,14.8405,Above DFE,0,0
8386147,-72.833502,40.768097,RES1-2SNB,RES,R12N,491479.93,245739.97,14.4506,14.9506,Above DFE,0,0
8386148,-72.834244,40.76795,RES1-1SNB,RES,R11N,239631.75,119815.88,14.7429,15.2429,Above DFE,0,0
8386149,-72.833763,40.767736,RES1-2SNB,RES,R12N,305509.53,152754.76,14.1018,14.6018,Above DFE,0,0
8386150,-72.833219,40.767871,RES1-3SNB,RES,R13N,479645.74,239822.87,13.9417,14.4417,Above DFE,0,0
8386152,-72.837523,40.771193,RES1-1SNB,RES,R11N,230228.85,115114.43,12.042,13.542,Above DFE,0,0
8386153,-72.837884,40.772039,RES1-2SWB,RES,R12B,273087.34,136543.67,11.3732,13.3732,Above DFE,0,0
8386154,-72.837474,40.772052,RES1-2SWB,RES,R12B,271790.51,135895.25,11.8263,13.8263,Above DFE,0,0
8386155,-72.837991,40.772244,RES1-1SWB,RES,R11B,348224.38,174112.19,13.0866,15.0866,Above DFE,0,0
8386156,-72.837776,40.771785,RES3A,RES,R3A1B,565036.33,282518.16,9.3016,11.3016,Above DFE,0,0
8386157,-72.837614,40.772356,RES1-1SNB,RES,R11N,219437.82,109718.91,13.7738,15.2738,Above DFE,0,0
8386158,-72.837344,40.771685,RES1-2SNB,RES,R12N,351504.76,175752.38,8.7849,9.2849,Under DFE,0,0
8386159,-72.837699,40.771526,RES1-2SNB,RES,R12N,294218.59,147109.3,9.9252,10.4252,Above DFE,0,0
8386160,-72.837371,40.770974,RES1-1SNB,RES,R11N,258849.72,129424.86,11.704,12.204,Above DFE,0,0
8386161,-72.837722,40.772541,RES1-1SWB,RES,R11B,300465.55,150232.77,14.598,16.598,Above DFE,0,0
8386178,-72.83754,40.76716,COM3,NONRES,C3LN,354876.39,354876.39,13.4184,13.9184,Above DFE,0,0
8386179,-72.837645,40.767395,RES1-2SWB,RES,R12B,463561.8,231780.9,14.6077,16.6077,Above DFE,0,0
8386180,-72.837956,40.768088,RES1-1SWB,RES,R11B,352556.51,176278.25,15.3791,17.3791,Above DFE,0,0
8386181,-72.83935,40.768001,RES1-2SWB,RES,R12B,373997.6,186998.8,13.2699,15.2699,Above DFE,0,0
8386182,-72.839092,40.766462,RES1-1SNB,RES,R11N,250224.83,125112.42,14.3076,15.8076,Above DFE,0,0
8386183,-72.839605,40.767818,RES1-2SWB,RES,R12B,206880.91,103440.46,14.6197,16.6197,Above DFE,0,0
8386184,-72.839308,40.766852,RES1-1SWB,RES,R11B,229826.72,114913.36,13.3595,15.3595,Above DFE,0,0
8386185,-72.839346,40.767042,RES1-1SWB,RES,R11B,375034.93,187517.46,14.5025,16.5025,Above DFE,0,0
8386186,-72.839099,40.767467,RES1-2SWB,RES,R12B,387116.63,193558.31,14.0569,16.0569,Above DFE,0,0
8386187,-72.838923,40.767008,RES1-2SWB,RES,R12B,481461.1,240730.55,14.7104,16.7104,Above DFE,0,0
8386188,-72.839472,40.76793,RES1-2SWB,RES,R12B,264323.22,132161.61,14.5063,16.5063,Above DFE,0,0
8386189,-72.838735,40.766496,RES1-2SNB,RES,R12N,369801.49,184900.74,13.6878,15.1878,Above DFE,0,0
8386190,-72.839557,40.767437,RES1-1SWB,RES,R11B,293578.27,146789.13,15.0445,17.0445,Above DFE,0,0
8386191,-72.838853,40.766751,RES1-2SWB,RES,R12B,416404.66,208202.33,13.1651,15.1651,Above DFE,0,0
8386192,-72.83899,40.767188,RES1-1SWB,RES,R11B,240387.99,120193.99,14.4808,16.4808,Above DFE,0,0
8386193,-72.839614,40.767616,RES1-2SNB,RES,R12N,401422.15,200711.07,15.9381,16.4381,Above DFE,0,0
8386194,-72.839432,40.767225,RES1-1SWB,RES,R11B,219607.2,109803.6,14.8941,16.8941,Above DFE,0,0
8386265,-72.844958,40.765512,RES1-2SWB,RES,R12B,221201.3,110600.65,14.0524,16.0524,Above DFE,0,0
8386266,-72.844665,40.765935,RES1-2SWB,RES,R12B,307431.98,153715.99,14.3779,16.3779,Above DFE,0,0
8386267,-72.845172,40.765477,RES1-1SNB,RES,R11N,189895.89,94947.94,14.2573,14.7573,Above DFE,0,0
8386268,-72.845411,40.765419,RES1-1SWB,RES,R11B,273294.36,136647.18,14.0074,16.0074,Above DFE,0,0
8386269,-72.844311,40.765695,RES1-2SWB,RES,R12B,417853.4,208926.7,14.7235,16.7235,Above DFE,0,0
8386270,-72.845299,40.765769,RES1-2SWB,RES,R12B,315043.95,157521.98,13.4704,15.4704,Above DFE,0,0
8386271,-72.844949,40.765855,RES1-2SNB,RES,R12N,183509.36,91754.68,14.3335,15.8335,Above DFE,0,0
8386272,-72.84409,40.765986,RES1-2SWB,RES,R12B,246912.9,123456.45,14.731,16.731,Above DFE,0,0
8386273,-72.844132,40.765827,RES1-2SWB,RES,R12B,274773.75,137386.88,13.9913,15.9913,Above DFE,0,0
8386274,-72.844777,40.765915,RES1-1SWB,RES,R11B,187928.28,93964.14,14.2713,16.2713,Above DFE,0,0
8386275,-72.844436,40.765997,RES1-1SNB,RES,R11N,104750.12,52375.06,14.5996,15.0996,Above DFE,0,0
8386276,-72.844682,40.76558,RES1-1SWB,RES,R11B,145541.67,72770.84,13.9068,15.9068,Above DFE,0,0
8386277,-72.845774,40.765645,RES1-2SNB,RES,R12N,272939.04,136469.52,13.1943,13.6943,Above DFE,0,0
8386292,-72.846569,40.75751,RES1,RES,R12B,195987.05,97993.52,4.81,9.01,Under DFE,0,0
8386293,-72.846913,40.757712,RES1-2SWB,RES,R12B,362837.2,181418.6,3.2643,5.2643,Under DFE,0,0
8386306,-72.848816,40.752454,RES1-1SWB,RES,R11B,228460.62,114230.31,3.4143,5.4143,Under DFE,0,0
8386307,-72.848685,40.752189,RES1-1SNB,RES,R11N,209389.75,104694.87,5.2385,5.7385,Under DFE,0,0
8386343,-72.849428,40.76856,RES1-2SWB,RES,R12B,339235.6,169617.8,16.2157,18.2157,Above DFE,0,0
8386344,-72.850461,40.76858,RES1-1SWB,RES,R11B,199078.84,99539.42,14.9568,16.9568,Above DFE,0,0
8386345,-72.850421,40.768345,RES1-2SWB,RES,R12B,359382.68,179691.34,15.2696,17.2696,Above DFE,0,0
8386346,-72.849545,40.768898,RES1-2SWB,RES,R12B,299031.83,149515.91,16.2709,18.2709,Above DFE,0,0
8386347,-72.84979,40.768449,RES1-2SWB,RES,R12B,278188.82,139094.41,15.7192,17.7192,Above DFE,0,0
8386348,-72.850073,40.768445,RES1-1SWB,RES,R11B,175318.83,87659.42,16.019,18.019,Above DFE,0,0
8386371,-72.851393,40.772646,RES3A,RES,R3A3N,829491.59,414745.8,20.4796,21.9796,Above DFE,0,0
8386372,-72.84965,40.772475,RES3A,RES,R3A1B,783702.39,391851.2,23.4602,25.4602,Above DFE,0,0
8386373,-72.851015,40.772407,RES3A,RES,R3A1N,887897.25,443948.62,21.4003,21.9003,Above DFE,0,0
8386374,-72.849363,40.772779,RES3A,RES,R3A1B,857969.28,428984.64,23.8719,25.8719,Above DFE,0,0
8386375,-72.850675,40.772704,COM3,NONRES,C3LN,NaN,NaN,23.159,23.659,Above DFE,0,0
8386376,-72.850203,40.772718,COM1,NONRES,C1LN,NaN,NaN,22.7501,23.2501,Above DFE,0,0
8386377,-72.850665,40.772435,RES3A,RES,R3A1B,897675.52,448837.76,22.8675,24.8675,Above DFE,0,0
8386378,-72.849278,40.772529,RES3A,RES,R3A1B,675700.3,337850.15,23.1345,25.1345,Above DFE,0,0
8386379,-72.849969,40.772449,RES1-2SWB,RES,R12B,300339.46,150169.73,22.5961,24.5961,Above DFE,0,0
8386380,-72.84974,40.772739,IND6,NONRES,I6LN,NaN,NaN,23.6086,24.1086,Above DFE,0,0
8386400,-72.855171,40.755487,RES1-1SWB,RES,R11B,160021.97,80010.98,8.8121,10.8121,Above DFE,0,0
8386401,-72.855272,40.755444,RES1-2SWB,RES,R12B,153939.56,76969.78,8.5522,10.5522,Above DFE,0,0
8386402,-72.855504,40.755412,RES1-2SWB,RES,R12B,350949.29,175474.65,8.3454,10.3454,Above DFE,0,0
8386403,-72.854446,40.755918,RES1-1SNB,RES,R11N,157046.83,78523.42,7.7837,8.2837,Under DFE,0,0
8386404,-72.85441,40.755683,RES1-1SWB,RES,R11B,273096.65,136548.33,8.8137,10.8137,Above DFE,0,0
8386405,-72.855874,40.755448,RES1-2SWB,RES,R12B,454415.24,227207.62,8.5987,10.5987,Above DFE,0,0
8386406,-72.855401,40.755716,RES1-1SNB,RES,R11N,117067.9,58533.95,8.3498,8.8498,Under DFE,0,0
8386407,-72.855721,40.755658,RES1-2SWB,RES,R12B,251863.85,125931.92,8.2677,10.2677,Above DFE,0,0
8386691,-72.869796,40.749596,RES1-2SWB,RES,R12B,388619.12,194309.56,4.8758,6.8758,Under DFE,0,0
8386692,-72.870924,40.749344,RES1-2SNB,RES,R12N,271178.69,135589.34,6.5404,7.0404,Under DFE,0,0
8386693,-72.870924,40.749344,IND6,NONRES,I6LN,187958.7,187958.7,6.5404,7.0404,Under DFE,0,0
8386694,-72.869864,40.74973,RES1-1SWB,RES,R11B,258437.84,129218.92,5.4012,7.4012,Under DFE,0,0
8386695,-72.870331,40.749403,RES1-1SNB,RES,R11N,236613.15,118306.57,6.8658,7.3658,Under DFE,0,0
8386696,-72.869671,40.749351,RES1-2SWB,RES,R12B,354296.82,177148.41,4.55,6.55,Under DFE,0,0
8386697,-72.871289,40.749514,RES1-2SWB,RES,R12B,281518.9,140759.45,6.0878,8.0878,Under DFE,0,0
8386698,-72.833365,40.766022,RES1-1SWB,RES,R11B,320620.29,160310.14,12.2302,14.2302,Above DFE,0,0
8386699,-72.831829,40.76632,RES1-2SNB,RES,R12N,317594.76,158797.38,10.2161,10.7161,Above DFE,0,0
8386719,-72.834058,40.764348,RES3A,RES,R3A3N,646593.73,323296.86,7.911,9.411,Under DFE,0,0
8386720,-72.834155,40.7644,RES1-1SWB,RES,R11B,81516.41,40758.2,8.1037,10.1037,Above DFE,0,0
8386721,-72.834575,40.76452,RES1-1SNB,RES,R11N,174766.65,87383.33,8.6354,10.1354,Above DFE,0,0
8386722,-72.83439,40.765113,RES1-1SWB,RES,R11B,137971.3,68985.65,9.3851,11.3851,Above DFE,0,0
8386723,-72.834299,40.764819,RES1-2SWB,RES,R12B,343329.09,171664.55,10.1842,12.1842,Above DFE,0,0
8386724,-72.83428,40.763963,RES1-1SNB,RES,R11N,157439.54,78719.77,5.7582,6.2582,Under DFE,0,0
8386725,-72.834764,40.765001,RES1-2SWB,RES,R12B,335367.91,167683.96,9.7304,11.7304,Above DFE,0,0
8386726,-72.834203,40.763705,RES1-2SNB,RES,R12N,375318.88,187659.44,6.5257,8.0257,Under DFE,0,0
8386727,-72.83416,40.764569,RES3A,RES,R3A1B,836063.19,418031.59,9.3784,11.3784,Above DFE,0,0
8386728,-72.834464,40.76429,IND6,NONRES,I6LN,NaN,NaN,7.1428,7.6428,Under DFE,0,0
8386729,-72.834093,40.763511,RES1-2SWB,RES,R12B,286938.76,143469.38,6.0284,8.0284,Under DFE,0,0
8386730,-72.833755,40.763566,RES1-1SNB,RES,R11N,192860.73,96430.37,9.1038,9.6038,Under DFE,0,0
8386745,-72.835572,40.770918,COM2,NONRES,C2LN,5904681.63,5904681.63,10.7798,11.2798,Above DFE,0,0
8386828,-72.837713,40.764259,RES1-2SWB,RES,R12B,353456.82,176728.41,11.9003,13.9003,Above DFE,0,0
8386829,-72.837584,40.76383,RES1-1SWB,RES,R11B,203869.22,101934.61,10.9024,12.9024,Above DFE,0,0
8387089,-72.845174,40.7555,RES3A,RES,R3A1B,907915.52,453957.76,4.2913,6.2913,Under DFE,0,0
8387090,-72.843653,40.75488,RES3A,RES,R3A5N,757348.25,378674.13,3.1192,3.6192,Under DFE,0,0
8387105,-72.829091,40.758362,RES1-2SNB,RES,R12N,316435.45,158217.72,5.5215,6.0215,Under DFE,0,0
8387106,-72.829166,40.758556,RES1-1SWB,RES,R11B,308059.16,154029.58,3.8751,5.8751,Under DFE,0,0
8387107,-72.829098,40.759359,RES1-2SWB,RES,R12B,541930.17,270965.09,3.019,5.019,Under DFE,0,0
8387108,-72.829004,40.758069,RES1-1SNB,RES,R11N,118112.41,59056.2,2.926,3.426,Under DFE,0,0
8387109,-72.828859,40.75877,RES1-1SWB,RES,R11B,67536.59,33768.3,2.5062,4.5062,Under DFE,0,0
8387110,-72.828795,40.758675,RES1-2SNB,RES,R12N,372044.07,186022.03,2.0678,2.5678,Under DFE,0,0
8387149,-72.851675,40.758212,RES1-1SNB,RES,R11N,234268.22,117134.11,8.6931,9.1931,Under DFE,0,0
8387150,-72.851606,40.757919,RES1-1SWB,RES,R11B,300058.05,150029.03,9.1481,11.1481,Above DFE,0,0
8387151,-72.85122,40.757093,RES1-1SNB,RES,R11N,216519.32,108259.66,7.6051,9.1051,Under DFE,0,0
8387152,-72.85139,40.757459,RES1-2SNB,RES,R12N,363581.01,181790.5,7.9794,9.4794,Under DFE,0,0
8387153,-72.851976,40.757826,RES1-1SNB,RES,R11N,220602.95,110301.47,9.3281,9.8281,Under DFE,0,0
8387154,-72.852087,40.758087,RES1-1SNB,RES,R11N,233038.24,116519.12,10.2931,11.7931,Above DFE,0,0
8387155,-72.851315,40.757306,RES1-1SWB,RES,R11B,286654.61,143327.3,7.8358,9.8358,Under DFE,0,0
8387156,-72.85179,40.757403,RES1-1SWB,RES,R11B,405063.33,202531.66,7.6239,9.6239,Under DFE,0,0
8387157,-72.851904,40.757669,RES1-1SWB,RES,R11B,299213.07,149606.53,9.427,11.427,Above DFE,0,0
8387158,-72.851451,40.757619,RES1-1SWB,RES,R11B,282073.26,141036.63,8.2915,10.2915,Above DFE,0,0
8387159,-72.851557,40.757004,RES1-1SWB,RES,R11B,252548.71,126274.36,7.4206,9.4206,Under DFE,0,0
8387170,-72.835189,40.76071,RES1-1SWB,RES,R11B,280892.06,140446.03,3.0587,5.0587,Under DFE,0,0
8387171,-72.835336,40.760074,RES3A,RES,R3A1B,983858.69,491929.34,4.2834,6.2834,Under DFE,0,0
8387172,-72.835082,40.760491,RES1-1SNB,RES,R11N,NaN,NaN,2.8595,3.3595,Under DFE,0,0
8387173,-72.835902,40.757838,RES1-1SWB,RES,R11B,NaN,NaN,2.9788,4.9788,Under DFE,0,0
8387174,-72.83718,40.758088,RES3A,RES,R3A1B,620410.13,310205.06,3.3779,5.3779,Under DFE,0,0
8387175,-72.835893,40.755217,RES1-2SNB,RES,R12N,390116.6,195058.3,2.8688,3.3688,Under DFE,0,0
8387176,-72.837088,40.75779,RES1-1SNB,RES,R11N,207923.07,103961.53,3.0444,3.5444,Under DFE,0,0
8387177,-72.835108,40.756325,RES1-1SNB,RES,R11N,177033.71,88516.86,2.6482,3.1482,Under DFE,0,0
8387178,-72.837057,40.757665,RES1-2SNB,RES,R12N,NaN,NaN,2.6217,3.1217,Under DFE,0,0
8387179,-72.835159,40.756434,RES1-1SWB,RES,R11B,83260.86,41630.43,2.4542,4.4542,Under DFE,0,0
8387180,-72.836798,40.760292,RES1-1SWB,RES,R11B,137788.4,68894.2,4.4187,6.4187,Under DFE,0,0
8387181,-72.83535,40.756746,RES1-1SWB,RES,R11B,330653.05,165326.53,3.2511,5.2511,Under DFE,0,0
8387182,-72.836288,40.760108,RES1-1SNB,RES,R11N,181545.56,90772.78,5.2802,5.7802,Under DFE,0,0
8387183,-72.835943,40.759243,RES1-2SWB,RES,R12B,292345.07,146172.54,2.7599,4.7599,Under DFE,0,0
8387184,-72.835803,40.75936,RES1-1SNB,RES,R11N,77758.48,38879.24,2.8999,3.3999,Under DFE,0,0
8387185,-72.836405,40.760356,RES1-1SNB,RES,R11N,191539.19,95769.59,5.1291,6.6291,Under DFE,0,0
8387186,-72.835767,40.759912,RES1-1SNB,RES,R11N,235860.71,117930.35,3.7893,4.2893,Under DFE,0,0
8387187,-72.836243,40.759903,RES1-1SWB,RES,R11B,295966.4,147983.2,4.093,6.093,Under DFE,0,0
8387212,-72.854064,40.749746,RES3A,RES,R3A1B,637670.57,318835.28,3.2122,5.2122,Under DFE,0,0
8387213,-72.85397,40.749365,RES3A,RES,R3A1B,655222.51,327611.25,2.9133,4.9133,Under DFE,0,0
8387214,-72.853375,40.7491,RES1-1SNB,RES,R11N,161608.57,80804.28,4.0153,4.5153,Under DFE,0,0
8387215,-72.853842,40.74895,RES1-1SWB,RES,R11B,235216.05,117608.03,3.6337,5.6337,Under DFE,0,0
8387216,-72.853599,40.749421,RES1-2SWB,RES,R12B,444394.49,222197.25,4.0908,6.0908,Under DFE,0,0
8387217,-72.840182,40.759365,RES1-2SNB,RES,R12N,259966.88,129983.44,4.9503,5.4503,Under DFE,0,0
8387218,-72.840114,40.75898,RES1-2SWB,RES,R12B,259672.26,129836.13,3.9138,5.9138,Under DFE,0,0
8387219,-72.840145,40.759121,RES1-1SWB,RES,R11B,132223.18,66111.59,5.6634,7.6634,Under DFE,0,0
8387220,-72.839683,40.759049,RES1-1SNB,RES,R11N,164467.39,82233.7,4.9487,6.4487,Under DFE,0,0
8387268,-72.857698,40.753797,RES1-1SNB,RES,R11N,148890.47,74445.23,7.0592,8.5592,Under DFE,0,0
8387269,-72.857462,40.753352,RES1-1SNB,RES,R11N,127091.4,63545.7,7.7198,8.2198,Under DFE,0,0
8387270,-72.857338,40.753492,RES1-1SWB,RES,R11B,232373.51,116186.75,7.3084,9.3084,Under DFE,0,0
8387271,-72.85734,40.753035,RES1-1SWB,RES,R11B,195573.81,97786.9,7.4797,9.4797,Under DFE,0,0
8387272,-72.857492,40.752226,RES1-1SNB,RES,R11N,167777.16,83888.58,6.2613,7.7613,Under DFE,0,0
8387273,-72.857253,40.753795,COM3,NONRES,C3LN,NaN,NaN,7.0955,7.5955,Under DFE,0,0
8387274,-72.857413,40.752544,RES1-1SWB,RES,R11B,296667.74,148333.87,7.0494,9.0494,Under DFE,0,0
8387275,-72.857331,40.753258,RES1-1SNB,RES,R11N,250270.35,125135.18,7.7035,8.2035,Under DFE,0,0
8387355,-72.862197,40.754869,RES1-1SWB,RES,R11B,150802.52,75401.26,8.9644,10.9644,Above DFE,0,0
8387356,-72.862028,40.755895,RES1-1SNB,RES,R11N,120239.06,60119.53,10.2024,11.7024,Above DFE,0,0
8387357,-72.861705,40.755881,RES1-1SNB,RES,R11N,163360.51,81680.25,9.5746,10.0746,Above DFE,0,0
8387358,-72.861775,40.75477,RES1-1SWB,RES,R11B,139371.73,69685.87,7.8388,9.8388,Under DFE,0,0
8387359,-72.861781,40.754938,RES1-1SNB,RES,R11N,200621.04,100310.52,8.3771,8.8771,Under DFE,0,0
8387360,-72.862136,40.755618,RES1-1SNB,RES,R11N,140632.15,70316.08,10.0595,11.5595,Above DFE,0,0
8387361,-72.862154,40.755837,RES1-1SWB,RES,R11B,211610.73,105805.36,10.2552,12.2552,Above DFE,0,0
8387362,-72.862132,40.75526,RES1-1SNB,RES,R11N,199923.11,99961.56,10.0762,10.5762,Above DFE,0,0
8387363,-72.861684,40.755472,RES1-1SNB,RES,R11N,194703.58,97351.79,8.5205,9.0205,Under DFE,0,0
8387364,-72.861736,40.754564,RES1-1SWB,RES,R11B,186119.42,93059.71,7.3552,9.3552,Under DFE,0,0
8387365,-72.844672,40.761365,RES1-1SNB,RES,R11N,150801.41,75400.7,12.2375,12.7375,Above DFE,0,0
8387366,-72.844783,40.761946,RES1-1SWB,RES,R11B,205295.12,102647.56,12.0257,14.0257,Above DFE,0,0
8387367,-72.844825,40.761046,RES1-2SWB,RES,R12B,365166.47,182583.23,11.7416,13.7416,Above DFE,0,0
8387368,-72.845255,40.762084,RES1-2SNB,RES,R12N,303901.63,151950.81,12.3267,13.8267,Above DFE,0,0
8387369,-72.844725,40.761724,RES1-1SWB,RES,R11B,261658.76,130829.38,12.8113,14.8113,Above DFE,0,0
8387370,-72.845322,40.762274,RES1-2SWB,RES,R12B,291729.17,145864.58,12.9878,14.9878,Above DFE,0,0
8387371,-72.844923,40.76229,RES1-1SWB,RES,R11B,332602.9,166301.45,14.1502,16.1502,Above DFE,0,0
8387372,-72.845055,40.761612,RES1-1SWB,RES,R11B,194134.54,97067.27,12.3443,14.3443,Above DFE,0,0
8387373,-72.845179,40.761921,RES1-1SNB,RES,R11N,129643.43,64821.72,12.5702,14.0702,Above DFE,0,0
8387374,-72.845474,40.780624,RES3A,RES,R3A3B,750672.25,375336.12,26.6538,28.6538,Above DFE,0,0
8387420,-72.862684,40.755065,COM3,NONRES,C3LN,NaN,NaN,9.8305,10.3305,Above DFE,0,0
8387421,-72.862918,40.755376,RES1-2SWB,RES,R12B,450595.22,225297.61,9.7959,11.7959,Above DFE,0,0
8387422,-72.86271,40.755585,RES1-2SNB,RES,R12N,121547.77,60773.89,11.4737,11.9737,Above DFE,0,0
8387439,-72.847827,40.760526,RES1-1SNB,RES,R11N,150338.89,75169.44,10.2596,11.7596,Above DFE,0,0
8387440,-72.848195,40.761512,RES1-1SWB,RES,R11B,183813.83,91906.92,10.7748,12.7748,Above DFE,0,0
8387441,-72.848196,40.760419,RES1-1SWB,RES,R11B,154143.92,77071.96,8.3974,10.3974,Above DFE,0,0
8387442,-72.847894,40.760705,RES1-1SWB,RES,R11B,230257.78,115128.89,9.5574,11.5574,Above DFE,0,0
8387443,-72.848198,40.761289,RES1-1SNB,RES,R11N,201709.71,100854.86,10.3958,10.8958,Above DFE,0,0
8387444,-72.847689,40.760283,RES1-1SWB,RES,R11B,308910.1,154455.05,8.2852,10.2852,Above DFE,0,0
8387445,-72.848278,40.760595,RES1-2SNB,RES,R12N,185162.38,92581.19,7.1061,8.6061,Under DFE,0,0
8387446,-72.848634,40.761483,RES1-1SNB,RES,R11N,165371.22,82685.61,7.4506,7.9506,Under DFE,0,0
8387447,-72.847942,40.760017,RES1-1SNB,RES,R11N,185878.7,92939.35,7.8622,9.3622,Under DFE,0,0
8387448,-72.848178,40.761045,RES1-1SWB,RES,R11B,247671.51,123835.75,8.271,10.271,Above DFE,0,0
8387454,-72.84871,40.749901,RES3A,RES,R3A3B,700752.65,350376.32,2.7136,4.7136,Under DFE,0,0
8387455,-72.847794,40.747803,RES3A,RES,R3A1N,772051.9,386025.95,3.6165,5.1165,Under DFE,0,0
8387456,-72.848998,40.75058,RES3A,RES,R3A3N,704142.4,352071.2,2.0975,3.5975,Under DFE,0,0
8387457,-72.848234,40.751083,RES3A,RES,R3A1B,646485.14,323242.57,2.1723,4.1723,Under DFE,0,0
8387458,-72.845895,40.750345,RES3A,RES,R3A1B,833070.93,416535.46,2.0461,4.0461,Under DFE,0,0
8387459,-72.848721,40.751104,RES3A,RES,R3A3B,828242.9,414121.45,2.8893,4.8893,Under DFE,0,0
8387460,-72.84737,40.747004,IND6,NONRES,I6LN,NaN,NaN,2.283,2.783,Under DFE,0,0
8387461,-72.849109,40.750996,RES3A,RES,R3A3B,749166.65,374583.33,2.6818,4.6818,Under DFE,0,0
8387462,-72.847153,40.751198,RES1-1SNB,RES,R11N,258894.32,129447.16,4.4043,5.9043,Under DFE,0,0
8387463,-72.867917,40.741774,RES1-1SWB,RES,R11B,618215.34,309107.67,5.9616,7.9616,Under DFE,0,0
8387464,-72.868604,40.741675,RES1-1SWB,RES,R11B,306631.25,153315.62,4.1236,6.1236,Under DFE,0,0
8387465,-72.869149,40.741746,RES3A,RES,R3A1N,321763.2,160881.6,4.9649,6.4649,Under DFE,0,0
8387466,-72.868216,40.741705,RES1-1SWB,RES,R11B,325191.28,162595.64,4.8516,6.8516,Under DFE,0,0
8387467,-72.868975,40.74175,RES1-2SWB,RES,R12B,410077.9,205038.95,4.3421,6.3421,Under DFE,0,0
8387496,-72.85256,40.753591,RES1-2SWB,RES,R12B,386500.45,193250.23,5.9526,7.9526,Under DFE,0,0
8387497,-72.85291,40.753343,RES1-2SWB,RES,R12B,287252.88,143626.44,3.9158,5.9158,Under DFE,0,0
8387498,-72.853051,40.753776,RES1-2SNB,RES,R12N,170123.47,85061.73,5.5133,7.0133,Under DFE,0,0
8387499,-72.852431,40.753184,RES1-1SNB,RES,R11N,156224.49,78112.24,5.9538,6.4538,Under DFE,0,0
8387500,-72.853053,40.75389,RES1-1SWB,RES,R11B,188209.63,94104.81,6.3897,8.3897,Under DFE,0,0
8387501,-72.852777,40.75417,RES1-1SWB,RES,R11B,202435.42,101217.71,5.4142,7.4142,Under DFE,0,0
8387502,-72.853018,40.753614,RES1-1SWB,RES,R11B,186182.8,93091.4,6.2141,8.2141,Under DFE,0,0
8387503,-72.852651,40.753907,RES1-1SNB,RES,R11N,111205.83,55602.91,4.9734,6.4734,Under DFE,0,0
8387590,-72.855208,40.756403,RES3A,RES,R3A1B,674785.96,337392.98,8.0104,10.0104,Above DFE,0,0
8387591,-72.85584,40.756368,RES3A,RES,R3A1B,803331.99,401665.99,11.7126,13.7126,Above DFE,0,0
8387592,-72.854928,40.756219,RES3A,RES,R3A1B,632352.89,316176.44,8.0032,10.0032,Above DFE,0,0
8387593,-72.855265,40.756159,RES1-1SWB,RES,R11B,266137.52,133068.76,9.1334,11.1334,Above DFE,0,0
8387594,-72.855575,40.756118,COM4,NONRES,C4LN,NaN,NaN,8.7757,9.2757,Under DFE,0,0
8387595,-72.855857,40.756159,RES1-3SWB,RES,R13B,283277.22,141638.61,9.302,11.302,Above DFE,0,0
8387596,-72.854751,40.756592,RES1-2SNB,RES,R12N,239101.34,119550.67,8.7678,10.2678,Above DFE,0,0
8387597,-72.855024,40.756418,RES1-3SNB,RES,R13N,325724.85,162862.42,7.8563,8.3563,Under DFE,0,0
8387729,-72.859854,40.756208,RES3A,RES,R3A1N,719042.05,359521.03,6.4979,7.9979,Under DFE,0,0
8387730,-72.85977,40.757438,COM2,NONRES,C2LN,NaN,NaN,11.3298,11.8298,Above DFE,0,0
8387731,-72.860131,40.757512,RES3A,RES,R3A3N,769249.32,384624.66,8.6568,9.1568,Under DFE,0,0
8387732,-72.860137,40.757829,RES3A,RES,R3A3B,680901.21,340450.6,9.1394,11.1394,Above DFE,0,0
8387733,-72.860179,40.757029,COM4,NONRES,C4LN,NaN,NaN,7.7697,8.2697,Under DFE,0,0
8387734,-72.860255,40.75623,RES1-1SWB,RES,R11B,235552.68,117776.34,4.7377,6.7377,Under DFE,0,0
8387735,-72.860237,40.756634,RES1-1SNB,RES,R11N,177462.14,88731.07,7.8538,9.3538,Under DFE,0,0
8387736,-72.859752,40.757788,RES1-1SWB,RES,R11B,186678.56,93339.28,10.0047,12.0047,Above DFE,0,0
8387737,-72.859767,40.757033,RES1-1SNB,RES,R11N,104689.35,52344.67,9.561,10.061,Above DFE,0,0
8387738,-72.859904,40.757281,RES1-1SNB,RES,R11N,90770.05,45385.02,8.3156,8.8156,Under DFE,0,0
8387739,-72.859763,40.75676,RES1-1SNB,RES,R11N,215261.67,107630.83,9.7591,10.2591,Above DFE,0,0
8387740,-72.860255,40.756748,RES1-1SWB,RES,R11B,297655.77,148827.88,9.4964,11.4964,Above DFE,0,0
8387741,-72.859784,40.757166,IND6,NONRES,I6LN,NaN,NaN,9.4424,9.9424,Under DFE,0,0
8387742,-72.859787,40.756612,RES1-1SNB,RES,R11N,108038.41,54019.21,10.0795,11.5795,Above DFE,0,0
8387743,-72.860294,40.756425,RES1-2SWB,RES,R12B,364210.33,182105.17,5.3274,7.3274,Under DFE,0,0
8387744,-72.859775,40.756425,RES1-1SNB,RES,R11N,208506.01,104253,9.5599,11.0599,Above DFE,0,0
8414321,-72.841312,40.757713,RES1-2SNB,RES,R12N,373468.7,186734.35,4.3374,5.8374,Under DFE,0,0
8414322,-72.841762,40.758259,RES1-1SWB,RES,R11B,210507.49,105253.75,6.4371,8.4371,Under DFE,0,0
8414323,-72.841341,40.75792,RES1-1SNB,RES,R11N,178164.17,89082.08,4.3206,5.8206,Under DFE,0,0
8414324,-72.841429,40.757456,RES1-1SNB,RES,R11N,115827.95,57913.98,4.1413,5.6413,Under DFE,0,0
8414325,-72.841466,40.758248,COM1,NONRES,C1LN,NaN,NaN,4.6093,5.1093,Under DFE,0,0
8414326,-72.841888,40.758939,RES1-1SWB,RES,R11B,241310.81,120655.4,4.7241,6.7241,Under DFE,0,0
8414327,-72.841611,40.758949,RES1-1SWB,RES,R11B,137083.06,68541.53,4.2958,6.2958,Under DFE,0,0
8414328,-72.841746,40.757719,RES1-1SNB,RES,R11N,221297.04,110648.52,4.5075,5.0075,Under DFE,0,0
8414329,-72.841502,40.759115,RES1-2SWB,RES,R12B,228003.91,114001.96,4.6936,6.6936,Under DFE,0,0
8414330,-72.841833,40.758609,RES1-1SWB,RES,R11B,201475.5,100737.75,5.2215,7.2215,Under DFE,0,0
8414331,-72.841789,40.757981,RES1-1SWB,RES,R11B,268012.68,134006.34,5.0132,7.0132,Under DFE,0,0
8414355,-72.844604,40.780089,RES1-2SWB,RES,R12B,359232.02,179616.01,25.6103,27.6103,Above DFE,0,0
8414356,-72.844206,40.77915,RES1-2SWB,RES,R12B,232977.77,116488.88,24.4599,26.4599,Above DFE,0,0
8414357,-72.843358,40.778883,RES1-1SWB,RES,R11B,449014.38,224507.19,23.2184,25.2184,Above DFE,0,0
8414358,-72.843126,40.778334,RES1-2SWB,RES,R12B,510749.3,255374.65,22.3774,24.3774,Above DFE,0,0
8414359,-72.843889,40.778434,RES1-2SWB,RES,R12B,357458.19,178729.09,23.0027,25.0027,Above DFE,0,0
8414360,-72.843976,40.780225,RES1-2SNB,RES,R12N,309153.93,154576.96,26.4864,27.9864,Above DFE,0,0
8414361,-72.843704,40.779648,RES1-1SWB,RES,R11B,309508.35,154754.17,25.135,27.135,Above DFE,0,0
8414362,-72.84479,40.780398,RES1-1SWB,RES,R11B,279670.31,139835.15,24.5444,26.5444,Above DFE,0,0
8414406,-72.845287,40.766819,RES1-1SNB,RES,R11N,177491.39,88745.7,16.5225,17.0225,Above DFE,0,0
8414407,-72.844489,40.767102,RES1-1SWB,RES,R11B,266756.79,133378.39,16.6203,18.6203,Above DFE,0,0
8414408,-72.845536,40.767086,RES1-2SNB,RES,R12N,221489.11,110744.56,17.3207,17.8207,Above DFE,0,0
8414409,-72.844591,40.767326,RES1-2SWB,RES,R12B,394844.95,197422.47,17.7325,19.7325,Above DFE,0,0
8414410,-72.84591,40.766704,RES1-2SWB,RES,R12B,334502.61,167251.3,16.4225,18.4225,Above DFE,0,0
8414411,-72.845097,40.767214,RES1-2SNB,RES,R12N,274561.24,137280.62,17.1887,18.6887,Above DFE,0,0
8414412,-72.845165,40.7669,RES1-2SNB,RES,R12N,109847.96,54923.98,16.6294,17.1294,Above DFE,0,0
8414413,-72.845518,40.766794,RES1-2SNB,RES,R12N,280724.97,140362.48,16.4626,16.9626,Above DFE,0,0
8414414,-72.845332,40.767147,RES1-1SWB,RES,R11B,174465.16,87232.58,16.7653,18.7653,Above DFE,0,0
8414415,-72.845702,40.766739,RES1-2SWB,RES,R12B,190055.88,95027.94,16.199,18.199,Above DFE,0,0
8414416,-72.846217,40.770103,RES3A,RES,R3A1B,667209.44,333604.72,19.1784,21.1784,Above DFE,0,0
8414417,-72.846941,40.770224,RES3A,RES,R3A3B,836112.69,418056.35,19.0436,21.0436,Above DFE,0,0
8414418,-72.847491,40.769767,RES3A,RES,R3A1B,706831.22,353415.61,17.8569,19.8569,Above DFE,0,0
8414419,-72.845968,40.770446,RES1-3SNB,RES,R13N,406755.53,203377.77,20.1906,20.6906,Above DFE,0,0
8414420,-72.847246,40.769847,RES1-1SNB,RES,R11N,163355.32,81677.66,18.1413,18.6413,Above DFE,0,0
8414421,-72.84653,40.770042,RES1-2SNB,RES,R12N,187023.29,93511.65,18.8259,19.3259,Above DFE,0,0
8414422,-72.847197,40.770178,RES1-1SNB,RES,R11N,125940.33,62970.17,18.1773,18.6773,Above DFE,0,0
8414423,-72.845838,40.770192,RES1-2SNB,RES,R12N,358535.81,179267.9,18.7053,19.2053,Above DFE,0,0
8414424,-72.846354,40.770366,RES1-1SWB,RES,R11B,336801.12,168400.56,20.4941,22.4941,Above DFE,0,0
8414425,-72.848107,40.762449,RES1-1SWB,RES,R11B,167026.5,83513.25,10.6307,12.6307,Above DFE,0,0
8414426,-72.847933,40.762057,RES1-2SWB,RES,R12B,259102.2,129551.1,10.8453,12.8453,Above DFE,0,0
8414427,-72.848444,40.763826,RES1-2SNB,RES,R12N,334649.31,167324.65,11.8375,12.3375,Above DFE,0,0
8414428,-72.847921,40.762926,RES1-1SNB,RES,R11N,235274.67,117637.34,11.2669,11.7669,Above DFE,0,0
8414429,-72.848214,40.763406,RES1-1SWB,RES,R11B,138759.35,69379.68,9.4899,11.4899,Above DFE,0,0
8414430,-72.847589,40.762169,RES1-2SWB,RES,R12B,347434.16,173717.08,11.6066,13.6066,Above DFE,0,0
8414431,-72.848352,40.762918,RES1-2SWB,RES,R12B,175123.12,87561.56,8.9877,10.9877,Above DFE,0,0
8414432,-72.848423,40.763109,RES1-2SNB,RES,R12N,179079.14,89539.57,9.1197,9.6197,Under DFE,0,0
8414433,-72.848257,40.762718,RES1-1SWB,RES,R11B,250947.94,125473.97,9.9723,11.9723,Above DFE,0,0
8414434,-72.84861,40.763575,RES1-1SWB,RES,R11B,196078.45,98039.23,8.2536,10.2536,Above DFE,0,0
8414435,-72.848514,40.763356,RES1-1SWB,RES,R11B,190552.18,95276.09,9.4466,11.4466,Above DFE,0,0
8414436,-72.84767,40.762391,RES1-1SWB,RES,R11B,170582.46,85291.23,11.5814,13.5814,Above DFE,0,0
8414437,-72.848083,40.763348,RES1-3SWB,RES,R13B,380501.33,190250.66,9.6086,11.6086,Above DFE,0,0
8414438,-72.848159,40.763589,RES1-2SNB,RES,R12N,291404.72,145702.36,9.5936,10.0936,Above DFE,0,0
8414439,-72.848018,40.763127,RES1-2SNB,RES,R12N,298118.71,149059.35,9.9409,10.4409,Above DFE,0,0
8414442,-72.848672,40.760365,RES1-2SNB,RES,R12N,228019.39,114009.7,3.9723,5.4723,Under DFE,0,0
8414443,-72.848463,40.759921,RES1-1SNB,RES,R11N,242484.36,121242.18,7.3526,7.8526,Under DFE,0,0
8414444,-72.849001,40.76021,RES1-1SNB,RES,R11N,153478.17,76739.09,3.4651,3.9651,Under DFE,0,0
8414445,-72.849232,40.76072,RES1-1SWB,RES,R11B,167744.31,83872.16,4.1755,6.1755,Under DFE,0,0
8414446,-72.848584,40.76015,RES1-1SNB,RES,R11N,158676.47,79338.24,5.6205,7.1205,Under DFE,0,0
8414447,-72.848771,40.760635,RES1-1SNB,RES,R11N,147153.26,73576.63,3.7352,4.2352,Under DFE,0,0
8414470,-72.85315,40.759296,COM4,NONRES,C4LN,NaN,NaN,10.8727,11.3727,Above DFE,0,0
8414471,-72.853007,40.758804,RES1-2SNB,RES,R12N,170419.4,85209.7,9.9833,10.4833,Above DFE,0,0
8414472,-72.853221,40.758939,RES1-2SNB,RES,R12N,155790.72,77895.36,10.0858,10.5858,Above DFE,0,0
8414473,-72.853343,40.759912,RES1-2SWB,RES,R12B,307372.74,153686.37,11.2998,13.2998,Above DFE,0,0
8414474,-72.85322,40.758748,RES1-1SWB,RES,R11B,349184.86,174592.43,10.6552,12.6552,Above DFE,0,0
8414475,-72.853713,40.760222,COM2,NONRES,C2LN,NaN,NaN,13.3631,13.8631,Above DFE,0,0
8414476,-72.853048,40.751494,RES3A,RES,R3A1B,691701.31,345850.65,2.9324,4.9324,Under DFE,0,0
8414477,-72.853028,40.751433,RES1-3SNB,RES,R13N,417689.62,208844.81,3.1845,3.6845,Under DFE,0,0
8414478,-72.853125,40.751645,RES1-1SWB,RES,R11B,228620.21,114310.11,3.4562,5.4562,Under DFE,0,0
8414479,-72.852952,40.752114,IND6,NONRES,I6LN,NaN,NaN,5.9702,6.4702,Under DFE,0,0
8414480,-72.853174,40.751831,COM1,NONRES,C1LN,363482.79,363482.79,4.9749,5.4749,Under DFE,0,0
8414481,-72.854497,40.748265,RES3A,RES,R3A1N,695254.98,347627.49,3.3436,3.8436,Under DFE,0,0
8414482,-72.854575,40.747836,RES1-1SNB,RES,R11N,185487.9,92743.95,2.55,4.05,Under DFE,0,0
8414483,-72.854161,40.748108,RES1-1SWB,RES,R11B,157449.24,78724.62,2.431,4.431,Under DFE,0,0
8414484,-72.85393,40.748201,RES1-2SWB,RES,R12B,287336.27,143668.13,3.0868,5.0868,Under DFE,0,0
8414485,-72.854395,40.747855,RES1-1SWB,RES,R11B,198682.2,99341.1,2.4675,4.4675,Under DFE,0,0
8414486,-72.853995,40.748349,RES1-1SNB,RES,R11N,176231.63,88115.82,2.5584,3.0584,Under DFE,0,0
8414487,-72.855164,40.757574,RES1-1SWB,RES,R11B,280146.2,140073.1,9.1,11.1,Above DFE,0,0
8414488,-72.85511,40.757464,RES1-1SWB,RES,R11B,169976.7,84988.35,9.09,11.09,Above DFE,0,0
8414489,-72.855577,40.757675,RES1-1SNB,RES,R11N,135300.35,67650.18,9.8265,11.3265,Above DFE,0,0
8414490,-72.855229,40.757773,RES1-2SNB,RES,R12N,180500.27,90250.13,9.6225,11.1225,Above DFE,0,0
8414491,-72.855755,40.757382,RES1-1SNB,RES,R11N,161871.2,80935.6,10.3587,11.8587,Above DFE,0,0
8414492,-72.855816,40.750093,RES1-1SNB,RES,R11N,182134.03,91067.02,3.0674,4.5674,Under DFE,0,0
8414493,-72.855206,40.750132,RES1-1SWB,RES,R11B,282948.87,141474.44,2.7698,4.7698,Under DFE,0,0
8414494,-72.855559,40.750102,RES1-1SWB,RES,R11B,185224.53,92612.26,2.6559,4.6559,Under DFE,0,0
8414495,-72.854824,40.750371,RES1-1SWB,RES,R11B,281279.71,140639.86,2.8299,4.8299,Under DFE,0,0
8414496,-72.854554,40.750321,RES1-1SNB,RES,R11N,215285.27,107642.63,2.8924,3.3924,Under DFE,0,0
8414497,-72.856131,40.750455,RES1-1SWB,RES,R11B,218931.36,109465.68,3.7435,5.7435,Under DFE,0,0
8414498,-72.855045,40.750171,RES1-2SNB,RES,R12N,278084.12,139042.06,2.8829,3.3829,Under DFE,0,0
8414499,-72.854052,40.750186,RES1-1SWB,RES,R11B,285119.02,142559.51,2.6916,4.6916,Under DFE,0,0
8414500,-72.856031,40.750136,RES1-1SWB,RES,R11B,258661.01,129330.5,3.3022,5.3022,Under DFE,0,0
8414501,-72.855199,40.750419,COM3,NONRES,C3LN,NaN,NaN,2.8028,3.3028,Under DFE,0,0
8414502,-72.854364,40.750124,COM4,NONRES,C4LN,NaN,NaN,3.0475,3.5475,Under DFE,0,0
8414503,-72.854284,40.750386,RES1-1SNB,RES,R11N,230952.55,115476.27,3.0173,3.5173,Under DFE,0,0
8414504,-72.855391,40.750114,RES1-1SWB,RES,R11B,230587.91,115293.95,2.6969,4.6969,Under DFE,0,0
8414505,-72.855477,40.750482,RES1-2SNB,RES,R12N,274764.51,137382.26,2.7793,3.2793,Under DFE,0,0
8414506,-72.854021,40.750471,RES1-1SWB,RES,R11B,257223.33,128611.66,2.6742,4.6742,Under DFE,0,0
8414507,-72.855744,40.750417,RES1-2SNB,RES,R12N,329470.66,164735.33,5.691,6.191,Under DFE,0,0
8414614,-72.830058,40.763079,RES1-1SNB,RES,R11N,120997.43,60498.71,6.3889,6.8889,Under DFE,0,0
8414615,-72.830769,40.7629,RES1-3SWB,RES,R13B,497631.15,248815.57,7.5301,9.5301,Under DFE,0,0
8414616,-72.830289,40.763131,RES1-2SNB,RES,R12N,269692.15,134846.07,6.6728,8.1728,Under DFE,0,0
8414617,-72.829679,40.763523,RES1-1SWB,RES,R11B,248387.85,124193.92,8.1079,10.1079,Above DFE,0,0
8414618,-72.830581,40.763281,RES1-2SNB,RES,R12N,258471.09,129235.54,6.0126,6.5126,Under DFE,0,0
8414619,-72.831147,40.763081,RES1-3SWB,RES,R13B,386767.76,193383.88,7.5043,9.5043,Under DFE,0,0
8414620,-72.830292,40.763322,RES1-1SWB,RES,R11B,250915.46,125457.73,6.7268,8.7268,Under DFE,0,0
8414643,-72.831099,40.758805,RES3A,RES,R3A3N,888011.19,444005.59,2.0738,3.5738,Under DFE,0,0
8414644,-72.831315,40.75927,RES1-2SNB,RES,R12N,235819.62,117909.81,4.4455,4.9455,Under DFE,0,0
8414645,-72.834031,40.762017,RES1-1SWB,RES,R11B,131076.02,65538.01,4.1537,6.1537,Under DFE,0,0
8414646,-72.833887,40.761944,RES1-1SNB,RES,R11N,212468.44,106234.22,4.9881,5.4881,Under DFE,0,0
8414647,-72.834075,40.762341,RES1-2SNB,RES,R12N,260923.46,130461.73,4.3284,4.8284,Under DFE,0,0
8414648,-72.834119,40.761356,RES1-1SWB,RES,R11B,162449.99,81225,2.338,4.338,Under DFE,0,0
8414649,-72.83474,40.762871,RES1-1SWB,RES,R11B,357875.01,178937.5,4.6468,6.6468,Under DFE,0,0
8414756,-72.840017,40.762301,RES1-1SNB,RES,R11N,216811.27,108405.63,11.5672,13.0672,Above DFE,0,0
8414757,-72.839885,40.761974,RES1-2SNB,RES,R12N,265166.12,132583.06,9.8949,11.3949,Above DFE,0,0
8414758,-72.840355,40.763053,RES1-2SWB,RES,R12B,80110.64,40055.32,11.6989,13.6989,Above DFE,0,0
8414759,-72.840197,40.763499,RES1-1SNB,RES,R11N,135969.16,67984.58,11.3059,12.8059,Above DFE,0,0
8414760,-72.840408,40.778861,RES1-2SWB,RES,R12B,481054.88,240527.44,21.1011,23.1011,Above DFE,0,0
8414761,-72.840612,40.77919,RES1-1SNB,RES,R11N,138024.85,69012.43,21.3296,22.8296,Above DFE,0,0
8414762,-72.840943,40.779111,RES1-1SNB,RES,R11N,176414.77,88207.39,22.4057,23.9057,Above DFE,0,0
8414763,-72.840976,40.779253,RES1-2SWB,RES,R12B,329610.05,164805.02,22.4639,24.4639,Above DFE,0,0
8414764,-72.840848,40.779995,RES1-2SWB,RES,R12B,415014.44,207507.22,23.4585,25.4585,Above DFE,0,0
8414765,-72.841338,40.780109,RES1-1SWB,RES,R11B,237642.76,118821.38,23.9555,25.9555,Above DFE,0,0
8414766,-72.83984,40.77935,RES1-1SWB,RES,R11B,336483.03,168241.52,21.3066,23.3066,Above DFE,0,0
8414767,-72.840041,40.779824,RES1-1SWB,RES,R11B,211666.73,105833.37,21.9506,23.9506,Above DFE,0,0
8414768,-72.841058,40.77938,RES1-2SWB,RES,R12B,426070.77,213035.39,22.8587,24.8587,Above DFE,0,0
8414769,-72.83968,40.77894,RES1-3SNB,RES,R13N,351301.06,175650.53,20.4383,20.9383,Above DFE,0,0
8414770,-72.839975,40.779584,RES1-2SWB,RES,R12B,363240.48,181620.24,22.4037,24.4037,Above DFE,0,0
8414771,-72.840046,40.778849,RES1-2SWB,RES,R12B,243724.8,121862.4,20.8841,22.8841,Above DFE,0,0
8414772,-72.839701,40.779143,RES1-2SWB,RES,R12B,285794.77,142897.38,19.9796,21.9796,Above DFE,0,0
8414773,-72.841281,40.779817,RES1-1SWB,RES,R11B,221025.81,110512.9,22.9526,24.9526,Above DFE,0,0
8414774,-72.841127,40.779568,RES1-1SNB,RES,R11N,185948.93,92974.46,23.2181,23.7181,Above DFE,0,0
8414775,-72.840754,40.778739,RES1-1SWB,RES,R11B,216639.69,108319.84,21.4816,23.4816,Above DFE,0,0
8414798,-72.847254,40.770877,IND6,NONRES,I6LN,NaN,NaN,22.257,22.757,Above DFE,0,0
8414799,-72.846119,40.770839,RES1-1SNB,RES,R11N,157765.22,78882.61,21.0756,21.5756,Above DFE,0,0
8414800,-72.847763,40.77044,RES3A,RES,R3A1B,850578.49,425289.25,20.2551,22.2551,Above DFE,0,0
8414801,-72.847615,40.770785,RES3A,RES,R3A1B,816208.92,408104.46,22.5237,24.5237,Above DFE,0,0
8414802,-72.847877,40.770699,RES1-1SNB,RES,R11N,166672.44,83336.22,20.7466,22.2466,Above DFE,0,0
8414803,-72.846747,40.770678,RES1-2SNB,RES,R12N,362483.28,181241.64,20.2732,21.7732,Above DFE,0,0
8414804,-72.846249,40.771091,COM4,NONRES,C4LN,NaN,NaN,22.348,22.848,Above DFE,0,0
8414848,-72.850842,40.77039,RES3A,RES,R3A1B,748867.15,374433.58,17.1253,19.1253,Above DFE,0,0
8414849,-72.85056,40.770432,RES1-2SNB,RES,R12N,178956.52,89478.26,15.9355,16.4355,Above DFE,0,0
8414850,-72.850255,40.770541,COM4,NONRES,C4LN,NaN,NaN,18.1077,18.6077,Above DFE,0,0
8414851,-72.850672,40.770739,RES1-3SWB,RES,R13B,404517.38,202258.69,17.8073,19.8073,Above DFE,0,0
8414852,-72.851358,40.752872,RES1-1SWB,RES,R11B,172209.23,86104.62,3.6541,5.6541,Under DFE,0,0
8414853,-72.851401,40.753155,RES1-2SNB,RES,R12N,187196.96,93598.48,4.9517,5.4517,Under DFE,0,0
8414854,-72.852302,40.754344,RES1-1SWB,RES,R11B,203929.07,101964.53,8.4311,10.4311,Above DFE,0,0
8414855,-72.852221,40.754052,RES1-2SWB,RES,R12B,236570.42,118285.21,4.0312,6.0312,Under DFE,0,0
8414856,-72.85211,40.753721,RES1-2SNB,RES,R12N,235826.64,117913.32,3.5043,4.0043,Under DFE,0,0
8414857,-72.851676,40.753823,RES1-1SNB,RES,R11N,143667.76,71833.88,4.7636,5.2636,Under DFE,0,0
8414858,-72.851565,40.753555,RES1-1SWB,RES,R11B,163394.19,81697.1,5.1597,7.1597,Under DFE,0,0
8414859,-72.852027,40.753552,RES1-1SWB,RES,R11B,182267.59,91133.79,3.9469,5.9469,Under DFE,0,0
8414860,-72.851506,40.753279,RES1-1SWB,RES,R11B,301133.85,150566.92,5.1996,7.1996,Under DFE,0,0
8414861,-72.851918,40.75438,RES1-1SNB,RES,R11N,179651.66,89825.83,3.485,3.985,Under DFE,0,0
8414862,-72.851904,40.754212,RES1-1SWB,RES,R11B,256112.89,128056.44,5.9164,7.9164,Under DFE,0,0
8414863,-72.85183,40.753155,COM1,NONRES,C1LN,NaN,NaN,4.0437,4.5437,Under DFE,0,0
8414908,-72.854464,40.751452,RES1-1SWB,RES,R11B,264215.2,132107.6,4.4987,6.4987,Under DFE,0,0
8414909,-72.854707,40.751447,RES1-1SNB,RES,R11N,220032.84,110016.42,4.3886,5.8886,Under DFE,0,0
8414910,-72.854796,40.751657,RES1-1SWB,RES,R11B,261604.8,130802.4,5.1503,7.1503,Under DFE,0,0
8414911,-72.855433,40.751514,RES1-1SNB,RES,R11N,136784.78,68392.39,5.1538,5.6538,Under DFE,0,0
8414912,-72.856039,40.75145,RES1-1SWB,RES,R11B,328131.79,164065.89,5.3226,7.3226,Under DFE,0,0
8414913,-72.855922,40.751721,RES1-2SWB,RES,R12B,476180.46,238090.23,5.3931,7.3931,Under DFE,0,0
8414914,-72.854574,40.75173,COM1,NONRES,C1LN,NaN,NaN,5.1425,5.6425,Under DFE,0,0
8414915,-72.855762,40.751754,RES1-1SWB,RES,R11B,244562.39,122281.2,4.9072,6.9072,Under DFE,0,0
8414916,-72.855956,40.751561,RES1-1SWB,RES,R11B,219504.57,109752.28,6.4678,8.4678,Under DFE,0,0
8414917,-72.854545,40.751545,RES1-2SWB,RES,R12B,174716.08,87358.04,4.5866,6.5866,Under DFE,0,0
8414918,-72.855252,40.751509,RES1-1SWB,RES,R11B,302491.45,151245.72,4.6822,6.6822,Under DFE,0,0
8414919,-72.854938,40.75142,RES1-2SWB,RES,R12B,294725.98,147362.99,4.6144,6.6144,Under DFE,0,0
8414985,-72.86257,40.756709,RES1-2SWB,RES,R12B,292785.72,146392.86,12.0021,14.0021,Above DFE,0,0
8416126,-72.837635,40.766123,RES1-2SNB,RES,R12N,340778.64,170389.32,11.0684,12.5684,Above DFE,0,0
8416127,-72.83784,40.765687,RES1-1SWB,RES,R11B,320139.53,160069.77,13.3271,15.3271,Above DFE,0,0
8416128,-72.837431,40.765634,RES1-2SWB,RES,R12B,420925.7,210462.85,12.7575,14.7575,Above DFE,0,0
8416129,-72.837541,40.764927,RES1-2SWB,RES,R12B,433217.21,216608.6,11.9104,13.9104,Above DFE,0,0
8416196,-72.846978,40.767248,RES1-2SNB,RES,R12N,269941.23,134970.61,15.5303,17.0303,Above DFE,0,0
8416197,-72.846719,40.76653,RES1-2SWB,RES,R12B,324680.35,162340.18,15.6681,17.6681,Above DFE,0,0
8416198,-72.847289,40.767979,RES1-2SWB,RES,R12B,294251.26,147125.63,16.9943,18.9943,Above DFE,0,0
8416199,-72.847015,40.76741,RES1-1SWB,RES,R11B,188687.2,94343.6,15.2478,17.2478,Above DFE,0,0
8416330,-72.855833,40.747334,RES1-2SNB,RES,R12N,352078.88,176039.44,6.4259,6.9259,Under DFE,0,0
8427727,-72.834118,40.768692,RES1-1SWB,RES,R11B,236069.64,118034.82,15.0591,17.0591,Above DFE,0,0
8427728,-72.83355,40.768468,RES1-2SWB,RES,R12B,413839.97,206919.98,14.6361,16.6361,Above DFE,0,0
8427729,-72.834473,40.768544,RES1-2SNB,RES,R12N,365608.66,182804.33,15.2448,15.7448,Above DFE,0,0
8427730,-72.834422,40.768349,RES1-2SWB,RES,R12B,431595.21,215797.6,14.7777,16.7777,Above DFE,0,0
8427754,-72.841476,40.757001,RES3A,RES,R3A1N,974977.31,487488.65,3.1615,3.6615,Under DFE,0,0
8427928,-72.854851,40.757081,RES1-1SWB,RES,R11B,77730.81,38865.4,8.5913,10.5913,Above DFE,0,0
8427929,-72.851061,40.747044,RES1-1SNB,RES,R11N,247637.15,123818.57,0.2461,1.7461,Under DFE,0,0
8427930,-72.851061,40.747044,COM8,NONRES,C8LN,NaN,NaN,0.2461,8.2461,Under DFE,0,0
8427931,-72.850839,40.746757,COM4,NONRES,C4LN,NaN,NaN,3.6687,11.6687,Above DFE,0,0
8427932,-72.850839,40.746757,IND1,NONRES,I1LN,NaN,NaN,3.6687,11.6687,Above DFE,0,0
8432245,-72.84041,40.768314,RES1-1SNB,RES,R11N,179127.97,89563.99,13.7391,15.2391,Above DFE,0,0
8432246,-72.840389,40.768106,RES1-1SWB,RES,R11B,312453.5,156226.75,15.1572,17.1572,Above DFE,0,0
8432247,-72.840737,40.769003,RES1-2SWB,RES,R12B,416534.33,208267.17,12.4857,14.4857,Above DFE,0,0
8432248,-72.841402,40.769541,RES1-1SNB,RES,R11N,297728.97,148864.48,13.339,13.839,Above DFE,0,0
8432249,-72.840537,40.768594,RES1-1SNB,RES,R11N,214217.48,107108.74,12.4363,12.9363,Above DFE,0,0
8432250,-72.841301,40.769315,RES1-1SWB,RES,R11B,332861.87,166430.93,12.7762,14.7762,Above DFE,0,0
8432251,-72.840893,40.76849,RES1-1SNB,RES,R11N,177652.03,88826.01,12.9389,13.4389,Above DFE,0,0
8432252,-72.841219,40.769486,RES1-2SNB,RES,R12N,222279.02,111139.51,13.4156,13.9156,Above DFE,0,0
8432253,-72.840854,40.769257,RES1-1SWB,RES,R11B,239867.69,119933.85,13.2853,15.2853,Above DFE,0,0
8432254,-72.84119,40.769104,RES1-1SWB,RES,R11B,232753.24,116376.62,12.9257,14.9257,Above DFE,0,0
8432255,-72.841098,40.768902,RES1-1SNB,RES,R11N,270299.6,135149.8,11.8825,12.3825,Above DFE,0,0
8432256,-72.841812,40.768537,RES1-3SWB,RES,R13B,589281.92,294640.96,12.7857,14.7857,Above DFE,0,0
8432257,-72.842188,40.769337,RES1-2SWB,RES,R12B,297763.95,148881.98,13.0815,15.0815,Above DFE,0,0
8432258,-72.841294,40.768252,RES1-2SWB,RES,R12B,434032.95,217016.47,11.9217,13.9217,Above DFE,0,0
8432259,-72.841729,40.76923,RES1-1SNB,RES,R11N,161413.54,80706.77,12.1515,12.6515,Above DFE,0,0
8432260,-72.841971,40.768791,RES1-1SNB,RES,R11N,234478.98,117239.49,13.32,13.82,Above DFE,0,0
8432261,-72.841585,40.768807,RES1-2SWB,RES,R12B,481707.02,240853.51,12.2531,14.2531,Above DFE,0,0
8432262,-72.841623,40.768963,RES1-2SNB,RES,R12N,378228.8,189114.4,11.8673,12.3673,Above DFE,0,0
8432263,-72.842155,40.769129,RES1-2SNB,RES,R12N,342132.21,171066.11,12.8377,14.3377,Above DFE,0,0
8432264,-72.841932,40.768921,RES1-1SWB,RES,R11B,144165.07,72082.53,12.5486,14.5486,Above DFE,0,0
8432265,-72.841691,40.768163,RES1-1SNB,RES,R11N,235054.14,117527.07,13.0779,14.5779,Above DFE,0,0
8432266,-72.841891,40.769474,RES1-1SWB,RES,R11B,218548.9,109274.45,12.0207,14.0207,Above DFE,0,0
8432267,-72.841504,40.767872,RES3A,RES,R3A1B,955393.52,477696.76,14.2085,16.2085,Above DFE,0,0
8432268,-72.841228,40.76797,IND6,NONRES,I6LN,NaN,NaN,13.3483,13.8483,Above DFE,0,0
8432295,-72.848811,40.766203,IND6,NONRES,I6LN,NaN,NaN,13.9672,14.4672,Above DFE,0,0
8432509,-72.858721,40.761002,COM7,NONRES,C7LN,NaN,NaN,13.0619,13.5619,Above DFE,0,0
8432510,-72.859071,40.760705,RES3A,RES,R3A1B,747812.4,373906.2,11.9136,13.9136,Above DFE,0,0
8432511,-72.859099,40.761654,RES3A,RES,R3A3B,654450.05,327225.03,11.9224,13.9224,Above DFE,0,0
8432512,-72.858699,40.761198,RES1-1SNB,RES,R11N,166334.89,83167.45,13.3594,13.8594,Above DFE,0,0
8432513,-72.859042,40.761406,RES1-1SNB,RES,R11N,183735.66,91867.83,11.0756,12.5756,Above DFE,0,0
8432514,-72.859111,40.761113,IND6,NONRES,I6LN,NaN,NaN,11.2806,11.7806,Above DFE,0,0
8432515,-72.858674,40.761451,RES1-1SWB,RES,R11B,149993.68,74996.84,13.7486,15.7486,Above DFE,0,0
8432516,-72.858728,40.761908,COM1,NONRES,C1LN,NaN,NaN,13.6856,14.1856,Above DFE,0,0
8435713,-72.846148,40.756515,RES1-2SWB,RES,R12B,371379.65,185689.83,4.4174,6.4174,Under DFE,0,0
8435714,-72.848154,40.759111,RES3B,RES,R3B1B,738463.58,369231.79,3.7031,5.7031,Under DFE,0,0
8435715,-72.847834,40.758374,RES3B,RES,R3B1N,619825.01,309912.51,4.1736,4.6736,Under DFE,0,0
8435716,-72.849965,40.769855,RES1-1SWB,RES,R11B,256069.44,128034.72,17.2834,19.2834,Above DFE,0,0
8435717,-72.850439,40.770091,RES1-1SNB,RES,R11N,175902.4,87951.2,15.5855,16.0855,Above DFE,0,0
8435718,-72.850678,40.76971,RES1-1SWB,RES,R11B,338578.87,169289.43,15.6622,17.6622,Above DFE,0,0
8435719,-72.850108,40.770137,RES1-2SNB,RES,R12N,346521.92,173260.96,16.7898,17.2898,Above DFE,0,0
8435720,-72.850331,40.769776,RES1-2SNB,RES,R12N,282431.47,141215.73,15.8279,16.3279,Above DFE,0,0
8435721,-72.850773,40.769951,RES1-2SWB,RES,R12B,272435.75,136217.87,16.3725,18.3725,Above DFE,0,0
8414312,-72.840953,40.766446,RES1-1SWB,RES,R11B,300778.95,150389.47,14.5779,16.5779,Above DFE,0,0
8414313,-72.840778,40.766169,RES1-1SNB,RES,R11N,250127.35,125063.67,14.2833,14.7833,Above DFE,0,0
8414314,-72.840585,40.766622,RES1-1SWB,RES,R11B,324575.11,162287.55,14.9997,16.9997,Above DFE,0,0
8414315,-72.841182,40.766929,RES1-2SWB,RES,R12B,429242.19,214621.1,15.6665,17.6665,Above DFE,0,0
8414316,-72.841008,40.766895,RES1-2SWB,RES,R12B,250878.85,125439.43,15.4488,17.4488,Above DFE,0,0
8414317,-72.841231,40.76722,IND6,NONRES,I6LN,405678.53,405678.53,16.0801,16.5801,Above DFE,0,0
8414318,-72.840702,40.766884,RES1-2SNB,RES,R12N,298324.84,149162.42,14.9552,15.4552,Above DFE,0,0
8414319,-72.841043,40.766695,RES3A,RES,R3A1B,852505.59,426252.8,15.8029,17.8029,Above DFE,0,0
8414320,-72.84076,40.767121,RES1-3SWB,RES,R13B,406086.44,203043.22,15.2023,17.2023,Above DFE,0,0
8414340,-72.843772,40.779913,RES1-1SWB,RES,R11B,333212.1,166606.05,25.9325,27.9325,Above DFE,0,0
8414341,-72.844013,40.778615,RES1-1SNB,RES,R11N,134547.8,67273.9,23.0092,23.5092,Above DFE,0,0
8414342,-72.844111,40.778893,COM3,NONRES,C3LN,NaN,NaN,25.3216,25.8216,Above DFE,0,0
8414343,-72.843881,40.780105,RES1-2SWB,RES,R12B,452215.75,226107.87,26.0499,28.0499,Above DFE,0,0
8414344,-72.843796,40.778112,RES1-1SWB,RES,R11B,189173.57,94586.78,23.9398,25.9398,Above DFE,0,0
8414345,-72.844137,40.78056,RES1-2SWB,RES,R12B,382268.29,191134.15,24.7737,26.7737,Above DFE,0,0
8414346,-72.843055,40.778061,RES1-2SWB,RES,R12B,478488.42,239244.21,22.3178,24.3178,Above DFE,0,0
8414347,-72.843399,40.779107,RES1-2SNB,RES,R12N,340648.64,170324.32,23.4803,24.9803,Above DFE,0,0
8414348,-72.84355,40.779378,RES1-2SWB,RES,R12B,394746.06,197373.03,24.7403,26.7403,Above DFE,0,0
8414349,-72.843641,40.777935,RES1-1SNB,RES,R11N,182102.35,91051.18,23.7025,25.2025,Above DFE,0,0
8414350,-72.844005,40.780351,RES1-1SWB,RES,R11B,226765.21,113382.6,26.7823,28.7823,Above DFE,0,0
8414351,-72.844483,40.779804,RES1-1SNB,RES,R11N,254293.88,127146.94,25.3725,25.8725,Above DFE,0,0
8414352,-72.843225,40.778603,RES1-1SNB,RES,R11N,184352.47,92176.24,22.8388,24.3388,Above DFE,0,0
8414353,-72.84436,40.779466,RES1-2SWB,RES,R12B,398267.97,199133.98,25.1937,27.1937,Above DFE,0,0
8414354,-72.844258,40.77929,RES1-2SWB,RES,R12B,421239.06,210619.53,24.636,26.636,Above DFE,0,0
8414401,-72.845985,40.766992,RES1-2SNB,RES,R12N,315410.41,157705.2,17.5567,18.0567,Above DFE,0,0
8414402,-72.84575,40.767057,RES1-3SWB,RES,R13B,372056.46,186028.23,17.3872,19.3872,Above DFE,0,0
8414403,-72.846175,40.766629,RES1-1SWB,RES,R11B,265893.54,132946.77,15.6153,17.6153,Above DFE,0,0
8414404,-72.844858,40.766948,RES1-2SNB,RES,R12N,314808.47,157404.24,16.4084,17.9084,Above DFE,0,0
8414405,-72.846311,40.766896,COM4,NONRES,C4MN,1074738.94,1074738.94,16.1394,16.6394,Above DFE,0,0
8414465,-72.852817,40.758761,RES1-1SNB,RES,R11N,152526.36,76263.18,9.737,11.237,Above DFE,0,0
8414466,-72.852889,40.758918,RES1-1SWB,RES,R11B,140917.7,70458.85,9.9374,11.9374,Above DFE,0,0
8414467,-72.853675,40.759744,RES1-1SWB,RES,R11B,245560.33,122780.16,11.0733,13.0733,Above DFE,0,0
8414468,-72.853787,40.759954,RES1-1SWB,RES,R11B,149444.52,74722.26,10.6186,12.6186,Above DFE,0,0
8414469,-72.85341,40.759313,RES1-1SNB,RES,R11N,166589.8,83294.9,10.2392,10.7392,Above DFE,0,0
8414609,-72.830723,40.763228,RES1-1SWB,RES,R11B,157073.31,78536.66,6.4046,8.4046,Under DFE,0,0
8414610,-72.82986,40.76314,RES1-1SWB,RES,R11B,249382.33,124691.17,6.6603,8.6603,Under DFE,0,0
8414611,-72.829931,40.763416,RES1-1SWB,RES,R11B,354714.61,177357.3,8.3208,10.3208,Above DFE,0,0
8414612,-72.829565,40.763247,RES1-1SWB,RES,R11B,234032.03,117016.02,8.4691,10.4691,Above DFE,0,0
8414613,-72.831055,40.762872,RES1-1SNB,RES,R11N,256094.31,128047.15,6.6792,8.1792,Under DFE,0,0
8414642,-72.831291,40.759162,RES3A,RES,R3A3B,735266.57,367633.29,3.5328,5.5328,Under DFE,0,0
8414749,-72.840233,40.762735,RES1-2SNB,RES,R12N,289582.32,144791.16,11.3336,11.8336,Above DFE,0,0
8414750,-72.83995,40.763052,RES1-2SWB,RES,R12B,241331.97,120665.99,11.5967,13.5967,Above DFE,0,0
8414751,-72.840144,40.762538,RES1-1SNB,RES,R11N,104061.4,52030.7,10.8474,11.3474,Above DFE,0,0
8414752,-72.840466,40.763335,RES1-1SWB,RES,R11B,222144.39,111072.2,12.2972,14.2972,Above DFE,0,0
8414753,-72.840373,40.76314,RES1-1SNB,RES,R11N,121311.91,60655.96,11.8666,12.3666,Above DFE,0,0
8414754,-72.839526,40.762123,RES1-1SWB,RES,R11B,411027.01,205513.51,9.6102,11.6102,Above DFE,0,0
8414755,-72.839788,40.762689,RES3A,RES,R3A1B,573327.09,286663.54,11.7235,13.7235,Above DFE,0,0
8414792,-72.846602,40.771042,COM3,NONRES,C3LN,NaN,NaN,21.8311,22.3311,Above DFE,0,0
8414793,-72.846723,40.771011,RES1-1SWB,RES,R11B,127645.75,63822.88,21.462,23.462,Above DFE,0,0
8414794,-72.846895,40.770969,RES1-2SWB,RES,R12B,349335.62,174667.81,20.7806,22.7806,Above DFE,0,0
8414795,-72.846433,40.770776,RES1-2SWB,RES,R12B,277069.62,138534.81,20.7072,22.7072,Above DFE,0,0
8414796,-72.847094,40.770609,RES1-2SNB,RES,R12N,327909.47,163954.73,20.4181,20.9181,Above DFE,0,0
8414797,-72.847481,40.770529,RES1-1SWB,RES,R11B,208177.25,104088.62,20.047,22.047,Above DFE,0,0
8414837,-72.85051,40.773854,RES3A,RES,R3A1B,656985.72,328492.86,23.7148,25.7148,Above DFE,0,0
8414838,-72.850275,40.773144,RES1-2SNB,RES,R12N,227571.3,113785.65,23.5987,24.0987,Above DFE,0,0
8414839,-72.85142,40.773539,RES1-2SNB,RES,R12N,404358.95,202179.47,23.7023,24.2023,Above DFE,0,0
8414840,-72.85142,40.773775,RES1-1SNB,RES,R11N,199626.01,99813,24.1911,24.6911,Above DFE,0,0
8414841,-72.851166,40.773835,RES1-1SNB,RES,R11N,156960.35,78480.18,22.6769,23.1769,Above DFE,0,0
8414842,-72.850279,40.773535,RES1-1SNB,RES,R11N,211099.29,105549.64,23.2831,24.7831,Above DFE,0,0
8414843,-72.851187,40.773143,RES1-2SNB,RES,R12N,293929.66,146964.83,23.0544,23.5544,Above DFE,0,0
8414844,-72.850589,40.773132,RES1-1SWB,RES,R11B,232343.9,116171.95,23.3539,25.3539,Above DFE,0,0
8414845,-72.851512,40.773046,IND3,NONRES,I3LN,4355307.52,6532961.28,21.9831,22.4831,Above DFE,0,0
8414846,-72.850963,40.770687,AGR1,NONRES,A1LN,NaN,NaN,17.1637,17.6637,Above DFE,0,0
8414847,-72.850373,40.770835,RES3A,RES,R3A3N,804347.07,402173.54,19.6267,21.1267,Above DFE,0,0
8414892,-72.854746,40.758915,RES1-3SWB,RES,R13B,360936.87,180468.44,10.2486,12.2486,Above DFE,0,0
8414893,-72.854769,40.758955,RES1-1SNB,RES,R11N,43479.32,21739.66,10.2486,11.7486,Above DFE,0,0
8414894,-72.856063,40.759031,RES1-1SWB,RES,R11B,136307.15,68153.57,12.334,14.334,Above DFE,0,0
8414895,-72.855474,40.75884,RES1-2SWB,RES,R12B,116750.08,58375.04,11.664,13.664,Above DFE,0,0
8414896,-72.855996,40.758691,RES1-1SNB,RES,R11N,131331.16,65665.58,11.2205,12.7205,Above DFE,0,0
8414897,-72.856337,40.75865,RES1-2SWB,RES,R12B,419023.74,209511.87,11.5475,13.5475,Above DFE,0,0
8414898,-72.855305,40.758882,RES1-1SNB,RES,R11N,224148.34,112074.17,11.1549,11.6549,Above DFE,0,0
8414899,-72.855613,40.758786,RES1-1SWB,RES,R11B,190312.88,95156.44,12.1617,14.1617,Above DFE,0,0
8414900,-72.856642,40.758516,RES1-1SWB,RES,R11B,186264.94,93132.47,11.465,13.465,Above DFE,0,0
8414901,-72.855727,40.759085,RES1-2SNB,RES,R12N,267593.48,133796.74,12.0587,12.5587,Above DFE,0,0
8414902,-72.856552,40.758851,RES1-1SWB,RES,R11B,200861.31,100430.65,12.8178,14.8178,Above DFE,0,0
8414903,-72.85532,40.759188,RES1-1SWB,RES,R11B,213688.25,106844.12,11.4455,13.4455,Above DFE,0,0
8414904,-72.855446,40.751745,RES1-1SNB,RES,R11N,228409.87,114204.93,4.4632,5.9632,Under DFE,0,0
8414905,-72.855797,40.751657,RES1-1SNB,RES,R11N,147913.28,73956.64,5.1783,5.6783,Under DFE,0,0
8414906,-72.855737,40.751502,RES1-1SWB,RES,R11B,300448.01,150224.01,5.3818,7.3818,Under DFE,0,0
8414907,-72.855184,40.751762,RES1-1SNB,RES,R11N,178403.4,89201.7,5.4254,5.9254,Under DFE,0,0
8414971,-72.863034,40.756663,RES1-1SWB,RES,R11B,225528.31,112764.16,13.2005,15.2005,Above DFE,0,0
8414972,-72.862627,40.756302,RES1-1SWB,RES,R11B,226662.42,113331.21,11.6018,13.6018,Above DFE,0,0
8414973,-72.862551,40.756537,RES1-1SWB,RES,R11B,151017.11,75508.55,11.9842,13.9842,Above DFE,0,0
8414974,-72.862984,40.756912,RES1-1SWB,RES,R11B,199750.46,99875.23,11.7278,13.7278,Above DFE,0,0
8414975,-72.862854,40.757871,RES1-1SWB,RES,R11B,161692.26,80846.13,12.5331,14.5331,Above DFE,0,0
8414976,-72.862535,40.757841,COM4,NONRES,C4LN,NaN,NaN,13.253,13.753,Above DFE,0,0
8414977,-72.862576,40.757098,RES1-1SWB,RES,R11B,183473.9,91736.95,10.6633,12.6633,Above DFE,0,0
8414978,-72.862559,40.75694,RES1-1SNB,RES,R11N,142664.17,71332.08,11.5045,13.0045,Above DFE,0,0
8414979,-72.86295,40.757796,RES1-1SNB,RES,R11N,117742.78,58871.39,12.5171,14.0171,Above DFE,0,0
8414980,-72.862944,40.757124,RES1-1SWB,RES,R11B,193222.87,96611.43,11.5475,13.5475,Above DFE,0,0
8414981,-72.862936,40.757427,RES1-1SWB,RES,R11B,190828.12,95414.06,11.9933,13.9933,Above DFE,0,0
8414982,-72.862503,40.757565,RES1-1SWB,RES,R11B,265842.65,132921.32,11.7267,13.7267,Above DFE,0,0
8414983,-72.862925,40.757663,RES1-1SWB,RES,R11B,158034.44,79017.22,13.8192,15.8192,Above DFE,0,0
8414984,-72.862542,40.75723,RES1-1SNB,RES,R11N,120524.76,60262.38,11.6049,12.1049,Above DFE,0,0
8415025,-72.868277,40.759822,RES1-2SWB,RES,R12B,331188.48,165594.24,14.74,16.74,Above DFE,0,0
8415026,-72.870339,40.758929,RES1-1SWB,RES,R11B,313373.35,156686.68,13.6356,15.6356,Above DFE,0,0
8415027,-72.870139,40.759042,RES1-2SWB,RES,R12B,294040.13,147020.06,14.9198,16.9198,Above DFE,0,0
8415028,-72.86884,40.759622,RES1-2SWB,RES,R12B,381715.31,190857.65,14.7552,16.7552,Above DFE,0,0
8415029,-72.870553,40.758874,RES1-1SWB,RES,R11B,227092.15,113546.07,13.3937,15.3937,Above DFE,0,0
8415030,-72.869205,40.759428,RES1-1SNB,RES,R11N,238745.42,119372.71,16.1238,16.6238,Above DFE,0,0
8415031,-72.869627,40.759245,RES1-2SNB,RES,R12N,341014.38,170507.19,15.9684,16.4684,Above DFE,0,0
8415032,-72.868498,40.759735,RES1-2SWB,RES,R12B,325306.37,162653.18,14.9329,16.9329,Above DFE,0,0
8415063,-72.872871,40.755013,RES1-2SWB,RES,R12B,328989.08,164494.54,11.0522,13.0522,Above DFE,0,0
8415064,-72.872488,40.755028,RES1-1SWB,RES,R11B,293507.59,146753.79,11.5352,13.5352,Above DFE,0,0
8415065,-72.872745,40.754499,RES1-1SWB,RES,R11B,160522.67,80261.33,9.4771,11.4771,Above DFE,0,0
8415066,-72.873239,40.754989,RES1-1SWB,RES,R11B,250483.96,125241.98,11.1554,13.1554,Above DFE,0,0
8415067,-72.873265,40.754506,RES1-2SWB,RES,R12B,304305.52,152152.76,8.6198,10.6198,Above DFE,0,0
8415068,-72.87297,40.754502,RES1-1SWB,RES,R11B,228235.54,114117.77,7.1286,9.1286,Under DFE,0,0
8415081,-72.879425,40.755936,COM8,NONRES,C8LN,308208.24,308208.24,12.6764,13.1764,Above DFE,0,0
8415082,-72.881168,40.755878,COM8,NONRES,C8LN,842528.94,842528.94,13.9717,14.4717,Above DFE,0,0
8415083,-72.879091,40.755917,COM8,NONRES,C8LN,2186214.19,2186214.19,12.7898,13.2898,Above DFE,0,0
8415084,-72.880579,40.755842,COM8,NONRES,C8LN,2186214.19,2186214.19,12.6617,20.6617,Above DFE,0,0
8415085,-72.880143,40.756565,COM8,NONRES,C8LN,307550.09,307550.09,11.591,12.091,Above DFE,0,0
8415086,-72.880159,40.756027,COM8,NONRES,C8LN,2186214.19,2186214.19,10.9445,18.9445,Above DFE,0,0
8415130,-72.880445,40.743616,RES1-1SWB,RES,R11B,200379.69,100189.84,3.5928,5.5928,Under DFE,0,0
8415131,-72.880981,40.743629,RES1-3SWB,RES,R13B,271386.11,135693.06,3.1628,5.1628,Under DFE,0,0
8415132,-72.881587,40.74368,RES1-1SWB,RES,R11B,216896.75,108448.38,2.8981,4.8981,Under DFE,0,0
8415133,-72.880625,40.743626,RES1-1SWB,RES,R11B,200379.69,100189.84,3.4304,5.4304,Under DFE,0,0
8415566,-72.831773,40.761294,RES1-1SWB,RES,R11B,163843.34,81921.67,5.489,7.489,Under DFE,0,0
8415567,-72.831674,40.761059,RES1-2SNB,RES,R12N,241966.06,120983.03,5.6608,6.1608,Under DFE,0,0
8415568,-72.832206,40.761217,RES1-1SWB,RES,R11B,216280.11,108140.05,4.5518,6.5518,Under DFE,0,0
8415569,-72.83184,40.760718,RES1-1SWB,RES,R11B,247214.31,123607.15,3.7437,5.7437,Under DFE,0,0
8415570,-72.831959,40.760594,RES1-1SWB,RES,R11B,229367.48,114683.74,4.0238,6.0238,Under DFE,0,0
8415571,-72.831637,40.760821,RES1-1SWB,RES,R11B,211607.33,105803.66,4.1303,6.1303,Under DFE,0,0
8415572,-72.831889,40.761516,RES1-1SNB,RES,R11N,209181.2,104590.6,5.535,7.035,Under DFE,0,0
8415573,-72.832,40.760807,RES1-1SWB,RES,R11B,177431.76,88715.88,3.9397,5.9397,Under DFE,0,0
8415607,-72.839987,40.770558,RES1-2SNB,RES,R12N,395843.87,197921.94,14.8406,16.3406,Above DFE,0,0
8415752,-72.845118,40.783955,RES3A,RES,R3A3B,876738.41,438369.21,29.6439,31.6439,Above DFE,0,0
8415753,-72.845641,40.785502,COM4,NONRES,C4LN,798969.89,798969.89,29.6205,30.1205,Above DFE,0,0
8415754,-72.845278,40.784408,RES1-1SNB,RES,R11N,147195.47,73597.74,29.8961,30.3961,Above DFE,0,0
8415755,-72.84616,40.784592,RES1-1SWB,RES,R11B,248475.3,124237.65,30.7036,32.7036,Above DFE,0,0
8415756,-72.846431,40.7838,COM3,NONRES,C3LN,710616.54,710616.54,30.3188,30.8188,Above DFE,0,0
8415757,-72.845212,40.784269,RES1-1SNB,RES,R11N,152181.02,76090.51,30.0293,30.5293,Above DFE,0,0
8415758,-72.845523,40.783952,IND6,NONRES,I6LN,NaN,NaN,29.6256,30.1256,Above DFE,0,0
8415759,-72.846028,40.783909,RES1-2SNB,RES,R12N,262511.66,131255.83,29.7015,30.2015,Above DFE,0,0
8415760,-72.846055,40.783692,COM8,NONRES,C8LN,680058.7,680058.7,28.8006,29.3006,Above DFE,0,0
8415761,-72.845154,40.784111,RES1-2SWB,RES,R12B,305338.46,152669.23,29.1917,31.1917,Above DFE,0,0
8415762,-72.845401,40.784981,RES1-2SWB,RES,R12B,347012.85,173506.42,30.3467,32.3467,Above DFE,0,0
8415763,-72.845086,40.783819,RES1-1SWB,RES,R11B,161055.28,80527.64,27.8784,29.8784,Above DFE,0,0
8415764,-72.845121,40.78356,RES1-1SWB,RES,R11B,243344.25,121672.12,28.8418,30.8418,Above DFE,0,0
8415852,-72.84875,40.76833,RES1-2SNB,RES,R12N,280731.5,140365.75,16.502,18.002,Above DFE,0,0
8415853,-72.848225,40.768129,RES1-1SWB,RES,R11B,340532.09,170266.04,16.7957,18.7957,Above DFE,0,0
8415854,-72.848066,40.768536,RES1-1SWB,RES,R11B,193711.7,96855.85,16.9996,18.9996,Above DFE,0,0
8415855,-72.848618,40.768076,RES1-1SWB,RES,R11B,232937.47,116468.73,15.5728,17.5728,Above DFE,0,0
8415856,-72.847431,40.768357,RES1-2SWB,RES,R12B,267257.59,133628.8,18.3942,20.3942,Above DFE,0,0
8415857,-72.847803,40.768268,RES3A,RES,R3A1B,860634.64,430317.32,16.7622,18.7622,Above DFE,0,0
8415858,-72.848477,40.768437,RES1-2SNB,RES,R12N,184274.5,92137.25,16.4899,16.9899,Above DFE,0,0
8416047,-72.860114,40.751847,COM1,NONRES,C1LN,NaN,NaN,5.2206,5.7206,Under DFE,0,0
8416048,-72.860281,40.751116,RES3A,RES,R3A1B,691701.31,345850.65,3.4334,5.4334,Under DFE,0,0
8416049,-72.860174,40.750788,RES1-1SNB,RES,R11N,175234.48,87617.24,3.0704,4.5704,Under DFE,0,0
8416050,-72.860403,40.751672,RES1-1SWB,RES,R11B,91364.21,45682.11,4.3105,6.3105,Under DFE,0,0
8416051,-72.860166,40.750913,RES1-1SNB,RES,R11N,163503.94,81751.97,3.2154,4.7154,Under DFE,0,0
8416052,-72.860205,40.750247,RES1-2SNB,RES,R12N,269257.12,134628.56,3.5335,5.0335,Under DFE,0,0
8416053,-72.860522,40.751604,RES1-1SWB,RES,R11B,136639.55,68319.78,4.5558,6.5558,Under DFE,0,0
8416054,-72.860175,40.750544,RES1-1SWB,RES,R11B,186800.61,93400.31,3.0541,5.0541,Under DFE,0,0
8416055,-72.860129,40.75167,RES1-1SWB,RES,R11B,138082.67,69041.33,4.6083,6.6083,Under DFE,0,0
8416056,-72.8605,40.751856,RES1-1SWB,RES,R11B,156791.01,78395.51,4.7747,6.7747,Under DFE,0,0
8416057,-72.86011,40.751377,RES1-1SWB,RES,R11B,228743.88,114371.94,4.626,6.626,Under DFE,0,0
8416058,-72.8605,40.750909,RES1-1SWB,RES,R11B,134246.91,67123.45,2.9298,4.9298,Under DFE,0,0
8416059,-72.860315,40.750465,RES1-1SWB,RES,R11B,113850.92,56925.46,3.2231,5.2231,Under DFE,0,0
8416060,-72.860132,40.751172,RES1-1SWB,RES,R11B,170127.76,85063.88,5.0158,7.0158,Under DFE,0,0
8416121,-72.83773,40.76531,RES1-2SWB,RES,R12B,401647.36,200823.68,12.001,14.001,Above DFE,0,0
8416122,-72.837234,40.765292,RES1-2SNB,RES,R12N,316798.2,158399.1,11.5543,12.0543,Above DFE,0,0
8416123,-72.837356,40.765436,RES1-2SWB,RES,R12B,376467.29,188233.64,12.975,14.975,Above DFE,0,0
8416124,-72.837962,40.765931,RES1-1SWB,RES,R11B,331593.42,165796.71,13.3831,15.3831,Above DFE,0,0
8416125,-72.837546,40.765915,RES1-2SNB,RES,R12N,413724.68,206862.34,12.5022,13.0022,Above DFE,0,0
8416130,-72.837696,40.766293,REL1,NONRES,RE1LN,680263.98,680263.98,13.0825,13.5825,Above DFE,0,0
8416131,-72.837002,40.764766,RES1-2SWB,RES,R12B,429338.88,214669.44,12.0418,14.0418,Above DFE,0,0
8416158,-72.842379,40.753999,RES3A,RES,R3A3B,793934.07,396967.03,2.7197,4.7197,Under DFE,0,0
8416159,-72.842392,40.753458,RES1-3SWB,RES,R13B,239613.46,119806.73,2.174,4.174,Under DFE,0,0
8416160,-72.84199,40.753238,RES1-2SWB,RES,R12B,330278.88,165139.44,3.1218,5.1218,Under DFE,0,0
8416161,-72.84272,40.754616,RES1-2SWB,RES,R12B,319896.06,159948.03,2.9726,4.9726,Under DFE,0,0
8416162,-72.842156,40.753519,RES1-1SNB,RES,R11N,158770.34,79385.17,5.6797,7.1797,Under DFE,0,0
8416189,-72.847055,40.766422,RES3A,RES,R3A3B,668099.02,334049.51,16.3368,18.3368,Above DFE,0,0
8416190,-72.846813,40.766917,RES3A,RES,R3A3N,800965.48,400482.74,14.8294,16.3294,Above DFE,0,0
8416191,-72.847249,40.76694,RES3A,RES,R3A1B,945643.27,472821.64,16.0253,18.0253,Above DFE,0,0
8416192,-72.847368,40.76721,RES1-2SWB,RES,R12B,289055.56,144527.78,16.0069,18.0069,Above DFE,0,0
8416193,-72.847523,40.767556,RES1-2SNB,RES,R12N,181569.33,90784.67,16.0946,16.5946,Above DFE,0,0
8416194,-72.847192,40.767628,RES1-1SWB,RES,R11B,191815.63,95907.82,16.3218,18.3218,Above DFE,0,0
8416195,-72.847637,40.767862,RES1-2SWB,RES,R12B,297426.7,148713.35,16.2616,18.2616,Above DFE,0,0
8416224,-72.849373,40.751518,RES1-1SWB,RES,R11B,263358.25,131679.12,2.6897,4.6897,Under DFE,0,0
8416225,-72.848978,40.751732,RES1-1SWB,RES,R11B,268623.39,134311.69,2.9068,4.9068,Under DFE,0,0
8416226,-72.849552,40.752963,RES1-1SWB,RES,R11B,252365.1,126182.55,4.808,6.808,Under DFE,0,0
8416227,-72.849774,40.752576,RES1-2SWB,RES,R12B,480285.42,240142.71,6.5982,8.5982,Under DFE,0,0
8416228,-72.848926,40.751453,RES1-1SWB,RES,R11B,274405.9,137202.95,4.3757,6.3757,Under DFE,0,0
8416229,-72.849174,40.752127,RES1-1SWB,RES,R11B,295208.93,147604.46,3.8609,5.8609,Under DFE,0,0
8416230,-72.849567,40.752102,RES1-1SWB,RES,R11B,278595.61,139297.8,5.02,7.02,Under DFE,0,0
8416231,-72.84931,40.752612,RES1-1SNB,RES,R11N,215438.45,107719.23,3.7532,5.2532,Under DFE,0,0
8416232,-72.849822,40.752842,RES1-2SNB,RES,R12N,383043.21,191521.61,5.5357,6.0357,Under DFE,0,0
8416233,-72.849266,40.75239,RES1-1SWB,RES,R11B,249314.99,124657.49,3.9076,5.9076,Under DFE,0,0
8416234,-72.849052,40.751878,RES1-3SWB,RES,R13B,434640,217320,3.8391,5.8391,Under DFE,0,0
8416235,-72.849427,40.751745,RES1-1SWB,RES,R11B,356674.86,178337.43,5.0731,7.0731,Under DFE,0,0
8416245,-72.850723,40.767562,COM3,NONRES,C3LN,NaN,NaN,14.3659,14.8659,Above DFE,0,0
8416246,-72.851032,40.767452,RES1-1SWB,RES,R11B,177898.18,88949.09,12.9031,14.9031,Above DFE,0,0
8416247,-72.850826,40.76781,RES1-1SWB,RES,R11B,222491.69,111245.84,14.088,16.088,Above DFE,0,0
8416248,-72.851212,40.767712,RES1-1SWB,RES,R11B,201204.95,100602.47,11.6258,13.6258,Above DFE,0,0
8416249,-72.851681,40.767288,RES1-2SWB,RES,R12B,354997.8,177498.9,11.479,13.479,Above DFE,0,0
8416250,-72.851459,40.767682,RES1-1SNB,RES,R11N,188383.89,94191.94,10.6028,12.1028,Above DFE,0,0
8416251,-72.851672,40.767582,RES1-1SWB,RES,R11B,301437.63,150718.81,11.9979,13.9979,Above DFE,0,0
8416322,-72.85581,40.748116,RES3A,RES,R3A3B,698869.66,349434.83,3.8164,5.8164,Under DFE,0,0
8416323,-72.855821,40.74856,RES3A,RES,R3A1B,696511.51,348255.75,3.2045,5.2045,Under DFE,0,0
8416324,-72.855822,40.748691,RES3A,RES,R3A3B,736801.08,368400.54,3.2729,5.2729,Under DFE,0,0
8416325,-72.855841,40.747943,RES3A,RES,R3A1N,764915.7,382457.85,2.4737,3.9737,Under DFE,0,0
8416326,-72.855816,40.748907,RES3A,RES,R3A3B,703395.91,351697.95,2.6831,4.6831,Under DFE,0,0
8416327,-72.855974,40.747657,RES3A,RES,R3A5N,674069.73,337034.87,4.5452,6.0452,Under DFE,0,0
8416328,-72.855989,40.747749,RES3A,RES,R3A1B,691701.31,345850.65,2.8652,4.8652,Under DFE,0,0
8427726,-72.834027,40.768372,RES1-2SNB,RES,R12N,351940.48,175970.24,14.9639,16.4639,Above DFE,0,0
8427731,-72.833735,40.768709,COM2,NONRES,C2LN,291539.93,291539.93,14.8051,15.3051,Above DFE,0,0
8427732,-72.837857,40.773655,RES1-2SWB,RES,R12B,365681.88,182840.94,17.4936,19.4936,Above DFE,0,0
8427733,-72.838586,40.773595,RES1-2SWB,RES,R12B,460398.39,230199.19,17.5875,19.5875,Above DFE,0,0
8427734,-72.838093,40.773773,RES1-1SNB,RES,R11N,302625.22,151312.61,16.1143,16.6143,Above DFE,0,0
8427735,-72.838276,40.773583,RES1-1SWB,RES,R11B,279480.26,139740.13,15.7311,17.7311,Above DFE,0,0
8427740,-72.841296,40.763039,RES3A,RES,R3A1N,691701.31,345850.65,12.1037,13.6037,Above DFE,0,0
8427741,-72.841327,40.762862,COM8,NONRES,C8LN,NaN,NaN,12.1081,12.6081,Above DFE,0,0
8427742,-72.841226,40.762656,RES3A,RES,R3A3B,753909.27,376954.63,12.0662,14.0662,Above DFE,0,0
8427743,-72.841028,40.762121,RES3A,RES,R3A1B,685830.11,342915.05,11.683,13.683,Above DFE,0,0
8427744,-72.841435,40.763267,RES3A,RES,R3A3B,834026.64,417013.32,12.8946,14.8946,Above DFE,0,0
8427745,-72.840734,40.762793,RES1-1SNB,RES,R11N,183204.24,91602.12,11.4617,11.9617,Above DFE,0,0
8427746,-72.841101,40.762406,RES1-1SWB,RES,R11B,192594,96297,11.9842,13.9842,Above DFE,0,0
8427747,-72.840969,40.763171,IND6,NONRES,I6LN,NaN,NaN,12.113,12.613,Above DFE,0,0
8427748,-72.840591,40.762463,RES1-1SNB,RES,R11N,227814.25,113907.13,11.6273,12.1273,Above DFE,0,0
8427749,-72.840632,40.762591,RES1-1SWB,RES,R11B,147119.61,73559.8,10.928,12.928,Above DFE,0,0
8427750,-72.841847,40.756246,RES1-1SWB,RES,R11B,216016.81,108008.4,2.7483,4.7483,Under DFE,0,0
8427751,-72.841723,40.756946,RES1-2SWB,RES,R12B,394270.61,197135.3,3.7186,5.7186,Under DFE,0,0
8427752,-72.841233,40.756553,RES1-2SNB,RES,R12N,96278.66,48139.33,3.1033,3.6033,Under DFE,0,0
8427753,-72.841182,40.756642,RES1-2SNB,RES,R12N,NaN,NaN,4.0786,5.5786,Under DFE,0,0
8427762,-72.848345,40.751773,RES1-1SWB,RES,R11B,240750.94,120375.47,2.6302,4.6302,Under DFE,0,0
8427763,-72.848516,40.751789,RES1-1SNB,RES,R11N,270745.91,135372.96,2.3793,3.8793,Under DFE,0,0
8427764,-72.848147,40.751885,RES1-1SWB,RES,R11B,213617.98,106808.99,2.2547,4.2547,Under DFE,0,0
8427765,-72.848114,40.751592,RES1-2SWB,RES,R12B,396806.39,198403.2,2.7307,4.7307,Under DFE,0,0
8427766,-72.846729,40.751903,RES1-1SWB,RES,R11B,323750.65,161875.32,2.8803,4.8803,Under DFE,0,0
8427767,-72.847674,40.751668,RES1-2SWB,RES,R12B,348568.89,174284.45,2.2292,4.2292,Under DFE,0,0
8427768,-72.847711,40.752037,RES1-1SNB,RES,R11N,161275.82,80637.91,2.6695,3.1695,Under DFE,0,0
8427769,-72.846874,40.752214,COM2,NONRES,C2LN,NaN,NaN,3.3098,3.8098,Under DFE,0,0
8427770,-72.851238,40.771292,RES1-1SWB,RES,R11B,169939.58,84969.79,19.2913,21.2913,Above DFE,0,0
8427771,-72.850614,40.771292,RES1-1SNB,RES,R11N,106051.61,53025.81,20.0915,20.5915,Above DFE,0,0
8427772,-72.851133,40.771049,RES1-1SWB,RES,R11B,192212.93,96106.47,18.6758,20.6758,Above DFE,0,0
8427773,-72.850928,40.771246,RES1-2SWB,RES,R12B,352150.14,176075.07,20.0874,22.0874,Above DFE,0,0
8427774,-72.850571,40.771212,RES1-2SWB,RES,R12B,348217.51,174108.75,20.0915,22.0915,Above DFE,0,0
8427825,-72.84211,40.75451,RES3A,RES,R3A3N,778628.48,389314.24,2.8047,10.8047,Above DFE,0,0
8427826,-72.841998,40.754346,RES3A,RES,R3A1N,654120.74,327060.37,4.8081,5.3081,Under DFE,0,0
8427827,-72.842173,40.754702,IND6,NONRES,I6LN,NaN,NaN,2.8905,3.3905,Under DFE,0,0
8427828,-72.841565,40.753346,RES3A,RES,R3A3N,853364.05,426682.02,2.4876,3.9876,Under DFE,0,0
8427839,-72.870168,40.745368,RES1-2SWB,RES,R12B,374085.44,187042.72,7.7665,9.7665,Under DFE,0,0
8427840,-72.87097,40.745785,RES1-1SWB,RES,R11B,342704.42,171352.21,5.6014,7.6014,Under DFE,0,0
8427841,-72.870992,40.745501,RES1-1SNB,RES,R11N,337343.97,168671.99,7.1398,8.6398,Under DFE,0,0
8427842,-72.870951,40.74564,RES1-1SWB,RES,R11B,231326.24,115663.12,6.7937,8.7937,Under DFE,0,0
8427843,-72.871019,40.745994,RES1-1SNB,RES,R11N,341502.68,170751.34,5.8857,13.8857,Above DFE,0,0
8427844,-72.870867,40.74529,RES1-1SWB,RES,R11B,341213.64,170606.82,7.1179,9.1179,Under DFE,0,0
8427845,-72.870555,40.745335,RES1-2SWB,RES,R12B,375679.24,187839.62,6.3788,8.3788,Under DFE,0,0
8427846,-72.847702,40.759402,RES1-1SWB,RES,R11B,180388.09,90194.05,4.7044,6.7044,Under DFE,0,0
8427847,-72.84706,40.758778,RES1-2SWB,RES,R12B,282028.96,141014.48,4.651,6.651,Under DFE,0,0
8427848,-72.847192,40.759007,RES1-1SNB,RES,R11N,107861.73,53930.86,4.2606,4.7606,Under DFE,0,0
8427849,-72.847591,40.759055,RES1-1SWB,RES,R11B,189499.68,94749.84,6.5931,8.5931,Under DFE,0,0
8427850,-72.847208,40.758139,COM4,NONRES,C4LN,440732.83,440732.83,4.2184,4.7184,Under DFE,0,0
8427851,-72.847322,40.759294,RES1-1SWB,RES,R11B,152770.6,76385.3,5.1633,7.1633,Under DFE,0,0
8427852,-72.84779,40.759588,RES1-1SWB,RES,R11B,176818.47,88409.24,6.1236,8.1236,Under DFE,0,0
8427853,-72.846832,40.758142,RES1-1SNB,RES,R11N,190107.47,95053.74,4.8733,5.3733,Under DFE,0,0
8427854,-72.847479,40.759673,RES1-1SWB,RES,R11B,226254.86,113127.43,7.9116,9.9116,Under DFE,0,0
8427855,-72.846944,40.758501,RES1-1SNB,RES,R11N,176632.73,88316.37,4.149,5.649,Under DFE,0,0
8427856,-72.847411,40.759476,RES1-1SNB,RES,R11N,119719.59,59859.8,5.9792,7.4792,Under DFE,0,0
8427864,-72.843276,40.755092,RES1-1SWB,RES,R11B,164098.77,82049.39,2.6323,4.6323,Under DFE,0,0
8427865,-72.842933,40.755305,RES1-1SWB,RES,R11B,267362.78,133681.39,2.5384,4.5384,Under DFE,0,0
8427866,-72.843702,40.756449,RES1-1SWB,RES,R11B,159056.1,79528.05,3.6471,5.6471,Under DFE,0,0
8427867,-72.843525,40.755965,RES1-1SWB,RES,R11B,193051.32,96525.66,2.317,4.317,Under DFE,0,0
8427868,-72.8437,40.756173,RES1-2SNB,RES,R12N,200213.43,100106.72,2.9632,3.4632,Under DFE,0,0
8427869,-72.842949,40.755455,RES1-3SWB,RES,R13B,409573.66,204786.83,2.7966,4.7966,Under DFE,0,0
8427870,-72.843207,40.754957,RES1-1SNB,RES,R11N,137783.55,68891.77,3.0036,4.5036,Under DFE,0,0
8427871,-72.843473,40.755828,RES1-1SWB,RES,R11B,122870.68,61435.34,2.1949,4.1949,Under DFE,0,0
8427872,-72.843187,40.757185,RES3A,RES,R3A3B,683803.72,341901.86,3.8654,5.8654,Under DFE,0,0
8427873,-72.842662,40.757048,RES3A,RES,R3A3B,730395.95,365197.98,3.4089,5.4089,Under DFE,0,0
8427874,-72.842983,40.757703,RES1-2SWB,RES,R12B,233013.7,116506.85,5.0757,7.0757,Under DFE,0,0
8427875,-72.843278,40.757409,RES1-1SWB,RES,R11B,176460.22,88230.11,4.3136,6.3136,Under DFE,0,0
8427876,-72.843091,40.757917,RES1-1SWB,RES,R11B,192550.82,96275.41,5.341,7.341,Under DFE,0,0
8427877,-72.84286,40.757377,RES1-1SWB,RES,R11B,154435.77,77217.88,4.1037,6.1037,Under DFE,0,0
8427878,-72.84356,40.758176,RES3A,RES,R3A1B,637803.81,318901.91,6.0431,8.0431,Under DFE,0,0
8427879,-72.84306,40.757018,RES1-1SWB,RES,R11B,201257.2,100628.6,6.6781,8.6781,Under DFE,0,0
8427880,-72.843469,40.757882,RES1-1SWB,RES,R11B,175037.64,87518.82,5.5504,7.5504,Under DFE,0,0
8427881,-72.842909,40.757502,RES1-2SWB,RES,R12B,401426.61,200713.31,4.7025,6.7025,Under DFE,0,0
8427922,-72.848509,40.773973,RES3A,RES,R3A1N,873602.42,436801.21,23.093,23.593,Above DFE,0,0
8427923,-72.848472,40.773611,RES1-1SWB,RES,R11B,229716.94,114858.47,22.9199,24.9199,Above DFE,0,0
8427924,-72.848504,40.773289,RES3A,RES,R3A1N,908779.56,454389.78,23.3652,23.8652,Above DFE,0,0
8427925,-72.848817,40.773224,RES3A,RES,R3A1B,892854.62,446427.31,23.7199,25.7199,Above DFE,0,0
8427926,-72.854912,40.756875,COM7,NONRES,C7LN,NaN,NaN,9.4585,9.9585,Under DFE,0,0
8427927,-72.854812,40.756932,RES1-2SNB,RES,R12N,151708.86,75854.43,8.516,9.016,Under DFE,0,0
8432184,-72.844373,40.759975,COM4,NONRES,C4LN,NaN,NaN,9.609,10.109,Above DFE,0,0
8432185,-72.8441619873047,40.7598523327272,RES3A,RES,R3A5N,755440.46,377720.23,8.4591,8.9591,Under DFE,0,0
8432186,-72.843482,40.758939,RES3A,RES,R3A3B,693732.96,346866.48,6.8633,8.8633,Under DFE,0,0
8432187,-72.843904,40.758843,RES3A,RES,R3A5B,763106.52,381553.26,6.2462,8.2462,Under DFE,0,0
8432188,-72.844358,40.760164,COM3,NONRES,C3LN,NaN,NaN,11.1297,11.6297,Above DFE,0,0
8432189,-72.84401,40.759107,COM2,NONRES,C2LN,NaN,NaN,7.3915,7.8915,Under DFE,0,0
8432190,-72.843607,40.759015,RES1-1SWB,RES,R11B,196171.7,98085.85,6.1352,8.1352,Under DFE,0,0
8432191,-72.843563,40.759201,RES1-1SWB,RES,R11B,192944.5,96472.25,7.1319,9.1319,Under DFE,0,0
8432203,-72.848103,40.764705,RES3A,RES,R3A3N,831187.7,415593.85,13.7909,14.2909,Above DFE,0,0
8432204,-72.847881,40.765015,RES1-2SWB,RES,R12B,264625.91,132312.95,13.9835,15.9835,Above DFE,0,0
8432205,-72.848443,40.765315,RES1-2SNB,RES,R12N,270697.01,135348.51,13.7646,15.2646,Above DFE,0,0
8432206,-72.847942,40.764271,RES1-1SNB,RES,R11N,157263.57,78631.78,12.885,14.385,Above DFE,0,0
8432207,-72.847988,40.765236,COM4,NONRES,C4LN,NaN,NaN,14.8133,15.3133,Above DFE,0,0
8432208,-72.848235,40.764956,RES1-2SNB,RES,R12N,261557.41,130778.7,14.3364,14.8364,Above DFE,0,0
8432209,-72.847652,40.764465,RES1-2SWB,RES,R12B,272810.32,136405.16,13.9854,15.9854,Above DFE,0,0
8432210,-72.848561,40.765654,RES1-1SWB,RES,R11B,247694.31,123847.15,14.5452,16.5452,Above DFE,0,0
8432211,-72.84817,40.764878,RES1-1SWB,RES,R11B,161190.75,80595.38,14.0371,16.0371,Above DFE,0,0
8432212,-72.848073,40.765481,RES1-1SNB,RES,R11N,175133.68,87566.84,15.1413,15.6413,Above DFE,0,0
8432213,-72.83509,40.769973,RES1-2SNB,RES,R12N,362859.95,181429.98,16.3499,16.8499,Above DFE,0,0
8432214,-72.835045,40.76972,RES1-2SNB,RES,R12N,306244.9,153122.45,15.9522,17.4522,Above DFE,0,0
8432215,-72.834904,40.76952,RES1-3SWB,RES,R13B,620348.26,310174.13,16.3942,18.3942,Above DFE,0,0
8432216,-72.835241,40.770287,RES1-1SWB,RES,R11B,249153.33,124576.66,13.1929,15.1929,Above DFE,0,0
8432217,-72.83468,40.769854,RES1-2SNB,RES,R12N,381558.82,190779.41,16.3559,17.8559,Above DFE,0,0
8432218,-72.834407,40.769632,RES1-2SWB,RES,R12B,364793.74,182396.87,12.5226,14.5226,Above DFE,0,0
8432219,-72.834806,40.770009,RES1-2SNB,RES,R12N,352311.93,176155.96,16.0813,17.5813,Above DFE,0,0
8432220,-72.850917,40.758793,RES3A,RES,R3A3B,859943.88,429971.94,9.1976,11.1976,Above DFE,0,0
8432221,-72.851397,40.758731,REL1,NONRES,RE1LN,NaN,NaN,9.98,10.48,Above DFE,0,0
8432232,-72.854547,40.759671,RES1-2SNB,RES,R12N,338799.17,169399.58,10.8273,11.3273,Above DFE,0,0
8432233,-72.853995,40.759257,RES1-2SWB,RES,R12B,407695.09,203847.55,10.6345,12.6345,Above DFE,0,0
8432234,-72.854225,40.759707,RES1-1SNB,RES,R11N,238765.32,119382.66,10.6893,11.1893,Above DFE,0,0
8432235,-72.854109,40.758457,RES1-2SWB,RES,R12B,255951.42,127975.71,9.9063,11.9063,Above DFE,0,0
8432236,-72.854643,40.760026,RES1-1SWB,RES,R11B,191896.75,95948.38,11.7105,13.7105,Above DFE,0,0
8432237,-72.854228,40.759985,RES1-2SNB,RES,R12N,238842.23,119421.11,11.1862,11.6862,Above DFE,0,0
8432238,-72.853687,40.758575,RES1-2SWB,RES,R12B,247486.84,123743.42,9.7546,11.7546,Above DFE,0,0
8432239,-72.854394,40.759217,RES1-1SWB,RES,R11B,189413.27,94706.63,10.6003,12.6003,Above DFE,0,0
8432240,-72.854154,40.758758,RES1-1SWB,RES,R11B,270477.51,135238.76,10.928,12.928,Above DFE,0,0
8432241,-72.85411,40.759448,RES1-2SWB,RES,R12B,503507.52,251753.76,10.5433,12.5433,Above DFE,0,0
8432242,-72.840659,40.768808,RES1-2SWB,RES,R12B,383087.3,191543.65,12.8324,14.8324,Above DFE,0,0
8432243,-72.840955,40.76945,RES1-2SWB,RES,R12B,394247.44,197123.72,13.949,15.949,Above DFE,0,0
8432244,-72.840716,40.768034,RES1-2SNB,RES,R12N,324629.47,162314.74,13.8657,14.3657,Above DFE,0,0
8432273,-72.843023,40.759402,RES1-2SWB,RES,R12B,285598.04,142799.02,6.8677,8.8677,Under DFE,0,0
8432274,-72.842636,40.759273,RES1-2SNB,RES,R12N,123588.56,61794.28,6.2608,6.7608,Under DFE,0,0
8432275,-72.840897,40.759611,RES1-1SWB,RES,R11B,223473.3,111736.65,4.7476,6.7476,Under DFE,0,0
8432276,-72.842398,40.759544,RES1-2SWB,RES,R12B,438427.29,219213.64,7.3488,9.3488,Under DFE,0,0
8432277,-72.84136,40.759822,RES1-1SWB,RES,R11B,172898.55,86449.27,6.4135,8.4135,Under DFE,0,0
8432278,-72.842046,40.75964,RES1-2SWB,RES,R12B,237074.71,118537.36,5.8967,7.8967,Under DFE,0,0
8432279,-72.841619,40.759448,RES1-1SWB,RES,R11B,186802.45,93401.23,5.1127,7.1127,Under DFE,0,0
8432280,-72.842717,40.759151,RES1-1SWB,RES,R11B,203241.19,101620.6,5.9882,7.9882,Under DFE,0,0
8432281,-72.841778,40.759605,RES1-2SNB,RES,R12N,186596.04,93298.02,5.1157,6.6157,Under DFE,0,0
8432282,-72.841739,40.759716,COM4,NONRES,C4LN,NaN,NaN,6.3566,6.8566,Under DFE,0,0
8432283,-72.841858,40.759345,RES1-1SWB,RES,R11B,136871.77,68435.89,5.1144,7.1144,Under DFE,0,0
8432287,-72.847795,40.780344,RES1-2SNB,RES,R12N,265459.11,132729.55,25.3059,25.8059,Above DFE,0,0
8432288,-72.847861,40.780006,RES1-2SNB,RES,R12N,284725.87,142362.93,25.9355,26.4355,Above DFE,0,0
8432289,-72.84674,40.780342,RES1-1SWB,RES,R11B,236143.29,118071.64,26.4876,28.4876,Above DFE,0,0
8432290,-72.847193,40.780208,RES1-1SNB,RES,R11N,252129.44,126064.72,26.7103,28.2103,Above DFE,0,0
8432291,-72.846941,40.780834,RES1-1SNB,RES,R11N,169891.34,84945.67,27.0524,27.5524,Above DFE,0,0
8432292,-72.847034,40.781038,RES1-1SWB,RES,R11B,200464.68,100232.34,27.5528,29.5528,Above DFE,0,0
8432293,-72.848748,40.765989,RES3A,RES,R3A3B,730820.14,365410.07,14.6025,16.6025,Above DFE,0,0
8432294,-72.848329,40.766106,COM7,NONRES,C7LN,NaN,NaN,16.4401,16.9401,Above DFE,0,0
8432296,-72.872484,40.756529,RES1-2SNB,RES,R12N,315298.85,157649.42,14.0007,14.5007,Above DFE,0,0
8432297,-72.872754,40.756384,RES1-2SWB,RES,R12B,272311.35,136155.68,12.8535,14.8535,Above DFE,0,0
8432298,-72.8728,40.756611,RES1-2SNB,RES,R12N,300128.65,150064.32,13.4694,13.9694,Above DFE,0,0
8432299,-72.872496,40.756832,RES1-1SNB,RES,R11N,247149.6,123574.8,13.4194,14.9194,Above DFE,0,0
8432300,-72.872816,40.756834,RES1-2SWB,RES,R12B,304873.45,152436.72,14.2699,16.2699,Above DFE,0,0
8432301,-72.872471,40.75638,RES1-2SWB,RES,R12B,267047.88,133523.94,13.7118,15.7118,Above DFE,0,0
8432302,-72.872477,40.756679,RES1-2SWB,RES,R12B,367862.17,183931.08,14.3636,16.3636,Above DFE,0,0
8432467,-72.850877,40.757464,RES1-2SNB,RES,R12N,357078.74,178539.37,6.8399,7.3399,Under DFE,0,0
8432468,-72.850214,40.757612,RES1-1SWB,RES,R11B,267443.97,133721.99,5.7009,7.7009,Under DFE,0,0
8432469,-72.850364,40.757271,RES1-1SWB,RES,R11B,355051.29,177525.64,6.5612,8.5612,Under DFE,0,0
8432470,-72.850793,40.757149,RES1-1SNB,RES,R11N,176224.08,88112.04,7.3835,8.8835,Under DFE,0,0
8432471,-72.850803,40.757242,RES1-1SWB,RES,R11B,220381.17,110190.59,6.8678,8.8678,Under DFE,0,0
8432472,-72.85048,40.757532,RES1-1SWB,RES,R11B,253771.71,126885.86,5.0662,7.0662,Under DFE,0,0
8432495,-72.852667,40.748387,RES1-2SWB,RES,R12B,340307.64,170153.82,1.8402,3.8402,Under DFE,0,0
8432496,-72.852941,40.75007,RES1-1SWB,RES,R11B,252244.2,126122.1,3.4334,5.4334,Under DFE,0,0
8432497,-72.853331,40.749924,RES1-1SWB,RES,R11B,204302.38,102151.19,2.6262,4.6262,Under DFE,0,0
8432498,-72.852545,40.74906,RES1-1SNB,RES,R11N,324371.69,162185.85,2.5969,3.0969,Under DFE,0,0
8432508,-72.858949,40.761896,RES3A,RES,R3A3B,737920.07,368960.03,13.6151,15.6151,Above DFE,0,0
8432527,-72.864271,40.758453,RES1-1SWB,RES,R11B,194108.48,97054.24,15.1219,17.1219,Above DFE,0,0
8432528,-72.86469,40.758294,RES1-1SWB,RES,R11B,320788.89,160394.45,12.9949,14.9949,Above DFE,0,0
8432529,-72.864276,40.758759,RES1-2SWB,RES,R12B,296308.97,148154.48,13.7667,15.7667,Above DFE,0,0
8432560,-72.878911,40.744419,RES1-2SWB,RES,R12B,185286.53,92643.26,3.3589,5.3589,Under DFE,0,0
8432561,-72.881505,40.743516,RES1-2SWB,RES,R12B,433761.89,216880.94,5.3914,7.3914,Under DFE,0,0
8434440,-72.830073,40.76059,RES3A,RES,R3A1B,845207.06,422603.53,6.5735,8.5735,Under DFE,0,0
8434443,-72.849743,40.764551,REL1,NONRES,RE1LN,1623275.79,1623275.79,9.9517,10.4517,Above DFE,0,0
8434444,-72.85008,40.764925,COM3,NONRES,C3LN,267471.27,267471.27,10.154,10.654,Above DFE,0,0
8434445,-72.849606,40.764732,RES3A,RES,R3A3B,736892.05,368446.03,10.0798,12.0798,Above DFE,0,0
8434446,-72.849722,40.765141,RES5,RES,R5LN,9936421.41,4968210.7,11.9323,12.4323,Above DFE,0,0
8434447,-72.849781,40.765352,RES3A,RES,R3A3B,744222.04,372111.02,12.0529,14.0529,Above DFE,0,0
8434448,-72.850154,40.76511,RES3A,RES,R3A3B,807361.65,403680.83,11.0688,13.0688,Above DFE,0,0
8434449,-72.850196,40.765262,REL1,NONRES,RE1LN,635487.28,635487.28,11.4921,11.9921,Above DFE,0,0
8434511,-72.840687,40.757096,RES3A,RES,R3A5N,741069.12,370534.56,3.5804,4.0804,Under DFE,0,0
8434512,-72.840726,40.756608,RES1-1SWB,RES,R11B,230948.19,115474.1,2.7696,4.7696,Under DFE,0,0
8434519,-72.845846,40.773375,RES1-1SNB,RES,R11N,226763.68,113381.84,22.1124,22.6124,Above DFE,0,0
8434520,-72.846177,40.774125,RES1-1SWB,RES,R11B,224826.61,112413.3,21.8379,23.8379,Above DFE,0,0
8434521,-72.846051,40.773712,RES1-2SNB,RES,R12N,395240.31,197620.15,23.8252,24.3252,Above DFE,0,0
8434522,-72.846101,40.77338,RES1-1SWB,RES,R11B,193579.44,96789.72,22.8801,24.8801,Above DFE,0,0
8435706,-72.829388,40.757795,RES1-2SWB,RES,R12B,207760.6,103880.3,3.6301,5.6301,Under DFE,0,0
8435707,-72.830149,40.759647,RES1-1SNB,RES,R11N,NaN,NaN,1.9113,3.4113,Under DFE,0,0
8435708,-72.83007,40.759512,RES1-1SNB,RES,R11N,106070.52,53035.26,3.5366,4.0366,Under DFE,0,0
8437160,-72.870737,40.760258,RES3A,RES,R3A3B,864897.36,432448.68,14.0376,16.0376,Above DFE,0,0
8437161,-72.87064,40.760009,RES1-1SNB,RES,R11N,143816.9,71908.45,13.0921,13.5921,Above DFE,0,0
8437162,-72.870497,40.760071,COM3,NONRES,C3LN,232858.33,232858.33,12.7668,13.2668,Above DFE,0,0
8437335,-72.851924,40.758621,RES3A,RES,R3A3N,888621.54,444310.77,9.3876,10.8876,Above DFE,0,0
8437336,-72.852204,40.758502,RES1-1SWB,RES,R11B,254139.77,127069.88,10.3694,12.3694,Above DFE,0,0
8438001,-72.856805,40.746499,RES3C,RES,R3C3N,1034107.8,517053.9,4.8815,5.3815,Under DFE,0,0
8438077,-72.834822,40.756707,RES1-2SNB,RES,R12N,209724.28,104862.14,2.3846,2.8846,Under DFE,0,0
8438078,-72.83471,40.756598,RES1-2SWB,RES,R12B,203521.34,101760.67,2.8943,4.8943,Under DFE,0,0
8438079,-72.835279,40.757952,RES1-2SWB,RES,R12B,370071.43,185035.71,7.2887,9.2887,Under DFE,0,0
8438080,-72.834458,40.75671,RES1-1SWB,RES,R11B,187804.58,93902.29,2.7388,4.7388,Under DFE,0,0
8438081,-72.834526,40.756988,RES1-1SNB,RES,R11N,180194.48,90097.24,2.0636,2.5636,Under DFE,0,0
8438082,-72.834737,40.75645,RES1-1SWB,RES,R11B,324808.6,162404.3,2.7851,4.7851,Under DFE,0,0
8438083,-72.844965,40.780826,RES3A,RES,R3A1B,571288.41,285644.21,25.6687,27.6687,Above DFE,0,0
8438474,-72.852113,40.746415,RES3B,RES,R3B1B,593720.36,296860.18,1.1125,3.1125,Under DFE,0,0
8438499,-72.849833,40.747759,RES3A,RES,R3A3B,650702.38,325351.19,2.417,4.417,Under DFE,0,0
8438500,-72.850082,40.747778,RES1-1SWB,RES,R11B,214459.69,107229.84,2.6274,4.6274,Under DFE,0,0
8438584,-72.853395,40.765221,RES1-1SWB,RES,R11B,201537.77,100768.88,15.3641,17.3641,Above DFE,0,0
8438585,-72.853395,40.765221,COM1,NONRES,C1LN,NaN,NaN,15.3641,15.8641,Above DFE,0,0
8438586,-72.853395,40.765221,COM3,NONRES,C3LN,NaN,NaN,15.3641,15.8641,Above DFE,0,0
8462151,-72.882131,40.751398,RES1-1SNB,RES,R11N,153660.11,76830.05,6.5834,14.5834,Above DFE,0,0
8462152,-72.880416,40.746611,RES1-1SNB,RES,R11N,153660.11,76830.05,5.168,13.168,Above DFE,0,0
8462153,-72.869092,40.757769,RES1-2SNB,RES,R12N,329209.36,164604.68,13.0906,14.5906,Above DFE,0,0
8462154,-72.867149,40.755635,RES1-1SWB,RES,R11B,93960.35,46980.17,12.1308,14.1308,Above DFE,0,0
8462155,-72.873004,40.752956,RES1-1SWB,RES,R11B,156287.84,78143.92,7.9877,9.9877,Under DFE,0,0
8462156,-72.866128,40.755418,RES1-1SWB,RES,R11B,279449.93,139724.97,10.4924,12.4924,Above DFE,0,0
8462157,-72.869401,40.746454,RES1-2SNB,RES,R12N,329209.36,164604.68,4.2617,12.2617,Above DFE,0,0
8462158,-72.869753,40.743236,RES1-1SNB,RES,R11N,218103.26,109051.63,4.9228,6.4228,Under DFE,0,0
8462159,-72.869483,40.744903,RES1-2SNB,RES,R12N,329209.36,164604.68,4.2788,12.2788,Above DFE,0,0
8462160,-72.869192,40.74277,RES1-2SWB,RES,R12B,365510.94,182755.47,6.2374,8.2374,Under DFE,0,0
8462161,-72.869306,40.74221,RES1-1SNB,RES,R11N,218103.26,109051.63,4.0609,5.5609,Under DFE,0,0
8462162,-72.868886,40.742201,RES1-2SNB,RES,R12N,329209.36,164604.68,4.6267,12.6267,Above DFE,0,0
8465408,-72.871276,40.745062,RES1-3SNB,RES,R13N,447341.78,223670.89,5.7944,6.2944,Under DFE,0,0
8465416,-72.8433653712273,40.7541756699426,RES1-3SWB,RES,R13B,419305.2,209652.6,1.5812,3.5812,Under DFE,0,0
8465985,-72.85154,40.764214,RES1-3SNB,RES,R13N,232623.68,116311.84,2.5591,3.0591,Under DFE,0,0
8466166,-72.85037,40.762923,RES1-3SNB,RES,R13N,260245.27,130122.64,4.8546,6.3546,Under DFE,0,0
55492,-72.8636562824249,40.755447577112,RES1,RES,R12B,313567,156784,8.06,11.06,Above DFE,0,0
55493,-72.8636133670807,40.7552606529829,RES1,RES,R11B,229964,114982,7.55,12.55,Above DFE,0,0
8466167,-72.8636187314987,40.7550107427285,RES1,RES,R11N,184610,92305,8.28,8.78,Under DFE,0,0
8466168,-72.863498032093,40.754919311913,RES1,RES,R11B,218737,109369,8.66,12.66,Above DFE,0,0
8466169,-72.8634712100029,40.7547608315347,RES1,RES,R11B,220575,110288,9.56,12.56,Above DFE,0,0
8466170,-72.8633424639702,40.7545007603518,RES1,RES,R11B,184163,92082,9.77,13.77,Above DFE,0,0
8466171,-72.8630903363228,40.754421519711,RES1,RES,R11B,200705,100353,8.72,11.72,Above DFE,0,0
8466172,-72.8628998994827,40.754139097172,RES1,RES,R12N,255646,127823,9.86,11.86,Above DFE,0,0
8466173,-72.8626129031181,40.7539867104116,RES1,RES,R12N,240743,120372,8.6,10.1,Above DFE,0,0
8466175,-72.8623071312904,40.7536575538172,RES1,RES,R11N,221817,110909,7.83,9.33,Under DFE,0,0
8466176,-72.8621649742126,40.7529809490334,RES1,RES,R11N,243823,121912,7,7.5,Under DFE,0,0
8466177,-72.8621435165405,40.752716807159,RES1,RES,R11N,195042,97521,6.41,8.41,Under DFE,0,0
8466178,-72.8620925545692,40.7524323455053,RES1,RES,R11N,248940,124470,5.9,6.4,Under DFE,0,0
8466179,-72.8621676564216,40.7522027434258,RES1,RES,R12B,346949,173475,6.19,10.19,Above DFE,0,0
8466180,-72.8621166944503,40.752042224687,RES1,RES,R12B,286246,143123,5.56,7.56,Under DFE,0,0
8466181,-72.8620925545692,40.7513330929626,RES1,RES,R11N,240445,120223,7.48,9.48,Under DFE,0,0
8466182,-72.8622776269912,40.751087231774,RES1,RES,R12N,441133,220567,5.33,6.33,Under DFE,0,0
8466183,-72.8624546527862,40.7508068269946,RES1,RES,R12N,335623,167812,5.07,7.07,Under DFE,0,0
8466184,-72.862599492073,40.7505528361376,RES1,RES,R11B,226089,113045,4.57,8.57,Under DFE,0,0
8466185,-72.8626450896263,40.7503476108165,RES1,RES,R12N,273827,136914,4.92,6.42,Under DFE,0,0
8466186,-72.8626853227615,40.7501850556571,RES3A,RES,R3A1B,294492,147246,6.45,9.45,Under DFE,0,0
8466188,-72.8627845644951,40.7498375926715,RES1,RES,R11N,267816,133908,3.18,8.18,Under DFE,0,0
8466189,-72.8627952933311,40.7496120455511,RES1,RES,R11N,235329,117665,3.36,6.36,Under DFE,0,0
8466190,-72.8629750013351,40.7494779360898,RES1,RES,R11N,205841,102921,3.95,6.95,Under DFE,0,0
8466192,-72.8632298111915,40.7487850328978,RES1,RES,R11B,225443,112722,4.62,12.62,Above DFE,0,0
8466193,-72.8633397817611,40.7485269703329,RES1,RES,R11N,205274,102637,3.93,5.93,Under DFE,0,0
8466194,-72.8633773326873,40.7483440907436,RES1,RES,R12B,313665,156833,4.02,10.02,Above DFE,0,0
8466195,-72.8635355830192,40.7479417538769,RES1,RES,R11N,204132,102066,3.86,5.86,Under DFE,0,0
8466197,-72.8634229302406,40.7497298990968,RES1,RES,R12B,247928,123964,6.44,12.44,Above DFE,0,0
8466198,-72.863500714302,40.7495815661519,RES1,RES,R11B,220475,110238,5.58,9.58,Under DFE,0,0
8466199,-72.8635275363922,40.7494433927,RES1,RES,R11N,196432,98216,5.28,8.28,Under DFE,0,0
8466200,-72.8635919094085,40.7492666115414,RES1,RES,R11N,243028,121514,4.57,6.57,Under DFE,0,0
8466201,-72.863672375679,40.7490288706216,RES1,RES,R11N,180437,90219,4.62,5.62,Under DFE,0,0
8466202,-72.8637394309044,40.7489191437565,RES1,RES,R12B,268561,134281,4.8,9.8,Under DFE,0,0
8466203,-72.8638413548469,40.7487159453802,RES1,RES,R12B,401019,200510,3.54,6.54,Under DFE,0,0
8466204,-72.863127887249,40.7489252396982,RES1,RES,R12N,266678,133339,4.13,5.13,Under DFE,0,0
8466205,-72.8638789057731,40.7485188423619,RES1,RES,R11N,218392,109196,3.6,4.6,Under DFE,0,0
8466206,-72.8639191389084,40.7483887946897,RES1,RES,R11B,214069,107035,3.27,11.27,Above DFE,0,0
8466207,-72.8639888763427,40.7482790667685,RES1,RES,R11N,210691,105346,3.13,5.13,Under DFE,0,0
8466208,-72.8640049695968,40.7481124425419,RES1,RES,R12B,234883,117442,2.69,5.69,Under DFE,0,0
8466209,-72.8640612959861,40.7479417538769,RES1,RES,R11B,214119,107060,3.57,6.57,Under DFE,0,0
8466210,-72.8635677695274,40.7504227924433,RES1,RES,R11B,195639,97820,5.99,8.99,Under DFE,0,0
8466211,-72.8638306260109,40.7495226392737,RES1,RES,R12N,327941,163971,4.36,7.36,Under DFE,0,0
8466212,-72.8639191389084,40.7492706754813,RES1,RES,R12N,334415,167208,4.11,6.11,Under DFE,0,0
8466213,-72.8641471266746,40.7488622482737,RES1,RES,R12N,285059,142530,3.62,4.12,Under DFE,0,0
8466214,-72.864203453064,40.7486976574959,RES1,RES,R11B,211886,105943,4.3,11.3,Above DFE,0,0
8466216,-72.8644073009491,40.7482059147205,RES1,RES,R12B,296087,148044,2.81,10.81,Above DFE,0,0
8466217,-72.8637474775314,40.7499188707256,RES2,RES,R21N,219039,109520,5.41,8.41,Under DFE,0,0
8466219,-72.8666388988503,40.7501423848607,RES1,RES,R11B,256594,128297,6.59,8.59,Under DFE,0,0
8466220,-72.8662312030792,40.750227726425,RES2,RES,R21N,211836,105918,6.37,7.37,Under DFE,0,0
8466221,-72.8657537698745,40.7503150998164,RES1,RES,R11N,251833,125917,5.57,6.07,Under DFE,0,0
8466222,-72.8653353452682,40.7500225001004,RES1,RES,R12N,308954,154477,3.27,5.27,Under DFE,0,0
8466223,-72.8653219342232,40.7496425249365,RES1,RES,R12B,274231,137116,4.97,8.97,Under DFE,0,0
8466224,-72.865469455719,40.7491812687449,RES2,RES,R21N,246412,123206,3.47,5.47,Under DFE,0,0
8466225,-72.8655928373337,40.7488967919655,RES2,RES,R21N,208410,104205,3.78,6.78,Under DFE,0,0
8466226,-72.8657189011574,40.7486265378979,RES1,RES,R12N,256058,128029,4.36,6.36,Under DFE,0,0
8466227,-72.8644260764122,40.7498294648607,RES1,RES,R12B,301272,150636,5.55,9.55,Under DFE,0,0
8466228,-72.8644904494285,40.7494169771544,RES1,RES,R11N,198576,99288,3.92,5.92,Under DFE,0,0
8466229,-72.864745259285,40.7487159453802,RES1,RES,R12N,243036,121518,3.66,5.66,Under DFE,0,0
8466230,-72.8649088740349,40.7493296025829,RES1,RES,R12N,304733,152367,3.7,5.7,Under DFE,0,0
8466231,-72.8651502728462,40.7487362652458,RES1,RES,R11N,245193,122597,5.5,7.5,Under DFE,0,0
8466238,-72.8676956892014,40.7410894613901,RES3B,RES,R3B1B,545661,272831,11.52,19.52,Above DFE,0,0
8466239,-72.8677654266358,40.7408496590104,RES3B,RES,R3B1B,545661,272831,11.05,19.05,Above DFE,0,0
8466240,-72.8686183691024,40.7410163014336,RES3B,RES,R3B1B,549287,274644,9.07,17.07,Above DFE,0,0
8466241,-72.8685861825943,40.741260167642,RES3B,RES,R3B1B,549287,274644,9.15,17.15,Above DFE,0,0
8466242,-72.8625538945198,40.7602505342551,RES1,RES,R11N,200387,100194,17.33,18.33,Above DFE,0,0
8466243,-72.8627389669418,40.7600636236309,RES1,RES,R11N,194347,97174,16.14,20.14,Above DFE,0,0
8466244,-72.862953543663,40.7599518833328,RES2,RES,R21N,181557,90779,17.49,20.49,Above DFE,0,0
8466245,-72.8631976246834,40.7597974782481,RES1,RES,R11N,194474,97237,16.82,18.82,Above DFE,0,0
8466246,-72.86331564188,40.7596938641086,RES2,RES,R21N,162090,81045,15.83,17.83,Above DFE,0,0
8466247,-72.8636294603347,40.7596715159397,RES1,RES,R11N,206583,103292,15.03,16.03,Above DFE,0,0
8466248,-72.8637447953224,40.7595760282243,COM3,NONRES,C3LN,476509,238255,14.73,15.73,Above DFE,0,0
8466249,-72.8639432787895,40.7594297489049,RES1,RES,R11N,228751,114376,14.96,16.96,Above DFE,0,0
8466251,-72.8644341230392,40.7591514109775,RES2,RES,R21N,224924,112462,14.76,18.76,Above DFE,0,0
8466252,-72.8646621108055,40.7590091940684,RES1,RES,R12B,258061,129031,14.69,17.69,Above DFE,0,0
8466253,-72.8648123145103,40.7588994836735,RES1,RES,R12B,282774,141387,14.14,16.14,Above DFE,0,0
8466254,-72.8650832176208,40.7587511711851,RES1,RES,R12B,243059,121530,13.02,16.02,Above DFE,0,0
8466255,-72.8652575612068,40.758627238578,RES1,RES,R11B,192088,96044,12.66,14.66,Above DFE,0,0
8466256,-72.8653997182846,40.7585337810494,RES1,RES,R12N,213656,106828,12.43,14.43,Above DFE,0,0
8466257,-72.8655284643173,40.7584565769049,RES1,RES,R12B,257864,128932,12.08,16.08,Above DFE,0,0
8466258,-72.8641712665558,40.7592936275824,RES1,RES,R12B,224078,112039,14.25,18.25,Above DFE,0,0
8466259,-72.8627362847328,40.7605938795757,RES1,RES,R11B,215933,107967,15.87,19.87,Above DFE,0,0
8466261,-72.8635007143021,40.7601550473715,RES1,RES,R11B,195962,97981,15.34,19.34,Above DFE,0,0
8466263,-72.8637716174125,40.7600209591756,RES1,RES,R12B,232527,116264,15.53,19.53,Above DFE,0,0
8466265,-72.8640277007288,40.7598736509197,RES1,RES,R12N,276841,138421,14.53,17.53,Above DFE,0,0
8466266,-72.864222228527,40.759775130114,RES1,RES,R12N,222789,111395,14.9,15.9,Above DFE,0,0
8466267,-72.8643697500229,40.7597080856667,RES1,RES,R11N,185181,92591,14.72,16.72,Above DFE,0,0
8466268,-72.8644958138466,40.7596146296577,RES1,RES,R12B,221398,110699,15.1,19.1,Above DFE,0,0
8466269,-72.8646218776703,40.7594906986604,RES1,RES,R11B,220305,110153,14.99,18.99,Above DFE,0,0
8466270,-72.864750623703,40.7593992740061,RES2,RES,R21N,276444,138222,15.36,19.36,Above DFE,0,0
8466271,-72.864933013916,40.7593687990934,RES1,RES,R11N,NaN,NaN,14.5,16.5,Above DFE,0,0
8466272,-72.8650724887848,40.7592936275824,RES2,RES,R21N,251306,125653,14.47,16.47,Above DFE,0,0
8466273,-72.8652226924896,40.7591839176569,RES1,RES,R11B,184088,92044,14.68,18.68,Above DFE,0,0
8466274,-72.8653433918953,40.7591168726133,RES2,RES,R21B,218566,109283,14.52,18.52,Above DFE,0,0
8466275,-72.8654614090919,40.7589970040335,RES2,RES,R21N,217126,108563,13.56,14.56,Above DFE,0,0
8466276,-72.8655874729156,40.758921832102,RES2,RES,R21B,200433,100217,13.32,17.32,Above DFE,0,0
8466277,-72.8657349944114,40.7588304066653,RES2,RES,R21N,218467,109234,12.75,16.75,Above DFE,0,0
8466278,-72.8659093379974,40.7587613295853,RES1,RES,R12N,228552,114276,13.34,15.34,Above DFE,0,0
8466279,-72.8566235303878,40.7451476807098,RES1,RES,R12N,211860,105930,3.03,13.03,Above DFE,0,0
8466281,-72.8575837612152,40.74553377781,RES1,RES,R11N,206494,103247,3.44,8.44,Under DFE,0,0
8466282,-72.8571546077728,40.7456800877044,RES2,RES,R21N,251604,125802,2.95,3.45,Under DFE,0,0
8466283,-72.8568059206009,40.7469724777927,RES1,RES,R12B,371433,185717,8.05,16.05,Above DFE,0,0
8466285,-72.857546210289,40.7478340572318,RES2,RES,R21N,191391,95696,3.04,6.04,Under DFE,0,0
8466288,-72.8490409255027,40.7497177073604,RES3A,RES,R3A1N,234713,117357,3.22,11.22,Above DFE,0,0
8466290,-72.8145906329155,40.7759694618769,RES1,RES,R12B,463788,231894,2.63,10.63,Above DFE,0,0
8466291,-72.8154355287552,40.7767412958562,RES1,RES,R11N,205315,102658,3.88,13.88,Above DFE,0,0
8466292,-72.8161785006523,40.776739264726,RES1,RES,R12B,318492,159246,2.42,8.42,Under DFE,0,0
8466293,-72.8146255016327,40.7751387147583,RES1,RES,R12N,317101,158551,3.79,11.79,Above DFE,0,0
8466295,-72.8157815337181,40.7747263840912,RES1,RES,R11N,209340,104670,3.45,4.45,Under DFE,0,0
8466296,-72.8182652592659,40.7728901612796,RES1,RES,R12B,386159,193080,2.43,5.43,Under DFE,0,0
8466311,-72.8566610813141,40.7486671776775,RES1,RES,R12B,333695,166848,5.38,10.38,Above DFE,0,0
8466316,-72.8485795869838,40.7496059491137,RES1,RES,R11N,206102,103051,2.48,6.48,Under DFE,0,0
8466330,-72.8643617033958,40.7484091146552,RES1,RES,R11B,219665,109833,3.64,11.64,Above DFE,0,0
8466337,-72.8326016664505,40.7611058468191,RES1,RES,R12N,250817,125409,4.33,5.33,Under DFE,0,0
8466338,-72.8322046995163,40.7614593457096,RES1,RES,R11N,187073,93537,6.02,6.52,Under DFE,0,0
8466339,-72.832344174385,40.7617681477995,RES2,RES,R21N,206847,103424,3.93,5.93,Under DFE,0,0
8466340,-72.8324916958809,40.7619814641949,RES1,RES,R12N,236589,118295,7.7,13.7,Above DFE,0,0
8466343,-72.8386098146438,40.759080302561,RES1,RES,R11N,293992,146996,3.8,9.8,Under DFE,0,0
8466350,-72.8418606519699,40.7584220381796,RES1,RES,R11N,187272,93636,3.9,5.9,Under DFE,0,0
8466357,-72.8427672386169,40.7620708537189,RES1,RES,R12N,271883,135942,9.99,11.99,Above DFE,0,0
8466358,-72.8435799479484,40.7625543676969,RES1,RES,R12B,235415,117708,13.56,18.56,Above DFE,0,0
8466359,-72.8438025712967,40.7624913891847,RES2,RES,R21N,167001,83501,10.93,11.93,Above DFE,0,0
8466362,-72.8290450572967,40.7608193894427,RES1,RES,R12N,336173,168087,2.97,3.97,Under DFE,0,0
8466363,-72.8505858778953,40.7644761994051,REL1,NONRES,RE1LB,4997616,2498808,6.07,6.57,Under DFE,0,0
8466365,-72.8464204072952,40.7594317805643,RES1,RES,R12N,288248,144124,6.97,8.97,Under DFE,0,0
