BuildingID,TargetYear,Action,SLR,P01,P02,P03,P04,P05,P06,P07,P08,P09,P10,P25,P50,P75,P90,P91,P92,P93,P94,P95,P96,P97,P98,P99
579512986,Potential,No mitigation,50th-percentile,0,0,0,0,0,0,0,0,0,0,0,0,0,0,0,0,0,0,0,0,0,0,0
579512986,Potential,No mitigation,90th-percentile,0,0,0,0,0,0,0,0,0,0,0,0,0,0,0,0,0,0,0,0,0,0,0
579512986,Potential,Raise Utilities,50th-percentile,0,0,0,0,0,0,0,0,0,0,0,0,0,0,0,0,0,0,0,0,0,0,0
579512986,Potential,Raise Utilities,90th-percentile,0,0,0,0,0,0,0,0,0,0,0,0,0,0,0,0,0,0,0,0,0,0,0
579512986,Potential,WFP B,50th-percentile,0,0,0,0,0,0,0,0,0,0,0,0,0,0,0,0,0,0,0,0,0,0,0
579512986,Potential,WFP B,90th-percentile,0,0,0,0,0,0,0,0,0,0,0,0,0,0,0,0,0,0,0,0,0,0,0
579512986,Potential,Elevate,50th-percentile,0,0,0,0,0,0,0,0,0,0,0,0,0,0,0,0,0,0,0,0,0,0,0
579512986,Potential,Elevate,90th-percentile,0,0,0,0,0,0,0,0,0,0,0,0,0,0,0,0,0,0,0,0,0,0,0
579512986,Potential,WFP 1st,50th-percentile,0,0,0,0,0,0,0,0,0,0,0,0,0,0,0,0,0,0,0,0,0,0,0
579512986,Potential,WFP 1st,90th-percentile,0,0,0,0,0,0,0,0,0,0,0,0,0,0,0,0,0,0,0,0,0,0,0
579512986,2040,No mitigation,50th-percentile,0,0,0,0,0,0,0,0,0,0,0,0,0,0,0,0,0,0,0,0,0,0,0
579512986,2040,No mitigation,90th-percentile,0,0,0,0,0,0,0,0,0,0,0,0,0,0,0,0,0,0,0,0,0,0,0
579512986,2040,Raise Utilities,50th-percentile,0,0,0,0,0,0,0,0,0,0,0,0,0,0,0,0,0,0,0,0,0,0,0
579512986,2040,Raise Utilities,90th-percentile,0,0,0,0,0,0,0,0,0,0,0,0,0,0,0,0,0,0,0,0,0,0,0
579512986,2040,WFP B,50th-percentile,0,0,0,0,0,0,0,0,0,0,0,0,0,0,0,0,0,0,0,0,0,0,0
579512986,2040,WFP B,90th-percentile,0,0,0,0,0,0,0,0,0,0,0,0,0,0,0,0,0,0,0,0,0,0,0
579512986,2040,Elevate,50th-percentile,0,0,0,0,0,0,0,0,0,0,0,0,0,0,0,0,0,0,0,0,0,0,0
579512986,2040,Elevate,90th-percentile,0,0,0,0,0,0,0,0,0,0,0,0,0,0,0,0,0,0,0,0,0,0,0
579512986,2040,WFP 1st,50th-percentile,0,0,0,0,0,0,0,0,0,0,0,0,0,0,0,0,0,0,0,0,0,0,0
579512986,2040,WFP 1st,90th-percentile,0,0,0,0,0,0,0,0,0,0,0,0,0,0,0,0,0,0,0,0,0,0,0
579512986,2055,No mitigation,50th-percentile,0,0,0,0,0,0,0,0,0,0,0,0,0,0,0,0,0,0,0,0,0,0,0
579512986,2055,No mitigation,90th-percentile,0,0,0,0,0,0,0,0,0,0,0,0,0,0,0,0,0,0,0,0,0,0,0
579512986,2055,Raise Utilities,50th-percentile,0,0,0,0,0,0,0,0,0,0,0,0,0,0,0,0,0,0,0,0,0,0,0
579512986,2055,Raise Utilities,90th-percentile,0,0,0,0,0,0,0,0,0,0,0,0,0,0,0,0,0,0,0,0,0,0,0
579512986,2055,WFP B,50th-percentile,0,0,0,0,0,0,0,0,0,0,0,0,0,0,0,0,0,0,0,0,0,0,0
579512986,2055,WFP B,90th-percentile,0,0,0,0,0,0,0,0,0,0,0,0,0,0,0,0,0,0,0,0,0,0,0
579512986,2055,Elevate,50th-percentile,0,0,0,0,0,0,0,0,0,0,0,0,0,0,0,0,0,0,0,0,0,0,0
579512986,2055,Elevate,90th-percentile,0,0,0,0,0,0,0,0,0,0,0,0,0,0,0,0,0,0,0,0,0,0,0
579512986,2055,WFP 1st,50th-percentile,0,0,0,0,0,0,0,0,0,0,0,0,0,0,0,0,0,0,0,0,0,0,0
579512986,2055,WFP 1st,90th-percentile,0,0,0,0,0,0,0,0,0,0,0,0,0,0,0,0,0,0,0,0,0,0,0
579512986,2100,No mitigation,50th-percentile,0,0,0,0,0,0,0,0,0,0,0,0,0,0,8777.47011220576,17749.8227911014,26061.5466977522,86114.3573889145,143977.489163457,202629.30654801,252116.118178581,260363.8216,260363.8216
579512986,2100,No mitigation,90th-percentile,0,0,0,0,0,0,0,0,0,0,0,0,0,56813.6074494532,91015.4861912992,125646.902175228,170404.813664584,216749.072173966,231891.409062749,247365.810187628,260363.8216,260363.8216,270381.111935061
579512986,2100,Raise Utilities,50th-percentile,0,0,0,0,0,0,0,0,0,0,0,0,0,0,0,0,3200.4244838459,66114.3573889145,123977.489163457,182629.30654801,232116.118178581,240363.8216,240363.8216
579512986,2100,Raise Utilities,90th-percentile,0,0,0,0,0,0,0,0,0,0,0,0,0,36813.6074494532,71015.4861912992,104514.649977991,147846.340115967,190804.285202379,209112.131063719,226789.234684447,240363.8216,240363.8216,240363.8216
579512986,2100,WFP B,50th-percentile,0,0,0,0,0,0,0,0,0,0,0,0,0,0,0,0,0,0,0,0,0,0,0
579512986,2100,WFP B,90th-percentile,0,0,0,0,0,0,0,0,0,0,0,0,0,0,0,0,0,0,0,0,0,0,0
579512986,2100,Elevate,50th-percentile,0,0,0,0,0,0,0,0,0,0,0,0,0,0,8777.47011220576,17749.8227911014,26061.5466977522,86114.3573889145,143977.489163457,202629.30654801,252116.118178581,260363.8216,260363.8216
579512986,2100,Elevate,90th-percentile,0,0,0,0,0,0,0,0,0,0,0,0,0,56813.6074494532,91015.4861912992,125646.902175228,170404.813664584,216749.072173966,231891.409062749,247365.810187628,260363.8216,260363.8216,270381.111935061
579512986,2100,WFP 1st,50th-percentile,0,0,0,0,0,0,0,0,0,0,0,0,0,0,0,0,0,0,0,0,0,0,0
579512986,2100,WFP 1st,90th-percentile,0,0,0,0,0,0,0,0,0,0,0,0,0,0,0,0,0,0,0,0,0,0,0
579512987,Potential,No mitigation,50th-percentile,0,0,0,0,0,0,0,0,0,0,0,0,0,12146.051666525,13461.4434968612,14520.5654463319,15483.0052300988,17017.4433233156,19408.9225326428,22342.9012833224,27690.4848903764,38127.2474722913,50767.5931068964
579512987,Potential,No mitigation,90th-percentile,0,0,0,0,0,0,0,0,0,0,0,0,0,11170.906465962,12946.6328303212,14196.5892870679,15506.147980183,16790.6209254921,18253.2315014552,19654.1825694448,32633.406033515,51543.2451421981,71654.8906265699
579512987,Potential,Raise Utilities,50th-percentile,0,0,0,0,0,0,0,0,0,0,0,0,0,0,0,0,0,0,0,2342.90128332236,7690.48489037638,18127.2474722913,30767.5931068964
579512987,Potential,Raise Utilities,90th-percentile,0,0,0,0,0,0,0,0,0,0,0,0,0,0,0,0,0,0,0,0,12633.406033515,31543.2451421981,51654.8906265699
579512987,Potential,WFP B,50th-percentile,0,0,0,0,0,0,0,0,0,0,0,0,0,0,0,0,0,0,0,0,671.813180376374,11108.5757622913,23748.9213968964
579512987,Potential,WFP B,90th-percentile,0,0,0,0,0,0,0,0,0,0,0,0,0,0,0,0,0,0,0,0,5614.73432351498,24524.5734321981,44636.2189165699
579512987,Potential,Elevate,50th-percentile,0,0,0,0,0,0,0,0,0,0,0,0,0,0,0,0,0,0,0,0,0,0,0
579512987,Potential,Elevate,90th-percentile,0,0,0,0,0,0,0,0,0,0,0,0,0,0,0,0,0,0,0,0,0,0,0
579512987,Potential,WFP 1st,50th-percentile,0,0,0,0,0,0,0,0,0,0,0,0,0,0,0,0,0,0,0,0,0,0,0
579512987,Potential,WFP 1st,90th-percentile,0,0,0,0,0,0,0,0,0,0,0,0,0,0,0,0,0,0,0,0,0,0,0
579512987,2040,No mitigation,50th-percentile,0,2985.66714594568,7741.85698996377,10345.8015828253,12401.5626728591,14521.4416115991,16365.455122851,18654.0685892246,20996.0767089291,22996.6272083237,50762.713079566,86226.3244159373,137683.663845681,205729.827655723,217395.739087902,223852.726900891,236837.167702102,250480.860269234,264726.560449564,278908.971407674,298087.833605171,326672.607742031,354545.39197519
579512987,2040,No mitigation,90th-percentile,0,4481.16232302061,6661.46205016615,12109.2952814114,15646.8237079252,17646.7136182576,19513.8147725943,21201.8093296392,24116.8897946293,25529.0192542106,49305.1193924771,87903.8270281755,133585.04711496,206707.484135766,219353.268380177,230251.2322046,239536.972201663,244118.479111711,256050.007211084,275872.430229197,288738.304757029,307900.784553237,359070.508028847
579512987,2040,Raise Utilities,50th-percentile,0,0,0,0,0,0,0,0,0,0,7674.16357683711,28536.233889278,65532.8116710922,119066.652105267,126992.010599596,139063.069965334,155558.022620928,170705.977157821,185412.840919588,211620.691757197,235185.234556255,252201.767654558,262492.41968031
579512987,2040,Raise Utilities,90th-percentile,0,0,0,0,0,0,0,0,0,0,7618.59019140874,29854.1490314997,63041.8518624109,126898.771271734,136897.975653963,143332.475645111,154587.893387017,166610.418597868,187154.947097717,210157.636384077,223743.057918977,241501.999418716,263620.031338905
579512987,2040,WFP B,50th-percentile,0,0,0,0,0,0,0,0,0,0,0,16209.6901234844,50084.2010316894,102238.536217865,105365.782597144,116598.396614966,131512.7749984,153210.743543558,170012.860228506,197625.305648115,217238.979685221,231159.588897168,242689.93364121
579512987,2040,WFP B,90th-percentile,0,0,0,0,0,0,0,0,0,0,0,17590.9502348348,46505.3116249985,108294.919938078,117822.586379976,123054.218269573,133984.060703986,150509.962111419,176124.849903828,197543.306442081,211381.37279,222935.999257104,240158.40412884
579512987,2040,Elevate,50th-percentile,0,0,0,0,0,0,0,0,0,0,0,0,0,0,0,0,0,0,9825.55346770405,22451.955374241,38495.4285020791,89949.8513226847,126200.835196163
579512987,2040,Elevate,90th-percentile,0,0,0,0,0,0,0,0,0,0,0,0,0,0,0,0,0,0,1991.62945684416,21071.1814890993,65076.2720704473,106640.493061288,169042.794108707
579512987,2040,WFP 1st,50th-percentile,0,0,0,0,0,0,0,0,0,0,0,0,0,0,0,0,0,0,0,0,0,0,0
579512987,2040,WFP 1st,90th-percentile,0,0,0,0,0,0,0,0,0,0,0,0,0,0,0,0,0,0,0,0,0,0,0
579512987,2055,No mitigation,50th-percentile,121763.205061984,140605.030868671,153996.690401921,167581.855160425,175229.223311531,184229.285521564,190180.636702001,197439.820251351,209230.919453703,216667.529352054,283196.915930401,353587.656471287,451692.825615653,554396.566320399,566928.542417961,581426.586433406,586375.425813962,602424.386110008,625806.158365199,648935.029501044,676729.398797886,717089.560771651,780700.679541383
579512987,2055,No mitigation,90th-percentile,155263.228902728,179568.147157056,199656.002591832,214746.578044896,223383.765850846,233289.720702675,240588.205354088,246344.137714428,251550.207061374,259567.441481939,318216.026980369,406111.997744959,510295.427405253,616690.49546234,622655.467571691,634955.724506912,648591.975525301,663031.188600829,694977.987808265,720830.669325058,764255.720312282,791846.220454553,852585.08587724
579512987,2055,Raise Utilities,50th-percentile,23338.3752788418,32995.3138053108,40009.920053611,46361.461956923,49746.9617992523,54426.3561171107,56936.507998036,60050.2878514041,65089.8826839458,69895.3417941993,116070.027930409,176612.006112321,257212.412594786,351701.397692115,360406.501149555,369906.230914824,377073.345425323,388390.242745363,413593.638029879,431227.296572912,453635.728303611,490480.460857785,534888.529918945
579512987,2055,Raise Utilities,90th-percentile,25404.7613079432,44831.7254291818,50064.0882579726,56939.0799457596,66490.9561512975,71768.4230133752,77863.1687186042,82887.1693561205,86169.589553552,89447.7568123383,135741.53892414,202185.770248363,292770.354322162,389872.659725425,400813.512518088,409088.483082246,425410.913191702,451381.244448115,463003.086733931,487242.765813227,511138.985064805,536300.619513995,598260.169698406
579512987,2055,WFP B,50th-percentile,10627.6740303395,15037.0436581704,20443.6663565775,23467.4142426347,28196.2654468174,31289.6914674332,34983.9280411322,38663.7709254575,41998.1337161394,45178.15340699,83132.853296672,136049.771608701,209457.983127369,305805.06277052,314864.7314561,322874.549454978,331539.254863096,344118.334426684,360777.388951371,380169.483996676,399186.954410377,430025.191124988,487980.935634402
579512987,2055,WFP B,90th-percentile,10956.9382235376,20431.2329823945,28403.1214097776,34394.5123867677,38466.3066640592,44498.5357220014,48890.0905512245,52855.6025301006,56406.1565894889,58365.5229442984,99581.4290350548,159825.766892754,240390.815361569,335359.578596931,347576.636366084,360947.377266321,376948.046255236,390445.765934262,407091.931800625,427532.295549023,449406.941962688,477125.235825736,526216.887097967
579512987,2055,Elevate,50th-percentile,0,0,0,0,0,0,0,0,0,0,0,0,0,21589.0089441757,26759.3499616842,34309.6485045378,45719.5518656758,72988.8109004813,86650.3658008484,106099.777969496,134975.30751027,169911.184408759,211381.37279
579512987,2055,Elevate,90th-percentile,0,0,0,0,0,0,0,0,0,0,0,0,0,23237.9210685985,28699.7771496879,38841.2417407918,63028.1613020203,81654.7894862897,106640.493061288,129926.484113978,153432.589747759,180959.56763344,211381.37279
579512987,2055,WFP 1st,50th-percentile,0,0,0,0,0,0,0,0,0,0,0,0,0,0,0,0,0,0,0,0,0,0,0
579512987,2055,WFP 1st,90th-percentile,0,0,0,0,0,0,0,0,0,0,0,0,0,0,0,0,0,0,0,0,0,0,0
579512987,2100,No mitigation,50th-percentile,4620226.42390291,4699174.40378457,4730355.63395616,4755743.40449438,4781662.0859295,4814409.41705794,4842886.97715916,4866712.56493434,4887704.01834021,4914336.10384963,5096461.51396536,5312085.28328321,5518311.32640422,5747896.55581303,5766038.45064233,5786688.70337981,5811717.92487661,5848950.92776282,5880493.88455757,5917200.74320014,6005138.42621501,6060344.64509751,6116993.48468937
579512987,2100,No mitigation,90th-percentile,6508891.97753384,6576275.53799157,6611787.85674195,6648392.31825616,6672879.58913505,6695192.69765903,6707288.63276661,6722432.93393963,6732227.98005077,6751175.61383577,6928234.40200122,7125194.13524445,7338724.49873487,7527510.26590341,7541156.56204089,7557659.63353166,7577825.82649403,7606901.90257465,7642355.99321253,7664439.02615724,7703799.48761536,7752807.3258225,7830149.62850732
579512987,2100,Raise Utilities,50th-percentile,3614611.92431141,3678902.70084112,3730395.99564984,3750063.41424618,3766620.2392512,3779200.3208545,3811870.53510164,3833544.51037969,3856328.06172675,3880543.0672805,4051138.95115929,4264898.78957612,4475612.83093971,4685067.88374183,4718890.31831714,4734352.87721706,4759993.73224136,4788500.2369378,4843493.75055216,4869297.25662186,4913898.49373851,4954160.7704934,5047571.53682041
579512987,2100,Raise Utilities,90th-percentile,5427044.04118031,5491653.24902688,5537915.86378507,5569516.57228393,5594119.19682907,5614092.78971518,5630974.69733568,5647100.4373766,5665503.45230401,5680006.86585148,5849354.02740864,6031617.77767611,6227507.20681967,6419363.0848855,6433323.63607102,6450853.77736827,6476956.92747559,6494961.27222445,6529295.81898607,6568345.85571152,6600312.99205981,6643257.21494683,6749901.74148585
579512987,2100,WFP B,50th-percentile,3298125.73657456,3373272.23931197,3420072.80625536,3449226.70830562,3460029.36055069,3476893.76175466,3500104.97369264,3521313.36931153,3546476.55314494,3560808.20682591,3737088.12620427,3946818.0789597,4161715.41653501,4361481.81469049,4383850.70956306,4415407.72239939,4441242.61995554,4460558.50840233,4515262.12405116,4549870.66782389,4582926.74929315,4616629.96884124,4726965.48828029
579512987,2100,WFP B,90th-percentile,5097429.05236693,5160640.3202523,5211322.91353863,5231413.41681564,5257507.04508331,5277620.18492101,5291817.72530588,5312206.46327481,5327920.58310311,5344624.82494913,5501931.34452902,5681958.97642897,5878499.54979371,6063781.43728664,6080818.0940176,6096412.10681112,6123821.53066812,6150161.072905,6175251.78050208,6213531.86168528,6256603.32723665,6289163.48930493,6402686.6514449
579512987,2100,Elevate,50th-percentile,171748.755275275,196837.561815059,210318.354131609,221287.714766179,238422.845664579,249849.187065829,259314.234784743,268426.643027323,271814.803314325,276881.043237691,358671.067068956,464417.298062953,600442.126722982,716542.742874588,728442.225225608,744031.672899344,757377.825269369,781511.293831425,791408.311659948,815700.374811684,833933.477895329,863172.037422403,929639.806792945
579512987,2100,Elevate,90th-percentile,1085178.60437111,1120999.8235856,1157587.40927666,1180679.52849305,1193341.03952401,1211038.44889115,1219327.92546085,1244805.22407531,1251139.02457596,1265590.60240691,1380861.67320208,1544131.82616093,1715556.45671866,1865049.38332576,1888597.26286098,1907953.03293715,1933359.91973132,1951550.98894012,1983588.77154227,2005721.10276589,2038801.07659047,2079039.2045613,2169075.51999597
579512987,2100,WFP 1st,50th-percentile,0,0,0,0,0,0,0,0,0,0,0,0,0,0,0,0,0,0,0,0,0,0,0
579512987,2100,WFP 1st,90th-percentile,0,0,0,0,0,0,0,0,0,0,0,0,0,0,0,0,0,0,0,0,0,0,0
579512988,Potential,No mitigation,50th-percentile,0,0,0,0,0,0,0,0,0,0,0,0,0,0,0,0,0,0,0,0,0,0,0
579512988,Potential,No mitigation,90th-percentile,0,0,0,0,0,0,0,0,0,0,0,0,0,0,0,0,0,0,0,0,0,0,0
579512988,Potential,Raise Utilities,50th-percentile,0,0,0,0,0,0,0,0,0,0,0,0,0,0,0,0,0,0,0,0,0,0,0
579512988,Potential,Raise Utilities,90th-percentile,0,0,0,0,0,0,0,0,0,0,0,0,0,0,0,0,0,0,0,0,0,0,0
579512988,Potential,WFP B,50th-percentile,0,0,0,0,0,0,0,0,0,0,0,0,0,0,0,0,0,0,0,0,0,0,0
579512988,Potential,WFP B,90th-percentile,0,0,0,0,0,0,0,0,0,0,0,0,0,0,0,0,0,0,0,0,0,0,0
579512988,Potential,Elevate,50th-percentile,0,0,0,0,0,0,0,0,0,0,0,0,0,0,0,0,0,0,0,0,0,0,0
579512988,Potential,Elevate,90th-percentile,0,0,0,0,0,0,0,0,0,0,0,0,0,0,0,0,0,0,0,0,0,0,0
579512988,Potential,WFP 1st,50th-percentile,0,0,0,0,0,0,0,0,0,0,0,0,0,0,0,0,0,0,0,0,0,0,0
579512988,Potential,WFP 1st,90th-percentile,0,0,0,0,0,0,0,0,0,0,0,0,0,0,0,0,0,0,0,0,0,0,0
579512988,2040,No mitigation,50th-percentile,0,0,0,0,0,0,0,0,0,0,0,0,0,0,0,0,0,0,0,0,0,0,16907.2263638718
579512988,2040,No mitigation,90th-percentile,0,0,0,0,0,0,0,0,0,0,0,0,0,0,0,0,0,0,0,0,0,7200.19427474433,36492.17634109
579512988,2040,Raise Utilities,50th-percentile,0,0,0,0,0,0,0,0,0,0,0,0,0,0,0,0,0,0,0,0,0,0,0
579512988,2040,Raise Utilities,90th-percentile,0,0,0,0,0,0,0,0,0,0,0,0,0,0,0,0,0,0,0,0,0,0,16492.17634109
579512988,2040,WFP B,50th-percentile,0,0,0,0,0,0,0,0,0,0,0,0,0,0,0,0,0,0,0,0,0,0,0
579512988,2040,WFP B,90th-percentile,0,0,0,0,0,0,0,0,0,0,0,0,0,0,0,0,0,0,0,0,0,0,4943.21377109005
579512988,2040,Elevate,50th-percentile,0,0,0,0,0,0,0,0,0,0,0,0,0,0,0,0,0,0,0,0,0,0,16907.2263638718
579512988,2040,Elevate,90th-percentile,0,0,0,0,0,0,0,0,0,0,0,0,0,0,0,0,0,0,0,0,0,7200.19427474433,36492.17634109
579512988,2040,WFP 1st,50th-percentile,0,0,0,0,0,0,0,0,0,0,0,0,0,0,0,0,0,0,0,0,0,0,0
579512988,2040,WFP 1st,90th-percentile,0,0,0,0,0,0,0,0,0,0,0,0,0,0,0,0,0,0,0,0,0,0,0
579512988,2055,No mitigation,50th-percentile,0,0,0,0,0,0,0,0,0,0,0,0,0,0,0,0,0,0,0,6931.85854161129,18130.2434629577,36808.2049565754,72699.3708820062
579512988,2055,No mitigation,90th-percentile,0,0,0,0,0,0,0,0,0,0,0,0,0,0,0,0,0,0,6341.38008759687,17449.9753936914,28535.7067317878,40727.837283414,67324.5121603956
579512988,2055,Raise Utilities,50th-percentile,0,0,0,0,0,0,0,0,0,0,0,0,0,0,0,0,0,0,0,0,0,16808.2049565754,49192.4662152576
579512988,2055,Raise Utilities,90th-percentile,0,0,0,0,0,0,0,0,0,0,0,0,0,0,0,0,0,0,0,0,8535.7067317878,20727.837283414,46517.764114244
579512988,2055,WFP B,50th-percentile,0,0,0,0,0,0,0,0,0,0,0,0,0,0,0,0,0,0,0,0,0,5259.24238657538,37643.5036452576
579512988,2055,WFP B,90th-percentile,0,0,0,0,0,0,0,0,0,0,0,0,0,0,0,0,0,0,0,0,0,9178.87471341399,34968.801544244
579512988,2055,Elevate,50th-percentile,0,0,0,0,0,0,0,0,0,0,0,0,0,0,0,0,0,0,0,6931.85854161129,18130.2434629577,36808.2049565754,72699.3708820062
579512988,2055,Elevate,90th-percentile,0,0,0,0,0,0,0,0,0,0,0,0,0,0,0,0,0,0,6341.38008759687,17449.9753936914,28535.7067317878,40727.837283414,67324.5121603956
579512988,2055,WFP 1st,50th-percentile,0,0,0,0,0,0,0,0,0,0,0,0,0,0,0,0,0,0,0,0,0,0,0
579512988,2055,WFP 1st,90th-percentile,0,0,0,0,0,0,0,0,0,0,0,0,0,0,0,0,0,0,0,0,0,0,0
579512988,2100,No mitigation,50th-percentile,0,0,0,0,0,0,0,0,0,0,1357.26608436888,19923.3492679267,49505.4585285879,99740.3362333872,107052.090447539,117017.780365295,125232.6549261,140285.031241583,144830.970334214,154320.954452446,160142.058792304,171185.876387978,204997.707756131
579512988,2100,No mitigation,90th-percentile,43320.9080390454,53277.2329651582,57241.6898864618,60520.2923184313,64163.5646724996,69735.9913690319,74151.4281156936,76759.2667429612,78631.0367271128,81170.9987207839,114067.976316934,169603.939128193,228808.343356851,296615.706891834,301911.207202386,307775.973722334,315644.623961348,321942.094661069,331808.867327112,341968.581323248,355600.491718061,378291.843656517,426047.32872197
579512988,2100,Raise Utilities,50th-percentile,0,0,0,0,0,0,0,0,0,0,0,0,18746.1904578304,56962.3674950401,67622.478836135,79671.9647922397,94917.8541217146,101312.482592498,112599.467787296,120716.623902974,125583.640289464,136918.219712737,146486.99194502
579512988,2100,Raise Utilities,90th-percentile,0,3922.03854811188,6944.93121771806,9804.47149907041,11676.750569529,13540.673356361,15347.8462847925,16589.6312631369,18179.6645636873,19946.5815990496,37670.9661243595,68994.3215419356,112022.300244345,162954.476991455,167339.726301585,174414.872219731,184181.617655503,193360.599091489,202261.068785856,211774.602379181,219967.076009751,234143.863107105,284383.422330732
579512988,2100,WFP B,50th-percentile,0,0,0,0,0,0,0,0,0,0,0,0,6137.47688880642,39234.4370117899,49931.416318617,64063.6384062582,77592.0366748348,88734.4336450191,97649.5569124909,108118.95190272,111559.020478724,117499.423594527,125084.798187232
579512988,2100,WFP B,90th-percentile,0,0,0,0,0,0,959.804805139336,1506.99472044892,2558.44885179899,3142.99398102841,14045.9737609227,34483.9102290082,66780.6351570021,118215.39295939,122309.611258883,129050.342487181,134185.346297747,138654.57589614,146758.227412381,154447.120708648,165474.640772585,185260.243386957,225046.257059527
579512988,2100,Elevate,50th-percentile,0,0,0,0,0,0,0,0,0,0,1357.26608436888,19923.3492679267,49505.4585285879,99740.3362333872,107052.090447539,117017.780365295,125232.6549261,140285.031241583,144830.970334214,154320.954452446,160142.058792304,171185.876387978,204997.707756131
579512988,2100,Elevate,90th-percentile,43320.9080390454,53277.2329651582,57241.6898864618,60520.2923184313,64163.5646724996,69735.9913690319,74151.4281156936,76759.2667429612,78631.0367271128,81170.9987207839,114067.976316934,169603.939128193,228808.343356851,296615.706891834,301911.207202386,307775.973722334,315644.623961348,321942.094661069,331808.867327112,341968.581323248,355600.491718061,378291.843656517,426047.32872197
579512988,2100,WFP 1st,50th-percentile,0,0,0,0,0,0,0,0,0,0,0,0,0,0,0,0,0,0,0,0,0,0,0
579512988,2100,WFP 1st,90th-percentile,0,0,0,0,0,0,0,0,0,0,0,0,0,0,0,0,0,0,0,0,0,0,0
579512989,Potential,No mitigation,50th-percentile,0,0,0,0,0,0,0,0,0,0,0,0,0,0,0,0,0,0,0,0,0,0,0
579512989,Potential,No mitigation,90th-percentile,0,0,0,0,0,0,0,0,0,0,0,0,0,0,0,0,0,0,0,0,0,0,0
579512989,Potential,Raise Utilities,50th-percentile,0,0,0,0,0,0,0,0,0,0,0,0,0,0,0,0,0,0,0,0,0,0,0
579512989,Potential,Raise Utilities,90th-percentile,0,0,0,0,0,0,0,0,0,0,0,0,0,0,0,0,0,0,0,0,0,0,0
579512989,Potential,WFP B,50th-percentile,0,0,0,0,0,0,0,0,0,0,0,0,0,0,0,0,0,0,0,0,0,0,0
579512989,Potential,WFP B,90th-percentile,0,0,0,0,0,0,0,0,0,0,0,0,0,0,0,0,0,0,0,0,0,0,0
579512989,Potential,Elevate,50th-percentile,0,0,0,0,0,0,0,0,0,0,0,0,0,0,0,0,0,0,0,0,0,0,0
579512989,Potential,Elevate,90th-percentile,0,0,0,0,0,0,0,0,0,0,0,0,0,0,0,0,0,0,0,0,0,0,0
579512989,Potential,WFP 1st,50th-percentile,0,0,0,0,0,0,0,0,0,0,0,0,0,0,0,0,0,0,0,0,0,0,0
579512989,Potential,WFP 1st,90th-percentile,0,0,0,0,0,0,0,0,0,0,0,0,0,0,0,0,0,0,0,0,0,0,0
579512989,2040,No mitigation,50th-percentile,0,0,0,0,0,0,0,0,0,0,0,0,0,0,0,0,0,0,0,0,0,0,0
579512989,2040,No mitigation,90th-percentile,0,0,0,0,0,0,0,0,0,0,0,0,0,0,0,0,0,0,0,0,0,0,17514.5738161065
579512989,2040,Raise Utilities,50th-percentile,0,0,0,0,0,0,0,0,0,0,0,0,0,0,0,0,0,0,0,0,0,0,0
579512989,2040,Raise Utilities,90th-percentile,0,0,0,0,0,0,0,0,0,0,0,0,0,0,0,0,0,0,0,0,0,0,0
579512989,2040,WFP B,50th-percentile,0,0,0,0,0,0,0,0,0,0,0,0,0,0,0,0,0,0,0,0,0,0,0
579512989,2040,WFP B,90th-percentile,0,0,0,0,0,0,0,0,0,0,0,0,0,0,0,0,0,0,0,0,0,0,0
579512989,2040,Elevate,50th-percentile,0,0,0,0,0,0,0,0,0,0,0,0,0,0,0,0,0,0,0,0,0,0,0
579512989,2040,Elevate,90th-percentile,0,0,0,0,0,0,0,0,0,0,0,0,0,0,0,0,0,0,0,0,0,0,17514.5738161065
579512989,2040,WFP 1st,50th-percentile,0,0,0,0,0,0,0,0,0,0,0,0,0,0,0,0,0,0,0,0,0,0,0
579512989,2040,WFP 1st,90th-percentile,0,0,0,0,0,0,0,0,0,0,0,0,0,0,0,0,0,0,0,0,0,0,0
579512989,2055,No mitigation,50th-percentile,0,0,0,0,0,0,0,0,0,0,0,0,0,0,0,0,0,0,0,0,0,18138.9166065398,73136.8906157928
579512989,2055,No mitigation,90th-percentile,0,0,0,0,0,0,0,0,0,0,0,0,0,0,0,0,0,0,0,0,3656.15546544045,25882.5007773996,69061.0227643827
579512989,2055,Raise Utilities,50th-percentile,0,0,0,0,0,0,0,0,0,0,0,0,0,0,0,0,0,0,0,0,0,0,53136.8906157928
579512989,2055,Raise Utilities,90th-percentile,0,0,0,0,0,0,0,0,0,0,0,0,0,0,0,0,0,0,0,0,0,5882.50077739962,49061.0227643827
579512989,2055,WFP B,50th-percentile,0,0,0,0,0,0,0,0,0,0,0,0,0,0,0,0,0,0,0,0,0,0,28777.0941828252
579512989,2055,WFP B,90th-percentile,0,0,0,0,0,0,0,0,0,0,0,0,0,0,0,0,0,0,0,0,0,0,26210.6624443827
579512989,2055,Elevate,50th-percentile,0,0,0,0,0,0,0,0,0,0,0,0,0,0,0,0,0,0,0,0,0,18138.9166065398,73136.8906157928
579512989,2055,Elevate,90th-percentile,0,0,0,0,0,0,0,0,0,0,0,0,0,0,0,0,0,0,0,0,3656.15546544045,25882.5007773996,69061.0227643827
579512989,2055,WFP 1st,50th-percentile,0,0,0,0,0,0,0,0,0,0,0,0,0,0,0,0,0,0,0,0,0,0,0
579512989,2055,WFP 1st,90th-percentile,0,0,0,0,0,0,0,0,0,0,0,0,0,0,0,0,0,0,0,0,0,0,0
579512989,2100,No mitigation,50th-percentile,0,0,0,0,0,0,0,0,0,0,0,0,20103.5219782992,77470.9656422313,86840.9042641567,100384.777882634,117411.711726298,129255.321959626,148020.466564185,169735.358844948,188364.770704382,198685.267510067,212548.011552226
579512989,2100,No mitigation,90th-percentile,0,0,0,1959.5293765191,5672.68828947493,7777.0863533337,10540.664929648,13100.3172311578,14231.3498339626,16256.5697269644,42267.7223606429,85317.7787131108,145421.572595276,216095.70122917,222306.24725961,234977.873289769,244042.554999361,253685.955303593,269241.897740212,283579.878217886,301028.540820886,329986.882791347,389228.105016129
579512989,2100,Raise Utilities,50th-percentile,0,0,0,0,0,0,0,0,0,0,0,0,0,55297.7245201337,64374.1072693626,74173.377997114,90502.6952538476,106260.529154618,119140.934859493,138577.078842307,166782.145791947,173726.212766668,182671.128565311
579512989,2100,Raise Utilities,90th-percentile,0,0,0,0,0,0,0,0,0,0,10227.2557871467,39455.4345827016,78740.5242096876,144381.127034498,154863.825826458,164672.372055072,176089.455519768,181537.242212553,189802.208417885,204664.468178528,217181.425947171,242941.041969857,290303.492866197
579512989,2100,WFP B,50th-percentile,0,0,0,0,0,0,0,0,0,0,0,0,0,30056.2436568194,39201.9409581223,47731.9235958655,61767.2551929145,75775.3916448619,92610.013430127,111591.191047081,142463.121055853,149989.862861147,157205.782205111
579512989,2100,WFP B,90th-percentile,0,0,0,0,0,0,0,0,0,0,0,8418.77453419963,33004.0281221398,88360.2686708327,93493.711885073,101544.844587778,120400.933729732,133147.474216758,144255.892122132,152179.451709638,158180.803179584,174894.374662108,214340.814108459
579512989,2100,Elevate,50th-percentile,0,0,0,0,0,0,0,0,0,0,0,0,20103.5219782992,77470.9656422313,86840.9042641567,100384.777882634,117411.711726298,129255.321959626,148020.466564185,169735.358844948,188364.770704382,198685.267510067,212548.011552226
579512989,2100,Elevate,90th-percentile,0,0,0,1959.5293765191,5672.68828947493,7777.0863533337,10540.664929648,13100.3172311578,14231.3498339626,16256.5697269644,42267.7223606429,85317.7787131108,145421.572595276,216095.70122917,222306.24725961,234977.873289769,244042.554999361,253685.955303593,269241.897740212,283579.878217886,301028.540820886,329986.882791347,389228.105016129
579512989,2100,WFP 1st,50th-percentile,0,0,0,0,0,0,0,0,0,0,0,0,0,0,0,0,0,0,0,0,0,0,0
579512989,2100,WFP 1st,90th-percentile,0,0,0,0,0,0,0,0,0,0,0,0,0,0,0,0,0,0,0,0,0,0,0
579512990,Potential,No mitigation,50th-percentile,0,0,0,0,0,0,0,0,0,0,0,0,0,0,0,0,0,0,0,0,0,0,0
579512990,Potential,No mitigation,90th-percentile,0,0,0,0,0,0,0,0,0,0,0,0,0,0,0,0,0,0,0,0,0,0,5733.96826742264
579512990,Potential,Raise Utilities,50th-percentile,0,0,0,0,0,0,0,0,0,0,0,0,0,0,0,0,0,0,0,0,0,0,0
579512990,Potential,Raise Utilities,90th-percentile,0,0,0,0,0,0,0,0,0,0,0,0,0,0,0,0,0,0,0,0,0,0,0
579512990,Potential,WFP B,50th-percentile,0,0,0,0,0,0,0,0,0,0,0,0,0,0,0,0,0,0,0,0,0,0,0
579512990,Potential,WFP B,90th-percentile,0,0,0,0,0,0,0,0,0,0,0,0,0,0,0,0,0,0,0,0,0,0,0
579512990,Potential,Elevate,50th-percentile,0,0,0,0,0,0,0,0,0,0,0,0,0,0,0,0,0,0,0,0,0,0,0
579512990,Potential,Elevate,90th-percentile,0,0,0,0,0,0,0,0,0,0,0,0,0,0,0,0,0,0,0,0,0,0,0
579512990,Potential,WFP 1st,50th-percentile,0,0,0,0,0,0,0,0,0,0,0,0,0,0,0,0,0,0,0,0,0,0,0
579512990,Potential,WFP 1st,90th-percentile,0,0,0,0,0,0,0,0,0,0,0,0,0,0,0,0,0,0,0,0,0,0,0
579512990,2040,No mitigation,50th-percentile,0,0,0,0,0,0,0,0,0,0,0,0,0,30164.9566548921,33123.4366374813,39514.3176209478,46046.8184492607,54023.3057848203,69451.4415191373,74911.0457142551,91361.1775200767,127775.983752171,147627.416721866
579512990,2040,No mitigation,90th-percentile,0,0,0,0,0,0,0,0,0,0,0,0,0,34252.0987433965,40111.5187149962,44482.8398834754,49425.9063121414,53466.2293009743,65431.8258909583,75364.4340323377,100534.104591016,137850.850837274,173081.433734589
579512990,2040,Raise Utilities,50th-percentile,0,0,0,0,0,0,0,0,0,0,0,0,0,9384.16118494338,12123.6443185704,18243.7763596176,24844.748206426,32476.6756089711,44987.5744164237,53294.7532288567,66366.1307389802,105931.424668366,126511.490889167
579512990,2040,Raise Utilities,90th-percentile,0,0,0,0,0,0,0,0,0,0,0,0,0,12367.2508766932,19476.7147787297,22759.0497665155,27175.624323756,33188.0557241123,40661.4963405447,52798.0705808946,80534.1045910162,115097.017952505,152776.840942232
579512990,2040,WFP B,50th-percentile,0,0,0,0,0,0,0,0,0,0,0,0,0,0,0,0,4899.3059129115,12089.3823994841,25536.6211364237,33843.7999488567,45787.8954791162,83346.5183944465,107060.537609167
579512990,2040,WFP B,90th-percentile,0,0,0,0,0,0,0,0,0,0,0,0,0,0,270.017038694728,2603.6401676573,7497.02722471063,13314.6903240329,19724.0718316875,32959.0087786955,61083.1513110162,95646.0646725048,133325.887662232
579512990,2040,Elevate,50th-percentile,0,0,0,0,0,0,0,0,0,0,0,0,0,0,0,0,0,0,7290.28184319634,16658.7137454488,28002.6331883892,51830.1141606901,78543.925454462
579512990,2040,Elevate,90th-percentile,0,0,0,0,0,0,0,0,0,0,0,0,0,0,0,0,0,0,1477.73253846012,15634.2187063149,40056.6404836299,64129.6604387485,107749.204970053
579512990,2040,WFP 1st,50th-percentile,0,0,0,0,0,0,0,0,0,0,0,0,0,0,0,0,0,0,0,0,0,0,0
579512990,2040,WFP 1st,90th-percentile,0,0,0,0,0,0,0,0,0,0,0,0,0,0,0,0,0,0,0,0,0,0,0
579512990,2055,No mitigation,50th-percentile,0,0,0,0,0,0,0,0,0,0,0,16219.9511864324,51734.101073002,98044.4188547362,105787.953652319,111354.518115276,120955.230865825,127326.832731307,136069.13294097,164525.533533188,175048.205057137,191589.629741742,231916.80310195
579512990,2055,No mitigation,90th-percentile,0,0,0,0,0,0,0,0,0,0,2462.6796774587,22693.2548566013,58499.1242104327,116120.950566072,125812.717150117,132868.571733437,139668.4227129,153203.259155844,167490.471791308,178682.620256388,196644.274518419,215411.422080004,238930.213111866
579512990,2055,Raise Utilities,50th-percentile,0,0,0,0,0,0,0,0,0,0,0,0,24030.5883835568,59917.7915508169,63409.4156799762,70734.3065416155,81249.5702904907,94526.5545759341,106297.569043798,119051.050065437,141996.364722635,157807.087984904,179420.599943891
579512990,2055,Raise Utilities,90th-percentile,0,0,0,0,0,0,0,0,0,0,0,47.6668306905285,28222.7621007,69166.9963688306,75138.1618752181,82881.5857888197,93788.3638962908,111719.125017543,127079.121451266,141922.92231944,154045.776540107,170546.137950442,180864.335064012
579512990,2055,WFP B,50th-percentile,0,0,0,0,0,0,0,0,0,0,0,0,3101.37347076286,35294.4210584909,38420.3396840901,43181.7857772905,50715.8309530009,70209.5288731219,81909.5798954514,96244.2179400535,117736.790748933,134669.760656471,153413.899395508
579512990,2055,WFP B,90th-percentile,0,0,0,0,0,0,0,0,0,0,0,0,5987.07740205901,36733.5933596555,40700.7272420542,47466.8526711664,61083.1513110162,82181.893925783,99583.2077464859,114117.960863184,128779.375917851,137659.41721837,149209.889243559
579512990,2055,Elevate,50th-percentile,0,0,0,0,0,0,0,0,0,0,0,0,0,16018.4319830591,19854.6782939637,25456.7855501709,31278.6629916774,44619.8292646828,50506.7609429251,63731.2006072519,85013.9176090102,108270.128703317,143972.610755369
579512990,2055,Elevate,90th-percentile,0,0,0,0,0,0,0,0,0,0,0,0,0,17241.8779865049,21294.4202019636,28159.4542197276,39516.2576333513,51475.9797368629,64129.6604387485,81289.4035492005,98460.7582115128,114897.753442538,137159.452172258
579512990,2055,WFP 1st,50th-percentile,0,0,0,0,0,0,0,0,0,0,0,0,0,0,0,0,0,0,0,0,0,0,0
579512990,2055,WFP 1st,90th-percentile,0,0,0,0,0,0,0,0,0,0,0,0,0,0,0,0,0,0,0,0,0,0,0
579512990,2100,No mitigation,50th-percentile,1198171.11360139,1236677.89166517,1262513.13577584,1277284.47412849,1290441.19727486,1299887.17598092,1311392.5815764,1320341.4556884,1333617.5450843,1344699.6543628,1444801.27920298,1563521.08915727,1674385.7766343,1818717.55280227,1827933.00267483,1842664.37685103,1854632.41888392,1867189.1802644,1884355.67061253,1905308.92335461,1930166.71882422,1945809.08173734,1997298.61626955
579512990,2100,No mitigation,90th-percentile,2321670.3848584,2345131.65260477,2374504.57471592,2406589.0391288,2428670.11652779,2443541.87393645,2454439.3240849,2463489.97400532,2477260.25994739,2487386.34850864,2597772.96211827,2736899.0012002,2877427.61071194,3003233.3630745,3012048.70522886,3021302.25951389,3038821.94231245,3065926.21145133,3083244.38380018,3114579.79102526,3145125.00028195,3186679.61470991,3243622.42244058
579512990,2100,Raise Utilities,50th-percentile,723003.281973059,739327.706690556,768006.336458192,776070.196410124,792081.348443633,805451.950501045,813642.612120538,818761.786252504,824194.566848974,830702.15016465,913338.417569814,1023714.22778838,1122252.67071352,1231830.90093699,1249529.79380306,1261829.22889432,1271165.13372143,1285519.11012386,1299372.45543851,1318739.51743205,1336850.97260512,1367775.56327337,1418812.19570326
579512990,2100,Raise Utilities,90th-percentile,1684619.10280855,1714064.01107273,1742030.82955192,1761467.64731734,1778629.66296258,1791666.88067847,1803465.61948401,1820312.60165801,1827006.21626619,1837347.32587967,1929784.88715331,2054489.40808959,2175481.73081286,2304006.90261498,2311635.57747559,2316798.44583598,2335096.19765654,2360035.99574463,2374801.91221694,2400371.4558856,2426388.99593723,2464289.65022822,2515339.9488762
579512990,2100,WFP B,50th-percentile,353586.601088752,377508.186288964,389267.340268373,403213.597599072,408305.510570576,413232.757276191,423606.315130085,429931.567582897,437658.770270881,442864.167294997,512991.171030147,603089.371657513,695118.551562641,791055.799740139,803049.405018925,809424.428244421,823241.030169504,834372.817594485,844552.91915495,865777.55128328,881827.598520037,907628.611931086,941790.127034014
579512990,2100,WFP B,90th-percentile,1141254.01773197,1181674.13416484,1200586.26218837,1219280.63788897,1230490.69884517,1238360.4808152,1261409.50695153,1270181.26132312,1280163.45792549,1284693.10502073,1371859.19449533,1475692.80499346,1596007.75903264,1705802.9635054,1719609.03840993,1730768.82886144,1739903.62366104,1755065.83627677,1768904.13871577,1790162.95155247,1830856.13093986,1857787.80572027,1909210.13039464
579512990,2100,Elevate,50th-percentile,123321.618452209,138569.34295773,146050.141658893,156990.091271056,163723.51233875,169676.302079862,174279.85617783,177891.552667025,183098.332684639,188136.703655693,237628.697729949,306712.627491471,393772.669922186,470267.589715032,475563.139947748,487161.579909417,495907.419657343,509067.071862378,515571.16746922,526240.624816746,548476.245817135,565310.673173576,609816.804391482
579512990,2100,Elevate,90th-percentile,689658.86082447,713336.558638822,740379.247688189,752725.974978576,761447.338774873,769999.99189612,779920.715051822,788353.811491074,793821.093948089,800688.950705339,877917.423358463,978488.70825488,1093529.15010491,1186877.04331397,1200879.40733409,1211894.37396766,1229031.2298157,1245062.28165567,1264526.75006551,1282175.15682942,1300142.83565789,1340128.11129299,1381279.33891914
579512990,2100,WFP 1st,50th-percentile,0,0,0,0,0,0,0,0,0,0,0,0,0,0,0,0,0,0,0,0,0,0,1381.75980795485
579512990,2100,WFP 1st,90th-percentile,0,0,0,0,0,0,0,0,0,0,0,0,0,0,0,0,0,0,0,0,0,0,759.344203028813
579513006,Potential,No mitigation,50th-percentile,0,0,0,0,0,0,0,0,0,0,0,0,0,0,0,0,0,0,0,0,0,0,0
579513006,Potential,No mitigation,90th-percentile,0,0,0,0,0,0,0,0,0,0,0,0,0,0,0,0,0,0,0,0,0,0,0
579513006,Potential,Raise Utilities,50th-percentile,0,0,0,0,0,0,0,0,0,0,0,0,0,0,0,0,0,0,0,0,0,0,0
579513006,Potential,Raise Utilities,90th-percentile,0,0,0,0,0,0,0,0,0,0,0,0,0,0,0,0,0,0,0,0,0,0,0
579513006,Potential,WFP B,50th-percentile,0,0,0,0,0,0,0,0,0,0,0,0,0,0,0,0,0,0,0,0,0,0,0
579513006,Potential,WFP B,90th-percentile,0,0,0,0,0,0,0,0,0,0,0,0,0,0,0,0,0,0,0,0,0,0,0
579513006,Potential,Elevate,50th-percentile,0,0,0,0,0,0,0,0,0,0,0,0,0,0,0,0,0,0,0,0,0,0,0
579513006,Potential,Elevate,90th-percentile,0,0,0,0,0,0,0,0,0,0,0,0,0,0,0,0,0,0,0,0,0,0,0
579513006,Potential,WFP 1st,50th-percentile,0,0,0,0,0,0,0,0,0,0,0,0,0,0,0,0,0,0,0,0,0,0,0
579513006,Potential,WFP 1st,90th-percentile,0,0,0,0,0,0,0,0,0,0,0,0,0,0,0,0,0,0,0,0,0,0,0
579513006,2040,No mitigation,50th-percentile,0,0,0,0,0,0,0,0,0,0,0,0,0,6634.19556308717,8798.15584567982,13632.5432155026,20551.6906055056,28486.4517607293,48431.7970205266,62994.8949849443,89106.6999569491,145233.582177359,187044.910009612
579513006,2040,No mitigation,90th-percentile,0,0,0,0,0,0,0,0,0,0,0,0,0,8990.58445014394,14703.4107222874,18387.0081851788,23461.5112399737,29884.2647894692,41706.9684176098,61402.33160031,114609.049623121,164484.311920283,240894.54963711
579513006,2040,Raise Utilities,50th-percentile,0,0,0,0,0,0,0,0,0,0,0,0,0,0,0,0,281.564392449969,8476.42513328269,28431.7970205266,42994.8949849443,63951.1130447996,125233.582177359,167044.910009612
579513006,2040,Raise Utilities,90th-percentile,0,0,0,0,0,0,0,0,0,0,0,0,0,0,0,0,3199.95576520944,9234.70918341788,19396.2694283872,41402.33160031,94609.0496231212,144484.311920283,220894.54963711
579513006,2040,WFP B,50th-percentile,0,0,0,0,0,0,0,0,0,0,0,0,0,0,0,0,0,0,17268.8761905266,31831.9741549443,52788.1922147996,114070.661347359,155881.989179612
579513006,2040,WFP B,90th-percentile,0,0,0,0,0,0,0,0,0,0,0,0,0,0,0,0,0,0,8233.34859838718,30239.41077031,83446.1287931212,133321.391090283,206397.29752612
579513006,2040,Elevate,50th-percentile,0,0,0,0,0,0,0,0,0,0,0,0,0,0,0,0,0,0,11332.6424078674,25895.7403722851,44400.0357827811,103746.776507952,145558.104340204
579513006,2040,Elevate,90th-percentile,0,0,0,0,0,0,0,0,0,0,0,0,0,0,0,0,0,0,2297.11481572795,24303.1769876508,75057.9723611028,122997.506250875,194971.361517447
579513006,2040,WFP 1st,50th-percentile,0,0,0,0,0,0,0,0,0,0,0,0,0,0,0,0,0,0,0,0,0,0,0
579513006,2040,WFP 1st,90th-percentile,0,0,0,0,0,0,0,0,0,0,0,0,0,0,0,0,0,0,0,0,0,0,0
579513006,2055,No mitigation,50th-percentile,0,0,0,0,0,0,0,0,0,0,0,0,19659.7895766239,68211.5574618527,74124.7024499857,83329.9796176195,104615.155486105,126865.764521674,143485.140033847,166665.8948284,214511.146116579,245633.980787417,274966.9485
579513006,2055,No mitigation,90th-percentile,0,0,0,0,0,0,0,0,0,0,0,0,23836.5056386436,76397.2642849623,81610.6809964769,97084.8833592562,116352.82731952,150976.532700913,179694.990280825,208342.659581279,230002.821470815,264398.757646498,275519.007669185
579513006,2055,Raise Utilities,50th-percentile,0,0,0,0,0,0,0,0,0,0,0,0,0,43151.8554102829,48776.2859576469,59362.7555612251,72283.3059394857,106214.978574207,121585.558665127,143860.659441066,181725.159976938,216814.512414348,254966.9485
579513006,2055,Raise Utilities,90th-percentile,0,0,0,0,0,0,0,0,0,0,0,0,1465.07166253506,45078.2675673099,51903.9930302148,67833.723221261,94335.1250525508,121835.843049486,146833.951896792,174379.36202967,205752.367980678,235054.106815478,254966.9485
579513006,2055,WFP B,50th-percentile,0,0,0,0,0,0,0,0,0,0,0,0,0,31019.4189732592,36800.0568924233,46890.8524598654,61120.3851094857,95052.0577442066,109850.492284132,132697.738611066,168970.447625272,205651.591584348,243804.02767
579513006,2055,WFP B,90th-percentile,0,0,0,0,0,0,0,0,0,0,0,0,0,32738.4949110811,40741.0722002148,53187.0478911866,81083.8693004039,105091.461804486,133321.391090283,160179.095399799,188301.209383713,218394.62704611,243804.02767
579513006,2055,Elevate,50th-percentile,0,0,0,0,0,0,0,0,0,0,0,0,0,24900.4312183306,30863.8231097641,39572.221444784,52732.2286774672,84184.1730778238,99941.2006010261,122373.853771659,155678.445894535,195972.949547404,243804.02767
579513006,2055,Elevate,90th-percentile,0,0,0,0,0,0,0,0,0,0,0,0,0,26802.2611284219,33101.8820152935,44798.8914591681,72695.7128683854,94179.3796328547,122997.506250875,149855.210560392,176966.791645854,208715.985009166,243804.02767
579513006,2055,WFP 1st,50th-percentile,0,0,0,0,0,0,0,0,0,0,0,0,0,0,0,0,0,0,0,0,0,0,0
579513006,2055,WFP 1st,90th-percentile,0,0,0,0,0,0,0,0,0,0,0,0,0,0,0,0,0,0,0,0,0,0,0
579513006,2100,No mitigation,50th-percentile,784899.668938927,807400.052230477,843748.8633627,859102.726425194,864623.170436926,880661.837489617,889710.388950528,910831.294395867,919888.704351409,931252.26179797,1050718.35199687,1210770.61003468,1383515.92755064,1552344.44822063,1568524.97108345,1582308.47944052,1603355.64495924,1620945.29295722,1643153.62185883,1676111.23519687,1705692.77780725,1745636.64592796,1828100.87723781
579513006,2100,No mitigation,90th-percentile,2194700.04450292,2250981.08524377,2295467.41963818,2323667.03451999,2345198.30951818,2373210.1907026,2388728.08014232,2402054.31244354,2423735.69716426,2445969.08607015,2589960.19126512,2788841.62713038,3015398.70394758,3211497.08716945,3228099.33041549,3252194.94070334,3266684.31287371,3307673.12510248,3342385.35842243,3381553.27643677,3438559.85764143,3473474.12653538,3583326.3598127
579513006,2100,Raise Utilities,50th-percentile,406560.707208946,434609.15018863,459957.397114204,477709.8654031,494411.691018914,509563.533988749,518229.058548087,529447.981568893,542590.374471832,549185.442518299,656424.092952766,798362.194156996,959998.504980634,1112817.24369339,1136250.25400043,1148626.60125035,1162165.17947293,1190055.26602039,1217833.69788221,1231639.79455473,1252946.37796093,1320938.19812864,1356511.34044526
579513006,2100,Raise Utilities,90th-percentile,1642350.54372203,1703119.19748016,1756267.27156107,1781838.82932208,1797022.47368151,1819880.74343304,1843842.31892208,1858637.60585424,1868128.98396319,1883871.19805517,2029326.74889921,2220626.47034753,2431340.88741429,2613562.28191654,2634525.05874558,2661886.27581304,2683864.792103,2718453.20501329,2752082.88203087,2774207.25854543,2828457.11750804,2877657.20927646,2969976.4110971
579513006,2100,WFP B,50th-percentile,263672.15006563,287329.795814235,312285.486850501,323421.37815122,347612.107983642,358962.039800314,367869.975685757,377832.855872425,390285.225136855,397382.83032022,493098.597900136,626169.720269929,786277.374131499,929598.134569955,946006.188572784,964506.517327727,976317.59204275,1001926.56589821,1023595.16691522,1040877.70137445,1073022.98311669,1108817.93782885,1167855.04312201
579513006,2100,WFP B,90th-percentile,1393555.02092814,1459820.36193805,1503653.88037825,1521732.5314258,1547636.68356924,1562322.81588731,1578548.53435471,1596425.67580051,1608024.32938782,1617696.34023616,1765275.64036925,1948922.40985266,2155815.85662599,2332567.45308166,2354123.81492463,2383747.54610299,2410789.24147056,2431110.1930018,2457758.31349737,2497903.67554914,2534149.49047363,2586405.10850376,2676271.47087578
579513006,2100,Elevate,50th-percentile,198092.375552035,227029.419545544,242577.958281845,255229.850302291,274993.247012903,288172.213628495,299089.054244591,309599.165906707,313507.017925357,319350.341214237,413685.69806282,535651.776184904,692540.723648517,826449.390524529,840174.070642152,858154.700069624,873547.947160239,901383.119008243,912798.187311885,940816.279722947,961846.060682555,995569.366013964,1072232.26998175
579513006,2100,Elevate,90th-percentile,1251628.32937899,1292943.97325656,1335143.53245359,1361777.6279658,1376381.22025491,1396793.14031241,1406354.09522671,1435739.22001029,1443044.52819395,1459712.75602721,1592664.63803441,1780977.92394164,1978696.45902436,2151119.30373356,2178279.06619513,2200603.71401502,2229907.62688689,2250888.92662108,2287840.81283945,2313367.90362718,2351521.83718907,2397931.87576393,2501778.37865019
579513006,2100,WFP 1st,50th-percentile,0,0,0,0,0,0,0,0,0,0,0,0,0,0,0,0,0,0,0,0,0,0,0
579513006,2100,WFP 1st,90th-percentile,0,0,0,0,0,0,0,0,0,0,0,0,0,0,0,0,0,0,0,0,0,0,0
579513007,Potential,No mitigation,50th-percentile,0,0,0,0,0,0,0,0,0,0,0,0,0,0,0,0,0,0,0,0,0,0,0
579513007,Potential,No mitigation,90th-percentile,0,0,0,0,0,0,0,0,0,0,0,0,0,0,0,0,0,0,0,0,0,0,0
579513007,Potential,Raise Utilities,50th-percentile,0,0,0,0,0,0,0,0,0,0,0,0,0,0,0,0,0,0,0,0,0,0,0
579513007,Potential,Raise Utilities,90th-percentile,0,0,0,0,0,0,0,0,0,0,0,0,0,0,0,0,0,0,0,0,0,0,0
579513007,Potential,WFP B,50th-percentile,0,0,0,0,0,0,0,0,0,0,0,0,0,0,0,0,0,0,0,0,0,0,0
579513007,Potential,WFP B,90th-percentile,0,0,0,0,0,0,0,0,0,0,0,0,0,0,0,0,0,0,0,0,0,0,0
579513007,Potential,Elevate,50th-percentile,0,0,0,0,0,0,0,0,0,0,0,0,0,0,0,0,0,0,0,0,0,0,0
579513007,Potential,Elevate,90th-percentile,0,0,0,0,0,0,0,0,0,0,0,0,0,0,0,0,0,0,0,0,0,0,0
579513007,Potential,WFP 1st,50th-percentile,0,0,0,0,0,0,0,0,0,0,0,0,0,0,0,0,0,0,0,0,0,0,0
579513007,Potential,WFP 1st,90th-percentile,0,0,0,0,0,0,0,0,0,0,0,0,0,0,0,0,0,0,0,0,0,0,0
579513007,2040,No mitigation,50th-percentile,0,0,0,0,0,0,0,0,0,0,0,0,0,0,0,0,0,0,0,0,0,17071.7421183308,53805.8934763371
579513007,2040,No mitigation,90th-percentile,0,0,0,0,0,0,0,0,0,0,0,0,0,0,0,0,0,0,0,0,1926.31193552191,25438.9364756121,197156.984854827
579513007,2040,Raise Utilities,50th-percentile,0,0,0,0,0,0,0,0,0,0,0,0,0,0,0,0,0,0,0,0,0,0,33805.8934763371
579513007,2040,Raise Utilities,90th-percentile,0,0,0,0,0,0,0,0,0,0,0,0,0,0,0,0,0,0,0,0,0,5438.9364756121,177156.984854827
579513007,2040,WFP B,50th-percentile,0,0,0,0,0,0,0,0,0,0,0,0,0,0,0,0,0,0,0,0,0,0,0
579513007,2040,WFP B,90th-percentile,0,0,0,0,0,0,0,0,0,0,0,0,0,0,0,0,0,0,0,0,0,0,0
579513007,2040,Elevate,50th-percentile,0,0,0,0,0,0,0,0,0,0,0,0,0,0,0,0,0,0,0,0,0,17071.7421183308,53805.8934763371
579513007,2040,Elevate,90th-percentile,0,0,0,0,0,0,0,0,0,0,0,0,0,0,0,0,0,0,0,0,1926.31193552191,25438.9364756121,197156.984854827
579513007,2040,WFP 1st,50th-percentile,0,0,0,0,0,0,0,0,0,0,0,0,0,0,0,0,0,0,0,0,0,0,0
579513007,2040,WFP 1st,90th-percentile,0,0,0,0,0,0,0,0,0,0,0,0,0,0,0,0,0,0,0,0,0,0,0
579513007,2055,No mitigation,50th-percentile,0,0,0,0,0,0,0,0,0,0,0,0,0,0,0,0,0,3210.16462307792,14413.2764357153,25167.8703095659,61836.3953749042,200175.295016734,318699.87
579513007,2055,No mitigation,90th-percentile,0,0,0,0,0,0,0,0,0,0,0,0,0,0,0,0,0,9039.46554921499,24571.3834801982,57369.6597700948,130160.127396526,231340.646182544,318699.87
579513007,2055,Raise Utilities,50th-percentile,0,0,0,0,0,0,0,0,0,0,0,0,0,0,0,0,0,0,0,5167.87030956589,41836.3953749042,180175.295016734,298699.87
579513007,2055,Raise Utilities,90th-percentile,0,0,0,0,0,0,0,0,0,0,0,0,0,0,0,0,0,0,4571.38348019818,37369.6597700948,110160.127396526,211340.646182544,298699.87
579513007,2055,WFP B,50th-percentile,0,0,0,0,0,0,0,0,0,0,0,0,0,0,0,0,0,0,0,0,0,0,0
579513007,2055,WFP B,90th-percentile,0,0,0,0,0,0,0,0,0,0,0,0,0,0,0,0,0,0,0,0,0,0,0
579513007,2055,Elevate,50th-percentile,0,0,0,0,0,0,0,0,0,0,0,0,0,0,0,0,0,3210.16462307792,14413.2764357153,25167.8703095659,61836.3953749042,200175.295016734,318699.87
579513007,2055,Elevate,90th-percentile,0,0,0,0,0,0,0,0,0,0,0,0,0,0,0,0,0,9039.46554921499,24571.3834801982,57369.6597700948,130160.127396526,231340.646182544,318699.87
579513007,2055,WFP 1st,50th-percentile,0,0,0,0,0,0,0,0,0,0,0,0,0,0,0,0,0,0,0,0,0,0,0
579513007,2055,WFP 1st,90th-percentile,0,0,0,0,0,0,0,0,0,0,0,0,0,0,0,0,0,0,0,0,0,0,0
579513007,2100,No mitigation,50th-percentile,0,0,0,0,0,1700.74900094866,3394.41592607335,5185.12672923321,6622.3446248257,8152.36649104031,27466.6723174746,77372.3636812434,262055.347079002,374459.205587694,388088.996958905,402585.341612377,418921.88484809,443779.231675677,474893.513826352,527259.50158382,584475.759760269,613488.51714147,670264.531124347
579513007,2100,No mitigation,90th-percentile,224066.788180351,268865.547886284,294865.123773432,312861.781368167,336585.988085488,351622.656467959,367911.587756719,388945.098487631,403289.589052634,413134.546348401,565441.242717517,825618.173189797,1074205.83249018,1353226.50666753,1383335.78114746,1423872.69120721,1444381.38968393,1472146.85927898,1491887.98770019,1549200.92255657,1604404.77161974,1702925.34584361,1767058.9988312
579513007,2100,Raise Utilities,50th-percentile,0,0,0,0,0,0,0,0,0,0,0,34337.2116799445,215441.905958,307925.247208257,321261.295961759,340033.421674327,358246.082557231,373787.197714108,408125.806987364,456229.088383605,518913.66638911,552907.797069067,599268.950886177
579513007,2100,Raise Utilities,90th-percentile,79135.3015562899,141066.528495243,165740.29708773,180967.316539864,202591.572092044,222343.190248579,240921.467146883,249439.676980248,261228.477665592,268283.635680867,411794.360760371,662802.197530788,900777.592619743,1165626.89719087,1197622.46476004,1220626.13323383,1243088.80004965,1262447.8586019,1286225.70206648,1347001.67797207,1397116.65308431,1476770.23513738,1547691.85200746
579513007,2100,WFP B,50th-percentile,0,0,0,0,0,0,0,0,0,0,0,0,0,0,0,0,0,0,0,0,0,0,0
579513007,2100,WFP B,90th-percentile,0,0,0,0,0,0,0,0,0,0,0,0,0,0,0,0,0,0,0,0,0,0,0
579513007,2100,Elevate,50th-percentile,0,0,0,0,0,1700.74900094866,3394.41592607335,5185.12672923321,6622.3446248257,8152.36649104031,27466.6723174746,77372.3636812434,262055.347079002,374459.205587694,388088.996958905,402585.341612377,418921.88484809,443779.231675677,474893.513826352,527259.50158382,584475.759760269,613488.51714147,670264.531124347
579513007,2100,Elevate,90th-percentile,224066.788180351,268865.547886284,294865.123773432,312861.781368167,336585.988085488,351622.656467959,367911.587756719,388945.098487631,403289.589052634,413134.546348401,565441.242717517,825618.173189797,1074205.83249018,1353226.50666753,1383335.78114746,1423872.69120721,1444381.38968393,1472146.85927898,1491887.98770019,1549200.92255657,1604404.77161974,1702925.34584361,1767058.9988312
579513007,2100,WFP 1st,50th-percentile,0,0,0,0,0,0,0,0,0,0,0,0,0,0,0,0,0,0,0,0,0,0,0
579513007,2100,WFP 1st,90th-percentile,0,0,0,0,0,0,0,0,0,0,0,0,0,0,0,0,0,0,0,0,0,0,0
579513008,Potential,No mitigation,50th-percentile,0,0,0,0,0,0,0,0,0,0,0,0,0,0,0,0,0,0,0,0,0,0,0
579513008,Potential,No mitigation,90th-percentile,0,0,0,0,0,0,0,0,0,0,0,0,0,0,0,0,0,0,0,0,0,0,0
579513008,Potential,Raise Utilities,50th-percentile,0,0,0,0,0,0,0,0,0,0,0,0,0,0,0,0,0,0,0,0,0,0,0
579513008,Potential,Raise Utilities,90th-percentile,0,0,0,0,0,0,0,0,0,0,0,0,0,0,0,0,0,0,0,0,0,0,0
579513008,Potential,WFP B,50th-percentile,0,0,0,0,0,0,0,0,0,0,0,0,0,0,0,0,0,0,0,0,0,0,0
579513008,Potential,WFP B,90th-percentile,0,0,0,0,0,0,0,0,0,0,0,0,0,0,0,0,0,0,0,0,0,0,0
579513008,Potential,Elevate,50th-percentile,0,0,0,0,0,0,0,0,0,0,0,0,0,0,0,0,0,0,0,0,0,0,0
579513008,Potential,Elevate,90th-percentile,0,0,0,0,0,0,0,0,0,0,0,0,0,0,0,0,0,0,0,0,0,0,0
579513008,Potential,WFP 1st,50th-percentile,0,0,0,0,0,0,0,0,0,0,0,0,0,0,0,0,0,0,0,0,0,0,0
579513008,Potential,WFP 1st,90th-percentile,0,0,0,0,0,0,0,0,0,0,0,0,0,0,0,0,0,0,0,0,0,0,0
579513008,2040,No mitigation,50th-percentile,0,0,0,0,0,0,0,0,0,0,0,0,0,0,0,0,0,0,0,0,0,0,0
579513008,2040,No mitigation,90th-percentile,0,0,0,0,0,0,0,0,0,0,0,0,0,0,0,0,0,0,0,0,0,0,10683.009858019
579513008,2040,Raise Utilities,50th-percentile,0,0,0,0,0,0,0,0,0,0,0,0,0,0,0,0,0,0,0,0,0,0,0
579513008,2040,Raise Utilities,90th-percentile,0,0,0,0,0,0,0,0,0,0,0,0,0,0,0,0,0,0,0,0,0,0,0
579513008,2040,WFP B,50th-percentile,0,0,0,0,0,0,0,0,0,0,0,0,0,0,0,0,0,0,0,0,0,0,0
579513008,2040,WFP B,90th-percentile,0,0,0,0,0,0,0,0,0,0,0,0,0,0,0,0,0,0,0,0,0,0,0
579513008,2040,Elevate,50th-percentile,0,0,0,0,0,0,0,0,0,0,0,0,0,0,0,0,0,0,0,0,0,0,0
579513008,2040,Elevate,90th-percentile,0,0,0,0,0,0,0,0,0,0,0,0,0,0,0,0,0,0,0,0,0,0,10683.009858019
579513008,2040,WFP 1st,50th-percentile,0,0,0,0,0,0,0,0,0,0,0,0,0,0,0,0,0,0,0,0,0,0,0
579513008,2040,WFP 1st,90th-percentile,0,0,0,0,0,0,0,0,0,0,0,0,0,0,0,0,0,0,0,0,0,0,0
579513008,2055,No mitigation,50th-percentile,0,0,0,0,0,0,0,0,0,0,0,0,0,0,0,0,0,0,0,0,0,11047.1508702764,61251.9461766794
579513008,2055,No mitigation,90th-percentile,0,0,0,0,0,0,0,0,0,0,0,0,0,0,0,0,0,0,0,0,2600.24096275188,15563.5105074568,55708.6047887232
579513008,2055,Raise Utilities,50th-percentile,0,0,0,0,0,0,0,0,0,0,0,0,0,0,0,0,0,0,0,0,0,0,39021.3415693892
579513008,2055,Raise Utilities,90th-percentile,0,0,0,0,0,0,0,0,0,0,0,0,0,0,0,0,0,0,0,0,0,0,35708.6047887232
579513008,2055,WFP B,50th-percentile,0,0,0,0,0,0,0,0,0,0,0,0,0,0,0,0,0,0,0,0,0,0,34029.3438693892
579513008,2055,WFP B,90th-percentile,0,0,0,0,0,0,0,0,0,0,0,0,0,0,0,0,0,0,0,0,0,0,30716.6070887232
579513008,2055,Elevate,50th-percentile,0,0,0,0,0,0,0,0,0,0,0,0,0,0,0,0,0,0,0,0,0,11047.1508702764,61251.9461766794
579513008,2055,Elevate,90th-percentile,0,0,0,0,0,0,0,0,0,0,0,0,0,0,0,0,0,0,0,0,2600.24096275188,15563.5105074568,55708.6047887232
579513008,2055,WFP 1st,50th-percentile,0,0,0,0,0,0,0,0,0,0,0,0,0,0,0,0,0,0,0,0,0,0,0
579513008,2055,WFP 1st,90th-percentile,0,0,0,0,0,0,0,0,0,0,0,0,0,0,0,0,0,0,0,0,0,0,0
579513008,2100,No mitigation,50th-percentile,0,0,0,0,0,0,0,0,0,0,0,0,12192.9851775203,65309.8214722698,80466.4682312443,98886.4539057624,118276.024698681,140629.550303677,156814.624888277,182744.362327703,220517.6268,220517.6268,230001.393389345
579513008,2100,No mitigation,90th-percentile,0,0,0,1610.7026019206,3776.3613809674,5291.31644487714,6615.55479932648,8354.09152372134,9016.39368017512,10007.64949803,25587.838193484,57487.2367035894,108149.257901157,193195.41642623,209447.245385903,220270.363313923,227281.022370166,237818.335751546,255345.135907918,271410.695602422,286257.860540293,317284.864345967,380115.943233512
579513008,2100,Raise Utilities,50th-percentile,0,0,0,0,0,0,0,0,0,0,0,0,0,42328.916956517,57994.3827906331,74013.0160358709,95618.0540926633,112341.556639731,132943.150152931,154660.351945474,198487.640368242,200517.6268,200517.6268
579513008,2100,Raise Utilities,90th-percentile,0,0,0,0,0,0,0,0,0,0,0,16680.7525132959,48838.7187282423,131997.505717581,140262.978861582,149766.310123293,175109.523435664,191647.1360967,200517.6268,205814.928226455,217184.748277578,235692.151760336,305047.491579169
579513008,2100,WFP B,50th-percentile,0,0,0,0,0,0,0,0,0,0,0,0,0,35827.4883688862,53002.3850906331,69021.0183358709,90626.0563926633,106814.47065109,127951.152452931,149668.354245474,193329.523642879,195525.6291,195525.6291
579513008,2100,WFP B,90th-percentile,0,0,0,0,0,0,0,0,0,0,0,10409.6342512902,40239.0615783116,121556.241680858,130204.242978248,138313.315493241,161130.138273203,178395.656842781,195525.6291,195670.811600655,206409.744657043,221186.250505471,285652.827364807
579513008,2100,Elevate,50th-percentile,0,0,0,0,0,0,0,0,0,0,0,0,12192.9851775203,65309.8214722698,80466.4682312443,98886.4539057624,118276.024698681,140629.550303677,156814.624888277,182744.362327703,220517.6268,220517.6268,230001.393389345
579513008,2100,Elevate,90th-percentile,0,0,0,1610.7026019206,3776.3613809674,5291.31644487714,6615.55479932648,8354.09152372134,9016.39368017512,10007.64949803,25587.838193484,57487.2367035894,108149.257901157,193195.41642623,209447.245385903,220270.363313923,227281.022370166,237818.335751546,255345.135907918,271410.695602422,286257.860540293,317284.864345967,380115.943233512
579513008,2100,WFP 1st,50th-percentile,0,0,0,0,0,0,0,0,0,0,0,0,0,0,0,0,0,0,0,0,0,0,0
579513008,2100,WFP 1st,90th-percentile,0,0,0,0,0,0,0,0,0,0,0,0,0,0,0,0,0,0,0,0,0,0,0
579513009,Potential,No mitigation,50th-percentile,0,0,0,0,0,0,0,0,0,0,0,0,0,0,0,0,0,0,0,0,0,0,0
579513009,Potential,No mitigation,90th-percentile,0,0,0,0,0,0,0,0,0,0,0,0,0,0,0,0,0,0,0,0,0,0,0
579513009,Potential,Raise Utilities,50th-percentile,0,0,0,0,0,0,0,0,0,0,0,0,0,0,0,0,0,0,0,0,0,0,0
579513009,Potential,Raise Utilities,90th-percentile,0,0,0,0,0,0,0,0,0,0,0,0,0,0,0,0,0,0,0,0,0,0,0
579513009,Potential,WFP B,50th-percentile,0,0,0,0,0,0,0,0,0,0,0,0,0,0,0,0,0,0,0,0,0,0,0
579513009,Potential,WFP B,90th-percentile,0,0,0,0,0,0,0,0,0,0,0,0,0,0,0,0,0,0,0,0,0,0,0
579513009,Potential,Elevate,50th-percentile,0,0,0,0,0,0,0,0,0,0,0,0,0,0,0,0,0,0,0,0,0,0,0
579513009,Potential,Elevate,90th-percentile,0,0,0,0,0,0,0,0,0,0,0,0,0,0,0,0,0,0,0,0,0,0,0
579513009,Potential,WFP 1st,50th-percentile,0,0,0,0,0,0,0,0,0,0,0,0,0,0,0,0,0,0,0,0,0,0,0
579513009,Potential,WFP 1st,90th-percentile,0,0,0,0,0,0,0,0,0,0,0,0,0,0,0,0,0,0,0,0,0,0,0
579513009,2040,No mitigation,50th-percentile,0,0,0,0,0,0,0,0,0,0,0,0,0,0,0,0,0,0,0,0,0,27942.3219139946,119411.187154354
579513009,2040,No mitigation,90th-percentile,0,0,0,0,0,0,0,0,0,0,0,0,0,0,0,0,0,0,0,0,11457.9050876797,50038.4868265842,266033.298339021
579513009,2040,Raise Utilities,50th-percentile,0,0,0,0,0,0,0,0,0,0,0,0,0,0,0,0,0,0,0,0,0,7942.32191399457,99411.1871543539
579513009,2040,Raise Utilities,90th-percentile,0,0,0,0,0,0,0,0,0,0,0,0,0,0,0,0,0,0,0,0,0,30038.4868265842,246033.298339021
579513009,2040,WFP B,50th-percentile,0,0,0,0,0,0,0,0,0,0,0,0,0,0,0,0,0,0,0,0,0,0,0
579513009,2040,WFP B,90th-percentile,0,0,0,0,0,0,0,0,0,0,0,0,0,0,0,0,0,0,0,0,0,0,0
579513009,2040,Elevate,50th-percentile,0,0,0,0,0,0,0,0,0,0,0,0,0,0,0,0,0,0,0,0,0,27942.3219139946,119411.187154354
579513009,2040,Elevate,90th-percentile,0,0,0,0,0,0,0,0,0,0,0,0,0,0,0,0,0,0,0,0,11457.9050876797,50038.4868265842,266033.298339021
579513009,2040,WFP 1st,50th-percentile,0,0,0,0,0,0,0,0,0,0,0,0,0,0,0,0,0,0,0,0,0,0,0
579513009,2040,WFP 1st,90th-percentile,0,0,0,0,0,0,0,0,0,0,0,0,0,0,0,0,0,0,0,0,0,0,0
579513009,2055,No mitigation,50th-percentile,0,0,0,0,0,0,0,0,0,0,0,0,0,0,0,0,0,12855.2614248592,25048.8249382249,48120.7869332542,128151.654676415,267296.819419927,346875.687
579513009,2055,No mitigation,90th-percentile,0,0,0,0,0,0,0,0,0,0,0,0,0,0,0,0,8728.48828613586,19199.9228252028,43900.8477732479,123290.021122672,202515.793837827,282967.98915485,346875.687
579513009,2055,Raise Utilities,50th-percentile,0,0,0,0,0,0,0,0,0,0,0,0,0,0,0,0,0,0,5048.8249382249,28120.7869332542,108151.654676415,247296.819419927,326875.687
579513009,2055,Raise Utilities,90th-percentile,0,0,0,0,0,0,0,0,0,0,0,0,0,0,0,0,0,634.664622780214,23900.8477732479,103290.021122672,182515.793837827,262967.98915485,326875.687
579513009,2055,WFP B,50th-percentile,0,0,0,0,0,0,0,0,0,0,0,0,0,0,0,0,0,0,0,0,0,0,0
579513009,2055,WFP B,90th-percentile,0,0,0,0,0,0,0,0,0,0,0,0,0,0,0,0,0,0,0,0,0,0,0
579513009,2055,Elevate,50th-percentile,0,0,0,0,0,0,0,0,0,0,0,0,0,0,0,0,0,12855.2614248592,25048.8249382249,48120.7869332542,128151.654676415,267296.819419927,346875.687
579513009,2055,Elevate,90th-percentile,0,0,0,0,0,0,0,0,0,0,0,0,0,0,0,0,8728.48828613586,19199.9228252028,43900.8477732479,123290.021122672,202515.793837827,282967.98915485,346875.687
579513009,2055,WFP 1st,50th-percentile,0,0,0,0,0,0,0,0,0,0,0,0,0,0,0,0,0,0,0,0,0,0,0
579513009,2055,WFP 1st,90th-percentile,0,0,0,0,0,0,0,0,0,0,0,0,0,0,0,0,0,0,0,0,0,0,0
579513009,2100,No mitigation,50th-percentile,0,37.1451682924516,1596.08412039289,7207.44633520549,8961.75625364107,15200.8129964726,19197.6896466062,22155.907981426,24327.4611693265,25119.8970065856,56894.3461657086,173072.331687246,361072.399257118,509354.354546196,525548.364825331,543306.173111022,569884.236220455,598039.243842489,641881.709092942,681041.918005658,706391.204103423,775018.131814825,842589.38497032
579513009,2100,No mitigation,90th-percentile,451703.500351317,499042.916332533,520884.428864149,557150.080753702,581576.398036078,601171.019515145,626050.78913755,644544.333498188,655442.452796794,665736.330429369,888400.404189526,1198611.58688455,1466085.1809708,1781528.7329579,1819739.49370107,1874869.66925823,1896960.04432128,1927740.31682287,1982064.45206057,2025090.93091588,2090241.60545902,2167174.60770341,2280333.90959515
579513009,2100,Raise Utilities,50th-percentile,0,0,0,0,0,0,0,0,0,0,12688.7587044856,114389.381646688,303856.941376207,423264.355763418,447708.843472439,462040.90015053,482932.737174769,530663.398491797,549752.01044247,596204.83723398,645971.156791763,678570.196188035,755346.984586408
579513009,2100,Raise Utilities,90th-percentile,279933.417922909,322634.053645617,345310.470108389,368283.585519941,388998.950527681,414118.471448705,445489.035677282,462982.385605969,479076.552170599,486901.933657746,680441.754265149,980222.387274367,1256589.61312188,1558447.18358131,1597492.32713683,1629354.64669762,1666466.08138674,1698214.62028746,1730552.13489308,1794496.28332827,1850000.50093772,1929833.17715869,2018106.9756048
579513009,2100,WFP B,50th-percentile,0,0,0,0,0,0,0,0,0,0,0,0,0,0,0,0,0,0,0,0,0,0,0
579513009,2100,WFP B,90th-percentile,0,0,0,0,0,0,0,0,0,0,0,0,0,0,0,0,0,0,0,0,0,0,0
579513009,2100,Elevate,50th-percentile,0,37.1451682924516,1596.08412039289,7207.44633520549,8961.75625364107,15200.8129964726,19197.6896466062,22155.907981426,24327.4611693265,25119.8970065856,56894.3461657086,173072.331687246,361072.399257118,509354.354546196,525548.364825331,543306.173111022,569884.236220455,598039.243842489,641881.709092942,681041.918005658,706391.204103423,775018.131814825,842589.38497032
579513009,2100,Elevate,90th-percentile,451703.500351317,499042.916332533,520884.428864149,557150.080753702,581576.398036078,601171.019515145,626050.78913755,644544.333498188,655442.452796794,665736.330429369,888400.404189526,1198611.58688455,1466085.1809708,1781528.7329579,1819739.49370107,1874869.66925823,1896960.04432128,1927740.31682287,1982064.45206057,2025090.93091588,2090241.60545902,2167174.60770341,2280333.90959515
579513009,2100,WFP 1st,50th-percentile,0,0,0,0,0,0,0,0,0,0,0,0,0,0,0,0,0,0,0,0,0,0,0
579513009,2100,WFP 1st,90th-percentile,0,0,0,0,0,0,0,0,0,0,0,0,0,0,0,0,0,0,0,0,0,0,0
579513010,Potential,No mitigation,50th-percentile,0,0,0,0,0,0,0,0,0,0,0,0,0,0,0,0,0,0,0,0,0,0,0
579513010,Potential,No mitigation,90th-percentile,0,0,0,0,0,0,0,0,0,0,0,0,0,0,0,0,0,0,0,0,0,0,0
579513010,Potential,Raise Utilities,50th-percentile,0,0,0,0,0,0,0,0,0,0,0,0,0,0,0,0,0,0,0,0,0,0,0
579513010,Potential,Raise Utilities,90th-percentile,0,0,0,0,0,0,0,0,0,0,0,0,0,0,0,0,0,0,0,0,0,0,0
579513010,Potential,WFP B,50th-percentile,0,0,0,0,0,0,0,0,0,0,0,0,0,0,0,0,0,0,0,0,0,0,0
579513010,Potential,WFP B,90th-percentile,0,0,0,0,0,0,0,0,0,0,0,0,0,0,0,0,0,0,0,0,0,0,0
579513010,Potential,Elevate,50th-percentile,0,0,0,0,0,0,0,0,0,0,0,0,0,0,0,0,0,0,0,0,0,0,0
579513010,Potential,Elevate,90th-percentile,0,0,0,0,0,0,0,0,0,0,0,0,0,0,0,0,0,0,0,0,0,0,0
579513010,Potential,WFP 1st,50th-percentile,0,0,0,0,0,0,0,0,0,0,0,0,0,0,0,0,0,0,0,0,0,0,0
579513010,Potential,WFP 1st,90th-percentile,0,0,0,0,0,0,0,0,0,0,0,0,0,0,0,0,0,0,0,0,0,0,0
579513010,2040,No mitigation,50th-percentile,0,0,0,0,0,0,0,0,0,0,0,0,0,0,0,0,0,0,0,0,0,0,8097.74001440548
579513010,2040,No mitigation,90th-percentile,0,0,0,0,0,0,0,0,0,0,0,0,0,0,0,0,0,0,0,0,0,0,30125.8661783317
579513010,2040,Raise Utilities,50th-percentile,0,0,0,0,0,0,0,0,0,0,0,0,0,0,0,0,0,0,0,0,0,0,0
579513010,2040,Raise Utilities,90th-percentile,0,0,0,0,0,0,0,0,0,0,0,0,0,0,0,0,0,0,0,0,0,0,10125.8661783317
579513010,2040,WFP B,50th-percentile,0,0,0,0,0,0,0,0,0,0,0,0,0,0,0,0,0,0,0,0,0,0,0
579513010,2040,WFP B,90th-percentile,0,0,0,0,0,0,0,0,0,0,0,0,0,0,0,0,0,0,0,0,0,0,95.350930227567
579513010,2040,Elevate,50th-percentile,0,0,0,0,0,0,0,0,0,0,0,0,0,0,0,0,0,0,0,0,0,0,8097.74001440548
579513010,2040,Elevate,90th-percentile,0,0,0,0,0,0,0,0,0,0,0,0,0,0,0,0,0,0,0,0,0,0,30125.8661783317
579513010,2040,WFP 1st,50th-percentile,0,0,0,0,0,0,0,0,0,0,0,0,0,0,0,0,0,0,0,0,0,0,0
579513010,2040,WFP 1st,90th-percentile,0,0,0,0,0,0,0,0,0,0,0,0,0,0,0,0,0,0,0,0,0,0,0
579513010,2055,No mitigation,50th-percentile,0,0,0,0,0,0,0,0,0,0,0,0,0,0,0,0,0,0,0,0,9330.35816420327,30564.2786184156,109491.04911262
579513010,2055,No mitigation,90th-percentile,0,0,0,0,0,0,0,0,0,0,0,0,0,0,0,0,0,0,0,8644.74978674701,19817.5074377497,37903.3849262893,100811.398076026
579513010,2055,Raise Utilities,50th-percentile,0,0,0,0,0,0,0,0,0,0,0,0,0,0,0,0,0,0,0,0,0,10564.2786184156,89491.0491126203
579513010,2055,Raise Utilities,90th-percentile,0,0,0,0,0,0,0,0,0,0,0,0,0,0,0,0,0,0,0,0,128.11754838569,17903.3849262893,80811.398076026
579513010,2055,WFP B,50th-percentile,0,0,0,0,0,0,0,0,0,0,0,0,0,0,0,0,0,0,0,0,0,0,75659.7697676965
579513010,2055,WFP B,90th-percentile,0,0,0,0,0,0,0,0,0,0,0,0,0,0,0,0,0,0,0,0,0,6106.75354628929,69014.766696026
579513010,2055,Elevate,50th-percentile,0,0,0,0,0,0,0,0,0,0,0,0,0,0,0,0,0,0,0,0,9330.35816420327,30564.2786184156,109491.04911262
579513010,2055,Elevate,90th-percentile,0,0,0,0,0,0,0,0,0,0,0,0,0,0,0,0,0,0,0,8644.74978674701,19817.5074377497,37903.3849262893,100811.398076026
579513010,2055,WFP 1st,50th-percentile,0,0,0,0,0,0,0,0,0,0,0,0,0,0,0,0,0,0,0,0,0,0,0
579513010,2055,WFP 1st,90th-percentile,0,0,0,0,0,0,0,0,0,0,0,0,0,0,0,0,0,0,0,0,0,0,0
579513010,2100,No mitigation,50th-percentile,0,0,0,0,0,0,0,0,0,0,0,8594.64077079276,39465.1698852494,125862.064093601,140517.131411856,169880.880607824,204060.678407771,226592.069980983,245470.621433935,280558.5122,280558.5122,289101.509292096,322567.658199115
579513010,2100,No mitigation,90th-percentile,17192.5845802606,26270.1054399516,30991.8302019127,33506.2315753182,37485.4709444597,40320.2749647673,45067.4126181159,47086.4277994108,49663.6221000844,51622.2134488804,86715.4110371284,147046.252276553,235886.429992312,352886.641107854,359121.271382457,373291.763684902,392733.049391313,418540.705789205,430276.189741702,464392.497155208,478385.379427272,508603.460283347,616717.531998232
579513010,2100,Raise Utilities,50th-percentile,0,0,0,0,0,0,0,0,0,0,0,0,11871.1885384123,94653.7722580284,113937.157115706,141871.950281012,168529.05557688,197305.402070681,216610.238280474,247864.897071275,260558.5122,260558.5122,276462.093164994
579513010,2100,Raise Utilities,90th-percentile,0,0,0,0,1255.86769089994,2671.77827357534,4469.74683848299,5749.79122354162,6806.53339634478,7887.88706894111,28857.888834954,71866.8124714247,142375.291972226,259826.93650663,272173.999773924,285139.734486443,294824.159229594,307060.246525595,328517.730639376,343427.179122024,366852.368564692,422224.887670518,500608.497607516
579513010,2100,WFP B,50th-percentile,0,0,0,0,0,0,0,0,0,0,0,0,31.6129139452223,79098.1892515931,100071.574779159,126534.934783015,154146.433091705,184213.832113739,200195.884240899,235935.739157306,248761.88082,248761.88082,252868.830404994
579513010,2100,WFP B,90th-percentile,0,0,0,0,0,0,0,0,0,0,10565.3890496862,46026.9450588147,103210.129649176,223838.773324962,238173.395392606,248761.88082,256846.301014545,269432.700593465,284231.917653468,302135.54175112,325532.612893255,368408.883506115,459079.245920522
579513010,2100,Elevate,50th-percentile,0,0,0,0,0,0,0,0,0,0,0,8594.64077079276,39465.1698852494,125862.064093601,140517.131411856,169880.880607824,204060.678407771,226592.069980983,245470.621433935,280558.5122,280558.5122,289101.509292096,322567.658199115
579513010,2100,Elevate,90th-percentile,17192.5845802606,26270.1054399516,30991.8302019127,33506.2315753182,37485.4709444597,40320.2749647673,45067.4126181159,47086.4277994108,49663.6221000844,51622.2134488804,86715.4110371284,147046.252276553,235886.429992312,352886.641107854,359121.271382457,373291.763684902,392733.049391313,418540.705789205,430276.189741702,464392.497155208,478385.379427272,508603.460283347,616717.531998232
579513010,2100,WFP 1st,50th-percentile,0,0,0,0,0,0,0,0,0,0,0,0,0,0,0,0,0,0,0,0,0,0,0
579513010,2100,WFP 1st,90th-percentile,0,0,0,0,0,0,0,0,0,0,0,0,0,0,0,0,0,0,0,0,0,0,0
579513011,Potential,No mitigation,50th-percentile,0,0,0,0,0,0,0,0,0,0,0,0,0,0,0,0,0,0,0,0,0,0,0
579513011,Potential,No mitigation,90th-percentile,0,0,0,0,0,0,0,0,0,0,0,0,0,0,0,0,0,0,0,0,0,0,0
579513011,Potential,Raise Utilities,50th-percentile,0,0,0,0,0,0,0,0,0,0,0,0,0,0,0,0,0,0,0,0,0,0,0
579513011,Potential,Raise Utilities,90th-percentile,0,0,0,0,0,0,0,0,0,0,0,0,0,0,0,0,0,0,0,0,0,0,0
579513011,Potential,WFP B,50th-percentile,0,0,0,0,0,0,0,0,0,0,0,0,0,0,0,0,0,0,0,0,0,0,0
579513011,Potential,WFP B,90th-percentile,0,0,0,0,0,0,0,0,0,0,0,0,0,0,0,0,0,0,0,0,0,0,0
579513011,Potential,Elevate,50th-percentile,0,0,0,0,0,0,0,0,0,0,0,0,0,0,0,0,0,0,0,0,0,0,0
579513011,Potential,Elevate,90th-percentile,0,0,0,0,0,0,0,0,0,0,0,0,0,0,0,0,0,0,0,0,0,0,0
579513011,Potential,WFP 1st,50th-percentile,0,0,0,0,0,0,0,0,0,0,0,0,0,0,0,0,0,0,0,0,0,0,0
579513011,Potential,WFP 1st,90th-percentile,0,0,0,0,0,0,0,0,0,0,0,0,0,0,0,0,0,0,0,0,0,0,0
579513011,2040,No mitigation,50th-percentile,0,0,0,0,0,0,0,0,0,0,0,0,0,0,0,0,0,0,0,0,2374.62846900885,26865.1757154044,45367.1931606154
579513011,2040,No mitigation,90th-percentile,0,0,0,0,0,0,0,0,0,0,0,0,0,0,0,0,0,0,0,0,14716.0663914601,35383.8560827345,72525.4473785632
579513011,2040,Raise Utilities,50th-percentile,0,0,0,0,0,0,0,0,0,0,0,0,0,0,0,0,0,0,0,0,0,6865.17571540439,25367.1931606153
579513011,2040,Raise Utilities,90th-percentile,0,0,0,0,0,0,0,0,0,0,0,0,0,0,0,0,0,0,0,0,0,15383.8560827345,52525.4473785632
579513011,2040,WFP B,50th-percentile,0,0,0,0,0,0,0,0,0,0,0,0,0,0,0,0,0,0,0,0,0,2882.6213554044,21384.6388006154
579513011,2040,WFP B,90th-percentile,0,0,0,0,0,0,0,0,0,0,0,0,0,0,0,0,0,0,0,0,0,11401.3017227345,48542.8930185632
579513011,2040,Elevate,50th-percentile,0,0,0,0,0,0,0,0,0,0,0,0,0,0,0,0,0,0,0,0,2374.62846900885,26865.1757154044,45367.1931606154
579513011,2040,Elevate,90th-percentile,0,0,0,0,0,0,0,0,0,0,0,0,0,0,0,0,0,0,0,0,14716.0663914601,35383.8560827345,72525.4473785632
579513011,2040,WFP 1st,50th-percentile,0,0,0,0,0,0,0,0,0,0,0,0,0,0,0,0,0,0,0,0,0,0,0
579513011,2040,WFP 1st,90th-percentile,0,0,0,0,0,0,0,0,0,0,0,0,0,0,0,0,0,0,0,0,0,0,0
579513011,2055,No mitigation,50th-percentile,0,0,0,0,0,0,0,0,0,0,0,0,0,0,0,248.520270452807,4677.03479593577,15682.1812150885,24158.5791609679,35107.8823299632,46625.0227258295,73193.4812758378,178382.020318439
579513011,2055,No mitigation,90th-percentile,0,0,0,0,0,0,0,0,0,0,0,0,0,0,0,2287.32530793949,12828.9815000327,20068.8013395925,34500.596252249,46138.3957105038,57697.2258266948,81478.9564856068,151660.460668627
579513011,2055,Raise Utilities,50th-percentile,0,0,0,0,0,0,0,0,0,0,0,0,0,0,0,0,0,0,4158.57916096793,15107.8823299632,26625.0227258295,53193.4812758378,144583.226905631
579513011,2055,Raise Utilities,90th-percentile,0,0,0,0,0,0,0,0,0,0,0,0,0,0,0,0,0,749.781623681904,14500.596252249,25925.3912240019,37697.2258266948,61478.9564856068,131660.460668627
579513011,2055,WFP B,50th-percentile,0,0,0,0,0,0,0,0,0,0,0,0,0,0,0,0,0,0,176.02480096794,11125.3279699632,22642.4683658295,49210.9269158378,137167.54870097
579513011,2055,WFP B,90th-percentile,0,0,0,0,0,0,0,0,0,0,0,0,0,0,0,0,0,0,10518.041892249,21942.8368640019,33714.6714666948,57496.4021256068,127677.906308627
579513011,2055,Elevate,50th-percentile,0,0,0,0,0,0,0,0,0,0,0,0,0,0,0,248.520270452807,4677.03479593577,15682.1812150885,24158.5791609679,35107.8823299632,46625.0227258295,73193.4812758378,178382.020318439
579513011,2055,Elevate,90th-percentile,0,0,0,0,0,0,0,0,0,0,0,0,0,0,0,2287.32530793949,12828.9815000327,20068.8013395925,34500.596252249,46138.3957105038,57697.2258266948,81478.9564856068,151660.460668627
579513011,2055,WFP 1st,50th-percentile,0,0,0,0,0,0,0,0,0,0,0,0,0,0,0,0,0,0,0,0,0,0,0
579513011,2055,WFP 1st,90th-percentile,0,0,0,0,0,0,0,0,0,0,0,0,0,0,0,0,0,0,0,0,0,0,0
579513011,2100,No mitigation,50th-percentile,4703.99723406475,9642.963684037,12438.1773697808,17304.6529971372,21107.0694199897,24931.1876387305,28652.7224270345,30522.6966624286,31816.4362285429,34153.1582742969,59925.8890902363,100313.794281772,166703.525809557,250390.337996584,259567.023849574,272657.043593241,278613.599025657,293948.112322521,307540.286923181,320028.236680445,345679.930448401,367988.681615442,402365.987717318
579513011,2100,No mitigation,90th-percentile,267281.352749275,287485.196971482,298084.090405426,308475.801202744,312629.033225078,317581.443468192,324757.925753785,330461.946081017,336902.836425308,342691.666428846,411772.94653423,511899.843456148,616768.574120082,737566.457476666,746070.596845925,753142.5185228,766752.657367383,780307.440358557,789838.052231939,816863.596830063,841248.255846815,876890.802546295,953217.745712752
579513011,2100,Raise Utilities,50th-percentile,0,0,0,0,0,0,0,0,0,0,11138.5398970953,33874.6414936442,79822.5801863097,176937.443066674,191610.7738,194588.51226851,204282.922445998,209054.289230112,215073.36416029,224949.009674145,238160.748305214,263264.148507577,310757.127618323
579513011,2100,Raise Utilities,90th-percentile,83962.9352305265,97591.2669931792,105057.692782482,113360.114907202,117085.303191757,123466.485735985,128349.228730588,134136.438620627,137033.224750513,141276.895388681,191592.779969434,278274.730722627,379399.385587879,484055.439126859,495670.404211901,511329.870842896,519488.932327267,530132.992620522,540930.625904959,556264.029760032,570980.716060012,635299.209107874,694367.031021207
579513011,2100,WFP B,50th-percentile,0,0,0,0,0,0,0,0,0,0,5792.2800628703,26672.0759398777,70966.8483607852,163880.083294227,186327.152682434,187628.21944,192190.535294343,198972.167777799,205536.568818833,209470.166717239,221416.352013464,251316.485427577,293501.771520088
579513011,2100,WFP B,90th-percentile,64076.7159349895,74537.948610914,80245.9726514425,88229.0277940717,95876.700130579,99374.1484219579,102271.025275106,106563.632403366,112158.775737607,115764.465364187,164244.429021023,248629.803589615,344073.541608556,445890.448257074,458848.056675219,471608.261086707,485756.942891092,495126.638304676,501911.323030843,516749.500293061,532167.263798054,597448.85629518,651578.087367991
579513011,2100,Elevate,50th-percentile,4703.99723406475,9642.963684037,12438.1773697808,17304.6529971372,21107.0694199897,24931.1876387305,28652.7224270345,30522.6966624286,31816.4362285429,34153.1582742969,59925.8890902363,100313.794281772,166703.525809557,250390.337996584,259567.023849574,272657.043593241,278613.599025657,293948.112322521,307540.286923181,320028.236680445,345679.930448401,367988.681615442,402365.987717318
579513011,2100,Elevate,90th-percentile,267281.352749275,287485.196971482,298084.090405426,308475.801202744,312629.033225078,317581.443468192,324757.925753785,330461.946081017,336902.836425308,342691.666428846,411772.94653423,511899.843456148,616768.574120082,737566.457476666,746070.596845925,753142.5185228,766752.657367383,780307.440358557,789838.052231939,816863.596830063,841248.255846815,876890.802546295,953217.745712752
579513011,2100,WFP 1st,50th-percentile,0,0,0,0,0,0,0,0,0,0,0,0,0,0,0,0,0,0,0,0,0,0,0
579513011,2100,WFP 1st,90th-percentile,0,0,0,0,0,0,0,0,0,0,0,0,0,0,0,0,0,0,0,0,0,0,0
579513012,Potential,No mitigation,50th-percentile,0,0,0,0,0,0,0,0,0,0,0,0,0,0,0,0,0,0,0,0,0,0,0
579513012,Potential,No mitigation,90th-percentile,0,0,0,0,0,0,0,0,0,0,0,0,0,0,0,0,0,0,0,0,0,0,6937.53418270871
579513012,Potential,Raise Utilities,50th-percentile,0,0,0,0,0,0,0,0,0,0,0,0,0,0,0,0,0,0,0,0,0,0,0
579513012,Potential,Raise Utilities,90th-percentile,0,0,0,0,0,0,0,0,0,0,0,0,0,0,0,0,0,0,0,0,0,0,0
579513012,Potential,WFP B,50th-percentile,0,0,0,0,0,0,0,0,0,0,0,0,0,0,0,0,0,0,0,0,0,0,0
579513012,Potential,WFP B,90th-percentile,0,0,0,0,0,0,0,0,0,0,0,0,0,0,0,0,0,0,0,0,0,0,0
579513012,Potential,Elevate,50th-percentile,0,0,0,0,0,0,0,0,0,0,0,0,0,0,0,0,0,0,0,0,0,0,0
579513012,Potential,Elevate,90th-percentile,0,0,0,0,0,0,0,0,0,0,0,0,0,0,0,0,0,0,0,0,0,0,0
579513012,Potential,WFP 1st,50th-percentile,0,0,0,0,0,0,0,0,0,0,0,0,0,0,0,0,0,0,0,0,0,0,0
579513012,Potential,WFP 1st,90th-percentile,0,0,0,0,0,0,0,0,0,0,0,0,0,0,0,0,0,0,0,0,0,0,0
579513012,2040,No mitigation,50th-percentile,0,0,0,0,0,0,0,0,0,0,0,0,4485.31747349775,24291.876122188,27005.5343551526,34927.5527062654,40168.5902554206,48898.226986353,67203.703853665,81173.1741176542,108352.800263544,158744.421860386,184580.445747788
579513012,2040,No mitigation,90th-percentile,0,0,0,0,0,0,0,0,0,0,0,0,3001.0553046044,27318.9974814283,32984.1372223935,37553.0548679173,43811.799047054,48235.7720645786,63369.1193465409,80578.4863832511,127726.793786104,172001.695221047,210346.4237
579513012,2040,Raise Utilities,50th-percentile,0,0,0,0,0,0,0,0,0,0,0,0,0,3469.66274977217,5578.88002738026,10582.3926520749,17395.39477358,25945.5700090874,44350.4225432142,60092.5684858982,83807.4152009031,134383.322385509,164580.445747788
579513012,2040,Raise Utilities,90th-percentile,0,0,0,0,0,0,0,0,0,0,0,0,0,5778.04051621462,11690.7231766454,14867.4904266003,20648.8967292134,27402.661250316,37081.1427810846,58371.069029866,107726.793786104,148400.520019971,190346.4237
579513012,2040,WFP B,50th-percentile,0,0,0,0,0,0,0,0,0,0,0,0,0,0,1739.61867738026,6540.74148680077,13556.13342358,22106.3086590874,40511.1611932142,56253.3071358982,79968.1538509031,130544.061035509,160741.184397788
579513012,2040,WFP B,90th-percentile,0,0,0,0,0,0,0,0,0,0,0,0,0,1938.77916621462,7851.46182664539,11028.2290766003,16645.2483266514,23563.399900316,32544.3229258328,54531.807679866,103887.532436104,144561.258669971,186507.16235
579513012,2040,Elevate,50th-percentile,0,0,0,0,0,0,0,0,0,0,0,0,0,0,0,0,0,0,8669.33577020686,19809.9313668971,33965.4958257234,79365.0419690395,111350.207199572
579513012,2040,Elevate,90th-percentile,0,0,0,0,0,0,0,0,0,0,0,0,0,0,0,0,0,0,1757.26533349692,18591.6394434577,57418.4502646629,94091.6197545162,149150.757367655
579513012,2040,WFP 1st,50th-percentile,0,0,0,0,0,0,0,0,0,0,0,0,0,0,0,0,0,0,0,0,0,0,0
579513012,2040,WFP 1st,90th-percentile,0,0,0,0,0,0,0,0,0,0,0,0,0,0,0,0,0,0,0,0,0,0,0
579513012,2055,No mitigation,50th-percentile,0,0,0,0,0,0,0,0,0,0,5173.57303206332,19677.0669943552,47907.8031054445,105774.130392543,110520.702943124,121064.155895607,137202.53351221,153823.8624273,163656.722818577,197414.616838819,212438.424809443,224898.872205965,267774.450556787
579513012,2055,No mitigation,90th-percentile,0,0,0,0,0,0,0,0,0,0,8025.18558307035,24300.6220814398,55614.0675985578,120037.039754576,132027.821000135,145402.161691215,161359.411078862,180930.224661612,198096.203042871,213747.11973622,226097.719187502,239871.516877749,281045.047496105
579513012,2055,Raise Utilities,50th-percentile,0,0,0,0,0,0,0,0,0,0,0,0,15935.6452876515,65003.7034437393,69696.9239458867,78567.5781312495,97210.8403708527,119306.614152672,133045.7850779,152111.183485569,183112.216629754,190346.4237,213725.726340129
579513012,2055,Raise Utilities,90th-percentile,0,0,0,0,0,0,0,0,0,0,0,0,20503.6451181341,70728.660283289,76011.4202369038,89605.4335870421,107945.78365233,140044.700005853,161737.835706078,182132.982810561,190346.4237,190346.4237,217738.914702806
579513012,2055,WFP B,50th-percentile,0,0,0,0,0,0,0,0,0,0,0,0,11803.6908572592,59228.9001960397,65157.6802020076,74421.8174762056,91451.9483458527,114814.789916142,129206.5237279,146588.326216925,176834.228295103,186507.16235,205773.897153132
579513012,2055,WFP B,90th-percentile,0,0,0,0,0,0,0,0,0,0,0,0,15497.8084885722,64246.8835132866,70064.839606093,83111.476080988,103887.532436104,132930.943937545,154859.370475055,175662.911301631,186507.16235,186507.16235,209768.999097368
579513012,2055,Elevate,50th-percentile,0,0,0,0,0,0,0,0,0,0,0,0,0,19048.5317797362,23610.4551843145,30272.2756556449,40339.5236353349,64399.8845602714,76453.8219607904,93614.5330742221,119092.147329011,149916.960219567,186507.16235
579513012,2055,Elevate,90th-percentile,0,0,0,0,0,0,0,0,0,0,0,0,0,20503.4088926819,25322.5434535134,34270.6156429727,55611.3500342179,72046.0979019115,94091.6197545162,114637.442013479,135377.476966921,159665.229788278,186507.16235
579513012,2055,WFP 1st,50th-percentile,0,0,0,0,0,0,0,0,0,0,0,0,0,0,0,0,0,0,0,0,0,0,0
579513012,2055,WFP 1st,90th-percentile,0,0,0,0,0,0,0,0,0,0,0,0,0,0,0,0,0,0,0,0,0,0,0
579513012,2100,No mitigation,50th-percentile,1224830.13233583,1250739.18177177,1279796.96878175,1303796.1893398,1322692.86282495,1334356.04437283,1342955.0142234,1349331.45336335,1363317.54915198,1373577.48303586,1500406.66053036,1655640.98636711,1796767.20518891,1960633.34015916,1973445.04880743,1995861.57065361,2012689.1039784,2036353.2441619,2051226.09459823,2068140.49666727,2089898.68200484,2113337.02567828,2182959.42912894
579513012,2100,No mitigation,90th-percentile,2630178.59145724,2682702.76681288,2713614.641903,2748945.03360704,2775580.24571075,2794797.12874963,2807239.70623062,2824586.82529249,2843976.7132836,2855518.19892586,2984978.71849376,3149586.56649756,3324379.90792278,3479184.63678327,3494193.3015795,3515888.65388006,3530920.03575742,3552027.09364182,3588689.95425937,3607367.53157182,3647941.66443703,3682384.43357746,3759511.4917509
579513012,2100,Raise Utilities,50th-percentile,713410.110609948,733556.8840341,766534.556453146,777194.426086989,786322.466879864,794631.091965056,806540.694332094,818543.907230576,830810.548695363,842215.105638221,951199.23671218,1097268.64826542,1232670.22216294,1376002.93864209,1386192.46012101,1404439.57999979,1424520.0456675,1440878.85302567,1458258.91346321,1476403.70056839,1504641.1339014,1535195.06799509,1590778.43802177
579513012,2100,Raise Utilities,90th-percentile,1966801.71269227,2027468.33485712,2054669.33671236,2074785.77764171,2100910.72078431,2125675.89849304,2140692.56680407,2154945.09120953,2167235.18470638,2175310.69657729,2297948.94635013,2452660.04321584,2612102.10592791,2771294.67869081,2782753.64238585,2791138.67916111,2817463.29566885,2838813.55260877,2863448.13919639,2894834.38640164,2926919.95293054,2960350.93707986,3052167.57599383
579513012,2100,WFP B,50th-percentile,631509.676712498,660547.01761619,687886.070251332,699828.827744762,704480.84201338,714891.694600046,725923.4495431,740345.329834172,751775.826690721,760669.21926008,866464.318706286,1009736.45651077,1145527.29589145,1283816.01540818,1298274.34603366,1311784.53443931,1336128.89869755,1350619.42241287,1369650.58232923,1382051.01510718,1417761.35740785,1441960.99026438,1497692.72297075
579513012,2100,WFP B,90th-percentile,1855071.95834633,1914858.55020091,1946226.48359461,1970159.89616421,1984221.29083563,2015913.24760821,2030765.05735233,2043029.46362342,2054115.51720059,2065369.84485234,2184263.29734934,2337872.95260555,2495683.83954471,2648622.10249842,2661252.44691908,2674650.70039097,2700945.47815236,2717188.16759121,2741608.85166734,2771359.99748996,2807785.95219353,2832107.06507884,2928791.50240457
579513012,2100,Elevate,50th-percentile,151538.295775027,173674.787999407,185569.233985254,195247.779900017,210366.541793475,220448.293470703,228799.545828357,236839.655451814,239829.115433297,244299.187810444,316464.606406105,409767.195992958,529785.362568438,632223.889557372,642723.105497965,656478.071785252,668253.721521446,689547.294727508,698279.685327291,719713.190583699,735800.721251684,761598.646082087,820244.849814464
579513012,2100,Elevate,90th-percentile,957480.687538795,989086.660485763,1021368.81807686,1041743.58225675,1052915.15551984,1068530.03000514,1075844.0460148,1098323.31470184,1103911.78798252,1116662.78276156,1218369.38078488,1362426.79002609,1513679.102262,1645580.51422346,1666357.40735143,1683435.4956637,1705852.63818528,1721903.08127544,1750170.8318682,1769698.75071107,1798886.05308486,1834389.1769912,1913830.5084443
579513012,2100,WFP 1st,50th-percentile,0,0,0,0,0,0,0,0,0,0,0,0,0,0,0,0,0,0,0,0,0,0,0
579513012,2100,WFP 1st,90th-percentile,0,0,0,0,0,0,0,0,0,0,0,0,0,0,0,0,0,0,0,0,0,0,0
579513013,Potential,No mitigation,50th-percentile,0,0,0,0,0,0,0,0,0,0,0,0,0,0,0,0,0,0,0,0,0,0,0
579513013,Potential,No mitigation,90th-percentile,0,0,0,0,0,0,0,0,0,0,0,0,0,0,0,0,0,0,0,0,0,0,0
579513013,Potential,Raise Utilities,50th-percentile,0,0,0,0,0,0,0,0,0,0,0,0,0,0,0,0,0,0,0,0,0,0,0
579513013,Potential,Raise Utilities,90th-percentile,0,0,0,0,0,0,0,0,0,0,0,0,0,0,0,0,0,0,0,0,0,0,0
579513013,Potential,WFP B,50th-percentile,0,0,0,0,0,0,0,0,0,0,0,0,0,0,0,0,0,0,0,0,0,0,0
579513013,Potential,WFP B,90th-percentile,0,0,0,0,0,0,0,0,0,0,0,0,0,0,0,0,0,0,0,0,0,0,0
579513013,Potential,Elevate,50th-percentile,0,0,0,0,0,0,0,0,0,0,0,0,0,0,0,0,0,0,0,0,0,0,0
579513013,Potential,Elevate,90th-percentile,0,0,0,0,0,0,0,0,0,0,0,0,0,0,0,0,0,0,0,0,0,0,0
579513013,Potential,WFP 1st,50th-percentile,0,0,0,0,0,0,0,0,0,0,0,0,0,0,0,0,0,0,0,0,0,0,0
579513013,Potential,WFP 1st,90th-percentile,0,0,0,0,0,0,0,0,0,0,0,0,0,0,0,0,0,0,0,0,0,0,0
579513013,2040,No mitigation,50th-percentile,0,0,0,0,0,0,0,0,0,0,0,0,0,0,0,0,0,0,13072.2986013158,23248.4591175045,37930.9244615308,80715.3392706274,112831.707009507
579513013,2040,No mitigation,90th-percentile,0,0,0,0,0,0,0,0,0,0,0,0,0,0,0,0,0,0,6758.60220576042,22135.6340390878,58442.3804323432,95502.3251837752,157844.763030263
579513013,2040,Raise Utilities,50th-percentile,0,0,0,0,0,0,0,0,0,0,0,0,0,0,0,0,0,0,0,3248.45911750452,17930.9244615308,60715.3392706274,92831.7070095073
579513013,2040,Raise Utilities,90th-percentile,0,0,0,0,0,0,0,0,0,0,0,0,0,0,0,0,0,0,0,2135.63403908779,38442.3804323432,75502.3251837752,137844.763030263
579513013,2040,WFP B,50th-percentile,0,0,0,0,0,0,0,0,0,0,0,0,0,0,0,0,0,0,0,0,8469.94042153084,51254.3552306274,83370.7229695073
579513013,2040,WFP B,90th-percentile,0,0,0,0,0,0,0,0,0,0,0,0,0,0,0,0,0,0,0,0,28981.3963923432,66041.3411437752,128383.778990263
579513013,2040,Elevate,50th-percentile,0,0,0,0,0,0,0,0,0,0,0,0,0,0,0,0,0,0,13072.2986013158,23248.4591175045,37930.9244615308,80715.3392706274,112831.707009507
579513013,2040,Elevate,90th-percentile,0,0,0,0,0,0,0,0,0,0,0,0,0,0,0,0,0,0,6758.60220576042,22135.6340390878,58442.3804323432,95502.3251837752,157844.763030263
579513013,2040,WFP 1st,50th-percentile,0,0,0,0,0,0,0,0,0,0,0,0,0,0,0,0,0,0,0,0,0,0,0
579513013,2040,WFP 1st,90th-percentile,0,0,0,0,0,0,0,0,0,0,0,0,0,0,0,0,0,0,0,0,0,0,0
579513013,2055,No mitigation,50th-percentile,0,0,0,0,0,0,0,0,0,0,0,0,0,22831.7860195994,26719.9737305228,33985.354790877,43505.5138427522,66207.2376683287,77473.7177153724,95023.2815034562,123119.324446817,158854.775979322,259949.8592
579513013,2055,No mitigation,90th-percentile,0,0,0,0,0,0,0,0,0,0,0,0,0,23881.9026848172,29551.8175628347,38361.7889158968,57363.466770818,74485.9446008186,95502.3251837752,116132.425994904,141003.147977913,171705.00026489,256380.799731576
579513013,2055,Raise Utilities,50th-percentile,0,0,0,0,0,0,0,0,0,0,0,0,0,2552.97346337926,6719.97373052281,13985.354790877,23505.5138427522,42582.540087431,56017.1461940899,75023.2815034562,95467.476327818,138854.775979322,239949.8592
579513013,2055,Raise Utilities,90th-percentile,0,0,0,0,0,0,0,0,0,0,0,0,0,3175.19148950019,8283.84748341513,17808.407155745,35306.0474615081,49203.5176643925,75502.3251837752,94899.2328306591,115425.697411,151381.740980811,236380.799731576
579513013,2055,WFP B,50th-percentile,0,0,0,0,0,0,0,0,0,0,0,0,0,0,0,4524.37075087704,12869.484437377,30587.078144512,46556.1621540899,65562.2974634562,85554.1019977067,129393.791939322,230488.87516
579513013,2055,WFP B,90th-percentile,0,0,0,0,0,0,0,0,0,0,0,0,0,0,0,8324.84266585286,25845.0634215081,37959.5386975873,64508.1517167923,85438.2487906592,105964.713371,141920.756940811,226919.815691576
579513013,2055,Elevate,50th-percentile,0,0,0,0,0,0,0,0,0,0,0,0,0,22831.7860195994,26719.9737305228,33985.354790877,43505.5138427522,66207.2376683287,77473.7177153724,95023.2815034562,123119.324446817,158854.775979322,259949.8592
579513013,2055,Elevate,90th-percentile,0,0,0,0,0,0,0,0,0,0,0,0,0,23881.9026848172,29551.8175628347,38361.7889158968,57363.466770818,74485.9446008186,95502.3251837752,116132.425994904,141003.147977913,171705.00026489,256380.799731576
579513013,2055,WFP 1st,50th-percentile,0,0,0,0,0,0,0,0,0,0,0,0,0,0,0,0,0,0,0,0,0,0,0
579513013,2055,WFP 1st,90th-percentile,0,0,0,0,0,0,0,0,0,0,0,0,0,0,0,0,0,0,0,0,0,0,0
579513013,2100,No mitigation,50th-percentile,195947.64354416,211152.897388534,229591.27776919,238676.14249176,253706.204246806,262438.284495022,268574.72679152,275154.114543906,284986.322842032,290257.796797298,360796.68243091,461087.006659073,593555.538902347,711641.819889365,721901.896191894,743905.831501689,757820.083756879,767316.5914153,783560.136799923,807273.626848872,826643.424334107,873943.418731241,944745.440216887
579513013,2100,No mitigation,90th-percentile,1028596.75128536,1058554.77726643,1097142.14815873,1116429.95773627,1127750.29960425,1135383.68882293,1151387.41145643,1163226.37141703,1178655.45629919,1185142.04487526,1309890.98670649,1467552.4381684,1653690.83369012,1825589.2745078,1839751.00935862,1856646.7349175,1872450.36998215,1899620.91656068,1935477.6828864,1968077.77780767,1993807.85246841,2031575.41306911,2115635.0482485
579513013,2100,Raise Utilities,50th-percentile,45815.6286684676,59173.4701707785,71912.4742212732,81313.9409027902,86982.859390364,93987.0990441891,99233.9839383749,103697.106139954,109045.412303857,118077.098958528,173164.462131271,256156.455260312,367324.025443147,471987.750894031,485274.799750039,496588.073206394,512252.217464895,533271.594054271,546653.67467994,557203.297440717,583673.409920954,625988.014302134,688874.734976541
579513013,2100,Raise Utilities,90th-percentile,656123.602404529,691272.806072816,710873.055665376,725812.662898622,735694.609395143,744194.917508065,756473.630454015,767911.608026025,777510.559829843,792769.968114501,910571.326507658,1064537.25878268,1229606.76017965,1402775.53672986,1417166.04772993,1427012.79842398,1449350.74737563,1472998.47158933,1490885.98934355,1515951.29154307,1549167.5764683,1594222.72674998,1649450.69244086
579513013,2100,WFP B,50th-percentile,18449.3208634422,25953.3920482452,33028.6514434403,40749.5962038329,50000.9867373283,57145.3048570957,61735.7299137699,63784.7391226595,68437.2057262881,71095.0748934878,120624.199118616,195144.16324816,299710.622547548,392491.370811571,413663.344952349,429459.444988712,442752.529403201,449320.878216975,467975.534622652,484621.069814376,507438.443058728,550676.984218146,593818.639973837
579513013,2100,WFP B,90th-percentile,515129.066327768,546973.033504565,568726.532710975,581610.224903941,590065.522279744,600409.088504083,615170.481134149,623264.208013872,637130.361333541,648068.526285928,760367.627683822,909462.673349425,1065267.33599998,1241558.8884808,1248815.46960308,1261848.61452932,1280397.67065157,1303508.57000661,1323386.88017018,1345908.607365,1384500.70682601,1424195.50023774,1476544.31395541
579513013,2100,Elevate,50th-percentile,195947.64354416,211152.897388534,229591.27776919,238676.14249176,253706.204246806,262438.284495022,268574.72679152,275154.114543906,284986.322842032,290257.796797298,360796.68243091,461087.006659073,593555.538902347,711641.819889365,721901.896191894,743905.831501689,757820.083756879,767316.5914153,783560.136799923,807273.626848872,826643.424334107,873943.418731241,944745.440216887
579513013,2100,Elevate,90th-percentile,1028596.75128536,1058554.77726643,1097142.14815873,1116429.95773627,1127750.29960425,1135383.68882293,1151387.41145643,1163226.37141703,1178655.45629919,1185142.04487526,1309890.98670649,1467552.4381684,1653690.83369012,1825589.2745078,1839751.00935862,1856646.7349175,1872450.36998215,1899620.91656068,1935477.6828864,1968077.77780767,1993807.85246841,2031575.41306911,2115635.0482485
579513013,2100,WFP 1st,50th-percentile,0,0,0,0,0,0,0,0,0,0,0,0,0,0,0,0,0,0,0,0,0,0,0
579513013,2100,WFP 1st,90th-percentile,0,0,0,0,0,0,0,0,0,0,0,0,0,0,0,0,0,0,0,0,0,0,0
579513014,Potential,No mitigation,50th-percentile,0,0,0,0,0,0,0,0,0,0,0,0,0,0,0,0,0,803.22928168816,4531.88831746732,9106.38193498982,17170.7830130081,29198.2161527434,43252.8632517061
579513014,Potential,No mitigation,90th-percentile,0,0,0,0,0,0,0,0,0,0,0,0,0,0,0,0,0,449.580636170781,2730.00026876505,4914.28388618925,22867.0564596323,43867.3984817358,57518.9870756214
579513014,Potential,Raise Utilities,50th-percentile,0,0,0,0,0,0,0,0,0,0,0,0,0,0,0,0,0,0,0,0,0,9198.21615274336,23252.8632517061
579513014,Potential,Raise Utilities,90th-percentile,0,0,0,0,0,0,0,0,0,0,0,0,0,0,0,0,0,0,0,0,2867.05645963232,23867.3984817358,37518.9870756214
579513014,Potential,WFP B,50th-percentile,0,0,0,0,0,0,0,0,0,0,0,0,0,0,0,0,0,0,0,0,0,0,1126.87946170612
579513014,Potential,WFP B,90th-percentile,0,0,0,0,0,0,0,0,0,0,0,0,0,0,0,0,0,0,0,0,0,1741.41469173579,15393.0032856214
579513014,Potential,Elevate,50th-percentile,0,0,0,0,0,0,0,0,0,0,0,0,0,0,0,0,0,0,0,0,0,0,0
579513014,Potential,Elevate,90th-percentile,0,0,0,0,0,0,0,0,0,0,0,0,0,0,0,0,0,0,0,0,0,0,0
579513014,Potential,WFP 1st,50th-percentile,0,0,0,0,0,0,0,0,0,0,0,0,0,0,0,0,0,0,0,0,0,0,0
579513014,Potential,WFP 1st,90th-percentile,0,0,0,0,0,0,0,0,0,0,0,0,0,0,0,0,0,0,0,0,0,0,0
579513014,2040,No mitigation,50th-percentile,0,0,0,0,0,0,0,0,0,0,19423.2402957051,48896.4322627615,88263.362930604,136147.31288825,142068.065265602,147774.220937338,157910.579962733,168276.701638533,177432.878522535,194092.722798839,216698.673045527,238691.502127521,252317.671613471
579513014,2040,No mitigation,90th-percentile,0,0,0,0,0,0,0,0,0,89.8718509933726,19572.481137292,49067.2671059129,85611.1307170132,136970.196287932,142148.369809909,148506.759848862,155346.670166654,163436.031471388,174046.853881122,184981.867327796,204451.557128575,228244.285903122,255861.482900657
579513014,2040,Raise Utilities,50th-percentile,0,0,0,0,0,0,0,0,0,0,0,13417.1991556886,42204.8768283954,77536.7029157303,81832.2784234044,85532.1677937236,96043.5705242445,103218.371234219,114695.374340385,133479.868665308,162946.235626907,178689.157965851,197183.765951782
579513014,2040,Raise Utilities,90th-percentile,0,0,0,0,0,0,0,0,0,0,0,15180.5337676825,40287.6064831237,76116.3245024677,82520.0354671252,88496.9687076058,95496.1399466363,103345.360044793,116020.899156193,134062.546189019,163788.332410913,173199.207702222,196946.186501986
579513014,2040,WFP B,50th-percentile,0,0,0,0,0,0,0,0,0,0,0,0,13071.4038739225,36757.4543680162,40006.6900780426,45112.5628398299,51505.1218245114,58842.3849413128,83401.2901610681,94823.1374911722,122016.427721493,145012.361589147,152606.032774985
579513014,2040,WFP B,90th-percentile,0,0,0,0,0,0,0,0,0,0,0,0,11178.8083346622,39076.0876671653,42869.5055021069,47647.2128831545,52302.5257435233,57746.0868916922,79889.6906871878,96433.4253669644,130915.482513739,145834.83581189,154964.920289663
579513014,2040,Elevate,50th-percentile,0,0,0,0,0,0,0,0,0,0,0,0,0,0,0,0,0,0,7784.61021905956,17788.2825449655,29901.3932754141,55344.5319558203,83869.7128685556
579513014,2040,Elevate,90th-percentile,0,0,0,0,0,0,0,0,0,0,0,0,0,0,0,0,0,0,1577.93238551802,16694.3200998153,42772.7404238584,68478.0672222003,115055.299700264
579513014,2040,WFP 1st,50th-percentile,0,0,0,0,0,0,0,0,0,0,0,0,0,0,0,0,0,0,0,0,0,0,0
579513014,2040,WFP 1st,90th-percentile,0,0,0,0,0,0,0,0,0,0,0,0,0,0,0,0,0,0,0,0,0,0,0
579513014,2055,No mitigation,50th-percentile,45420.0797925216,61701.4474046119,72512.1619973047,81575.0083361295,86211.5717714143,89881.3556484688,96550.2345866596,99637.1950460327,102831.798214162,108019.534029416,165668.584632198,223084.439136455,292935.646411949,379120.919286518,386040.288936314,392255.762909742,405347.110396627,422022.800354132,432906.728085499,447188.779813621,473826.202719724,500278.679480955,551655.545211648
579513014,2055,No mitigation,90th-percentile,56169.9121542963,80476.3233861771,89643.6023124526,98463.8280982736,107335.540536493,116348.098735076,122648.844033519,129167.915193916,133145.728274779,138187.878029627,184841.597731586,254340.061287076,334967.419207317,415636.955232028,426397.049775616,437812.243654278,453038.204804324,466315.681121219,479401.494424365,492850.555806432,510101.644772782,545675.635945555,614897.774825875
579513014,2055,Raise Utilities,50th-percentile,5692.32469876918,11725.8187535669,16255.7610998738,18888.1633362289,23088.1446082064,26186.9846578845,30448.4725989283,34910.9373560585,36933.0842325587,39033.1095305591,71665.0994160029,109961.113689384,165900.071797865,231685.837437471,239176.772697842,244904.246461432,258256.722611316,266934.567029788,276805.13327195,289619.517653998,311666.355663283,343112.886210327,372648.151982669
579513014,2055,Raise Utilities,90th-percentile,8150.87738190487,15146.8693094285,25142.5187747972,29288.9228297561,32661.8617089047,38143.5321293831,41604.852303029,45669.4664119428,47716.2812019563,49188.1413518866,84269.1756852716,127992.67800195,188726.032204983,254648.16188935,262773.752671074,276043.649880967,293233.108295991,303106.90097445,313259.182138641,321753.126090629,336308.31912718,362293.755478786,410912.973081415
579513014,2055,WFP B,50th-percentile,0,0,0,0,0,0,0,0,716.317817559771,2168.21793630618,16473.1075237087,38805.0293983137,71194.2284999789,135228.173915475,144785.276597098,150046.734164049,157835.120807221,162257.895062445,169952.886975091,180786.106806557,192009.091123139,213979.808852899,254579.391379791
579513014,2055,WFP B,90th-percentile,0,0,0,0,282.817291323616,2236.27982001488,2829.69161787495,3738.01626395835,4964.41034007977,6825.69251237843,21320.9740321215,45872.9048376851,84680.9902212933,151900.376907355,158753.020259344,169214.357829013,174131.542382874,179728.325081284,189592.59785357,202235.391732657,211637.282152471,228217.415493877,260337.888919957
579513014,2055,Elevate,50th-percentile,0,0,0,0,0,0,0,0,0,0,0,0,0,17104.5855277881,21200.9542110603,27182.9206607715,33399.5591412519,47645.3429921353,53931.4468092243,68052.5892305014,90778.412442545,115611.545440176,153734.887287932
579513014,2055,Elevate,90th-percentile,0,0,0,0,0,0,0,0,0,0,0,0,0,18410.9891025388,22738.3199550589,30068.8477895099,42195.7161124704,54966.3849165771,68478.0672222003,86801.3521798892,105137.036026789,122688.566108506,146459.752365175
579513014,2055,WFP 1st,50th-percentile,0,0,0,0,0,0,0,0,0,0,0,0,0,0,0,0,0,0,0,0,0,0,0
579513014,2055,WFP 1st,90th-percentile,0,0,0,0,0,0,0,0,0,0,0,0,0,0,0,0,0,0,0,0,0,0,0
579513014,2100,No mitigation,50th-percentile,3170990.61046327,3218956.802814,3260446.63228501,3283807.65510802,3297108.1574801,3315174.12745542,3328792.15996286,3345248.3604278,3359325.37465947,3372487.34745157,3518066.19232295,3676539.93254162,3834703.09675701,4009248.54330123,4029640.13546056,4043383.11772331,4059192.92391989,4080452.95754129,4110929.69186044,4141772.97296806,4176986.89820399,4204773.7941789,4274469.51412483
579513014,2100,No mitigation,90th-percentile,4629363.89865512,4667231.81540049,4702547.45171903,4725719.37676079,4752416.36860675,4771283.36651052,4792119.61104677,4808023.44185799,4825173.18889793,4831644.24075435,4956950.75982524,5105545.70948917,5257041.98881533,5411085.56487024,5437006.08978403,5454185.66184143,5472455.33019036,5493094.31373247,5509028.64393029,5526977.91532652,5553759.53468919,5603033.02466865,5644681.40248167
579513014,2100,Raise Utilities,50th-percentile,2323476.13025595,2358201.56197396,2375261.49756596,2397420.92229647,2410764.73698424,2419014.71123363,2437277.49311177,2464013.43259594,2475050.51344404,2489835.46557969,2605958.17194738,2760566.85714492,2917085.08119152,3068109.16585975,3081825.07619883,3100922.0749743,3134419.43620012,3150004.33308311,3172135.58410153,3192294.63620334,3214155.05967032,3235793.61594583,3283904.49123004
579513014,2100,Raise Utilities,90th-percentile,3674214.98186695,3718681.98944105,3753413.92956068,3767770.31109599,3794338.60697248,3809254.8494387,3834417.52311291,3844481.69827463,3858995.53620891,3864417.43277668,3985180.3370605,4116019.03059275,4266172.99088218,4407659.70463455,4427094.22578574,4448873.94491129,4464037.12150359,4477263.31924041,4495711.21603141,4517729.31186395,4541969.49236313,4600012.74642389,4638586.78088823
579513014,2100,WFP B,50th-percentile,1498613.15049723,1532950.28092564,1557650.73180989,1573573.8151824,1584288.34886833,1598285.37286866,1615914.29949714,1627619.40318198,1639764.99008994,1649954.05529657,1755548.61294625,1897019.55208927,2033603.90619155,2173718.46253283,2187093.17814385,2201143.25112773,2215100.8788994,2239337.63004055,2254393.5072993,2273318.46377833,2293750.77548359,2331237.69378244,2370159.52886913
579513014,2100,WFP B,90th-percentile,2757460.38648067,2784054.85369161,2813351.36654246,2841636.1097173,2853989.52117925,2866938.48171226,2885230.49573571,2898472.92370597,2909358.31017155,2923523.62720168,3023253.60166087,3152197.9669521,3285747.67600571,3412518.91371503,3429071.27844298,3438478.76901825,3452344.75814751,3467769.29379264,3485260.03944713,3507813.32880639,3538503.23757594,3584230.20486094,3632515.57117524
579513014,2100,Elevate,50th-percentile,131683.623757615,147965.24284261,155953.288195873,167635.037313456,174825.028001816,181181.455485551,186097.160381703,189953.753322382,195513.586783013,200893.591978321,253741.464151273,327509.732243432,420473.01004886,502154.7813745,507809.404348808,520194.293649711,529533.158072857,543585.120032363,550530.235566059,561923.151211791,585666.491557858,603642.402178907,651166.337742467
579513014,2100,Elevate,90th-percentile,736422.203166707,761705.402400756,790581.761101481,803765.676558464,813078.405386986,822210.983840166,832804.396319058,841809.311406329,847647.311065308,854980.853037888,937445.916863486,1044836.58697799,1167677.51672017,1267355.0023632,1282306.81743294,1294068.67024359,1312367.51601716,1329485.57709923,1350269.86267244,1369114.94584259,1388300.94986888,1430997.48645285,1474939.03406823
579513014,2100,WFP 1st,50th-percentile,0,0,0,0,0,0,0,0,0,0,0,0,0,0,0,0,0,0,0,0,0,2665.22540019857,5484.3798017301
579513014,2100,WFP 1st,90th-percentile,0,0,0,0,0,0,0,0,0,0,0,0,0,0,0,0,0,0,0,0,0,2230.08228563536,4804.7409216896
579513015,Potential,No mitigation,50th-percentile,0,0,0,0,0,0,0,0,0,0,0,0,0,0,0,0,0,0,0,0,0,0,0
579513015,Potential,No mitigation,90th-percentile,0,0,0,0,0,0,0,0,0,0,0,0,0,0,0,0,0,0,0,0,0,0,0
579513015,Potential,Raise Utilities,50th-percentile,0,0,0,0,0,0,0,0,0,0,0,0,0,0,0,0,0,0,0,0,0,0,0
579513015,Potential,Raise Utilities,90th-percentile,0,0,0,0,0,0,0,0,0,0,0,0,0,0,0,0,0,0,0,0,0,0,0
579513015,Potential,WFP B,50th-percentile,0,0,0,0,0,0,0,0,0,0,0,0,0,0,0,0,0,0,0,0,0,0,0
579513015,Potential,WFP B,90th-percentile,0,0,0,0,0,0,0,0,0,0,0,0,0,0,0,0,0,0,0,0,0,0,0
579513015,Potential,Elevate,50th-percentile,0,0,0,0,0,0,0,0,0,0,0,0,0,0,0,0,0,0,0,0,0,0,0
579513015,Potential,Elevate,90th-percentile,0,0,0,0,0,0,0,0,0,0,0,0,0,0,0,0,0,0,0,0,0,0,0
579513015,Potential,WFP 1st,50th-percentile,0,0,0,0,0,0,0,0,0,0,0,0,0,0,0,0,0,0,0,0,0,0,0
579513015,Potential,WFP 1st,90th-percentile,0,0,0,0,0,0,0,0,0,0,0,0,0,0,0,0,0,0,0,0,0,0,0
579513015,2040,No mitigation,50th-percentile,0,0,0,0,0,0,0,0,0,0,0,0,0,0,0,0,0,0,0,0,0,28688.2338999266,61756.717765867
579513015,2040,No mitigation,90th-percentile,0,0,0,0,0,0,0,0,0,0,0,0,0,0,0,0,0,0,0,0,2637.47823582813,43080.1483694787,113078.918853449
579513015,2040,Raise Utilities,50th-percentile,0,0,0,0,0,0,0,0,0,0,0,0,0,0,0,0,0,0,0,0,0,8688.23389992662,41756.717765867
579513015,2040,Raise Utilities,90th-percentile,0,0,0,0,0,0,0,0,0,0,0,0,0,0,0,0,0,0,0,0,0,23080.1483694787,93078.9188534493
579513015,2040,WFP B,50th-percentile,0,0,0,0,0,0,0,0,0,0,0,0,0,0,0,0,0,0,0,0,0,0,6939.04442586705
579513015,2040,WFP B,90th-percentile,0,0,0,0,0,0,0,0,0,0,0,0,0,0,0,0,0,0,0,0,0,0,58261.2455134494
579513015,2040,Elevate,50th-percentile,0,0,0,0,0,0,0,0,0,0,0,0,0,0,0,0,0,0,0,0,0,28688.2338999266,61756.717765867
579513015,2040,Elevate,90th-percentile,0,0,0,0,0,0,0,0,0,0,0,0,0,0,0,0,0,0,0,0,2637.47823582813,43080.1483694787,113078.918853449
579513015,2040,WFP 1st,50th-percentile,0,0,0,0,0,0,0,0,0,0,0,0,0,0,0,0,0,0,0,0,0,0,0
579513015,2040,WFP 1st,90th-percentile,0,0,0,0,0,0,0,0,0,0,0,0,0,0,0,0,0,0,0,0,0,0,0
579513015,2055,No mitigation,50th-percentile,0,0,0,0,0,0,0,0,0,0,0,0,0,0,0,0,0,4845.75705448993,24115.5648437636,42613.9035434658,64631.7780762507,114159.526748265,314087.608553172
579513015,2055,No mitigation,90th-percentile,0,0,0,0,0,0,0,0,0,0,0,0,0,0,0,0,0,14872.3916423717,41587.9219463007,63032.6085079506,89092.8706298433,128879.920696467,273715.064005421
579513015,2055,Raise Utilities,50th-percentile,0,0,0,0,0,0,0,0,0,0,0,0,0,0,0,0,0,0,4115.56484376358,22613.9035434658,44631.7780762507,94159.5267482654,274087.608553172
579513015,2055,Raise Utilities,90th-percentile,0,0,0,0,0,0,0,0,0,0,0,0,0,0,0,0,0,0,21587.9219463007,43032.6085079506,69092.8706298433,108879.920696467,253715.064005421
579513015,2055,WFP B,50th-percentile,0,0,0,0,0,0,0,0,0,0,0,0,0,0,0,0,0,0,0,0,9814.10473625066,59341.8534082654,231759.409841522
579513015,2055,WFP B,90th-percentile,0,0,0,0,0,0,0,0,0,0,0,0,0,0,0,0,0,0,0,8214.93516795056,34275.1972898433,74062.2473564674,213342.431316782
579513015,2055,Elevate,50th-percentile,0,0,0,0,0,0,0,0,0,0,0,0,0,0,0,0,0,4845.75705448993,24115.5648437636,42613.9035434658,64631.7780762507,114159.526748265,314087.608553172
579513015,2055,Elevate,90th-percentile,0,0,0,0,0,0,0,0,0,0,0,0,0,0,0,0,0,14872.3916423717,41587.9219463007,63032.6085079506,89092.8706298433,128879.920696467,273715.064005421
579513015,2055,WFP 1st,50th-percentile,0,0,0,0,0,0,0,0,0,0,0,0,0,0,0,0,0,0,0,0,0,0,0
579513015,2055,WFP 1st,90th-percentile,0,0,0,0,0,0,0,0,0,0,0,0,0,0,0,0,0,0,0,0,0,0,0
579513015,2100,No mitigation,50th-percentile,0,0,0,0,0,1976.30177562887,5144.66263588168,7825.07278240666,10215.1505851023,12670.6885875509,46003.6058030236,97684.6223150227,199210.891882645,395996.799866839,442004.858130689,467254.190195475,493314.251663115,528078.917406956,552336.416991426,571887.827058006,596181.348977084,637946.599070506,746883.015689458
579513015,2100,No mitigation,90th-percentile,258475.000342139,291604.153790644,312306.306533999,327056.764805618,341915.455304998,353392.592968687,360905.028777057,369569.425988525,377033.53386105,383835.516002311,498731.974795737,672992.863114305,885661.464855078,1130080.42310431,1147767.12908694,1171900.15850892,1198735.02377034,1229753.25251537,1263022.48714634,1302008.13493446,1348631.52733691,1418967.06215882,1603854.11278604
579513015,2100,Raise Utilities,50th-percentile,0,0,0,0,0,0,0,0,0,0,14679.3522742814,54728.6202827348,137947.498196513,333484.373518391,380007.634561265,408556.262938855,457512.231751936,470917.549814036,489552.432799874,504287.167153541,516013.62392098,574556.184115054,656112.832296745
579513015,2100,Raise Utilities,90th-percentile,131087.951155459,155745.903062388,165788.948766257,182801.498284182,194141.095625097,202622.40568578,208162.69534072,215783.023563574,223568.100671917,235503.938187204,329132.071057474,490929.620815252,703296.613509061,913195.555789839,942023.256409507,970014.014094419,990962.258717686,1028966.54580015,1057396.21987271,1095717.33891681,1145568.33336435,1204881.79407688,1394776.95464724
579513015,2100,WFP B,50th-percentile,0,0,0,0,0,0,0,0,0,0,0,5746.69851556722,68220.7256550587,249208.160653498,293979.384628906,343866.06845856,401058.485240382,428766.612430338,428867.67966,428867.67966,429337.442755243,486663.645377149,523790.763561721
579513015,2100,WFP B,90th-percentile,10770.5519903813,35217.2048349505,43240.4443691316,49953.0673687923,58018.9540259671,62334.680222015,67572.3148449211,72574.2705633129,76810.7780007056,83809.0512392862,153207.138597191,282231.681928882,463202.593692712,665266.903198083,686161.042613103,714531.45252269,741160.269200695,771883.034743258,813624.769661308,835455.681386922,882404.637789783,970112.967975457,1139605.73327612
579513015,2100,Elevate,50th-percentile,0,0,0,0,0,1976.30177562887,5144.66263588168,7825.07278240666,10215.1505851023,12670.6885875509,46003.6058030236,97684.6223150227,199210.891882645,395996.799866839,442004.858130689,467254.190195475,493314.251663115,528078.917406956,552336.416991426,571887.827058006,596181.348977084,637946.599070506,746883.015689458
579513015,2100,Elevate,90th-percentile,258475.000342139,291604.153790644,312306.306533999,327056.764805618,341915.455304998,353392.592968687,360905.028777057,369569.425988525,377033.53386105,383835.516002311,498731.974795737,672992.863114305,885661.464855078,1130080.42310431,1147767.12908694,1171900.15850892,1198735.02377034,1229753.25251537,1263022.48714634,1302008.13493446,1348631.52733691,1418967.06215882,1603854.11278604
579513015,2100,WFP 1st,50th-percentile,0,0,0,0,0,0,0,0,0,0,0,0,0,0,0,0,0,0,0,0,0,0,0
579513015,2100,WFP 1st,90th-percentile,0,0,0,0,0,0,0,0,0,0,0,0,0,0,0,0,0,0,0,0,0,0,0
579513016,Potential,No mitigation,50th-percentile,0,0,0,0,0,0,0,0,0,0,0,0,14896.1634327166,48025.9529478061,49394.7311872298,50496.8385927175,51498.339896279,53095.054596264,55583.5942285382,58636.6512540143,64018.9030235195,71632.1226998786,80028.4412473143
579513016,Potential,No mitigation,90th-percentile,0,0,0,0,0,0,0,0,0,0,0,0,9917.13502520175,47011.2305662113,48859.0264477507,50159.7135576781,51522.4219165448,52859.0263990421,54380.9983947307,55838.8083735805,67820.6457122912,80543.6662070283,94243.7344396697
579513016,Potential,Raise Utilities,50th-percentile,0,0,0,0,0,0,0,0,0,0,0,0,0,28025.9529478061,29394.7311872298,30496.8385927175,31498.339896279,33095.054596264,35583.5942285382,38636.6512540143,44018.9030235195,51632.1226998786,60028.4412473143
579513016,Potential,Raise Utilities,90th-percentile,0,0,0,0,0,0,0,0,0,0,0,0,0,27011.2305662113,28859.0264477507,30159.7135576781,31522.4219165448,32859.0263990421,34380.9983947307,35838.8083735805,47820.6457122911,60543.6662070283,74243.7344396697
579513016,Potential,WFP B,50th-percentile,0,0,0,0,0,0,0,0,0,0,0,0,0,7131.04414780611,8499.82238722981,9601.92979271753,10603.431096279,12200.145796264,14688.6854285382,17741.7424540143,23123.9942235195,30737.2138998786,39133.5324473143
579513016,Potential,WFP B,90th-percentile,0,0,0,0,0,0,0,0,0,0,0,0,0,6116.32176621131,7964.11764775071,9264.80475767814,10627.5131165448,11964.1175990421,13486.0895947307,14943.8995735805,26925.7369122911,39648.7574070283,53348.8256396697
579513016,Potential,Elevate,50th-percentile,0,0,0,0,0,0,0,0,0,0,0,0,0,0,0,0,0,0,0,0,0,0,0
579513016,Potential,Elevate,90th-percentile,0,0,0,0,0,0,0,0,0,0,0,0,0,0,0,0,0,0,0,0,0,0,0
579513016,Potential,WFP 1st,50th-percentile,0,0,0,0,0,0,0,0,0,0,0,0,0,0,0,0,0,0,0,0,0,0,0
579513016,Potential,WFP 1st,90th-percentile,0,0,0,0,0,0,0,0,0,0,0,0,0,0,0,0,0,0,0,0,0,0,0
579513016,2040,No mitigation,50th-percentile,95779.9364245759,105875.454159946,114734.317177823,123213.954885685,128293.603090106,142564.143159292,146388.573590725,148830.134121513,153701.713855181,157918.224646407,208763.08951201,279907.082820624,354975.78692571,424357.371680951,434361.125227968,441062.304434408,452332.09102905,462899.44794556,477367.387947248,486364.141252064,505214.595308157,539503.744956089,568219.998248764
579513016,2040,No mitigation,90th-percentile,82699.4051483707,100185.054169651,115105.338122236,123031.597472653,132007.247337842,138284.397731014,144279.111093182,151827.992559129,156669.057221773,160631.432259975,216691.683521097,282998.110809469,363183.523013572,429948.900630287,435511.339828125,443358.066635466,448252.293333063,456554.158779411,466297.994662998,481081.221451314,498380.963228281,517577.248893292,563032.284799551
579513016,2040,Raise Utilities,50th-percentile,19861.1982707254,27229.4187341261,32286.981614791,41441.743816931,45561.8445821474,51338.7270005348,55731.5886770845,58305.6253994994,60662.8514195271,63513.7485941664,101151.387969487,151487.222327376,206344.385901827,265069.257192614,270688.286227909,283830.912956536,294992.797177418,303268.349150242,309829.079518028,320177.173574362,334257.679455674,355336.858582779,396134.308683147
579513016,2040,Raise Utilities,90th-percentile,18280.560082113,30378.8783807173,35955.7203288925,41145.593835959,47661.7490501888,52302.0405186459,56954.7762270435,60802.3839339281,64633.3135527932,68530.488549119,101058.318044351,151299.832396164,210565.969284996,263263.353954009,269033.043335963,275860.254992643,283577.503448133,294962.271204746,306768.154667238,317593.160309328,325561.027620748,340201.939234526,382903.556976337
579513016,2040,WFP B,50th-percentile,0,0,691.867334028011,3364.01459936184,5202.92722716097,6667.00627811168,8054.47093931947,9848.2254774501,12326.3275934769,14134.4855046928,35055.2843491641,63959.0706524938,104116.397853617,150844.950510402,157338.001590044,165217.589315653,171179.721784452,181247.474881262,189756.292079556,200625.154517333,211858.338978572,222037.672801356,253376.375615679
579513016,2040,WFP B,90th-percentile,0,0,1169.25175767762,3292.32793846288,5410.19493917593,7378.1620668601,9607.99904223481,11525.6718863617,12987.153407729,14721.8288254057,35326.7156851401,64150.0929124354,100006.545208089,152445.172508212,161514.215525643,167295.446071416,172259.790933428,179184.581237157,184054.328140983,192773.040600657,200930.749282908,215560.282702787,255004.767551116
579513016,2040,Elevate,50th-percentile,0,0,0,0,0,0,0,0,0,0,0,0,0,0,0,0,0,0,7557.11551474606,17268.4440477336,29027.565500669,53727.1628558987,81418.7339265791
579513016,2040,Elevate,90th-percentile,0,0,0,0,0,0,0,0,0,0,0,0,0,0,0,0,0,0,1531.81944583721,16206.4511753669,41522.7649326002,66476.8883125347,111692.964153459
579513016,2040,WFP 1st,50th-percentile,0,0,0,0,0,0,0,0,0,0,0,0,0,0,0,0,0,0,0,0,0,0,0
579513016,2040,WFP 1st,90th-percentile,0,0,0,0,0,0,0,0,0,0,0,0,0,0,0,0,0,0,0,0,0,0,0
579513016,2055,No mitigation,50th-percentile,578511.623816373,621638.782748914,648760.193904619,668103.952269589,683013.613800427,692095.275665887,707316.898902141,717549.363076974,723865.764844404,731822.439207718,822099.575710852,916119.272259427,1023684.31562251,1120014.06799824,1128518.98511445,1141916.59374832,1158500.63785458,1174746.42093174,1195429.54937729,1214738.80826944,1259585.24934909,1292636.08987073,1345110.9129893
579513016,2055,No mitigation,90th-percentile,665259.87446324,702022.985399785,731016.24100278,756034.228220845,771353.215888978,777139.475016641,786166.881171373,801207.248773168,808253.636629153,818099.756966106,900339.478706603,1000756.54846372,1110994.80803963,1220681.71062506,1229551.23680198,1238485.95599946,1251468.89992887,1269443.30508032,1288941.21237283,1308420.72043538,1333114.57187145,1379312.5607972,1425076.64114938
579513016,2055,Raise Utilities,50th-percentile,260886.42877215,288274.021274011,306873.588864155,319263.735771277,335395.789618209,351212.392003774,362235.892156227,373668.617391608,378634.612075959,386423.924748235,454643.339006378,535295.577362147,622910.766661891,705608.012433707,718015.844952165,731650.900095041,745441.331200448,754447.921362547,776312.309675478,795399.953715616,815216.081514045,856625.786608992,905963.664678837
579513016,2055,Raise Utilities,90th-percentile,327103.960898458,356709.639834427,387798.243800534,401403.350314912,412477.511721025,420365.271085001,430809.278760291,437243.160714737,443438.52267869,451901.887158968,515073.060188544,601860.462047992,702211.247404233,787972.463257848,797848.69176617,804499.077440856,815249.198790697,829460.711548076,845649.728442757,863687.716148496,900506.499822316,935342.634929972,987378.761995851
579513016,2055,WFP B,50th-percentile,81964.3755976331,93764.6967050757,107325.758813975,119522.686141941,124116.325677361,131427.459877494,135324.975234787,138867.042362787,148571.513290555,153942.083315807,205392.519108523,262129.121243084,331306.199891707,405757.153440727,412043.895203879,420247.088712141,430839.582380482,447896.168947392,458328.377436235,477353.383370933,489615.447626535,520589.518286472,564821.61295492
579513016,2055,WFP B,90th-percentile,102900.915968861,124284.274162652,138764.117912222,150971.486650516,157592.516190412,165788.786380969,171046.998810439,174919.517417192,178764.892640703,185585.858365804,231444.67517401,297579.671406473,378102.010311302,451572.01134754,459303.539357718,464846.388439162,472697.549667525,484826.699139138,500531.766300537,523889.655065655,553021.023632254,589092.309200736,624858.948903598
579513016,2055,Elevate,50th-percentile,0,0,0,0,0,0,0,0,0,0,0,0,0,16604.7271511256,20581.3850003115,26388.5365716415,32423.5021990977,46252.972279274,52355.373212019,66063.8443398362,88125.5360973418,112232.954363895,149242.19307835
579513016,2055,Elevate,90th-percentile,0,0,0,0,0,0,0,0,0,0,0,0,0,17872.9528484247,22073.8233098579,29190.1263830128,40962.6033764932,53360.0666576758,66476.8883125347,84264.7000430341,102064.548323094,119103.15867423,142179.664147331
579513016,2055,WFP 1st,50th-percentile,0,0,0,0,0,0,0,0,0,0,0,0,0,0,0,0,0,0,0,0,0,0,0
579513016,2055,WFP 1st,90th-percentile,0,0,0,0,0,0,0,0,0,0,0,0,0,0,0,0,0,0,0,0,0,0,0
579513016,2100,No mitigation,50th-percentile,5761591.65468278,5806233.2689511,5852566.43065152,5909541.42456524,5920793.58411861,5938702.54618738,5960756.55362882,5986310.00739068,5999142.86484462,6007476.52043278,6146037.92874842,6297283.32743918,6462359.76082637,6609081.23767305,6631937.4967149,6653107.34857893,6670581.41376383,6697919.79767276,6726918.48108958,6780992.93285626,6818607.3622868,6868187.54419945,6938523.9488553
579513016,2100,No mitigation,90th-percentile,6920596.54230211,6963712.02505899,6990464.09268067,7029255.41693122,7062247.87611871,7072016.83124247,7080177.96340366,7091413.60291583,7102725.5905642,7120137.86930564,7262256.72133835,7408127.39591322,7567445.1968877,7703900.90917968,7719025.40487251,7735440.1061516,7761252.97213361,7774660.69945491,7785440.33082398,7812199.94296841,7842741.76155997,7882391.03338863,7949109.54758063
579513016,2100,Raise Utilities,50th-percentile,4495856.2085743,4549646.58395689,4610991.48285621,4646922.52548568,4662203.22038083,4682541.47193331,4703299.28362393,4721541.96509431,4736085.89984685,4751006.03498886,4875014.55064047,5008228.48730956,5168679.33452771,5322518.03642457,5336018.33403821,5360239.10218779,5380057.84243112,5400542.72647471,5421707.63608335,5457919.4392594,5500410.29081366,5538051.82995933,5600015.22434479
579513016,2100,Raise Utilities,90th-percentile,5660772.93646125,5698335.25308182,5732707.48128055,5760056.42419712,5774985.20580399,5795189.02098969,5805477.16645294,5820081.61148594,5829567.95465858,5837913.02901171,5975524.30399042,6109465.04935782,6253673.9856066,6376946.30476739,6400100.23660435,6416868.95872155,6441843.71633396,6463280.3557343,6488140.12831283,6505095.65346273,6527705.86463055,6555860.53514097,6595957.83402504
579513016,2100,WFP B,50th-percentile,3358698.82342787,3400503.70635816,3430512.78167409,3458693.0883661,3489938.64867375,3510038.40312657,3516042.03608607,3529800.69646583,3540841.64126759,3552344.24173092,3674228.04378941,3811431.03837122,3949131.7569367,4100552.34251564,4116299.28299365,4138923.91013148,4154197.55311515,4173421.73903702,4190698.61214338,4219377.80922405,4255345.77514103,4285308.65809083,4366953.4062502
579513016,2100,WFP B,90th-percentile,4475231.2917823,4500676.25969488,4522312.31513927,4540390.56587565,4564126.7035783,4570776.48755588,4587606.78615271,4597338.84234338,4611297.7437554,4618439.92517819,4744149.99202084,4868627.80963691,4997898.82821392,5124791.12983139,5135013.73980571,5151420.33278855,5166840.30567995,5192248.13966289,5223590.29067958,5238702.53441708,5270150.63876609,5289272.19067602,5331005.96895737
579513016,2100,Elevate,50th-percentile,127835.347954145,143641.158744955,151395.764279172,162736.130087083,169716.003007288,175886.672492523,180658.722578515,184402.611794337,189799.966642793,195022.748457454,246326.213031094,317938.703281749,408185.254995194,487479.987023322,492969.361190676,504992.318939968,514058.267646768,527699.580011137,534441.733864314,545501.707043563,568551.180308972,586001.769311365,632136.882049434
579513016,2100,Elevate,90th-percentile,714901.260214328,739445.592155802,767478.078330002,780276.711684569,789317.288588499,798182.979790154,808466.814145259,817208.572736924,822875.964748382,829995.193876911,910050.327741417,1014302.65073466,1133553.72039521,1230318.2662951,1244833.13480849,1256251.26335707,1274015.35012198,1290633.15903297,1310810.05196662,1329104.41306742,1347729.7320001,1389178.52003912,1431835.93540842
579513016,2100,WFP 1st,50th-percentile,0,0,0,0,0,0,0,0,0,0,0,0,0,0,0,0,0,0,465.15830015445,1528.72412584917,3323.65365591337,7295.41439553873,11387.7354264579
579513016,2100,WFP 1st,90th-percentile,0,0,0,0,0,0,0,0,0,0,0,0,0,0,0,169.9915418647,825.642952866547,1809.07056229521,2461.90900251562,3155.399634662,3507.90194713602,6450.56110724053,10836.5618648476
579513017,Potential,No mitigation,50th-percentile,0,0,0,0,0,0,0,0,0,0,0,0,0,0,0,0,0,0,0,0,0,0,0
579513017,Potential,No mitigation,90th-percentile,0,0,0,0,0,0,0,0,0,0,0,0,0,0,0,0,0,0,0,0,0,0,0
579513017,Potential,Raise Utilities,50th-percentile,0,0,0,0,0,0,0,0,0,0,0,0,0,0,0,0,0,0,0,0,0,0,0
579513017,Potential,Raise Utilities,90th-percentile,0,0,0,0,0,0,0,0,0,0,0,0,0,0,0,0,0,0,0,0,0,0,0
579513017,Potential,WFP B,50th-percentile,0,0,0,0,0,0,0,0,0,0,0,0,0,0,0,0,0,0,0,0,0,0,0
579513017,Potential,WFP B,90th-percentile,0,0,0,0,0,0,0,0,0,0,0,0,0,0,0,0,0,0,0,0,0,0,0
579513017,Potential,Elevate,50th-percentile,0,0,0,0,0,0,0,0,0,0,0,0,0,0,0,0,0,0,0,0,0,0,0
579513017,Potential,Elevate,90th-percentile,0,0,0,0,0,0,0,0,0,0,0,0,0,0,0,0,0,0,0,0,0,0,0
579513017,Potential,WFP 1st,50th-percentile,0,0,0,0,0,0,0,0,0,0,0,0,0,0,0,0,0,0,0,0,0,0,0
579513017,Potential,WFP 1st,90th-percentile,0,0,0,0,0,0,0,0,0,0,0,0,0,0,0,0,0,0,0,0,0,0,0
579513017,2040,No mitigation,50th-percentile,0,0,0,0,0,0,0,0,0,0,0,0,0,0,0,0,0,0,0,377.303261992112,16948.933033784,62317.435839287,93207.8732237451
579513017,2040,No mitigation,90th-percentile,0,0,0,0,0,0,0,0,0,0,0,0,0,0,0,0,0,0,0,0,37500.1449919622,76502.9146164198,145613.561630126
579513017,2040,Raise Utilities,50th-percentile,0,0,0,0,0,0,0,0,0,0,0,0,0,0,0,0,0,0,0,0,0,42317.435839287,73207.8732237451
579513017,2040,Raise Utilities,90th-percentile,0,0,0,0,0,0,0,0,0,0,0,0,0,0,0,0,0,0,0,0,17500.1449919622,56502.9146164198,125613.561630126
579513017,2040,WFP B,50th-percentile,0,0,0,0,0,0,0,0,0,0,0,0,0,0,0,0,0,0,0,0,0,22381.201419287,53271.6388037451
579513017,2040,WFP B,90th-percentile,0,0,0,0,0,0,0,0,0,0,0,0,0,0,0,0,0,0,0,0,0,36566.6801964198,105677.327210126
579513017,2040,Elevate,50th-percentile,0,0,0,0,0,0,0,0,0,0,0,0,0,0,0,0,0,0,0,377.303261992112,16948.933033784,62317.435839287,93207.8732237451
579513017,2040,Elevate,90th-percentile,0,0,0,0,0,0,0,0,0,0,0,0,0,0,0,0,0,0,0,0,37500.1449919622,76502.9146164198,145613.561630126
579513017,2040,WFP 1st,50th-percentile,0,0,0,0,0,0,0,0,0,0,0,0,0,0,0,0,0,0,0,0,0,0,0
579513017,2040,WFP 1st,90th-percentile,0,0,0,0,0,0,0,0,0,0,0,0,0,0,0,0,0,0,0,0,0,0,0
579513017,2055,No mitigation,50th-percentile,0,0,0,0,0,0,0,0,0,0,0,0,0,0,4746.96238322279,12995.7159285355,22534.3272698789,40633.1491730012,57810.3565352594,76043.3575437075,95740.022180033,146725.985183046,331023.104661537
579513017,2055,No mitigation,90th-percentile,0,0,0,0,0,0,0,0,0,0,0,0,0,329.77565291613,6866.89254964206,16803.5540448015,34357.7330760663,48935.53466343,76502.9146164198,95582.9758020384,120921.307285679,160523.126028872,281946.232658065
579513017,2055,Raise Utilities,50th-percentile,0,0,0,0,0,0,0,0,0,0,0,0,0,0,0,0,1067.51832771953,19108.9389300013,37810.3565352594,56043.3575437075,75740.022180033,126725.985183046,304506.208425758
579513017,2055,Raise Utilities,90th-percentile,0,0,0,0,0,0,0,0,0,0,0,0,0,0,0,0,14357.7330760663,28699.7661715447,55032.0924890752,74258.5873568051,100921.307285679,140523.126028872,261946.232658065
579513017,2055,WFP B,50th-percentile,0,0,0,0,0,0,0,0,0,0,0,0,0,0,0,0,0,0,17874.1221152594,36107.1231237075,55803.787760033,106789.750763046,274120.577167632
579513017,2055,WFP B,90th-percentile,0,0,0,0,0,0,0,0,0,0,0,0,0,0,0,0,0,8763.53175154467,35095.8580690752,54322.3529368051,80985.0728656785,120586.891608872,242009.998238065
579513017,2055,Elevate,50th-percentile,0,0,0,0,0,0,0,0,0,0,0,0,0,0,4746.96238322279,12995.7159285355,22534.3272698789,40633.1491730012,57810.3565352594,76043.3575437075,95740.022180033,146725.985183046,331023.104661537
579513017,2055,Elevate,90th-percentile,0,0,0,0,0,0,0,0,0,0,0,0,0,329.77565291613,6866.89254964206,16803.5540448015,34357.7330760663,48935.53466343,76502.9146164198,95582.9758020384,120921.307285679,160523.126028872,281946.232658065
579513017,2055,WFP 1st,50th-percentile,0,0,0,0,0,0,0,0,0,0,0,0,0,0,0,0,0,0,0,0,0,0,0
579513017,2055,WFP 1st,90th-percentile,0,0,0,0,0,0,0,0,0,0,0,0,0,0,0,0,0,0,0,0,0,0,0
579513017,2100,No mitigation,50th-percentile,40126.979308168,52091.2281093551,62362.7469098941,73143.5612353125,81088.1135719489,88215.1255764486,94804.6711705726,98567.1303925086,103305.454123983,112313.19367747,168785.648636471,253869.049088234,381037.109455436,526653.424378515,540823.356828178,551371.713749325,569360.124036801,593699.279346452,622917.254746408,648704.816508135,673262.07654876,744384.319626807,800452.787080664
579513017,2100,No mitigation,90th-percentile,660412.576814984,699001.335002803,722421.405433069,734198.271959285,742401.709979032,749429.036416619,762165.532351027,773961.888158196,789256.781243307,799728.538336967,934260.242442597,1121689.39766224,1309432.26279825,1530453.55791101,1546059.70705375,1570331.91316139,1583557.27240366,1601588.34235897,1623147.09886499,1666488.67873257,1699846.7069904,1776131.75202081,1895568.7291097
579513017,2100,Raise Utilities,50th-percentile,0,5013.12492730198,7161.95793805354,13548.6935003066,19515.2750258841,25646.3657865477,32398.2511513904,36279.4767973453,39425.1627707,41083.5464231538,80841.3417847117,147534.020196648,257995.811717688,400365.941201238,414847.945899702,425121.111145176,434961.634634755,457874.077821957,487486.533651718,506522.754208611,539776.197256838,578327.864289026,649747.002522075
579513017,2100,Raise Utilities,90th-percentile,402789.410185512,423511.75840006,446324.652245322,466466.086869255,480339.405256758,487508.70403481,500065.776974923,506823.997506632,516473.653123449,522529.652801289,646419.722809829,821510.937702882,1001912.39407982,1203985.83447389,1220245.03727128,1240850.12631227,1258676.99678979,1287292.36298118,1301418.6920298,1346726.69747702,1377378.34110659,1434294.53647087,1568733.10322224
579513017,2100,WFP B,50th-percentile,0,0,0,0,0,0,0,543.477324240783,2163.27675266928,4065.89042644516,34597.7753883915,82397.8175211924,173126.064457444,325326.299820627,332537.442220228,348492.154643529,361118.013623818,374261.013797095,391655.28599884,408275.605078722,444718.701312379,485323.251690441,563231.332802022
579513017,2100,WFP B,90th-percentile,208418.919527383,240091.636386233,259743.282129287,269329.4832412,282086.702807495,296541.813622366,302245.117015172,309234.988733539,321211.908486146,326946.239688327,427416.078744529,586289.321341709,766336.744330652,951721.168241047,970551.959146574,990390.586164898,1004842.10053886,1038971.34881797,1050235.65312173,1072216.32741383,1120430.08246048,1210032.51454891,1310633.17547348
579513017,2100,Elevate,50th-percentile,40126.979308168,52091.2281093551,62362.7469098941,73143.5612353125,81088.1135719489,88215.1255764486,94804.6711705726,98567.1303925086,103305.454123983,112313.19367747,168785.648636471,253869.049088234,381037.109455436,526653.424378515,540823.356828178,551371.713749325,569360.124036801,593699.279346452,622917.254746408,648704.816508135,673262.07654876,744384.319626807,800452.787080664
579513017,2100,Elevate,90th-percentile,660412.576814984,699001.335002803,722421.405433069,734198.271959285,742401.709979032,749429.036416619,762165.532351027,773961.888158196,789256.781243307,799728.538336967,934260.242442597,1121689.39766224,1309432.26279825,1530453.55791101,1546059.70705375,1570331.91316139,1583557.27240366,1601588.34235897,1623147.09886499,1666488.67873257,1699846.7069904,1776131.75202081,1895568.7291097
579513017,2100,WFP 1st,50th-percentile,0,0,0,0,0,0,0,0,0,0,0,0,0,0,0,0,0,0,0,0,0,0,0
579513017,2100,WFP 1st,90th-percentile,0,0,0,0,0,0,0,0,0,0,0,0,0,0,0,0,0,0,0,0,0,0,0
579513018,Potential,No mitigation,50th-percentile,0,0,0,0,0,0,0,0,0,0,0,0,0,0,0,0,0,0,0,0,0,0,0
579513018,Potential,No mitigation,90th-percentile,0,0,0,0,0,0,0,0,0,0,0,0,0,0,0,0,0,0,0,0,0,0,0
579513018,Potential,Raise Utilities,50th-percentile,0,0,0,0,0,0,0,0,0,0,0,0,0,0,0,0,0,0,0,0,0,0,0
579513018,Potential,Raise Utilities,90th-percentile,0,0,0,0,0,0,0,0,0,0,0,0,0,0,0,0,0,0,0,0,0,0,0
579513018,Potential,WFP B,50th-percentile,0,0,0,0,0,0,0,0,0,0,0,0,0,0,0,0,0,0,0,0,0,0,0
579513018,Potential,WFP B,90th-percentile,0,0,0,0,0,0,0,0,0,0,0,0,0,0,0,0,0,0,0,0,0,0,0
579513018,Potential,Elevate,50th-percentile,0,0,0,0,0,0,0,0,0,0,0,0,0,0,0,0,0,0,0,0,0,0,0
579513018,Potential,Elevate,90th-percentile,0,0,0,0,0,0,0,0,0,0,0,0,0,0,0,0,0,0,0,0,0,0,0
579513018,Potential,WFP 1st,50th-percentile,0,0,0,0,0,0,0,0,0,0,0,0,0,0,0,0,0,0,0,0,0,0,0
579513018,Potential,WFP 1st,90th-percentile,0,0,0,0,0,0,0,0,0,0,0,0,0,0,0,0,0,0,0,0,0,0,0
579513018,2040,No mitigation,50th-percentile,0,0,0,0,0,0,0,0,0,0,0,0,0,0,0,0,0,0,13037.419632604,27434.3397557181,44018.094605153,72102.8927223155,86214.6549858827
579513018,2040,No mitigation,90th-percentile,0,0,0,0,0,0,0,0,0,0,0,0,0,0,0,0,0,0,4104.99540995151,25859.9489292884,58764.1521086689,78600.2161898272,115255.481443598
579513018,2040,Raise Utilities,50th-percentile,0,0,0,0,0,0,0,0,0,0,0,0,0,0,0,0,0,0,0,7434.3397557181,24018.094605153,52102.8927223155,66214.6549858827
579513018,2040,Raise Utilities,90th-percentile,0,0,0,0,0,0,0,0,0,0,0,0,0,0,0,0,0,0,0,5859.94892928838,38764.1521086689,58600.2161898272,91596.5974069852
579513018,2040,WFP B,50th-percentile,0,0,0,0,0,0,0,0,0,0,0,0,0,0,0,0,0,0,0,0,2337.59700515302,30422.3951223155,44534.1573858827
579513018,2040,WFP B,90th-percentile,0,0,0,0,0,0,0,0,0,0,0,0,0,0,0,0,0,0,0,0,17083.6545086689,36919.7185898272,69916.0998069851
579513018,2040,Elevate,50th-percentile,0,0,0,0,0,0,0,0,0,0,0,0,0,0,0,0,0,0,13037.419632604,27434.3397557181,44018.094605153,72102.8927223155,86214.6549858827
579513018,2040,Elevate,90th-percentile,0,0,0,0,0,0,0,0,0,0,0,0,0,0,0,0,0,0,4104.99540995151,25859.9489292884,58764.1521086689,78600.2161898272,115255.481443598
579513018,2040,WFP 1st,50th-percentile,0,0,0,0,0,0,0,0,0,0,0,0,0,0,0,0,0,0,0,0,0,0,0
579513018,2040,WFP 1st,90th-percentile,0,0,0,0,0,0,0,0,0,0,0,0,0,0,0,0,0,0,0,0,0,0,0
579513018,2055,No mitigation,50th-percentile,0,0,0,0,0,0,0,0,0,0,0,0,0,26450.3879604134,32345.7322706395,40933.3560380819,48025.7679605186,64346.4487272691,71343.8196622347,80346.4924290919,91137.0061190572,112506.28672507,190560.346215107
579513018,2055,No mitigation,90th-percentile,0,0,0,0,0,0,0,0,0,0,0,0,0,28330.5163074335,34558.2529425773,44209.9388515713,58103.0842671662,72187.7698565188,79803.3754887246,89185.315958787,103224.587923156,127004.671903677,176975.91881425
579513018,2055,Raise Utilities,50th-percentile,0,0,0,0,0,0,0,0,0,0,0,0,0,6450.38796041336,12345.7322706395,20933.3560380819,28025.7679605186,43391.5033596967,50298.5164655911,58389.7269282304,67465.5087199313,92317.7632292998,165080.667007777
579513018,2055,Raise Utilities,90th-percentile,0,0,0,0,0,0,0,0,0,0,0,0,0,7330.68296037664,14558.2529425773,24209.9388515713,37168.069314407,47961.2932945104,58600.2161898272,67664.9734652161,77739.9795933842,101262.221837311,156975.91881425
579513018,2055,WFP B,50th-percentile,0,0,0,0,0,0,0,0,0,0,0,0,0,0,0,47.088871588141,5088.60675836496,18238.0082260997,28311.0905143251,36709.2293282304,45493.5225926744,70637.2656292998,142832.61381455
579513018,2055,WFP B,90th-percentile,0,0,0,0,0,0,0,0,0,0,0,0,0,0,0,2233.28359844493,14828.887884402,23479.3223264884,36246.0432578436,45241.2486982051,53952.9078024598,79581.7242373107,135295.42121425
579513018,2055,Elevate,50th-percentile,0,0,0,0,0,0,0,0,0,0,0,0,0,26450.3879604134,32345.7322706395,40933.3560380819,48025.7679605186,64346.4487272691,71343.8196622347,80346.4924290919,91137.0061190572,112506.28672507,190560.346215107
579513018,2055,Elevate,90th-percentile,0,0,0,0,0,0,0,0,0,0,0,0,0,28330.5163074335,34558.2529425773,44209.9388515713,58103.0842671662,72187.7698565188,79803.3754887246,89185.315958787,103224.587923156,127004.671903677,176975.91881425
579513018,2055,WFP 1st,50th-percentile,0,0,0,0,0,0,0,0,0,0,0,0,0,0,0,0,0,0,0,0,0,0,0
579513018,2055,WFP 1st,90th-percentile,0,0,0,0,0,0,0,0,0,0,0,0,0,0,0,0,0,0,0,0,0,0,0
579513018,2100,No mitigation,50th-percentile,199373.491408812,214306.480481098,233302.57199588,247269.791993542,257267.326071054,260955.080025612,266026.747031647,274316.576834847,282744.155891869,291731.180804953,352318.191297266,440387.366296957,550879.844721877,641231.373714236,651799.47199253,660656.00904317,671556.33946004,687269.648006065,696954.293659306,709372.64353357,729561.336815207,760020.304702527,819464.133599657
579513018,2100,No mitigation,90th-percentile,925791.606053474,975796.708256932,998171.830446584,1013701.60654114,1023012.44303917,1035661.33164691,1043883.92077867,1049681.6415529,1058966.24132703,1066890.33178537,1154021.94619474,1261206.93745468,1387092.11520632,1500938.55814137,1516437.80361464,1527506.47227933,1543493.35130379,1563762.34505651,1590834.26377487,1608809.30687165,1629516.30330187,1649264.66331535,1722396.18673867
579513018,2100,Raise Utilities,50th-percentile,60434.6587816859,81270.2405955071,90393.7846336178,97066.6164145173,102617.039612999,109487.696976937,114203.018331748,117805.314947927,123853.597576152,129020.416964961,176619.140274954,240501.509115471,328475.174600375,401812.957558713,412197.719634522,425058.731225974,433612.081899357,442308.004448263,448740.602971584,460268.995808566,475358.598934938,496991.273789909,553714.680377242
579513018,2100,Raise Utilities,90th-percentile,585817.838817036,613996.221265748,630670.401339813,637306.405001275,641683.928213072,650951.894991846,659657.160128637,673362.578850649,679081.809976011,685465.799713841,766119.320387822,862168.071511014,973406.859116855,1080115.06067535,1087914.37085568,1095720.8376095,1117156.09813972,1130602.85515061,1137051.20819436,1165030.62939952,1183086.41033075,1199239.6249839,1252951.77574899
579513018,2100,WFP B,50th-percentile,4621.11585496662,10522.3960572302,14217.7886912902,19259.7512773441,23797.7416777807,28789.3946824407,32274.5436554394,34705.5084537405,36381.5373718322,38519.1858629424,65191.818802339,107306.405478933,168529.878677992,231364.496225491,236448.554603139,247511.963022067,255694.450180011,265595.272021572,272714.425026677,285296.268249431,304543.710671067,320879.770473607,354898.04806969
579513018,2100,WFP B,90th-percentile,283131.230603226,300223.273686986,315346.149360593,320421.492671693,328064.355492343,334254.261018297,338028.711334321,345213.049137444,352923.787353124,358678.373422949,423258.335890345,511771.983619636,600464.369166332,704365.935296888,716633.743740946,722732.090411487,729903.019006316,744519.095864303,757436.418461384,772750.260023125,792065.914371636,816345.991629015,866362.670319909
579513018,2100,Elevate,50th-percentile,199373.491408812,214306.480481098,233302.57199588,247269.791993542,257267.326071054,260955.080025612,266026.747031647,274316.576834847,282744.155891869,291731.180804953,352318.191297266,440387.366296957,550879.844721877,641231.373714236,651799.47199253,660656.00904317,671556.33946004,687269.648006065,696954.293659306,709372.64353357,729561.336815207,760020.304702527,819464.133599657
579513018,2100,Elevate,90th-percentile,925791.606053474,975796.708256932,998171.830446584,1013701.60654114,1023012.44303917,1035661.33164691,1043883.92077867,1049681.6415529,1058966.24132703,1066890.33178537,1154021.94619474,1261206.93745468,1387092.11520632,1500938.55814137,1516437.80361464,1527506.47227933,1543493.35130379,1563762.34505651,1590834.26377487,1608809.30687165,1629516.30330187,1649264.66331535,1722396.18673867
579513018,2100,WFP 1st,50th-percentile,0,0,0,0,0,0,0,0,0,0,0,0,0,0,0,0,0,0,0,0,0,0,0
579513018,2100,WFP 1st,90th-percentile,0,0,0,0,0,0,0,0,0,0,0,0,0,0,0,0,0,0,0,0,0,0,0
579513019,Potential,No mitigation,50th-percentile,0,0,0,0,0,0,0,0,0,0,0,0,18147.2365469486,44682.532712985,46241.8332305847,47497.3446044001,48638.246363386,50457.2101563769,53292.1333199029,57211.3399254917,65875.2964624185,78796.9203952234,94446.7726735599
579513019,Potential,No mitigation,90th-percentile,0,0,0,0,0,0,0,0,0,0,0,0,15264.9634850967,43526.5696144579,45631.5629519587,47113.294634513,48665.6803958566,50188.3288434688,51922.1463840287,53582.8711012331,71995.0646989618,95407.0976617177,120381.848575042
579513019,Potential,Raise Utilities,50th-percentile,0,0,0,0,0,0,0,0,0,0,0,0,0,24682.5327129851,26241.8332305847,27497.3446044001,28638.246363386,30457.2101563769,33292.1333199029,37211.3399254917,45875.2964624185,58796.9203952234,74446.7726735599
579513019,Potential,Raise Utilities,90th-percentile,0,0,0,0,0,0,0,0,0,0,0,0,0,23526.5696144579,25631.5629519587,27113.294634513,28665.6803958566,30188.3288434688,31922.1463840287,33582.8711012331,51995.0646989618,75407.0976617177,100381.848575042
579513019,Potential,WFP B,50th-percentile,0,0,0,0,0,0,0,0,0,0,0,0,0,21009.1803329851,22568.4808505847,23823.9922244001,24964.893983386,26783.8577763769,29618.7809399029,33537.9875454917,42201.9440824185,55123.5680152234,70773.4202935599
579513019,Potential,WFP B,90th-percentile,0,0,0,0,0,0,0,0,0,0,0,0,0,19853.2172344579,21958.2105719587,23439.942254513,24992.3280158566,26514.9764634688,28248.7940040287,29909.5187212331,48321.7123189618,71733.7452817177,96708.4961950421
579513019,Potential,Elevate,50th-percentile,0,0,0,0,0,0,0,0,0,0,0,0,0,0,0,0,0,0,0,0,0,0,0
579513019,Potential,Elevate,90th-percentile,0,0,0,0,0,0,0,0,0,0,0,0,0,0,0,0,0,0,0,0,0,0,0
579513019,Potential,WFP 1st,50th-percentile,0,0,0,0,0,0,0,0,0,0,0,0,0,0,0,0,0,0,0,0,0,0,0
579513019,Potential,WFP 1st,90th-percentile,0,0,0,0,0,0,0,0,0,0,0,0,0,0,0,0,0,0,0,0,0,0,0
579513019,2040,No mitigation,50th-percentile,120681.400426872,139481.489122427,148392.747375402,155844.537972298,165189.083425781,172354.407273613,179473.645815597,184771.374591305,188380.699378841,191970.269067091,243674.573365134,320063.045088624,397856.28258929,476365.510999757,484701.733316345,498732.424604283,511139.138294036,518556.320258825,540223.463714609,551037.368292374,564073.834747459,590938.293694339,654044.202325559
579513019,2040,No mitigation,90th-percentile,121101.549240027,139624.952646466,149272.968554336,158174.329203177,165573.609900899,173705.720139757,181354.750780132,187261.546205066,192873.43711652,196827.24853486,249131.215325212,321369.856318266,400834.774089314,480786.028923228,489034.567299788,493413.549454146,500653.56693127,513813.131972621,527780.999873443,544755.152325358,565659.777233894,589766.791847608,629732.236598338
579513019,2040,Raise Utilities,50th-percentile,16467.8684630895,22816.9207308318,28732.8945798712,36212.6061304724,41088.9492311824,44822.7982216592,48114.7022820683,51605.1018328221,54271.0462532155,56018.6859211948,99898.0985357976,156322.744737617,225322.303433303,296355.519840158,305200.423264809,315012.069596518,323942.620968338,344077.103723496,353399.24336661,361725.944567463,372492.172404475,394709.719410445,445693.446481109
579513019,2040,Raise Utilities,90th-percentile,15070.2369704109,25918.4425870081,30807.5382797322,36287.674653179,42490.1189993335,48358.9273851202,52893.8442281412,55397.12116582,58848.1486071029,61546.1179651932,98998.1109601084,156490.732893918,222967.208956766,292345.235903354,302345.857927137,309246.996483292,321354.587055401,327870.346986634,339778.552567956,355965.137610417,366871.359433779,393541.03166829,428505.514953056
579513019,2040,WFP B,50th-percentile,7779.51494233932,13002.0981697254,19504.435180214,25490.5266010581,29999.8491385264,33436.2906129923,35721.4758546236,39144.4012833556,41939.5008273211,44939.4260528797,84935.770472112,136727.39997555,204813.267270645,274058.121155398,280590.193482763,291914.00997467,301654.451528629,320086.059248183,326868.517956112,337638.572425675,346155.418788397,370451.137906431,412009.788174524
579513019,2040,WFP B,90th-percentile,7535.51248303017,16576.6210965552,21327.5274214937,26113.1445804386,32369.0045817942,36298.8019975612,40643.0845730761,43892.1706856866,45846.4321012396,48598.1165935122,82883.4050335528,139225.477136513,200333.280323152,269495.3177053,278416.105134918,285958.115728231,299360.943457203,305340.628966515,314138.084181729,325837.844688492,338210.325616698,365138.762420656,400638.434240395
579513019,2040,Elevate,50th-percentile,0,0,0,0,0,0,0,0,0,0,0,0,0,0,0,0,0,0,8609.00165878246,19672.064448591,33729.1134712415,78812.702184112,110575.267145473
579513019,2040,Elevate,90th-percentile,0,0,0,0,0,0,0,0,0,0,0,0,0,0,0,0,0,0,1745.03567193533,18462.2512094019,57018.8474413516,93436.7905762903,148112.744963479
579513019,2040,WFP 1st,50th-percentile,0,0,0,0,0,0,0,0,0,0,0,0,0,0,0,0,0,0,0,0,0,0,0
579513019,2040,WFP 1st,90th-percentile,0,0,0,0,0,0,0,0,0,0,0,0,0,0,0,0,0,0,0,0,0,0,0
579513019,2055,No mitigation,50th-percentile,637983.426282371,681395.282930993,713642.190427668,729052.7225619,748730.148340556,765063.351188294,779580.044646378,792995.859174055,802377.764132384,813828.458490913,909973.285995821,1014951.69831674,1133695.05808517,1257977.47858104,1271236.08390441,1287942.84673638,1303351.95926263,1321612.96904786,1340404.09142545,1370493.41068649,1418680.0269138,1457468.76416738,1510415.0642593
579513019,2055,No mitigation,90th-percentile,708539.0850921,758375.860086328,796798.147018318,827172.751560806,837776.449035299,852014.587158799,864174.148966665,876014.812471492,885952.131817082,891617.490192739,986630.017110145,1101186.48545278,1234770.83534127,1362565.95944753,1372265.58327656,1384848.73223958,1405467.56581257,1418105.33492516,1432477.57004844,1470610.61933624,1521174.18644594,1562787.55900865,1601946.55349655
579513019,2055,Raise Utilities,50th-percentile,256912.513116534,283748.368210139,304796.60276059,320970.000535848,335875.503026611,358236.822397074,368107.028895194,377157.607596939,386484.233594792,396970.035106217,485010.265373423,583786.869589569,691721.362522228,796213.110715026,814011.498732785,830293.794023152,852527.651733701,865945.754368982,892710.536939634,910220.459281421,951750.365694687,976336.136789912,1055626.18618265
579513019,2055,Raise Utilities,90th-percentile,316072.576937649,352675.453434825,383166.091650129,411610.868962563,421141.830686378,431187.606760157,441247.591813577,449278.584877848,456697.361366732,466756.560754863,547951.772547446,655947.65785227,784201.118640555,895915.854852289,907686.105231581,918297.595710863,935282.14976616,948318.365147201,966348.455912121,987126.425026715,1049310.40464667,1090563.47522789,1141745.93248752
579513019,2055,WFP B,50th-percentile,206710.626734664,233334.460440859,256988.60629831,270182.965765574,286662.940584524,305994.222840071,315561.419480549,324162.622474241,335933.417204238,345671.234945012,431473.401794155,522401.2115921,631363.050724933,736697.140464943,749803.152082376,766757.393685791,787629.377282953,808162.950017137,826669.314328089,845761.238805391,881140.640267585,908819.680672719,992944.240452116
579513019,2055,WFP B,90th-percentile,267656.840866167,300860.283052255,328621.738742936,351873.132099463,365076.949247681,376929.818652106,385756.862048343,393353.20867285,399778.931557017,408712.601141162,488366.216624791,593601.230063341,718008.687612915,827357.099605768,839005.440552516,851895.571908617,866295.824546908,881689.86620924,893902.757848601,921065.580487947,977062.716620585,1019301.76511255,1073500.92426296
579513019,2055,Elevate,50th-percentile,0,0,0,0,0,0,0,0,0,0,0,0,0,18915.9638103632,23446.138577872,30061.5962101959,40058.781334215,63951.6945462853,75921.7427665094,92963.024173465,118263.327360643,148873.61543843,185209.16862
579513019,2055,Elevate,90th-percentile,0,0,0,0,0,0,0,0,0,0,0,0,0,20360.7157280034,25146.3115946063,34032.1098119049,55224.3236966369,71544.6941941342,93436.7905762903,113839.624498871,134435.319495382,158554.042075034,185209.16862
579513019,2055,WFP 1st,50th-percentile,0,0,0,0,0,0,0,0,0,0,0,0,0,0,0,0,0,0,0,0,0,0,0
579513019,2055,WFP 1st,90th-percentile,0,0,0,0,0,0,0,0,0,0,0,0,0,0,0,0,0,0,0,0,0,0,0
579513019,2100,No mitigation,50th-percentile,6802009.31229509,6883851.87028957,6954237.79784325,6980391.00931222,7011195.99179446,7047200.93325107,7065966.80105789,7092402.16867459,7105411.53496814,7118002.29622226,7288466.93436366,7463474.06548988,7664664.54621624,7847346.56728135,7870758.47296444,7895052.15080802,7915397.97865416,7936751.56641884,7971587.16306848,8034942.53903216,8083321.8994045,8148334.74858184,8258321.39622657
579513019,2100,No mitigation,90th-percentile,8035084.14323763,8101929.0320751,8143040.86554808,8163379.32180588,8188685.61531267,8212923.55177936,8235778.70820464,8248139.47238709,8263205.94751612,8280076.97676709,8436147.99834076,8617901.82490085,8786720.60393501,8987250.20597537,9002118.94860277,9019748.45130177,9036974.49816456,9064799.2376007,9083193.1637542,9095281.43109453,9115588.14566349,9156323.20201997,9220213.4415119
579513019,2100,Raise Utilities,50th-percentile,5481043.43711387,5578588.06803114,5624401.51195259,5663648.95690269,5704345.21326842,5726324.20541058,5746646.19248351,5771813.49636572,5786995.82880152,5802197.33306837,5958129.63906777,6127739.80581322,6321505.5873544,6516201.94274872,6545183.51901023,6562376.40921158,6576203.40366842,6597118.67746088,6634581.11858935,6675085.60265545,6713113.64321858,6776761.22237318,6864952.31664713
579513019,2100,Raise Utilities,90th-percentile,6723286.72875174,6786625.32974543,6829442.99340321,6852144.57942794,6862186.90718763,6878428.90962524,6894933.6432188,6906209.63385434,6922749.85802184,6941351.65685528,7094768.10818879,7266966.75174365,7435656.10997811,7626050.28826157,7644432.70613377,7655051.31772296,7682710.77508156,7702440.62530751,7721075.80630033,7739777.11222988,7763344.33995889,7789582.84471734,7850679.04074172
579513019,2100,WFP B,50th-percentile,5263576.46977608,5364261.53735017,5405772.42788718,5442044.36356656,5486917.19885642,5505692.5143198,5527552.39352729,5551613.31397987,5563770.91184894,5582114.35924655,5737864.55607459,5903992.39943263,6099212.39042947,6298268.15154011,6318174.67072614,6336440.30858579,6350111.64751958,6370870.61944948,6402888.73298966,6441369.79612477,6483623.73575026,6544037.75176672,6633199.02317996
579513019,2100,WFP B,90th-percentile,6502340.54529937,6566381.39369322,6608278.23706456,6628452.59350149,6643865.91811173,6655425.09218414,6668684.24347765,6679562.51929496,6701437.42546557,6718236.0673191,6868585.67625601,7037245.97741916,7205916.17941266,7391745.15784482,7412838.17505078,7425981.11572403,7443958.17348031,7473651.29257996,7490941.45585361,7508351.53159543,7532573.73800558,7554807.94022756,7620101.49944671
579513019,2100,Elevate,50th-percentile,150483.667298609,172466.100942455,184277.767714851,193888.955950629,208902.499036283,218914.086922962,227207.218885494,235191.373460982,238160.028369522,242598.991329462,314262.175815675,406915.427465023,526098.329417459,627823.93707103,638250.08391714,651909.322689167,663603.019972437,684748.40089839,693420.018551563,714704.357663446,730679.927406952,756298.31198919,814536.368364072
579513019,2100,Elevate,90th-percentile,950817.115373058,982203.127026323,1014260.61742017,1034493.58376575,1045587.4086405,1061093.61163443,1068356.72589802,1090679.55043448,1096229.13084191,1108891.38523069,1209890.15776265,1352945.00167272,1503144.67578558,1634128.12189546,1654760.41855396,1671719.65217274,1693980.78293494,1709919.5232317,1737990.54482577,1757382.55941743,1786366.73323159,1821622.77367612,1900511.23441021
579513019,2100,WFP 1st,50th-percentile,0,0,0,0,0,0,0,0,0,0,0,0,0,0,0,0,0,0,0,0,0,0,0
579513019,2100,WFP 1st,90th-percentile,0,0,0,0,0,0,0,0,0,0,0,0,0,0,0,0,0,0,0,0,0,0,0
579513020,Potential,No mitigation,50th-percentile,0,0,0,0,0,0,0,0,0,0,0,0,0,0,0,0,0,0,0,0,0,0,0
579513020,Potential,No mitigation,90th-percentile,0,0,0,0,0,0,0,0,0,0,0,0,0,0,0,0,0,0,0,0,0,0,0
579513020,Potential,Raise Utilities,50th-percentile,0,0,0,0,0,0,0,0,0,0,0,0,0,0,0,0,0,0,0,0,0,0,0
579513020,Potential,Raise Utilities,90th-percentile,0,0,0,0,0,0,0,0,0,0,0,0,0,0,0,0,0,0,0,0,0,0,0
579513020,Potential,WFP B,50th-percentile,0,0,0,0,0,0,0,0,0,0,0,0,0,0,0,0,0,0,0,0,0,0,0
579513020,Potential,WFP B,90th-percentile,0,0,0,0,0,0,0,0,0,0,0,0,0,0,0,0,0,0,0,0,0,0,0
579513020,Potential,Elevate,50th-percentile,0,0,0,0,0,0,0,0,0,0,0,0,0,0,0,0,0,0,0,0,0,0,0
579513020,Potential,Elevate,90th-percentile,0,0,0,0,0,0,0,0,0,0,0,0,0,0,0,0,0,0,0,0,0,0,0
579513020,Potential,WFP 1st,50th-percentile,0,0,0,0,0,0,0,0,0,0,0,0,0,0,0,0,0,0,0,0,0,0,0
579513020,Potential,WFP 1st,90th-percentile,0,0,0,0,0,0,0,0,0,0,0,0,0,0,0,0,0,0,0,0,0,0,0
579513020,2040,No mitigation,50th-percentile,0,0,0,0,0,0,0,0,0,0,0,0,0,0,0,0,0,0,0,0,0,0,17960.2450412942
579513020,2040,No mitigation,90th-percentile,0,0,0,0,0,0,0,0,0,0,0,0,0,0,0,0,0,0,0,0,0,7157.46706740451,81560.9890984202
579513020,2040,Raise Utilities,50th-percentile,0,0,0,0,0,0,0,0,0,0,0,0,0,0,0,0,0,0,0,0,0,0,0
579513020,2040,Raise Utilities,90th-percentile,0,0,0,0,0,0,0,0,0,0,0,0,0,0,0,0,0,0,0,0,0,0,61560.9890984202
579513020,2040,WFP B,50th-percentile,0,0,0,0,0,0,0,0,0,0,0,0,0,0,0,0,0,0,0,0,0,0,0
579513020,2040,WFP B,90th-percentile,0,0,0,0,0,0,0,0,0,0,0,0,0,0,0,0,0,0,0,0,0,0,0
579513020,2040,Elevate,50th-percentile,0,0,0,0,0,0,0,0,0,0,0,0,0,0,0,0,0,0,0,0,0,0,17960.2450412942
579513020,2040,Elevate,90th-percentile,0,0,0,0,0,0,0,0,0,0,0,0,0,0,0,0,0,0,0,0,0,7157.46706740451,81560.9890984202
579513020,2040,WFP 1st,50th-percentile,0,0,0,0,0,0,0,0,0,0,0,0,0,0,0,0,0,0,0,0,0,0,0
579513020,2040,WFP 1st,90th-percentile,0,0,0,0,0,0,0,0,0,0,0,0,0,0,0,0,0,0,0,0,0,0,0
579513020,2055,No mitigation,50th-percentile,0,0,0,0,0,0,0,0,0,0,0,0,0,0,0,0,0,0,0,6858.84115158582,19321.3183393308,84886.1758949559,336281.233616834
579513020,2055,No mitigation,90th-percentile,0,0,0,0,0,0,0,0,0,0,0,0,0,0,0,0,0,0,6201.70851016516,18564.2604819408,30901.3675630828,126127.724988421,325251.984639666
579513020,2055,Raise Utilities,50th-percentile,0,0,0,0,0,0,0,0,0,0,0,0,0,0,0,0,0,0,0,0,0,64886.1758949559,315943.840885936
579513020,2055,Raise Utilities,90th-percentile,0,0,0,0,0,0,0,0,0,0,0,0,0,0,0,0,0,0,0,0,10901.3675630828,106127.724988421,303410.674950466
579513020,2055,WFP B,50th-percentile,0,0,0,0,0,0,0,0,0,0,0,0,0,0,0,0,0,0,0,0,0,0,0
579513020,2055,WFP B,90th-percentile,0,0,0,0,0,0,0,0,0,0,0,0,0,0,0,0,0,0,0,0,0,0,0
579513020,2055,Elevate,50th-percentile,0,0,0,0,0,0,0,0,0,0,0,0,0,0,0,0,0,0,0,6858.84115158582,19321.3183393308,84886.1758949559,336281.233616834
579513020,2055,Elevate,90th-percentile,0,0,0,0,0,0,0,0,0,0,0,0,0,0,0,0,0,0,6201.70851016516,18564.2604819408,30901.3675630828,126127.724988421,325251.984639666
579513020,2055,WFP 1st,50th-percentile,0,0,0,0,0,0,0,0,0,0,0,0,0,0,0,0,0,0,0,0,0,0,0
579513020,2055,WFP 1st,90th-percentile,0,0,0,0,0,0,0,0,0,0,0,0,0,0,0,0,0,0,0,0,0,0,0
579513020,2100,No mitigation,50th-percentile,0,0,0,0,0,0,0,0,0,0,654.979450339188,20924.1681953159,110485.454478802,351102.618,351102.618,352565.062298447,357973.548041607,361037.330249724,367524.206474298,378183.186267923,416261.504129069,516475.745626687,627310.358062236
579513020,2100,No mitigation,90th-percentile,52909.8383308762,60058.2964296197,66531.9355822551,77601.4234443977,82704.6579846708,95513.1542112428,101219.488849556,112885.02467069,119688.941110607,125904.893709656,260131.750050039,454534.956280773,695068.369856031,951066.113283283,978799.792458308,994287.212217582,1013942.28649569,1030248.39529226,1065788.62020548,1103970.44874939,1153129.18193897,1290088.62449592,1416339.92647445
579513020,2100,Raise Utilities,50th-percentile,0,0,0,0,0,0,0,0,0,0,0,0,76006.9707390508,329579.529546613,331102.618,331102.618,331102.618,331102.618,331102.618,334540.155602244,362621.00228912,468599.670652389,576660.453686978
579513020,2100,Raise Utilities,90th-percentile,0,6914.89739588462,10104.3719442181,13056.1783855318,15310.8616129571,21827.0648232887,30338.0779346953,37725.3309455589,45593.5455127475,50932.1772247667,168734.746140698,355745.761824537,587566.920484645,813389.085976515,831911.644512147,865916.019155184,889509.905543872,911154.152874609,936411.836286382,975628.280749263,1025492.75477287,1143188.74195372,1249365.72156619
579513020,2100,WFP B,50th-percentile,0,0,0,0,0,0,0,0,0,0,0,0,0,0,0,0,0,0,0,0,0,0,0
579513020,2100,WFP B,90th-percentile,0,0,0,0,0,0,0,0,0,0,0,0,0,0,0,0,0,0,0,0,0,0,0
579513020,2100,Elevate,50th-percentile,0,0,0,0,0,0,0,0,0,0,654.979450339188,20924.1681953159,110485.454478802,351102.618,351102.618,352565.062298447,357973.548041607,361037.330249724,367524.206474298,378183.186267923,416261.504129069,516475.745626687,627310.358062236
579513020,2100,Elevate,90th-percentile,52909.8383308762,60058.2964296197,66531.9355822551,77601.4234443977,82704.6579846708,95513.1542112428,101219.488849556,112885.02467069,119688.941110607,125904.893709656,260131.750050039,454534.956280773,695068.369856031,951066.113283283,978799.792458308,994287.212217582,1013942.28649569,1030248.39529226,1065788.62020548,1103970.44874939,1153129.18193897,1290088.62449592,1416339.92647445
579513020,2100,WFP 1st,50th-percentile,0,0,0,0,0,0,0,0,0,0,0,0,0,0,0,0,0,0,0,0,0,0,0
579513020,2100,WFP 1st,90th-percentile,0,0,0,0,0,0,0,0,0,0,0,0,0,0,0,0,0,0,0,0,0,0,0
579513021,Potential,No mitigation,50th-percentile,0,0,0,0,0,0,0,0,0,0,0,0,0,0,0,0,0,0,0,0,0,0,3525.35322190705
579513021,Potential,No mitigation,90th-percentile,0,0,0,0,0,0,0,0,0,0,0,0,0,0,0,0,0,0,0,0,0,4072.68428141579,16231.3662966163
579513021,Potential,Raise Utilities,50th-percentile,0,0,0,0,0,0,0,0,0,0,0,0,0,0,0,0,0,0,0,0,0,0,0
579513021,Potential,Raise Utilities,90th-percentile,0,0,0,0,0,0,0,0,0,0,0,0,0,0,0,0,0,0,0,0,0,0,1202.55572763074
579513021,Potential,WFP B,50th-percentile,0,0,0,0,0,0,0,0,0,0,0,0,0,0,0,0,0,0,0,0,0,0,0
579513021,Potential,WFP B,90th-percentile,0,0,0,0,0,0,0,0,0,0,0,0,0,0,0,0,0,0,0,0,0,0,0
579513021,Potential,Elevate,50th-percentile,0,0,0,0,0,0,0,0,0,0,0,0,0,0,0,0,0,0,0,0,0,0,0
579513021,Potential,Elevate,90th-percentile,0,0,0,0,0,0,0,0,0,0,0,0,0,0,0,0,0,0,0,0,0,0,0
579513021,Potential,WFP 1st,50th-percentile,0,0,0,0,0,0,0,0,0,0,0,0,0,0,0,0,0,0,0,0,0,0,0
579513021,Potential,WFP 1st,90th-percentile,0,0,0,0,0,0,0,0,0,0,0,0,0,0,0,0,0,0,0,0,0,0,0
579513021,2040,No mitigation,50th-percentile,0,0,0,0,0,0,0,0,0,0,0,0,14415.039768969,40153.6325364679,43100.4932667345,51740.7325341147,58932.0650077669,69948.4087834691,95147.6407079363,105781.755705732,142480.085124506,194334.71371178,225171.626918671
579513021,2040,No mitigation,90th-percentile,0,0,0,0,0,0,0,0,0,0,0,0,12557.6224087633,43238.1337116673,48611.112031045,55498.7814731676,61291.4744246562,68508.6856637132,90978.2000742731,107698.372051406,158731.363465106,205354.403617795,228541.261299982
579513021,2040,Raise Utilities,50th-percentile,0,0,0,0,0,0,0,0,0,0,0,0,0,17388.2141094669,20204.1176053862,24937.7608881456,32902.8418637414,46000.7152378094,66307.9819616514,83341.219624153,112751.029067987,171078.015273854,198964.800061629
579513021,2040,Raise Utilities,90th-percentile,0,0,0,0,0,0,0,0,0,0,0,0,0,19947.6695749502,26680.9711389053,30219.1892785509,36979.3442538145,44854.657831607,58442.5123951525,83605.8983665818,138731.363465106,182870.957904831,207597.9805
579513021,2040,WFP B,50th-percentile,0,0,0,0,0,0,0,0,0,0,0,0,0,11593.7763194669,13686.5028473047,19100.3784360876,27108.4040737414,37838.5224506458,60513.5441716514,77546.781834153,106956.591277987,163684.904906028,193170.362271629
579513021,2040,WFP B,90th-percentile,0,0,0,0,0,0,0,0,0,0,0,0,0,13901.997478702,20299.6086612019,24424.7514885509,30107.5249429597,38292.2103994487,52648.0746051525,76452.3305239628,132936.925675106,175663.440330597,201803.54271
579513021,2040,Elevate,50th-percentile,0,0,0,0,0,0,0,0,0,0,0,0,0,0,0,0,0,0,9380.35112885314,21434.6423977004,36751.175126376,85874.1639509983,120482.591722251
579513021,2040,Elevate,90th-percentile,0,0,0,0,0,0,0,0,0,0,0,0,0,0,0,0,0,0,1901.38740633517,20116.4322923102,62127.6230579829,101808.541651817,161383.353085821
579513021,2040,WFP 1st,50th-percentile,0,0,0,0,0,0,0,0,0,0,0,0,0,0,0,0,0,0,0,0,0,0,0
579513021,2040,WFP 1st,90th-percentile,0,0,0,0,0,0,0,0,0,0,0,0,0,0,0,0,0,0,0,0,0,0,0
579513021,2055,No mitigation,50th-percentile,0,0,0,0,0,0,1161.15690041871,2398.96846351728,3509.53463726995,5036.87756711538,19436.3389431267,41931.9866607449,80636.9424481957,151730.339771017,165830.441748889,175810.084363429,190541.60346648,202472.042152148,217028.449644615,241657.744938452,258715.828637065,274039.082557101,330384.024741304
579513021,2055,No mitigation,90th-percentile,0,0,0,1135.11401099067,2948.61436012621,4692.53881589931,5361.64302451927,6641.66917766098,8512.20105277477,10402.5390730544,23967.9524960647,51111.6620967334,93403.6019682261,175840.728190245,189413.045681127,204960.476101425,216207.682165401,235675.617116792,249634.125378078,259208.54783029,278262.833020283,299297.116837183,339815.747841585
579513021,2055,Raise Utilities,50th-percentile,0,0,0,0,0,0,0,0,0,0,0,4170.96212335442,33352.0906936104,97093.5757733203,104290.750576028,112748.8708905,135692.277600533,154389.912873041,171017.380618993,195397.220502361,207597.9805,215520.551639048,257116.506584407
579513021,2055,Raise Utilities,90th-percentile,0,0,0,0,0,0,0,0,0,0,0,9379.82562214005,40789.6427179079,107608.156405667,115717.703610621,138122.719631371,151217.948250607,175324.234814921,204696.300941906,207597.9805,213857.380602256,232874.441177819,270651.512850573
579513021,2055,WFP B,50th-percentile,0,0,0,0,0,0,0,0,0,0,0,0,26615.2160587645,86412.2812656507,93472.6239391345,102248.822290515,127390.65279497,147163.056309528,160747.858946474,182190.339910049,201803.54271,204006.599342841,242459.055146931
579513021,2055,WFP B,90th-percentile,0,0,0,0,0,0,0,0,0,0,0,3059.40364608768,31644.5210352716,95710.6252336471,102160.44734069,119828.240242965,140608.409172809,168527.153574641,193824.366155202,201803.54271,202476.085725456,219824.455354771,257773.489682909
579513021,2055,Elevate,50th-percentile,0,0,0,0,0,0,0,0,0,0,0,0,0,20610.7966422415,25546.8660819485,32755.0555943695,43647.968673063,69681.6395101216,82724.18030467,101292.326719158,128859.48688111,162212.39604591,201803.54271
579513021,2055,Elevate,90th-percentile,0,0,0,0,0,0,0,0,0,0,0,0,0,22184.9954656003,27399.3712281753,37081.3193380781,60172.3135457219,77954.9568634085,101808.541651817,124039.429018675,146480.457429089,172760.169705103,201803.54271
579513021,2055,WFP 1st,50th-percentile,0,0,0,0,0,0,0,0,0,0,0,0,0,0,0,0,0,0,0,0,0,0,0
579513021,2055,WFP 1st,90th-percentile,0,0,0,0,0,0,0,0,0,0,0,0,0,0,0,0,0,0,0,0,0,0,0
579513021,2100,No mitigation,50th-percentile,1732383.4885051,1769452.44196507,1798919.62754364,1814981.49702196,1841819.41452142,1858365.7114596,1872439.20479383,1891720.41778036,1900341.1620612,1910942.96733335,2052025.88005991,2241725.39642943,2402240.23425313,2597370.90729555,2611422.54247889,2633622.70795464,2649490.04198915,2674543.66131472,2696096.239061,2710726.78109276,2740720.46175229,2774467.02727894,2852336.0809133
579513021,2100,No mitigation,90th-percentile,3383299.34474857,3445061.29511815,3477383.37258961,3500730.01857064,3535962.63679811,3565877.58155594,3584293.23018424,3607593.44465997,3618307.14449167,3630404.20950403,3778345.36587829,3962569.30198099,4148539.57410277,4321047.35683451,4337732.00351598,4352325.39887207,4368087.11110123,4406414.74579693,4434928.78306591,4466851.90599873,4499829.06689991,4558253.17291333,4620551.57331415
579513021,2100,Raise Utilities,50th-percentile,1122095.76777088,1146006.80571378,1190981.33649566,1211265.07462459,1224675.92284518,1233933.08608485,1248096.52199309,1255566.90306908,1268695.66216923,1276638.41412958,1414960.7610414,1594363.86229422,1749680.52410557,1915983.77285764,1932005.01850399,1954294.69282672,1982047.40907096,1995741.92720409,2014958.08826997,2034137.34778723,2063893.48105731,2103241.43394684,2175627.34768307
579513021,2100,Raise Utilities,90th-percentile,2651537.89114995,2707839.29851963,2737637.58219028,2774513.91086815,2798428.33334163,2823223.95761441,2837808.49599121,2849913.36652354,2863862.33299597,2878212.93021989,3018269.57492368,3197223.71134527,3368927.05010458,3528867.16208994,3544814.53010631,3567994.65837606,3588578.10071616,3619267.26874935,3646607.41613358,3674096.45225659,3701493.84731223,3756094.05610466,3838688.2695657
579513021,2100,WFP B,50th-percentile,985861.880928766,1014552.01625106,1043541.88004902,1065130.25616823,1081295.60850234,1089812.92101644,1103445.7659173,1111432.38095517,1124833.88679295,1136956.40389642,1267816.29529195,1444016.78187973,1591897.39615667,1758937.34262748,1770829.15809993,1787272.15105176,1815201.09446675,1836473.25300761,1851047.45052793,1870731.99463204,1903244.7287486,1939110.68352921,2013413.92999092
579513021,2100,WFP B,90th-percentile,2470897.63825023,2526136.08919495,2554104.32477984,2586606.09154076,2610946.65775164,2638261.90464514,2651761.85228395,2669402.8004592,2678216.70089797,2688385.98762835,2831108.74685158,3002257.87621024,3170046.3576535,3334330.13904851,3347960.4387115,3362807.11645933,3394621.84615027,3413767.17879885,3448418.36280749,3473876.89920366,3497288.96996342,3547068.6279378,3643491.60788004
579513021,2100,Elevate,50th-percentile,163966.705358737,187918.721448273,200788.690131465,211261.021766472,227619.748528702,238528.354829017,247564.534963459,256264.053949927,259498.694449048,264335.379684174,342419.44333477,443374.242526178,573235.696058252,684075.716354101,695436.025274209,710319.104742982,723060.534104851,746100.499213516,755549.076605641,778740.45027803,796147.399378184,824061.140397183,887517.211090472
579513021,2100,Elevate,90th-percentile,1036008.44267742,1070206.57871118,1105136.3566486,1127182.15664054,1139269.96621612,1156165.49423706,1164079.36913008,1188402.27446095,1194449.08626361,1208245.85352622,1318293.91571546,1474166.18984736,1637823.45679429,1780542.75983037,1803023.66933907,1821502.41664634,1845758.10056315,1863124.92037119,1893711.04981273,1914840.55044188,1946421.64873093,1984836.56045827,2070793.27077504
579513021,2100,WFP 1st,50th-percentile,0,0,0,0,0,0,0,0,0,0,0,0,0,0,0,0,0,0,0,0,0,0,0
579513021,2100,WFP 1st,90th-percentile,0,0,0,0,0,0,0,0,0,0,0,0,0,0,0,0,0,0,0,0,0,0,0
579513022,Potential,No mitigation,50th-percentile,0,0,0,0,0,0,0,0,0,0,0,0,0,0,0,0,0,0,0,0,0,0,0
579513022,Potential,No mitigation,90th-percentile,0,0,0,0,0,0,0,0,0,0,0,0,0,0,0,0,0,0,0,0,0,0,0
579513022,Potential,Raise Utilities,50th-percentile,0,0,0,0,0,0,0,0,0,0,0,0,0,0,0,0,0,0,0,0,0,0,0
579513022,Potential,Raise Utilities,90th-percentile,0,0,0,0,0,0,0,0,0,0,0,0,0,0,0,0,0,0,0,0,0,0,0
579513022,Potential,WFP B,50th-percentile,0,0,0,0,0,0,0,0,0,0,0,0,0,0,0,0,0,0,0,0,0,0,0
579513022,Potential,WFP B,90th-percentile,0,0,0,0,0,0,0,0,0,0,0,0,0,0,0,0,0,0,0,0,0,0,0
579513022,Potential,Elevate,50th-percentile,0,0,0,0,0,0,0,0,0,0,0,0,0,0,0,0,0,0,0,0,0,0,0
579513022,Potential,Elevate,90th-percentile,0,0,0,0,0,0,0,0,0,0,0,0,0,0,0,0,0,0,0,0,0,0,0
579513022,Potential,WFP 1st,50th-percentile,0,0,0,0,0,0,0,0,0,0,0,0,0,0,0,0,0,0,0,0,0,0,0
579513022,Potential,WFP 1st,90th-percentile,0,0,0,0,0,0,0,0,0,0,0,0,0,0,0,0,0,0,0,0,0,0,0
579513022,2040,No mitigation,50th-percentile,0,0,0,0,0,0,0,0,0,0,0,0,0,0,0,0,0,0,0,0,0,23667.3466492157,44473.4047962995
579513022,2040,No mitigation,90th-percentile,0,0,0,0,0,0,0,0,0,0,0,0,0,0,0,0,0,0,0,0,9527.79750482617,32087.8309770086,73289.1759080591
579513022,2040,Raise Utilities,50th-percentile,0,0,0,0,0,0,0,0,0,0,0,0,0,0,0,0,0,0,0,0,0,3667.34664921573,24473.4047962995
579513022,2040,Raise Utilities,90th-percentile,0,0,0,0,0,0,0,0,0,0,0,0,0,0,0,0,0,0,0,0,0,12087.8309770086,53289.1759080591
579513022,2040,WFP B,50th-percentile,0,0,0,0,0,0,0,0,0,0,0,0,0,0,0,0,0,0,0,0,0,0,14720.0572862995
579513022,2040,WFP B,90th-percentile,0,0,0,0,0,0,0,0,0,0,0,0,0,0,0,0,0,0,0,0,0,2334.48346700857,43535.8283980591
579513022,2040,Elevate,50th-percentile,0,0,0,0,0,0,0,0,0,0,0,0,0,0,0,0,0,0,0,0,0,23667.3466492157,44473.4047962995
579513022,2040,Elevate,90th-percentile,0,0,0,0,0,0,0,0,0,0,0,0,0,0,0,0,0,0,0,0,9527.79750482617,32087.8309770086,73289.1759080591
579513022,2040,WFP 1st,50th-percentile,0,0,0,0,0,0,0,0,0,0,0,0,0,0,0,0,0,0,0,0,0,0,0
579513022,2040,WFP 1st,90th-percentile,0,0,0,0,0,0,0,0,0,0,0,0,0,0,0,0,0,0,0,0,0,0,0
579513022,2055,No mitigation,50th-percentile,0,0,0,0,0,0,0,0,0,0,0,0,0,0,0,0,0,10726.3833456206,21185.4424897233,31745.4511434449,46033.8991290576,74117.235419618,197042.761131865
579513022,2055,No mitigation,90th-percentile,0,0,0,0,0,0,0,0,0,0,0,0,0,0,0,0,7186.63351900998,16168.5322927074,30992.0370809646,45165.9190594087,59310.6280258712,84396.3999946789,167614.133098165
579513022,2055,Raise Utilities,50th-percentile,0,0,0,0,0,0,0,0,0,0,0,0,0,0,0,0,0,0,1185.44248972331,11745.4511434449,26033.8991290576,54117.235419618,158358.764784147
579513022,2055,Raise Utilities,90th-percentile,0,0,0,0,0,0,0,0,0,0,0,0,0,0,0,0,0,0,10992.0370809646,25165.9190594087,39310.6280258712,64396.3999946789,147614.133098165
579513022,2055,WFP B,50th-percentile,0,0,0,0,0,0,0,0,0,0,0,0,0,0,0,0,0,0,0,1992.10363344489,16280.5516190576,44363.887909618,144841.894107579
579513022,2055,WFP B,90th-percentile,0,0,0,0,0,0,0,0,0,0,0,0,0,0,0,0,0,0,1238.68957096457,15412.5715494087,29557.2805158712,54643.0524846789,134845.724461073
579513022,2055,Elevate,50th-percentile,0,0,0,0,0,0,0,0,0,0,0,0,0,0,0,0,0,10726.3833456206,21185.4424897233,31745.4511434449,46033.8991290576,74117.235419618,197042.761131865
579513022,2055,Elevate,90th-percentile,0,0,0,0,0,0,0,0,0,0,0,0,0,0,0,0,7186.63351900998,16168.5322927074,30992.0370809646,45165.9190594087,59310.6280258712,84396.3999946789,167614.133098165
579513022,2055,WFP 1st,50th-percentile,0,0,0,0,0,0,0,0,0,0,0,0,0,0,0,0,0,0,0,0,0,0,0
579513022,2055,WFP 1st,90th-percentile,0,0,0,0,0,0,0,0,0,0,0,0,0,0,0,0,0,0,0,0,0,0,0
579513022,2100,No mitigation,50th-percentile,0,0,1068.79627418969,5731.8316321798,7236.59528670061,12316.0452160117,16166.6167782644,18365.0860035412,20078.2079162192,21022.1459764451,43862.6015000741,82846.1168767078,150704.183395997,258017.444455562,271589.589210188,288239.789009966,304248.46348279,314334.242894399,328442.671996207,348419.259093117,368883.039494869,390142.50007464,444269.380389213
579513022,2100,No mitigation,90th-percentile,227493.679629254,238452.540755691,251210.640215789,265836.910821772,274419.564926781,280485.932749487,285909.047466683,290074.356282588,294982.52497313,300809.071843801,375124.454898646,482948.758002367,604246.240041151,745504.811910376,760258.459441499,772572.190234477,779154.267489811,792388.352885895,813456.012168364,838809.735605683,873393.30576514,905537.695273007,1012194.05631644
579513022,2100,Raise Utilities,50th-percentile,0,0,0,0,0,0,0,0,0,0,6650.27907314397,30605.3949583019,79917.2346582336,190581.848915677,217729.664204637,232471.204633992,242529.5369,252113.231803708,257169.814734038,265222.422874508,278243.521167762,312586.979619332,361718.402546976
579513022,2100,Raise Utilities,90th-percentile,73720.4342672041,86220.6452086175,90969.6263924712,100836.348094811,108323.728031201,112759.684470386,116010.120553378,121943.485940894,125374.354399956,131750.821827171,186258.937361995,280577.430068644,398473.151618478,519713.25653032,534204.746670977,548470.183415668,565915.54579636,580554.158475786,593472.412866015,610338.808917753,633633.594961993,690958.599551816,777676.360094313
579513022,2100,WFP B,50th-percentile,0,0,0,0,0,0,0,0,0,0,0,15870.9648341639,59734.7510361097,169234.365296026,189997.095456097,214519.520305742,232776.18939,232776.18939,233864.583949992,240298.266600712,251074.78506447,283339.240538534,319765.398312067
579513022,2100,WFP B,90th-percentile,35583.3001157405,44966.6248635315,50895.8068085901,57303.2966454904,61312.8495395331,64885.7495107672,71905.322241464,75193.1966867338,79448.5394207322,84788.4775465624,130484.056058549,215970.413428393,325916.781101899,440572.448687873,454607.781675442,472122.28949322,485424.603822511,501556.647803292,515857.423888193,537823.672354388,560277.920365216,597945.087471156,697347.319135932
579513022,2100,Elevate,50th-percentile,0,0,1068.79627418969,5731.8316321798,7236.59528670061,12316.0452160117,16166.6167782644,18365.0860035412,20078.2079162192,21022.1459764451,43862.6015000741,82846.1168767078,150704.183395997,258017.444455562,271589.589210188,288239.789009966,304248.46348279,314334.242894399,328442.671996207,348419.259093117,368883.039494869,390142.50007464,444269.380389213
579513022,2100,Elevate,90th-percentile,227493.679629254,238452.540755691,251210.640215789,265836.910821772,274419.564926781,280485.932749487,285909.047466683,290074.356282588,294982.52497313,300809.071843801,375124.454898646,482948.758002367,604246.240041151,745504.811910376,760258.459441499,772572.190234477,779154.267489811,792388.352885895,813456.012168364,838809.735605683,873393.30576514,905537.695273007,1012194.05631644
579513022,2100,WFP 1st,50th-percentile,0,0,0,0,0,0,0,0,0,0,0,0,0,0,0,0,0,0,0,0,0,0,0
579513022,2100,WFP 1st,90th-percentile,0,0,0,0,0,0,0,0,0,0,0,0,0,0,0,0,0,0,0,0,0,0,0
579513023,Potential,No mitigation,50th-percentile,0,0,0,0,0,0,0,0,0,0,0,0,0,0,0,0,0,0,0,0,0,0,0
579513023,Potential,No mitigation,90th-percentile,0,0,0,0,0,0,0,0,0,0,0,0,0,0,0,0,0,0,0,0,0,0,0
579513023,Potential,Raise Utilities,50th-percentile,0,0,0,0,0,0,0,0,0,0,0,0,0,0,0,0,0,0,0,0,0,0,0
579513023,Potential,Raise Utilities,90th-percentile,0,0,0,0,0,0,0,0,0,0,0,0,0,0,0,0,0,0,0,0,0,0,0
579513023,Potential,WFP B,50th-percentile,0,0,0,0,0,0,0,0,0,0,0,0,0,0,0,0,0,0,0,0,0,0,0
579513023,Potential,WFP B,90th-percentile,0,0,0,0,0,0,0,0,0,0,0,0,0,0,0,0,0,0,0,0,0,0,0
579513023,Potential,Elevate,50th-percentile,0,0,0,0,0,0,0,0,0,0,0,0,0,0,0,0,0,0,0,0,0,0,0
579513023,Potential,Elevate,90th-percentile,0,0,0,0,0,0,0,0,0,0,0,0,0,0,0,0,0,0,0,0,0,0,0
579513023,Potential,WFP 1st,50th-percentile,0,0,0,0,0,0,0,0,0,0,0,0,0,0,0,0,0,0,0,0,0,0,0
579513023,Potential,WFP 1st,90th-percentile,0,0,0,0,0,0,0,0,0,0,0,0,0,0,0,0,0,0,0,0,0,0,0
579513023,2040,No mitigation,50th-percentile,0,0,0,0,0,0,0,0,0,0,0,0,0,0,0,0,0,0,9337.21008878451,23641.4398639253,41370.2611796527,96644.6427455234,141324.562194823
579513023,2040,No mitigation,90th-percentile,0,0,0,0,0,0,0,0,0,0,0,0,0,0,0,0,0,0,1312.60791577677,22077.185291104,69922.2699268355,116965.329737913,200610.293616821
579513023,2040,Raise Utilities,50th-percentile,0,0,0,0,0,0,0,0,0,0,0,0,0,0,0,0,0,0,0,3641.43986392533,21370.2611796527,76644.6427455234,121324.562194823
579513023,2040,Raise Utilities,90th-percentile,0,0,0,0,0,0,0,0,0,0,0,0,0,0,0,0,0,0,0,2077.18529110401,49922.2699268355,96965.3297379132,180610.293616821
579513023,2040,WFP B,50th-percentile,0,0,0,0,0,0,0,0,0,0,0,0,0,0,0,0,0,0,0,0,751.842758748495,55232.4928055234,99912.4122548227
579513023,2040,WFP B,90th-percentile,0,0,0,0,0,0,0,0,0,0,0,0,0,0,0,0,0,0,0,0,28510.1199868355,75553.1797979132,159198.143676821
579513023,2040,Elevate,50th-percentile,0,0,0,0,0,0,0,0,0,0,0,0,0,0,0,0,0,0,9337.21008878451,23641.4398639253,41370.2611796527,96644.6427455234,141324.562194823
579513023,2040,Elevate,90th-percentile,0,0,0,0,0,0,0,0,0,0,0,0,0,0,0,0,0,0,1312.60791577677,22077.185291104,69922.2699268355,116965.329737913,200610.293616821
579513023,2040,WFP 1st,50th-percentile,0,0,0,0,0,0,0,0,0,0,0,0,0,0,0,0,0,0,0,0,0,0,0
579513023,2040,WFP 1st,90th-percentile,0,0,0,0,0,0,0,0,0,0,0,0,0,0,0,0,0,0,0,0,0,0,0
579513023,2055,No mitigation,50th-percentile,0,0,0,0,0,0,0,0,0,0,0,0,0,22663.8229536874,28521.2118185221,37074.8129178167,48926.1023242449,78375.1154687296,93323.6149401215,116291.956822292,151274.000893997,202030.02921096,365401.323
579513023,2055,No mitigation,90th-percentile,0,0,0,0,0,0,0,0,0,0,0,0,0,24531.8466457376,30719.487824988,41526.4125031874,67631.2817239735,87904.9305523525,116965.329737913,145043.774301853,174144.802625287,220093.085558796,344422.277554049
579513023,2055,Raise Utilities,50th-percentile,0,0,0,0,0,0,0,0,0,0,0,0,0,2663.82295368739,8521.21181852208,17074.8129178167,28926.1023242449,55279.5341315628,71874.6535322148,96291.9568222921,124567.163899283,182030.02921096,345401.323
579513023,2055,Raise Utilities,90th-percentile,0,0,0,0,0,0,0,0,0,0,0,0,0,3538.45043246086,10719.487824988,21526.4125031874,45513.6496637962,64471.2550655277,96965.3297379132,124230.802163136,150505.557353986,199638.692660002,324422.277554049
579513023,2055,WFP B,50th-percentile,0,0,0,0,0,0,0,0,0,0,0,0,0,0,0,0,5056.86766396706,30767.1638576329,50462.5035922148,74879.8068822921,102981.502533074,160617.87927096,323989.17306
579513023,2055,WFP B,90th-percentile,0,0,0,0,0,0,0,0,0,0,0,0,0,0,0,0,24101.4997237962,41015.2149416071,73398.0355447641,101274.409378325,129093.407413986,178226.542720002,303010.127614049
579513023,2055,Elevate,50th-percentile,0,0,0,0,0,0,0,0,0,0,0,0,0,22663.8229536874,28521.2118185221,37074.8129178167,48926.1023242449,78375.1154687296,93323.6149401215,116291.956822292,151274.000893997,202030.02921096,365401.323
579513023,2055,Elevate,90th-percentile,0,0,0,0,0,0,0,0,0,0,0,0,0,24531.8466457376,30719.487824988,41526.4125031874,67631.2817239735,87904.9305523525,116965.329737913,145043.774301853,174144.802625287,220093.085558796,344422.277554049
579513023,2055,WFP 1st,50th-percentile,0,0,0,0,0,0,0,0,0,0,0,0,0,0,0,0,0,0,0,0,0,0,0
579513023,2055,WFP 1st,90th-percentile,0,0,0,0,0,0,0,0,0,0,0,0,0,0,0,0,0,0,0,0,0,0,0
579513023,2100,No mitigation,50th-percentile,179498.745136814,204306.5682069,221976.339895106,233545.647018496,248801.561672039,260285.820041782,272104.440984801,282319.198848701,287685.852461112,289979.963133869,382835.621601699,507160.808934711,681997.480291806,841268.04292782,860341.443802107,882696.368307558,898220.054077799,920692.790610676,944567.293224706,967698.398829904,995056.111302385,1059601.17173856,1178159.44265918
579513023,2100,No mitigation,90th-percentile,1196735.28988627,1243929.51955548,1277135.67970971,1303719.11827785,1315346.87980411,1331999.60183029,1352356.72083704,1370340.31501659,1389742.62515032,1405753.66835975,1562714.72156321,1778988.36943195,2023105.8907709,2264184.58410585,2275141.23823392,2311472.7160747,2325320.38085916,2349941.20887263,2396796.94414246,2429684.09612842,2477215.76682321,2543035.71422872,2664531.96311432
579513023,2100,Raise Utilities,50th-percentile,56041.5673563942,72380.2903661401,88864.1080885595,101079.552517595,110682.956295871,117463.963053191,125154.774679991,131670.817362813,138118.890627982,150686.03349536,219635.54272571,328136.098725799,483801.469718451,627102.574757081,642858.216342906,662048.699401259,678187.878806555,705131.86617796,727690.90698936,750977.8959147,776524.877693395,834963.305243148,923364.768869414
579513023,2100,Raise Utilities,90th-percentile,847097.605502382,891938.416407533,919527.173334574,935316.130134372,950378.458813891,959551.61192579,974196.930499384,990819.933259822,1008083.21937077,1023924.13327151,1184211.47299953,1396008.06959667,1613589.56894963,1858203.43296983,1879667.19567526,1892565.74372641,1919002.11587497,1951438.90364543,1975399.80897776,2010960.84660332,2052059.32587913,2126092.54729204,2207250.46447331
579513023,2100,WFP B,50th-percentile,2749.76036435314,11982.1466269804,17895.5845176175,25832.4070447991,37373.6510344204,43619.0135734002,49902.2670784801,56252.2675994078,60998.6794773183,64438.6315096214,115925.231857207,207842.690088971,339927.399561863,474783.274061858,494688.907939564,511965.403029554,524297.443103825,541523.536497864,555884.180351965,595742.436633941,625533.559211566,671612.497127232,746944.525208047
579513023,2100,WFP B,90th-percentile,554257.580407472,586296.12931495,612715.866468732,631775.69143088,649299.620144889,661658.156418848,678970.499456547,689556.185618396,704692.952774305,713720.673080503,863683.082467024,1065352.9807102,1267428.80086538,1491487.18805306,1515047.18466044,1541819.26905527,1557478.11601536,1588306.28299894,1618977.44007064,1650326.63372611,1689857.9246776,1751783.30052421,1839657.33859788
579513023,2100,Elevate,50th-percentile,179498.745136814,204306.5682069,221976.339895106,233545.647018496,248801.561672039,260285.820041782,272104.440984801,282319.198848701,287685.852461112,289979.963133869,382835.621601699,507160.808934711,681997.480291806,841268.04292782,860341.443802107,882696.368307558,898220.054077799,920692.790610676,944567.293224706,967698.398829904,995056.111302385,1059601.17173856,1178159.44265918
579513023,2100,Elevate,90th-percentile,1196735.28988627,1243929.51955548,1277135.67970971,1303719.11827785,1315346.87980411,1331999.60183029,1352356.72083704,1370340.31501659,1389742.62515032,1405753.66835975,1562714.72156321,1778988.36943195,2023105.8907709,2264184.58410585,2275141.23823392,2311472.7160747,2325320.38085916,2349941.20887263,2396796.94414246,2429684.09612842,2477215.76682321,2543035.71422872,2664531.96311432
579513023,2100,WFP 1st,50th-percentile,0,0,0,0,0,0,0,0,0,0,0,0,0,0,0,0,0,0,0,0,0,0,0
579513023,2100,WFP 1st,90th-percentile,0,0,0,0,0,0,0,0,0,0,0,0,0,0,0,0,0,0,0,0,0,0,0
579513024,Potential,No mitigation,50th-percentile,0,0,0,0,0,0,0,0,0,0,0,0,0,0,0,0,0,0,0,0,0,0,0
579513024,Potential,No mitigation,90th-percentile,0,0,0,0,0,0,0,0,0,0,0,0,0,0,0,0,0,0,0,0,0,0,0
579513024,Potential,Raise Utilities,50th-percentile,0,0,0,0,0,0,0,0,0,0,0,0,0,0,0,0,0,0,0,0,0,0,0
579513024,Potential,Raise Utilities,90th-percentile,0,0,0,0,0,0,0,0,0,0,0,0,0,0,0,0,0,0,0,0,0,0,0
579513024,Potential,WFP B,50th-percentile,0,0,0,0,0,0,0,0,0,0,0,0,0,0,0,0,0,0,0,0,0,0,0
579513024,Potential,WFP B,90th-percentile,0,0,0,0,0,0,0,0,0,0,0,0,0,0,0,0,0,0,0,0,0,0,0
579513024,Potential,Elevate,50th-percentile,0,0,0,0,0,0,0,0,0,0,0,0,0,0,0,0,0,0,0,0,0,0,0
579513024,Potential,Elevate,90th-percentile,0,0,0,0,0,0,0,0,0,0,0,0,0,0,0,0,0,0,0,0,0,0,0
579513024,Potential,WFP 1st,50th-percentile,0,0,0,0,0,0,0,0,0,0,0,0,0,0,0,0,0,0,0,0,0,0,0
579513024,Potential,WFP 1st,90th-percentile,0,0,0,0,0,0,0,0,0,0,0,0,0,0,0,0,0,0,0,0,0,0,0
579513024,2040,No mitigation,50th-percentile,0,0,0,0,0,0,0,0,0,0,0,0,0,0,0,0,0,0,0,0,8798.65768269305,44254.3334639092,69560.1847686871
579513024,2040,No mitigation,90th-percentile,0,0,0,0,0,0,0,0,0,0,0,0,0,0,0,0,0,0,0,0,25678.4706014105,55905.6282120062,109807.386871097
579513024,2040,Raise Utilities,50th-percentile,0,0,0,0,0,0,0,0,0,0,0,0,0,0,0,0,0,0,0,0,0,24254.3334639092,49560.1847686871
579513024,2040,Raise Utilities,90th-percentile,0,0,0,0,0,0,0,0,0,0,0,0,0,0,0,0,0,0,0,0,5678.47060141046,35905.6282120062,89807.3868710974
579513024,2040,WFP B,50th-percentile,0,0,0,0,0,0,0,0,0,0,0,0,0,0,0,0,0,0,0,0,0,11452.5616239092,36758.4129286871
579513024,2040,WFP B,90th-percentile,0,0,0,0,0,0,0,0,0,0,0,0,0,0,0,0,0,0,0,0,0,23103.8563720062,77005.6150310974
579513024,2040,Elevate,50th-percentile,0,0,0,0,0,0,0,0,0,0,0,0,0,0,0,0,0,0,0,0,8798.65768269305,44254.3334639092,69560.1847686871
579513024,2040,Elevate,90th-percentile,0,0,0,0,0,0,0,0,0,0,0,0,0,0,0,0,0,0,0,0,25678.4706014105,55905.6282120062,109807.386871097
579513024,2040,WFP 1st,50th-percentile,0,0,0,0,0,0,0,0,0,0,0,0,0,0,0,0,0,0,0,0,0,0,0
579513024,2040,WFP 1st,90th-percentile,0,0,0,0,0,0,0,0,0,0,0,0,0,0,0,0,0,0,0,0,0,0,0
579513024,2055,No mitigation,50th-percentile,0,0,0,0,0,0,0,0,0,0,0,0,0,0,0,5551.66839079815,13333.4218166408,26999.8593717725,40552.427433855,55528.1693336795,71280.5619134131,110721.080014677,259983.300285729
579513024,2055,No mitigation,90th-percentile,0,0,0,0,0,0,0,0,0,0,0,0,0,0,682.379409944397,8679.25011970701,23097.4391098461,33379.8371427226,55286.5949532663,71189.2762470338,89526.3136820083,122053.411983681,220147.65169872
579513024,2055,Raise Utilities,50th-percentile,0,0,0,0,0,0,0,0,0,0,0,0,0,0,0,0,0,6999.85937177247,20552.427433855,35528.1693336795,51280.5619134131,90721.0800146768,229983.300285729
579513024,2055,Raise Utilities,90th-percentile,0,0,0,0,0,0,0,0,0,0,0,0,0,0,0,0,3097.43910984611,13379.8371427226,34697.5630915437,50323.6516302066,69526.3136820083,102053.411983681,200147.65169872
579513024,2055,WFP B,50th-percentile,0,0,0,0,0,0,0,0,0,0,0,0,0,0,0,0,0,0,7750.65559385503,22726.3974936795,38478.7900734131,77919.3081746768,206920.181840142
579513024,2055,WFP B,90th-percentile,0,0,0,0,0,0,0,0,0,0,0,0,0,0,0,0,0,1457.60660827542,21895.7912515437,37521.8797902066,56724.5418420083,89251.6401436805,187345.87985872
579513024,2055,Elevate,50th-percentile,0,0,0,0,0,0,0,0,0,0,0,0,0,0,0,5551.66839079815,13333.4218166408,26999.8593717725,40552.427433855,55528.1693336795,71280.5619134131,110721.080014677,259983.300285729
579513024,2055,Elevate,90th-percentile,0,0,0,0,0,0,0,0,0,0,0,0,0,0,682.379409944397,8679.25011970701,23097.4391098461,33379.8371427226,55286.5949532663,71189.2762470338,89526.3136820083,122053.411983681,220147.65169872
579513024,2055,WFP 1st,50th-percentile,0,0,0,0,0,0,0,0,0,0,0,0,0,0,0,0,0,0,0,0,0,0,0
579513024,2055,WFP 1st,90th-percentile,0,0,0,0,0,0,0,0,0,0,0,0,0,0,0,0,0,0,0,0,0,0,0
579513024,2100,No mitigation,50th-percentile,19342.5246555708,26211.8920936255,33353.9087442945,37578.4836142253,47095.2532148222,53544.4003725573,56423.0920437489,59996.4296618369,62630.8593411625,66602.9942968096,108078.391618596,171760.843073259,269601.213266966,391423.440924219,400222.842285752,406603.137504576,418564.485372263,443277.278950638,465894.541259708,481158.723504613,508328.731924467,553503.133120758,605501.013691294
579513024,2100,No mitigation,90th-percentile,450622.338265195,481637.99139876,500359.52819611,511217.748616472,517061.396259449,521045.072465918,533389.516549841,543945.305286917,551295.398047984,562413.487849673,664109.84883239,809539.010787998,961717.862450739,1130926.67415107,1147081.17782015,1160130.45473571,1170769.89590321,1191919.12563504,1211763.32065319,1244117.87455013,1273730.20207574,1317017.6748596,1427342.07278173
579513024,2100,Raise Utilities,50th-percentile,0,0,0,0,2397.91382642401,6419.37044824526,8953.55723657825,10439.5708361431,13378.7347347,14584.8951606096,41558.5562138694,83913.4640248636,161959.277835354,285591.728918185,293306.592275749,304943.069123535,321076.496004584,332951.993645441,349649.614859382,359573.421174763,391115.929845279,420501.424280392,489766.736536368
579513024,2100,Raise Utilities,90th-percentile,225619.287044782,247730.095946084,263542.280045394,272038.026768543,285114.867090608,293808.576928015,299655.094545615,306714.572434571,309296.401453789,318382.273986271,408134.400769762,535032.743060046,682306.99989627,834713.663799758,853245.84729178,869523.153409824,884074.989414556,900399.002501493,917852.920672165,942226.928998699,975569.111405511,1029904.9529487,1144926.25177295
579513024,2100,WFP B,50th-percentile,0,0,0,0,0,0,0,0,0,0,17850.1080220902,50804.11060734,117910.139294118,251895.039731882,256625.62676,266724.464294692,280345.208671644,288904.373929163,300064.273228741,309656.335717163,339134.574137509,373633.577692839,431984.67984647
579513024,2100,WFP B,90th-percentile,129547.860732923,146928.224134687,158990.942173252,169733.400789247,175929.611343206,185270.548325893,191889.715680676,201030.127621023,205073.073299778,210768.557706771,282306.406098799,408021.275188059,549777.807880838,694444.291005559,715584.946504306,722499.566823612,743300.936909385,754582.349234086,773236.668699246,788515.67387195,829059.905655977,901871.167141736,981002.599466343
579513024,2100,Elevate,50th-percentile,19342.5246555708,26211.8920936255,33353.9087442945,37578.4836142253,47095.2532148222,53544.4003725573,56423.0920437489,59996.4296618369,62630.8593411625,66602.9942968096,108078.391618596,171760.843073259,269601.213266966,391423.440924219,400222.842285752,406603.137504576,418564.485372263,443277.278950638,465894.541259708,481158.723504613,508328.731924467,553503.133120758,605501.013691294
579513024,2100,Elevate,90th-percentile,450622.338265195,481637.99139876,500359.52819611,511217.748616472,517061.396259449,521045.072465918,533389.516549841,543945.305286917,551295.398047984,562413.487849673,664109.84883239,809539.010787998,961717.862450739,1130926.67415107,1147081.17782015,1160130.45473571,1170769.89590321,1191919.12563504,1211763.32065319,1244117.87455013,1273730.20207574,1317017.6748596,1427342.07278173
579513024,2100,WFP 1st,50th-percentile,0,0,0,0,0,0,0,0,0,0,0,0,0,0,0,0,0,0,0,0,0,0,0
579513024,2100,WFP 1st,90th-percentile,0,0,0,0,0,0,0,0,0,0,0,0,0,0,0,0,0,0,0,0,0,0,0
579513025,Potential,No mitigation,50th-percentile,0,0,0,0,0,0,0,0,0,0,0,0,0,0,0,0,0,0,0,0,0,0,0
579513025,Potential,No mitigation,90th-percentile,0,0,0,0,0,0,0,0,0,0,0,0,0,0,0,0,0,0,0,0,0,0,0
579513025,Potential,Raise Utilities,50th-percentile,0,0,0,0,0,0,0,0,0,0,0,0,0,0,0,0,0,0,0,0,0,0,0
579513025,Potential,Raise Utilities,90th-percentile,0,0,0,0,0,0,0,0,0,0,0,0,0,0,0,0,0,0,0,0,0,0,0
579513025,Potential,WFP B,50th-percentile,0,0,0,0,0,0,0,0,0,0,0,0,0,0,0,0,0,0,0,0,0,0,0
579513025,Potential,WFP B,90th-percentile,0,0,0,0,0,0,0,0,0,0,0,0,0,0,0,0,0,0,0,0,0,0,0
579513025,Potential,Elevate,50th-percentile,0,0,0,0,0,0,0,0,0,0,0,0,0,0,0,0,0,0,0,0,0,0,0
579513025,Potential,Elevate,90th-percentile,0,0,0,0,0,0,0,0,0,0,0,0,0,0,0,0,0,0,0,0,0,0,0
579513025,Potential,WFP 1st,50th-percentile,0,0,0,0,0,0,0,0,0,0,0,0,0,0,0,0,0,0,0,0,0,0,0
579513025,Potential,WFP 1st,90th-percentile,0,0,0,0,0,0,0,0,0,0,0,0,0,0,0,0,0,0,0,0,0,0,0
579513025,2040,No mitigation,50th-percentile,0,0,0,0,0,0,0,0,0,0,0,0,0,0,0,2531.4513903264,8765.51560154097,16299.1856041535,31084.4618884681,44365.0987487622,63303.2685677342,111849.305999127,147821.436171896
579513025,2040,No mitigation,90th-percentile,0,0,0,0,0,0,0,0,0,0,0,0,0,0,3739.05566349141,6360.1464523609,11487.3747025388,17583.0475453131,24298.7153535333,42912.7802901481,86030.4227694699,127247.578106586,198350.939056563
579513025,2040,Raise Utilities,50th-percentile,0,0,0,0,0,0,0,0,0,0,0,0,0,0,0,0,0,0,11084.4618884681,24365.0987487622,40643.1697654761,91849.3059991266,127821.436171896
579513025,2040,Raise Utilities,90th-percentile,0,0,0,0,0,0,0,0,0,0,0,0,0,0,0,0,0,0,4298.7153535333,22912.7802901481,66030.4227694699,107247.578106586,173716.813832536
579513025,2040,WFP B,50th-percentile,0,0,0,0,0,0,0,0,0,0,0,0,0,0,0,0,0,0,2665.82212846812,15946.4589887622,32224.5300054761,83430.6662391266,119402.796411896
579513025,2040,WFP B,90th-percentile,0,0,0,0,0,0,0,0,0,0,0,0,0,0,0,0,0,0,0,14494.1405301481,57611.7830094699,98828.9383465863,165298.174072536
579513025,2040,Elevate,50th-percentile,0,0,0,0,0,0,0,0,0,0,0,0,0,0,0,2531.4513903264,8765.51560154097,16299.1856041535,31084.4618884681,44365.0987487622,63303.2685677342,111849.305999127,147821.436171896
579513025,2040,Elevate,90th-percentile,0,0,0,0,0,0,0,0,0,0,0,0,0,0,3739.05566349141,6360.1464523609,11487.3747025388,17583.0475453131,24298.7153535333,42912.7802901481,86030.4227694699,127247.578106586,198350.939056563
579513025,2040,WFP 1st,50th-percentile,0,0,0,0,0,0,0,0,0,0,0,0,0,0,0,0,0,0,0,0,0,0,0
579513025,2040,WFP 1st,90th-percentile,0,0,0,0,0,0,0,0,0,0,0,0,0,0,0,0,0,0,0,0,0,0,0
579513025,2055,No mitigation,50th-percentile,0,0,0,0,0,0,0,0,0,0,0,0,7083.07540429761,46746.1846874854,51319.2448168424,59406.2834500264,71436.1529934311,96614.3059576126,110553.798992966,129223.984915245,162172.651120135,194630.199633904,250752.7038
579513025,2055,No mitigation,90th-percentile,0,0,0,0,0,0,0,0,0,0,0,0,10066.6354386532,49826.0910615984,54034.6966157037,65443.5332832461,86030.4227694699,111167.141744,133139.140235005,158814.981450859,186190.868341843,213479.802227932,250752.7038
579513025,2055,Raise Utilities,50th-percentile,0,0,0,0,0,0,0,0,0,0,0,0,0,23457.4388902834,28895.6802836501,36837.1963130531,46020.5274005199,75656.5224366436,88722.3746283181,106678.845950698,138210.312356062,174630.199633904,230752.7038
579513025,2055,Raise Utilities,90th-percentile,0,0,0,0,0,0,0,0,0,0,0,0,0,25191.7891272783,30936.6503896609,40900.579746715,63876.189477471,83467.9533463048,107247.578106586,131740.128979403,157204.008861563,186251.053027693,230752.7038
579513025,2055,WFP B,50th-percentile,0,0,0,0,0,0,0,0,0,0,0,0,0,15038.7991302834,20477.0405236501,28418.5565530531,37601.8876405199,63553.365076698,78898.6975726037,98260.2061906976,125547.607735145,166211.559873904,222334.06404
579513025,2055,WFP B,90th-percentile,0,0,0,0,0,0,0,0,0,0,0,0,0,15850.839353086,22518.0106296609,32481.939986715,54585.6532626584,75049.3135863048,98828.9383465863,121857.412694145,146470.610414264,177716.593891756,222334.06404
579513025,2055,Elevate,50th-percentile,0,0,0,0,0,0,0,0,0,0,0,0,7083.07540429761,46746.1846874854,51319.2448168424,59406.2834500264,71436.1529934311,96614.3059576126,110553.798992966,129223.984915245,162172.651120135,194630.199633904,250752.7038
579513025,2055,Elevate,90th-percentile,0,0,0,0,0,0,0,0,0,0,0,0,10066.6354386532,49826.0910615984,54034.6966157037,65443.5332832461,86030.4227694699,111167.141744,133139.140235005,158814.981450859,186190.868341843,213479.802227932,250752.7038
579513025,2055,WFP 1st,50th-percentile,0,0,0,0,0,0,0,0,0,0,0,0,0,0,0,0,0,0,0,0,0,0,0
579513025,2055,WFP 1st,90th-percentile,0,0,0,0,0,0,0,0,0,0,0,0,0,0,0,0,0,0,0,0,0,0,0
579513025,2100,No mitigation,50th-percentile,477994.127024373,509123.112750073,524630.671719747,541707.305408146,551488.685594444,562232.174012215,571391.346039125,579280.569857747,593377.161517777,601294.857352415,697308.971485345,825304.825021639,966959.258529904,1113571.62176108,1123039.64678848,1139043.28042928,1148975.94829127,1168114.8840606,1190168.50820529,1215788.78682739,1250871.2712376,1289173.37424028,1330416.63941815
579513025,2100,No mitigation,90th-percentile,1594112.23993818,1642180.80871024,1680267.90830434,1701274.64102752,1719385.51062374,1734201.2129569,1756281.16759762,1766990.51134325,1783907.1433742,1797107.23688265,1928474.27279633,2098232.20473843,2297603.75627723,2463762.68847005,2480408.2250392,2500333.52919618,2532192.71429224,2563709.57540136,2586384.52645735,2628307.79268237,2665939.22563628,2702757.16784832,2795709.31057658
579513025,2100,Raise Utilities,50th-percentile,188568.257893457,212476.550260051,228448.974857998,238350.587809633,257809.686583748,267803.655666642,277011.227509027,285700.944090296,292346.778650388,296440.150534927,377521.742896377,487914.017554803,627983.957185413,745371.589278908,764229.380116687,776366.618175393,798644.468126021,811499.458082575,825964.753570378,845650.694509557,873211.118879095,901412.298891877,978813.379847325
579513025,2100,Raise Utilities,90th-percentile,1120214.82151328,1158437.97795252,1196655.41971733,1217514.33348148,1236737.68118575,1245481.8498819,1252852.26710356,1277917.39533546,1292973.26596227,1304101.61103,1422487.80096266,1594908.50716967,1778732.57733649,1936665.31923029,1953206.18541083,1985131.36814301,2006936.39457817,2025848.31304413,2056167.59529517,2088589.74221841,2118429.84835424,2167360.42924948,2253642.1036877
579513025,2100,WFP B,50th-percentile,119407.523945655,140125.365119865,159399.540670001,166088.103761978,175578.105227411,185705.208183773,194584.808151972,200174.416244524,209437.859016629,216197.97439178,290891.25842063,393962.280183499,524156.339086573,635521.650978804,647105.755421623,672793.41549698,686168.123752153,699268.045432092,715208.807583829,737244.707916543,748230.585612538,792646.999677857,870455.086781319
579513025,2100,WFP B,90th-percentile,958741.794254362,995346.543899158,1022191.7519083,1045755.07639798,1059725.2579848,1072922.13375361,1090217.73210611,1103563.73186287,1118743.23370763,1132744.66857035,1254400.90731006,1416939.6139878,1595617.07236434,1754311.05226018,1766518.79224565,1787533.32710497,1810044.74533068,1836327.17277522,1862795.73872158,1894067.7279063,1927067.77680962,1972608.64987768,2056832.92463397
579513025,2100,Elevate,50th-percentile,477994.127024373,509123.112750073,524630.671719747,541707.305408146,551488.685594444,562232.174012215,571391.346039125,579280.569857747,593377.161517777,601294.857352415,697308.971485345,825304.825021639,966959.258529904,1113571.62176108,1123039.64678848,1139043.28042928,1148975.94829127,1168114.8840606,1190168.50820529,1215788.78682739,1250871.2712376,1289173.37424028,1330416.63941815
579513025,2100,Elevate,90th-percentile,1594112.23993818,1642180.80871024,1680267.90830434,1701274.64102752,1719385.51062374,1734201.2129569,1756281.16759762,1766990.51134325,1783907.1433742,1797107.23688265,1928474.27279633,2098232.20473843,2297603.75627723,2463762.68847005,2480408.2250392,2500333.52919618,2532192.71429224,2563709.57540136,2586384.52645735,2628307.79268237,2665939.22563628,2702757.16784832,2795709.31057658
579513025,2100,WFP 1st,50th-percentile,0,0,0,0,0,0,0,0,0,0,0,0,0,0,0,0,0,0,0,0,0,0,0
579513025,2100,WFP 1st,90th-percentile,0,0,0,0,0,0,0,0,0,0,0,0,0,0,0,0,0,0,0,0,0,0,0
579513026,Potential,No mitigation,50th-percentile,157197.80353428,157197.80353428,157197.80353428,157197.80353428,157197.80353428,157560.536018086,158219.194594967,158473.160735476,159081.217053147,159362.12891297,167095.563257168,183233.229261642,187608.139684457,192265.717555892,192520.672362617,192725.955857389,192912.500005981,193209.91128562,193673.437898405,194242.114066268,195244.636549543,196739.821625534,198550.695064486
579513026,Potential,No mitigation,90th-percentile,157197.80353428,157197.80353428,157197.80353428,157197.80353428,157467.804088026,158195.896131248,158609.112815139,159095.133884928,159503.998455043,159965.572587974,167893.066492302,183464.254517733,186970.540990769,192076.710789692,192420.889582338,192663.161428258,192916.985631662,193165.947609349,193449.43697587,193720.975235826,195952.766284891,198661.816050351,203259.443236199
579513026,Potential,Raise Utilities,50th-percentile,137197.80353428,137197.80353428,137197.80353428,137197.80353428,137197.80353428,137560.536018086,138219.194594967,138473.160735476,139081.217053147,139362.12891297,147095.563257168,163233.229261642,167608.139684457,172265.717555892,172520.672362617,172725.955857389,172912.500005981,173209.91128562,173673.437898405,174242.114066268,175244.636549543,176739.821625534,178550.695064486
579513026,Potential,Raise Utilities,90th-percentile,137197.80353428,137197.80353428,137197.80353428,137197.80353428,137467.804088026,138195.896131248,138609.112815139,139095.133884928,139503.998455043,139965.572587974,147893.066492302,163464.254517733,166970.540990769,172076.710789692,172420.889582338,172663.161428258,172916.985631662,173165.947609349,173449.43697587,173720.975235826,175952.766284891,178661.816050351,183259.443236199
579513026,Potential,WFP B,50th-percentile,115302.81793428,115302.81793428,115302.81793428,115302.81793428,115302.81793428,115665.550418086,116324.208994967,116578.175135476,117186.231453147,117467.14331297,125200.577657168,141338.243661642,145713.154084457,150370.731955892,150625.686762617,150830.970257389,151017.514405981,151314.92568562,151778.452298405,152347.128466268,153349.650949542,154844.836025534,156655.709464486
579513026,Potential,WFP B,90th-percentile,115302.81793428,115302.81793428,115302.81793428,115302.81793428,115572.818488026,116300.910531248,116714.127215139,117200.148284928,117609.012855043,118070.586987974,125998.080892302,141569.268917733,145075.555390769,150181.725189692,150525.903982338,150768.175828258,151022.000031662,151270.962009349,151554.45137587,151825.989635826,154057.780684891,156766.830450351,161364.457636199
579513026,Potential,Elevate,50th-percentile,0,0,0,0,0,0,0,0,0,0,0,0,0,0,0,0,0,0,0,0,0,0,0
579513026,Potential,Elevate,90th-percentile,0,0,0,0,0,0,0,0,0,0,0,0,0,0,0,0,0,0,0,0,0,0,0
579513026,Potential,WFP 1st,50th-percentile,0,0,0,0,0,0,0,0,0,0,0,0,0,0,0,0,0,0,0,0,0,0,0
579513026,Potential,WFP 1st,90th-percentile,0,0,0,0,0,0,0,0,0,0,0,0,0,0,0,0,0,0,0,0,0,0,0
579513026,2040,No mitigation,50th-percentile,2877733.87730114,2887660.73489019,2892256.70326968,2897818.04029819,2902759.79001836,2905250.64064937,2906522.3432519,2909123.19274392,2911493.01141478,2913246.4096661,2933999.13192924,2959063.96300394,2979310.90368822,2999501.95409121,3002946.08893013,3005954.92234496,3007529.01339615,3010353.00435556,3013312.99033778,3016343.04828266,3021480.01982127,3029381.39404493,3037630.06713119
579513026,2040,No mitigation,90th-percentile,2882219.08328694,2888601.87637843,2895512.32754599,2901758.69591263,2906128.35060972,2908047.88910465,2910810.74468764,2913954.79518614,2916070.19723303,2917585.48206761,2938418.88208331,2959942.99921695,2979974.65994384,3002054.26604001,3004088.77815011,3005752.45953339,3007626.51102166,3010662.28137209,3014730.4787324,3017485.4522608,3021009.01795261,3026655.7376688,3033752.69841021
579513026,2040,Raise Utilities,50th-percentile,2557733.87730114,2567660.73489019,2572256.70326968,2577818.04029819,2582759.79001836,2585250.64064937,2586522.3432519,2589123.19274392,2591493.01141478,2593246.4096661,2613999.13192924,2639063.96300394,2659310.90368822,2679501.95409121,2682946.08893013,2685954.92234496,2687529.01339615,2690353.00435556,2693312.99033778,2696343.04828266,2701480.01982127,2709381.39404493,2717630.06713119
579513026,2040,Raise Utilities,90th-percentile,2562219.08328694,2568601.87637843,2575512.32754599,2581758.69591263,2586128.35060972,2588047.88910465,2590810.74468764,2593954.79518614,2596070.19723303,2597585.48206761,2618418.88208331,2639942.99921695,2659974.65994384,2682054.26604001,2684088.77815011,2685752.45953339,2687626.51102166,2690662.28137209,2694730.4787324,2697485.4522608,2701009.01795261,2706655.7376688,2713752.69841021
579513026,2040,WFP B,50th-percentile,2207414.10770114,2217340.96529019,2221936.93366968,2227498.27069819,2232440.02041836,2234930.87104937,2236202.5736519,2238803.42314392,2241173.24181478,2242926.6400661,2263679.36232924,2288744.19340394,2308991.13408821,2329182.18449121,2332626.31933013,2335635.15274496,2337209.24379615,2340033.23475556,2342993.22073778,2346023.27868266,2351160.25022127,2359061.62444493,2367310.29753119
579513026,2040,WFP B,90th-percentile,2211899.31368694,2218282.10677843,2225192.55794599,2231438.92631263,2235808.58100971,2237728.11950465,2240490.97508764,2243635.02558614,2245750.42763303,2247265.71246761,2268099.11248332,2289623.22961695,2309654.89034384,2331734.49644001,2333769.00855011,2335432.68993339,2337306.74142166,2340342.51177209,2344410.7091324,2347165.6826608,2350689.24835261,2356335.9680688,2363432.92881021
579513026,2040,Elevate,50th-percentile,0,0,0,0,0,0,0,0,0,0,0,0,0,0,0,0,0,0,7741.9232603307,17690.7403865932,29737.4287983149,55041.0498574515,83409.812749705
579513026,2040,Elevate,90th-percentile,0,0,0,0,0,0,0,0,0,0,0,0,0,0,0,0,0,0,1569.27978343235,16602.7766913396,42538.1958285103,68102.5672952828,114424.393210298
579513026,2040,WFP 1st,50th-percentile,0,0,0,0,0,0,0,0,0,0,0,0,0,0,0,0,0,0,0,0,171.588555137685,2763.38553202307,4256.47831582587
579513026,2040,WFP 1st,90th-percentile,0,0,0,0,0,0,0,0,0,0,0,0,0,0,0,0,0,0,0,0,1519.03771621089,3450.8338182247,6899.9969015243
579513026,2055,No mitigation,50th-percentile,5752849.21224476,5757501.35795559,5763005.96053861,5768323.78051883,5772602.66335607,5777235.46515815,5780624.85208917,5785316.39743237,5787804.0904476,5789966.16166431,5812407.11411336,5839734.83698916,5869908.3468433,5893206.87743539,5896213.78526544,5898546.04198005,5902230.52956581,5906282.46735943,5909598.9177211,5913513.69180025,5922826.35809394,5932408.46515973,5946731.39336373
579513026,2055,No mitigation,90th-percentile,5758236.831337,5772579.24219684,5780381.20642817,5786745.46561338,5791689.64858302,5795331.91007372,5798362.16023936,5801749.37532396,5805641.0233058,5807034.98849415,5829958.50189952,5857967.00473643,5884610.73498559,5911429.33879507,5913367.55805914,5915866.34585831,5917906.15553313,5920240.52228029,5925335.12977711,5931851.97698546,5940794.33259907,5951925.91694769,5962000.13008765
579513026,2055,Raise Utilities,50th-percentile,5132849.21224476,5137501.35795559,5143005.96053861,5148323.78051883,5152602.66335607,5157235.46515815,5160624.85208917,5165316.39743237,5167804.0904476,5169966.16166431,5192407.11411336,5219734.83698916,5249908.3468433,5273206.87743539,5276213.78526544,5278546.04198005,5282230.52956581,5286282.46735943,5289598.9177211,5293513.69180025,5302826.35809394,5312408.46515973,5326731.39336373
579513026,2055,Raise Utilities,90th-percentile,5138236.831337,5152579.24219684,5160381.20642817,5166745.46561338,5171689.64858302,5175331.91007372,5178362.16023936,5181749.37532396,5185641.0233058,5187034.98849415,5209958.50189952,5237967.00473643,5264610.73498559,5291429.33879507,5293367.55805914,5295866.34585831,5297906.15553313,5300240.52228029,5305335.12977711,5311851.97698546,5320794.33259907,5331925.91694769,5342000.13008765
579513026,2055,WFP B,50th-percentile,4454104.65864476,4458756.80435559,4464261.40693861,4469579.22691882,4473858.10975607,4478490.91155815,4481880.29848917,4486571.84383237,4489059.5368476,4491221.60806431,4513662.56051336,4540990.28338915,4571163.7932433,4594462.32383539,4597469.23166544,4599801.48838005,4603485.97596581,4607537.91375943,4610854.3641211,4614769.13820025,4624081.80449394,4633663.91155973,4647986.83976373
579513026,2055,WFP B,90th-percentile,4459492.277737,4473834.68859684,4481636.65282817,4488000.91201339,4492945.09498302,4496587.35647372,4499617.60663936,4503004.82172396,4506896.4697058,4508290.43489415,4531213.94829952,4559222.45113643,4585866.1813856,4612684.78519507,4614623.00445914,4617121.79225831,4619161.60193313,4621495.96868029,4626590.57617711,4633107.42338546,4642049.77899907,4653181.36334769,4663255.57648765
579513026,2055,Elevate,50th-percentile,0,0,0,0,0,0,0,0,0,0,0,0,0,17010.7924262772,21084.6986463045,27033.8629456484,33216.4124482108,47384.079447987,53635.713372716,67679.4224149995,90280.6284236148,114977.588773125,152891.881004265
579513026,2055,Elevate,90th-percentile,0,0,0,0,0,0,0,0,0,0,0,0,0,18310.032328871,22613.6342356495,29903.9650744618,41964.3356337964,54664.9763952614,68102.5672952828,86325.3763972505,104560.516400186,122015.802553187,145656.63934346
579513026,2055,WFP 1st,50th-percentile,0,0,0,0,0,0,0,0,0,0,0,0,0,0,0,0,422.967324221288,1624.51899130853,2544.96611932595,3428.56303505188,4357.98380043783,6976.29973777624,14136.1964609484
579513026,2055,WFP 1st,90th-percentile,0,0,0,0,0,0,0,0,0,0,0,0,0,0,0,162.056718419728,1313.00411058037,2103.45407519831,3379.55570582286,4301.52429542472,5232.02080291822,7922.66677211347,12677.4847217819
579513026,2100,No mitigation,50th-percentile,15159976.1854447,15168170.6462889,15183323.6075117,15189075.7956579,15191620.2348808,15198124.7438454,15202290.8355467,15208450.6453872,15214418.2843868,15218301.9817382,15256560.1186813,15301930.954344,15345612.3744804,15393267.2817374,15397607.5461443,15402636.3713363,15408729.4736579,15415860.9509351,15425129.4894706,15431227.2774164,15442814.1076158,15460799.8182209,15477327.4642559
579513026,2100,No mitigation,90th-percentile,15507589.7912975,15525050.787781,15533481.1781005,15537628.6562161,15545217.9360191,15550551.9322993,15556003.8689008,15558538.7356973,15561781.4847491,15565497.3054741,15607048.5630411,15648067.0069718,15692398.4387465,15731624.8755026,15737029.5034628,15742216.9701583,15746579.3810931,15751285.4350014,15759319.3427085,15766574.1537475,15776203.3265617,15789239.4143411,15800440.777355
579513026,2100,Raise Utilities,50th-percentile,13639976.1854447,13648170.6462889,13663323.6075117,13669075.7956579,13671620.2348808,13678124.7438454,13682290.8355467,13688450.6453872,13694418.2843868,13698301.9817382,13736560.1186813,13781930.954344,13825612.3744804,13873267.2817374,13877607.5461443,13882636.3713363,13888729.4736579,13895860.9509351,13905129.4894706,13911227.2774164,13922814.1076158,13940799.8182209,13957327.4642559
579513026,2100,Raise Utilities,90th-percentile,13987589.7912975,14005050.787781,14013481.1781005,14017628.6562161,14025217.9360191,14030551.9322993,14036003.8689008,14038538.7356973,14041781.4847491,14045497.3054741,14087048.5630411,14128067.0069718,14172398.4387465,14211624.8755026,14217029.5034628,14222216.9701583,14226579.3810931,14231285.4350014,14239319.3427085,14246574.1537475,14256203.3265617,14269239.4143411,14280440.777355
579513026,2100,WFP B,50th-percentile,11975957.2798447,11984151.7406889,11999304.7019117,12005056.8900579,12007601.3292808,12014105.8382454,12018271.9299467,12024431.7397872,12030399.3787868,12034283.0761382,12072541.2130813,12117912.048744,12161593.4688804,12209248.3761374,12213588.6405443,12218617.4657363,12224710.5680579,12231842.0453351,12241110.5838706,12247208.3718164,12258795.2020158,12276780.9126209,12293308.5586559
579513026,2100,WFP B,90th-percentile,12323570.8856975,12341031.882181,12349462.2725005,12353609.7506161,12361199.0304191,12366533.0266993,12371984.9633008,12374519.8300973,12377762.5791491,12381478.3998741,12423029.6574411,12464048.1013718,12508379.5331465,12547605.9699026,12553010.5978628,12558198.0645583,12562560.4754931,12567266.5294014,12575300.4371085,12582555.2481475,12592184.4209617,12605220.5087411,12616421.871755
579513026,2100,Elevate,50th-percentile,130961.535772147,147153.874498608,155098.117357261,166715.809538572,173866.373852383,180187.945823373,185076.695437973,188912.140714351,194441.48679408,199791.990691454,252350.071210825,325713.830560531,418167.343612122,499401.212422566,505024.828135197,517341.804907034,526629.459572784,540604.367497517,547511.399372151,558841.841979251,582454.98549461,600332.325154229,647595.662829549
579513026,2100,Elevate,90th-percentile,732384.02727777,757528.58593857,786246.600944887,799358.222313491,808619.884714016,817702.384617461,828237.708081,837193.244627311,842999.231574752,850292.560025036,932305.426146394,1039107.21880789,1161274.54948093,1260405.45296069,1275275.27967503,1286972.63626924,1305171.14021634,1322195.3343143,1342865.6491215,1361607.39515712,1380688.19253208,1423150.6023769,1466851.19629117
579513026,2100,WFP 1st,50th-percentile,347.259954552268,877.476362185611,1229.47653940406,1651.60090695562,2111.5433340719,2546.65824127407,2823.38232629125,3121.80330674589,3233.96404041458,3450.85341610281,5915.1479571246,9901.79143018561,16017.5520726834,23510.6509065549,24397.3481919258,25153.2698977144,26332.9883108049,28246.2946528032,29860.013480647,32640.027417938,34020.7478190149,36833.9048323801,41661.0652493161
579513026,2100,WFP 1st,90th-percentile,26140.3428179709,28175.9685679137,29196.0861250516,29823.7056316422,30634.6650595308,31218.2769707734,31534.1867543313,32387.5275077318,32995.8443470614,33591.1651393815,39982.214954442,48969.2369945933,58208.7387805487,69333.3276562271,70445.6337647939,71140.3740116277,72508.0540663894,73700.7380410869,75269.7025709425,76803.0939923758,79626.6437554756,83028.2847437484,90689.0744680481
579513027,Potential,No mitigation,50th-percentile,0,0,0,0,0,0,0,0,0,0,0,0,0,0,0,0,0,0,0,0,0,0,0
579513027,Potential,No mitigation,90th-percentile,0,0,0,0,0,0,0,0,0,0,0,0,0,0,0,0,0,0,0,0,0,0,0
579513027,Potential,Raise Utilities,50th-percentile,0,0,0,0,0,0,0,0,0,0,0,0,0,0,0,0,0,0,0,0,0,0,0
579513027,Potential,Raise Utilities,90th-percentile,0,0,0,0,0,0,0,0,0,0,0,0,0,0,0,0,0,0,0,0,0,0,0
579513027,Potential,WFP B,50th-percentile,0,0,0,0,0,0,0,0,0,0,0,0,0,0,0,0,0,0,0,0,0,0,0
579513027,Potential,WFP B,90th-percentile,0,0,0,0,0,0,0,0,0,0,0,0,0,0,0,0,0,0,0,0,0,0,0
579513027,Potential,Elevate,50th-percentile,0,0,0,0,0,0,0,0,0,0,0,0,0,0,0,0,0,0,0,0,0,0,0
579513027,Potential,Elevate,90th-percentile,0,0,0,0,0,0,0,0,0,0,0,0,0,0,0,0,0,0,0,0,0,0,0
579513027,Potential,WFP 1st,50th-percentile,0,0,0,0,0,0,0,0,0,0,0,0,0,0,0,0,0,0,0,0,0,0,0
579513027,Potential,WFP 1st,90th-percentile,0,0,0,0,0,0,0,0,0,0,0,0,0,0,0,0,0,0,0,0,0,0,0
579513027,2040,No mitigation,50th-percentile,0,0,0,0,0,0,0,0,0,0,0,0,0,0,0,0,0,0,0,0,2883.50584479564,49846.5987004711,173294.959065642
579513027,2040,No mitigation,90th-percentile,0,0,0,0,0,0,0,0,0,0,0,0,0,0,0,0,0,0,0,0,20022.9827029618,106684.569312917,277993.558483201
579513027,2040,Raise Utilities,50th-percentile,0,0,0,0,0,0,0,0,0,0,0,0,0,0,0,0,0,0,0,0,0,29846.5987004711,153294.959065642
579513027,2040,Raise Utilities,90th-percentile,0,0,0,0,0,0,0,0,0,0,0,0,0,0,0,0,0,0,0,0,150.655211392503,86684.5693129173,257993.558483201
579513027,2040,WFP B,50th-percentile,0,0,0,0,0,0,0,0,0,0,0,0,0,0,0,0,0,0,0,0,0,0,0
579513027,2040,WFP B,90th-percentile,0,0,0,0,0,0,0,0,0,0,0,0,0,0,0,0,0,0,0,0,0,0,0
579513027,2040,Elevate,50th-percentile,0,0,0,0,0,0,0,0,0,0,0,0,0,0,0,0,0,0,0,0,2883.50584479564,49846.5987004711,173294.959065642
579513027,2040,Elevate,90th-percentile,0,0,0,0,0,0,0,0,0,0,0,0,0,0,0,0,0,0,0,0,20022.9827029618,106684.569312917,277993.558483201
579513027,2040,WFP 1st,50th-percentile,0,0,0,0,0,0,0,0,0,0,0,0,0,0,0,0,0,0,0,0,0,0,0
579513027,2040,WFP 1st,90th-percentile,0,0,0,0,0,0,0,0,0,0,0,0,0,0,0,0,0,0,0,0,0,0,0
579513027,2055,No mitigation,50th-percentile,0,0,0,0,0,0,0,0,0,0,0,0,0,0,0,137.979608254467,6081.0295212443,21364.6985359108,33072.7337669059,104843.229178831,181687.395074544,279206.768164845,333063.649
579513027,2055,No mitigation,90th-percentile,0,0,0,0,0,0,0,0,0,0,0,0,0,0,0,2762.26142269545,17402.2469321991,27456.725622376,100791.321283467,177019.344035451,251064.173579715,294253.93685272,333063.649
579513027,2055,Raise Utilities,50th-percentile,0,0,0,0,0,0,0,0,0,0,0,0,0,0,0,0,0,1364.69853591082,13072.7337669059,84843.229178831,161687.395074544,259206.768164845,313063.649
579513027,2055,Raise Utilities,90th-percentile,0,0,0,0,0,0,0,0,0,0,0,0,0,0,0,0,0,7456.72562237603,80791.321283467,157019.344035451,231064.173579715,274253.93685272,313063.649
579513027,2055,WFP B,50th-percentile,0,0,0,0,0,0,0,0,0,0,0,0,0,0,0,0,0,0,0,0,0,0,0
579513027,2055,WFP B,90th-percentile,0,0,0,0,0,0,0,0,0,0,0,0,0,0,0,0,0,0,0,0,0,0,0
579513027,2055,Elevate,50th-percentile,0,0,0,0,0,0,0,0,0,0,0,0,0,0,0,137.979608254467,6081.0295212443,21364.6985359108,33072.7337669059,104843.229178831,181687.395074544,279206.768164845,333063.649
579513027,2055,Elevate,90th-percentile,0,0,0,0,0,0,0,0,0,0,0,0,0,0,0,2762.26142269545,17402.2469321991,27456.725622376,100791.321283467,177019.344035451,251064.173579715,294253.93685272,333063.649
579513027,2055,WFP 1st,50th-percentile,0,0,0,0,0,0,0,0,0,0,0,0,0,0,0,0,0,0,0,0,0,0,0
579513027,2055,WFP 1st,90th-percentile,0,0,0,0,0,0,0,0,0,0,0,0,0,0,0,0,0,0,0,0,0,0,0
579513027,2100,No mitigation,50th-percentile,5704.1561574091,12563.2678512388,16691.9607776872,22802.0231370834,28070.0098414923,33795.1666235243,38515.8470827417,41793.5941161016,43801.8167585668,48882.3384628271,117334.711421305,273426.206269242,446221.69198206,623608.190933635,634149.47554199,647215.996344948,674948.366681444,712348.358536769,742039.928275953,773817.381523173,818665.607625698,856914.583152138,939174.806053544
579513027,2100,No mitigation,90th-percentile,634545.264617677,740627.42863409,783789.05355358,799399.097797491,833428.852975248,848064.886336049,870168.304324362,895830.258460055,916473.138054209,933968.066728017,1160037.66553578,1485134.8820167,1773405.36057362,2079882.59873218,2109043.45400461,2152100.0800601,2197323.78258237,2238249.34862165,2273727.0607937,2343697.75073138,2382219.01478005,2482767.22455655,2583561.74985911
579513027,2100,Raise Utilities,50th-percentile,0,0,0,0,0,0,1438.43948361752,2660.95217096792,3898.00944976837,5224.49169161557,58350.9717465758,196990.638652544,358531.011866944,522899.678624618,541093.606406521,554322.416620135,581662.044274672,626127.298,644388.743984336,670698.864589963,707522.839171975,754121.921005355,817641.296014559
579513027,2100,Raise Utilities,90th-percentile,423929.389669325,530867.611492667,562638.524628539,592461.336464842,602206.062155697,632170.032360203,663281.566646951,678678.713404884,691727.367691694,710309.153942814,929238.797106746,1238560.44852478,1526391.53913072,1824823.82451916,1850950.37896816,1876081.50652531,1934882.87652835,1969692.03077211,2007074.38519118,2050012.80386847,2122649.8467703,2196276.67409387,2310437.73012491
579513027,2100,WFP B,50th-percentile,0,0,0,0,0,0,0,0,0,0,0,0,0,0,0,0,0,0,0,0,0,0,0
579513027,2100,WFP B,90th-percentile,0,0,0,0,0,0,0,0,0,0,0,0,0,0,0,0,0,0,0,0,0,0,0
579513027,2100,Elevate,50th-percentile,5704.1561574091,12563.2678512388,16691.9607776872,22802.0231370834,28070.0098414923,33795.1666235243,38515.8470827417,41793.5941161016,43801.8167585668,48882.3384628271,117334.711421305,273426.206269242,446221.69198206,623608.190933635,634149.47554199,647215.996344948,674948.366681444,712348.358536769,742039.928275953,773817.381523173,818665.607625698,856914.583152138,939174.806053544
579513027,2100,Elevate,90th-percentile,634545.264617677,740627.42863409,783789.05355358,799399.097797491,833428.852975248,848064.886336049,870168.304324362,895830.258460055,916473.138054209,933968.066728017,1160037.66553578,1485134.8820167,1773405.36057362,2079882.59873218,2109043.45400461,2152100.0800601,2197323.78258237,2238249.34862165,2273727.0607937,2343697.75073138,2382219.01478005,2482767.22455655,2583561.74985911
579513027,2100,WFP 1st,50th-percentile,0,0,0,0,0,0,0,0,0,0,0,0,0,0,0,0,0,0,0,0,0,0,0
579513027,2100,WFP 1st,90th-percentile,0,0,0,0,0,0,0,0,0,0,0,0,0,0,0,0,0,0,0,0,0,0,0
579513028,Potential,No mitigation,50th-percentile,0,0,0,0,0,0,0,0,0,0,0,0,0,0,0,0,0,0,0,0,0,0,0
579513028,Potential,No mitigation,90th-percentile,0,0,0,0,0,0,0,0,0,0,0,0,0,0,0,0,0,0,0,0,0,0,0
579513028,Potential,Raise Utilities,50th-percentile,0,0,0,0,0,0,0,0,0,0,0,0,0,0,0,0,0,0,0,0,0,0,0
579513028,Potential,Raise Utilities,90th-percentile,0,0,0,0,0,0,0,0,0,0,0,0,0,0,0,0,0,0,0,0,0,0,0
579513028,Potential,WFP B,50th-percentile,0,0,0,0,0,0,0,0,0,0,0,0,0,0,0,0,0,0,0,0,0,0,0
579513028,Potential,WFP B,90th-percentile,0,0,0,0,0,0,0,0,0,0,0,0,0,0,0,0,0,0,0,0,0,0,0
579513028,Potential,Elevate,50th-percentile,0,0,0,0,0,0,0,0,0,0,0,0,0,0,0,0,0,0,0,0,0,0,0
579513028,Potential,Elevate,90th-percentile,0,0,0,0,0,0,0,0,0,0,0,0,0,0,0,0,0,0,0,0,0,0,0
579513028,Potential,WFP 1st,50th-percentile,0,0,0,0,0,0,0,0,0,0,0,0,0,0,0,0,0,0,0,0,0,0,0
579513028,Potential,WFP 1st,90th-percentile,0,0,0,0,0,0,0,0,0,0,0,0,0,0,0,0,0,0,0,0,0,0,0
579513028,2040,No mitigation,50th-percentile,0,0,0,0,0,0,0,0,0,0,0,0,0,0,0,0,0,0,0,0,0,0,0
579513028,2040,No mitigation,90th-percentile,0,0,0,0,0,0,0,0,0,0,0,0,0,0,0,0,0,0,0,0,0,0,2362.64084797835
579513028,2040,Raise Utilities,50th-percentile,0,0,0,0,0,0,0,0,0,0,0,0,0,0,0,0,0,0,0,0,0,0,0
579513028,2040,Raise Utilities,90th-percentile,0,0,0,0,0,0,0,0,0,0,0,0,0,0,0,0,0,0,0,0,0,0,0
579513028,2040,WFP B,50th-percentile,0,0,0,0,0,0,0,0,0,0,0,0,0,0,0,0,0,0,0,0,0,0,0
579513028,2040,WFP B,90th-percentile,0,0,0,0,0,0,0,0,0,0,0,0,0,0,0,0,0,0,0,0,0,0,0
579513028,2040,Elevate,50th-percentile,0,0,0,0,0,0,0,0,0,0,0,0,0,0,0,0,0,0,0,0,0,0,0
579513028,2040,Elevate,90th-percentile,0,0,0,0,0,0,0,0,0,0,0,0,0,0,0,0,0,0,0,0,0,0,2362.64084797835
579513028,2040,WFP 1st,50th-percentile,0,0,0,0,0,0,0,0,0,0,0,0,0,0,0,0,0,0,0,0,0,0,0
579513028,2040,WFP 1st,90th-percentile,0,0,0,0,0,0,0,0,0,0,0,0,0,0,0,0,0,0,0,0,0,0,0
579513028,2055,No mitigation,50th-percentile,0,0,0,0,0,0,0,0,0,0,0,0,0,0,0,0,0,0,0,0,0,2775.08253535463,55392.2197413161
579513028,2055,No mitigation,90th-percentile,0,0,0,0,0,0,0,0,0,0,0,0,0,0,0,0,0,0,0,0,0,7890.50465715601,49923.8287394893
579513028,2055,Raise Utilities,50th-percentile,0,0,0,0,0,0,0,0,0,0,0,0,0,0,0,0,0,0,0,0,0,0,33326.6544842856
579513028,2055,Raise Utilities,90th-percentile,0,0,0,0,0,0,0,0,0,0,0,0,0,0,0,0,0,0,0,0,0,0,29923.8287394893
579513028,2055,WFP B,50th-percentile,0,0,0,0,0,0,0,0,0,0,0,0,0,0,0,0,0,0,0,0,0,0,25019.6488042855
579513028,2055,WFP B,90th-percentile,0,0,0,0,0,0,0,0,0,0,0,0,0,0,0,0,0,0,0,0,0,0,21616.8230594893
579513028,2055,Elevate,50th-percentile,0,0,0,0,0,0,0,0,0,0,0,0,0,0,0,0,0,0,0,0,0,2775.08253535463,55392.2197413161
579513028,2055,Elevate,90th-percentile,0,0,0,0,0,0,0,0,0,0,0,0,0,0,0,0,0,0,0,0,0,7890.50465715601,49923.8287394893
579513028,2055,WFP 1st,50th-percentile,0,0,0,0,0,0,0,0,0,0,0,0,0,0,0,0,0,0,0,0,0,0,0
579513028,2055,WFP 1st,90th-percentile,0,0,0,0,0,0,0,0,0,0,0,0,0,0,0,0,0,0,0,0,0,0,0
579513028,2100,No mitigation,50th-percentile,0,0,0,0,0,0,0,0,0,0,0,0,3740.44548619953,58071.178203683,70946.9081333362,90544.413948864,110419.680606562,134965.466709577,150318.441122554,178359.184879532,231270.091799579,249767.6972,249767.6972
579513028,2100,No mitigation,90th-percentile,0,0,0,0,0,0,0,0,0,0,11987.8542932609,38378.3238776713,80168.5753686378,168868.79300944,178453.633062563,191963.259272182,216600.433842323,234737.623044509,249767.6972,259379.41606781,273630.542073372,300588.123692926,365542.191494689
579513028,2100,Raise Utilities,50th-percentile,0,0,0,0,0,0,0,0,0,0,0,0,0,35045.575901052,49724.1698516144,67867.5590976456,90016.1542901926,106378.131151262,129052.482818544,155616.40708086,204131.639293615,229767.6972,229767.6972
579513028,2100,Raise Utilities,90th-percentile,0,0,0,0,0,0,0,0,0,0,0,7102.36409195332,37615.0981891705,118873.317005555,126547.50855597,137096.371819402,160348.264166849,184832.826024441,202929.601856174,216843.731027991,229767.6972,242186.656915445,298000.097947327
579513028,2100,WFP B,50th-percentile,0,0,0,0,0,0,0,0,0,0,0,0,0,26519.3232175115,40911.6169045361,59560.5534176456,79724.3883897255,98071.1254712624,119935.570728077,147309.40140086,195514.065005698,221460.69152,221460.69152
579513028,2100,WFP B,90th-percentile,0,0,0,0,0,0,0,0,0,0,0,0,26454.9074764245,101089.959474947,109186.999975828,120288.278450099,145924.283353725,173446.279808857,189647.246959559,201144.912481327,221460.69152,223170.199282503,272920.790077576
579513028,2100,Elevate,50th-percentile,0,0,0,0,0,0,0,0,0,0,0,0,3740.44548619953,58071.178203683,70946.9081333362,90544.413948864,110419.680606562,134965.466709577,150318.441122554,178359.184879532,231270.091799579,249767.6972,249767.6972
579513028,2100,Elevate,90th-percentile,0,0,0,0,0,0,0,0,0,0,11987.8542932609,38378.3238776713,80168.5753686378,168868.79300944,178453.633062563,191963.259272182,216600.433842323,234737.623044509,249767.6972,259379.41606781,273630.542073372,300588.123692926,365542.191494689
579513028,2100,WFP 1st,50th-percentile,0,0,0,0,0,0,0,0,0,0,0,0,0,0,0,0,0,0,0,0,0,0,0
579513028,2100,WFP 1st,90th-percentile,0,0,0,0,0,0,0,0,0,0,0,0,0,0,0,0,0,0,0,0,0,0,0
579513029,Potential,No mitigation,50th-percentile,0,0,0,0,0,0,0,0,0,0,0,0,0,0,0,0,0,0,0,0,0,0,0
579513029,Potential,No mitigation,90th-percentile,0,0,0,0,0,0,0,0,0,0,0,0,0,0,0,0,0,0,0,0,0,0,9963.25396734764
579513029,Potential,Raise Utilities,50th-percentile,0,0,0,0,0,0,0,0,0,0,0,0,0,0,0,0,0,0,0,0,0,0,0
579513029,Potential,Raise Utilities,90th-percentile,0,0,0,0,0,0,0,0,0,0,0,0,0,0,0,0,0,0,0,0,0,0,0
579513029,Potential,WFP B,50th-percentile,0,0,0,0,0,0,0,0,0,0,0,0,0,0,0,0,0,0,0,0,0,0,0
579513029,Potential,WFP B,90th-percentile,0,0,0,0,0,0,0,0,0,0,0,0,0,0,0,0,0,0,0,0,0,0,0
579513029,Potential,Elevate,50th-percentile,0,0,0,0,0,0,0,0,0,0,0,0,0,0,0,0,0,0,0,0,0,0,0
579513029,Potential,Elevate,90th-percentile,0,0,0,0,0,0,0,0,0,0,0,0,0,0,0,0,0,0,0,0,0,0,0
579513029,Potential,WFP 1st,50th-percentile,0,0,0,0,0,0,0,0,0,0,0,0,0,0,0,0,0,0,0,0,0,0,0
579513029,Potential,WFP 1st,90th-percentile,0,0,0,0,0,0,0,0,0,0,0,0,0,0,0,0,0,0,0,0,0,0,0
579513029,2040,No mitigation,50th-percentile,0,0,0,0,0,0,0,0,0,0,0,0,5999.37092671267,37449.2615734326,40275.7267322004,47370.5192915757,52031.5366311412,59520.1244650551,72579.7756960863,78816.1274778561,103575.748451388,134430.48866733,156208.982144612
579513029,2040,No mitigation,90th-percentile,0,0,0,0,0,0,0,0,0,0,0,0,3600.13695320893,40533.205980515,45711.3621100856,49664.8978613758,54464.0505495123,59407.7771712025,70791.1698725562,79078.4272878367,107681.651227535,141992.363135359,170370.285023661
579513029,2040,Raise Utilities,50th-percentile,0,0,0,0,0,0,0,0,0,0,0,0,0,17051.6712272793,19652.8633244543,23215.2478069581,29292.9867287416,38258.428905935,48430.7934191728,56333.8501907028,73525.486212955,112859.462558841,130345.799360492
579513029,2040,Raise Utilities,90th-percentile,0,0,0,0,0,0,0,0,0,0,0,0,0,19458.1830865113,24569.7089905485,27255.7157738699,32387.6272058998,37714.287088276,45458.4617784827,57627.6572843392,87681.6512275348,121220.34960689,149763.251724075
579513029,2040,WFP B,50th-percentile,0,0,0,0,0,0,0,0,0,0,0,0,0,0,568.921810979664,4463.43434745463,10275.0310133543,17298.1623103355,29895.8452591728,37798.9020307028,50129.2685679278,90893.1407350364,111810.851200492
579513029,2040,WFP B,90th-percentile,0,0,0,0,0,0,0,0,0,0,0,0,0,732.512640843128,5589.20218202825,8198.60525060281,12812.4362662473,18495.0200140621,25337.3616945613,36934.6546795021,69146.7030675348,101065.906588754,131228.303564075
579513029,2040,Elevate,50th-percentile,0,0,0,0,0,0,0,0,0,0,0,0,0,0,0,0,0,0,7121.01000210254,16271.9178428215,27352.4447077208,50626.6793639587,76720.2271181874
579513029,2040,Elevate,90th-percentile,0,0,0,0,0,0,0,0,0,0,0,0,0,0,0,0,0,0,1443.4213125282,15271.2103835364,39126.5720132286,62640.6445234972,105247.394108146
579513029,2040,WFP 1st,50th-percentile,0,0,0,0,0,0,0,0,0,0,0,0,0,0,0,0,0,0,0,0,0,0,0
579513029,2040,WFP 1st,90th-percentile,0,0,0,0,0,0,0,0,0,0,0,0,0,0,0,0,0,0,0,0,0,0,0
579513029,2055,No mitigation,50th-percentile,0,0,0,0,0,0,0,0,0,0,6735.71185471322,29375.2464333485,65086.3329175966,116949.982386583,124464.624870525,131097.652952887,136022.946872456,141337.939747395,153054.936307159,177562.330213143,192254.074198464,198980.539379424,248153.955541648
579513029,2055,No mitigation,90th-percentile,0,0,0,0,0,0,0,0,0,0,11125.5406816772,36690.3659708822,74549.748419843,138523.498603188,144555.740668944,151635.041841135,161468.9503495,170228.979500988,178208.513184269,191120.617749835,211154.857222582,226359.92580696,257155.374141661
579513029,2055,Raise Utilities,50th-percentile,0,0,0,0,0,0,0,0,0,0,0,1595.99328661195,30120.438710885,65661.1274955572,71683.1090928209,80157.286556141,89525.0602365362,102221.53017136,115620.555684632,129749.155154814,147921.343169239,160895.724722846,184024.075246175
579513029,2055,Raise Utilities,90th-percentile,0,0,0,0,0,0,0,0,0,0,0,7836.18912462035,36327.5099486211,80211.5008415645,86300.4777471733,94589.07824404,104366.728318737,117837.542389241,135050.002642876,149102.374512793,154471.817687949,173255.084991738,189729.557775885
579513029,2055,WFP B,50th-percentile,0,0,0,0,0,0,0,0,0,0,0,0,8835.57113157574,40494.9657402162,43027.940334812,48435.4035156661,60331.950636114,78061.1767875557,89801.975710326,102098.108795161,122239.214195018,134753.250976232,152198.726064295
579513029,2055,WFP B,90th-percentile,0,0,0,0,0,0,0,0,0,0,0,0,11614.9019005996,43553.0975338401,47874.9848218309,54184.2993827286,69146.7030675348,92500.2981227518,108576.125365521,122752.646712467,130872.224102979,139150.614914868,154302.326392076
579513029,2055,Elevate,50th-percentile,0,0,0,0,0,0,0,0,0,0,0,0,0,15646.5026761368,19393.675822258,24865.708682213,30552.408920102,43583.808873239,49334.0528643655,62251.4364645288,83039.9936014352,105756.222599923,140629.734661712
579513029,2055,Elevate,90th-percentile,0,0,0,0,0,0,0,0,0,0,0,0,0,16841.5416903967,20799.9886024535,27505.6245376257,38598.7362224368,50280.7675283942,62640.6445234972,79401.9584138618,96174.6142493958,112229.961623088,133974.769674107
579513029,2055,WFP 1st,50th-percentile,0,0,0,0,0,0,0,0,0,0,0,0,0,0,0,0,0,0,0,0,0,0,0
579513029,2055,WFP 1st,90th-percentile,0,0,0,0,0,0,0,0,0,0,0,0,0,0,0,0,0,0,0,0,0,0,0
579513029,2100,No mitigation,50th-percentile,1367047.06095261,1409450.32544453,1425446.21618154,1441812.25125613,1449251.48546173,1461453.94639084,1473241.77978406,1487633.20148801,1498180.50129662,1511504.70707269,1608051.8958306,1726872.90861319,1848150.33424642,1982771.28302553,2001652.92508413,2020653.76043341,2032484.07671219,2045239.38241257,2061637.09722044,2078414.4835692,2099328.87495755,2112136.84222987,2174066.30360438
579513029,2100,No mitigation,90th-percentile,2495492.54355693,2537367.62937069,2556929.68309163,2583999.74500269,2612473.12144807,2625491.05655977,2641508.73826568,2652061.04150344,2664419.91736127,2679179.78915349,2780337.75166863,2921294.26458321,3057738.28793321,3176414.3252239,3189589.12520587,3198427.86850201,3229035.79025442,3242554.37196808,3275189.62948938,3293425.29944927,3316539.21264633,3353514.47812061,3428115.92098258
579513029,2100,Raise Utilities,50th-percentile,830318.747969772,856679.996407022,876504.448594757,890752.461331355,905397.175563441,917595.546352914,926423.40355924,937143.028183172,942248.11499415,947952.445722168,1034747.03050735,1144671.97635311,1248148.97828932,1365934.0245409,1378643.65341162,1388090.3542511,1397734.75460753,1414932.45546316,1423396.97702295,1443628.71165661,1467052.02038648,1484994.93799451,1541240.40469589
579513029,2100,Raise Utilities,90th-percentile,1824135.20483792,1858888.72229161,1886499.52484419,1910529.36040523,1927727.02903477,1940438.35617324,1948495.87855764,1956638.49988971,1972729.24089221,1987270.93630842,2072289.71766324,2199508.6498522,2322622.06782574,2439001.3869626,2447882.9408125,2459862.76070627,2476783.56104224,2492565.19738697,2515351.94276389,2534291.19293498,2567813.57294528,2595309.83698341,2667068.96592117
579513029,2100,WFP B,50th-percentile,443153.873009324,464118.984639895,487064.647141735,492849.299028172,497364.351293131,504672.662789707,513977.009841163,520466.216906444,527537.323905753,535035.067684417,608058.710532137,701308.629625641,797171.594675439,899338.223225099,906517.313240749,918334.364761629,927451.626306554,940818.71328718,955116.382545372,972458.318007112,990023.690132958,1010308.47391519,1050489.26839193
579513029,2100,WFP B,90th-percentile,1284753.80119187,1321338.23900338,1338988.02925183,1354599.8766856,1377496.19237057,1384059.76730991,1395416.62408975,1405055.239311,1415201.72624102,1421036.47472551,1509890.27337744,1617683.203002,1735063.14216921,1843374.1694715,1854350.28331537,1860296.86669167,1874756.98986438,1890401.73562661,1900511.24443824,1935364.95855246,1957079.89223226,1983843.2134788,2031951.0016417
579513029,2100,Elevate,50th-percentile,120458.23431274,135351.924440022,142659.027720866,153344.964463272,159922.043347563,165736.616254156,170233.281195504,173761.118304863,178847.0029636,183768.388837407,232111.23653618,299591.118027382,384629.72781874,459348.524796837,464521.118529821,475850.256243874,484393.027793905,497247.128224014,503600.206317171,514021.931309826,535741.267125972,552184.818714689,595657.569477181
579513029,2100,Elevate,90th-percentile,673645.786486699,696773.71577521,723188.505127148,735248.55581094,743767.419712391,752121.490203884,761811.865739334,770049.155515538,775389.49405088,782097.88718482,857533.204781386,955769.341747758,1068138.67871995,1159319.14272866,1172996.38818844,1183755.60014451,1200494.558188,1216153.38770269,1235165.91385919,1252404.54520295,1269955.03548634,1309011.89965958,1349207.64377859
579513029,2100,WFP 1st,50th-percentile,0,0,0,0,0,0,0,0,0,0,0,0,0,0,0,0,0,0,0,0,0,0,1848.72070863315
579513029,2100,WFP 1st,90th-percentile,0,0,0,0,0,0,0,0,0,0,0,0,0,0,0,0,0,0,0,0,0,0,1240.75686807472
579513030,Potential,No mitigation,50th-percentile,0,0,0,0,0,0,0,0,0,0,0,0,0,0,0,0,0,0,0,0,0,0,0
579513030,Potential,No mitigation,90th-percentile,0,0,0,0,0,0,0,0,0,0,0,0,0,0,0,0,0,0,0,0,0,0,0
579513030,Potential,Raise Utilities,50th-percentile,0,0,0,0,0,0,0,0,0,0,0,0,0,0,0,0,0,0,0,0,0,0,0
579513030,Potential,Raise Utilities,90th-percentile,0,0,0,0,0,0,0,0,0,0,0,0,0,0,0,0,0,0,0,0,0,0,0
579513030,Potential,WFP B,50th-percentile,0,0,0,0,0,0,0,0,0,0,0,0,0,0,0,0,0,0,0,0,0,0,0
579513030,Potential,WFP B,90th-percentile,0,0,0,0,0,0,0,0,0,0,0,0,0,0,0,0,0,0,0,0,0,0,0
579513030,Potential,Elevate,50th-percentile,0,0,0,0,0,0,0,0,0,0,0,0,0,0,0,0,0,0,0,0,0,0,0
579513030,Potential,Elevate,90th-percentile,0,0,0,0,0,0,0,0,0,0,0,0,0,0,0,0,0,0,0,0,0,0,0
579513030,Potential,WFP 1st,50th-percentile,0,0,0,0,0,0,0,0,0,0,0,0,0,0,0,0,0,0,0,0,0,0,0
579513030,Potential,WFP 1st,90th-percentile,0,0,0,0,0,0,0,0,0,0,0,0,0,0,0,0,0,0,0,0,0,0,0
579513030,2040,No mitigation,50th-percentile,0,0,0,0,0,0,0,0,0,0,0,0,0,0,0,0,0,0,0,0,0,0,12638.2456534893
579513030,2040,No mitigation,90th-percentile,0,0,0,0,0,0,0,0,0,0,0,0,0,0,0,0,0,0,0,0,0,4000.75890186052,42443.3079964845
579513030,2040,Raise Utilities,50th-percentile,0,0,0,0,0,0,0,0,0,0,0,0,0,0,0,0,0,0,0,0,0,0,0
579513030,2040,Raise Utilities,90th-percentile,0,0,0,0,0,0,0,0,0,0,0,0,0,0,0,0,0,0,0,0,0,0,22443.3079964845
579513030,2040,WFP B,50th-percentile,0,0,0,0,0,0,0,0,0,0,0,0,0,0,0,0,0,0,0,0,0,0,0
579513030,2040,WFP B,90th-percentile,0,0,0,0,0,0,0,0,0,0,0,0,0,0,0,0,0,0,0,0,0,0,14370.4898864845
579513030,2040,Elevate,50th-percentile,0,0,0,0,0,0,0,0,0,0,0,0,0,0,0,0,0,0,0,0,0,0,12638.2456534893
579513030,2040,Elevate,90th-percentile,0,0,0,0,0,0,0,0,0,0,0,0,0,0,0,0,0,0,0,0,0,4000.75890186052,42443.3079964845
579513030,2040,WFP 1st,50th-percentile,0,0,0,0,0,0,0,0,0,0,0,0,0,0,0,0,0,0,0,0,0,0,0
579513030,2040,WFP 1st,90th-percentile,0,0,0,0,0,0,0,0,0,0,0,0,0,0,0,0,0,0,0,0,0,0,0
579513030,2055,No mitigation,50th-percentile,0,0,0,0,0,0,0,0,0,0,0,0,0,0,0,0,0,0,0,3761.98907822707,13726.5076364906,43915.8142070843,180741.180091225
579513030,2055,No mitigation,90th-percentile,0,0,0,0,0,0,0,0,0,0,0,0,0,0,0,0,0,0,3236.57103316009,13121.1932229918,22985.4706546255,62178.9798247733,171732.185088027
579513030,2055,Raise Utilities,50th-percentile,0,0,0,0,0,0,0,0,0,0,0,0,0,0,0,0,0,0,0,0,0,23915.8142070843,160741.180091225
579513030,2055,Raise Utilities,90th-percentile,0,0,0,0,0,0,0,0,0,0,0,0,0,0,0,0,0,0,0,0,2985.47065462548,42178.9798247733,151120.983076004
579513030,2055,WFP B,50th-percentile,0,0,0,0,0,0,0,0,0,0,0,0,0,0,0,0,0,0,0,0,0,15842.9960970843,152668.361981225
579513030,2055,WFP B,90th-percentile,0,0,0,0,0,0,0,0,0,0,0,0,0,0,0,0,0,0,0,0,0,34106.1617147733,143048.164966004
579513030,2055,Elevate,50th-percentile,0,0,0,0,0,0,0,0,0,0,0,0,0,0,0,0,0,0,0,3761.98907822707,13726.5076364906,43915.8142070843,180741.180091225
579513030,2055,Elevate,90th-percentile,0,0,0,0,0,0,0,0,0,0,0,0,0,0,0,0,0,0,3236.57103316009,13121.1932229918,22985.4706546255,62178.9798247733,171732.185088027
579513030,2055,WFP 1st,50th-percentile,0,0,0,0,0,0,0,0,0,0,0,0,0,0,0,0,0,0,0,0,0,0,0
579513030,2055,WFP 1st,90th-percentile,0,0,0,0,0,0,0,0,0,0,0,0,0,0,0,0,0,0,0,0,0,0,0
579513030,2100,No mitigation,50th-percentile,0,0,0,0,0,0,0,0,0,0,0,14181.8727329405,58949.1331998101,201083.416840442,219671.343842282,235244.484157245,245940.761759906,255284.86679871,262802.548845161,274042.727703992,282015.864112642,313830.286540774,370049.417845266
579513030,2100,No mitigation,90th-percentile,34729.5882467786,39504.2966420052,46359.8798203637,50392.8546121409,56035.1224459914,60130.0477462619,65087.6604726253,69349.8936199791,74762.195894472,79291.2905987172,138976.086437841,242300.974900569,377365.803496079,511668.452866888,530076.290648771,541753.981253049,562416.148860139,577785.179936962,595068.160972949,614476.160811098,655540.834974759,723178.159765964,807057.53831955
579513030,2100,Raise Utilities,50th-percentile,0,0,0,0,0,0,0,0,0,0,0,0,28007.866937538,167066.587694534,188480.572846504,206820.66400733,218545.033603841,224290.767995056,233871.514059949,244064.747822546,252285.820517044,264871.514895133,318869.773538788
579513030,2100,Raise Utilities,90th-percentile,0,0,0,1873.94964898438,4306.57411231431,6040.62716987033,7495.76136214764,10995.5501289054,12742.9593090206,15374.9451358158,67755.8565526881,158362.071527699,276959.528163276,398742.882232134,415106.027567288,423105.872716195,435698.23511267,457929.186840854,477768.283221337,499777.275174653,537997.787713137,579601.841543533,676990.725247488
579513030,2100,WFP B,50th-percentile,0,0,0,0,0,0,0,0,0,0,0,0,19289.551050452,158390.529103436,180407.754736504,197743.235100005,210025.205881755,216125.829492166,225798.695949949,233794.434410991,243029.074124535,250719.275416215,302724.137318788
579513030,2100,WFP B,90th-percentile,0,0,0,0,0,0,0,0,1960.22598163953,4768.79346804803,51357.0993246092,137254.187415481,248805.086611767,363120.186238785,381145.375115279,392459.765518667,402931.908973809,420309.646892404,440505.130425656,463087.332797266,499315.480892784,545005.999535989,637810.193218601
579513030,2100,Elevate,50th-percentile,0,0,0,0,0,0,0,0,0,0,0,14181.8727329405,58949.1331998101,201083.416840442,219671.343842282,235244.484157245,245940.761759906,255284.86679871,262802.548845161,274042.727703992,282015.864112642,313830.286540774,370049.417845266
579513030,2100,Elevate,90th-percentile,34729.5882467786,39504.2966420052,46359.8798203637,50392.8546121409,56035.1224459914,60130.0477462619,65087.6604726253,69349.8936199791,74762.195894472,79291.2905987172,138976.086437841,242300.974900569,377365.803496079,511668.452866888,530076.290648771,541753.981253049,562416.148860139,577785.179936962,595068.160972949,614476.160811098,655540.834974759,723178.159765964,807057.53831955
579513030,2100,WFP 1st,50th-percentile,0,0,0,0,0,0,0,0,0,0,0,0,0,0,0,0,0,0,0,0,0,0,0
579513030,2100,WFP 1st,90th-percentile,0,0,0,0,0,0,0,0,0,0,0,0,0,0,0,0,0,0,0,0,0,0,0
579513031,Potential,No mitigation,50th-percentile,0,0,0,0,0,0,0,0,0,0,0,0,0,0,0,0,0,0,0,0,0,0,0
579513031,Potential,No mitigation,90th-percentile,0,0,0,0,0,0,0,0,0,0,0,0,0,0,0,0,0,0,0,0,0,0,0
579513031,Potential,Raise Utilities,50th-percentile,0,0,0,0,0,0,0,0,0,0,0,0,0,0,0,0,0,0,0,0,0,0,0
579513031,Potential,Raise Utilities,90th-percentile,0,0,0,0,0,0,0,0,0,0,0,0,0,0,0,0,0,0,0,0,0,0,0
579513031,Potential,WFP B,50th-percentile,0,0,0,0,0,0,0,0,0,0,0,0,0,0,0,0,0,0,0,0,0,0,0
579513031,Potential,WFP B,90th-percentile,0,0,0,0,0,0,0,0,0,0,0,0,0,0,0,0,0,0,0,0,0,0,0
579513031,Potential,Elevate,50th-percentile,0,0,0,0,0,0,0,0,0,0,0,0,0,0,0,0,0,0,0,0,0,0,0
579513031,Potential,Elevate,90th-percentile,0,0,0,0,0,0,0,0,0,0,0,0,0,0,0,0,0,0,0,0,0,0,0
579513031,Potential,WFP 1st,50th-percentile,0,0,0,0,0,0,0,0,0,0,0,0,0,0,0,0,0,0,0,0,0,0,0
579513031,Potential,WFP 1st,90th-percentile,0,0,0,0,0,0,0,0,0,0,0,0,0,0,0,0,0,0,0,0,0,0,0
579513031,2040,No mitigation,50th-percentile,0,0,0,0,0,0,0,0,0,0,0,0,0,0,0,0,0,0,0,0,0,0,193.745652968615
579513031,2040,No mitigation,90th-percentile,0,0,0,0,0,0,0,0,0,0,0,0,0,0,0,0,0,0,0,0,0,0,29446.1091688654
579513031,2040,Raise Utilities,50th-percentile,0,0,0,0,0,0,0,0,0,0,0,0,0,0,0,0,0,0,0,0,0,0,0
579513031,2040,Raise Utilities,90th-percentile,0,0,0,0,0,0,0,0,0,0,0,0,0,0,0,0,0,0,0,0,0,0,9446.1091688654
579513031,2040,WFP B,50th-percentile,0,0,0,0,0,0,0,0,0,0,0,0,0,0,0,0,0,0,0,0,0,0,0
579513031,2040,WFP B,90th-percentile,0,0,0,0,0,0,0,0,0,0,0,0,0,0,0,0,0,0,0,0,0,0,0
579513031,2040,Elevate,50th-percentile,0,0,0,0,0,0,0,0,0,0,0,0,0,0,0,0,0,0,0,0,0,0,193.745652968615
579513031,2040,Elevate,90th-percentile,0,0,0,0,0,0,0,0,0,0,0,0,0,0,0,0,0,0,0,0,0,0,29446.1091688654
579513031,2040,WFP 1st,50th-percentile,0,0,0,0,0,0,0,0,0,0,0,0,0,0,0,0,0,0,0,0,0,0,0
579513031,2040,WFP 1st,90th-percentile,0,0,0,0,0,0,0,0,0,0,0,0,0,0,0,0,0,0,0,0,0,0,0
579513031,2055,No mitigation,50th-percentile,0,0,0,0,0,0,0,0,0,0,0,0,0,0,0,0,0,0,0,0,1082.23234904334,30078.7621743347,127228.919565633
579513031,2055,No mitigation,90th-percentile,0,0,0,0,0,0,0,0,0,0,0,0,0,0,0,0,0,0,0,429.536571430824,15403.2305532326,37925.4160860413,115376.197373679
579513031,2055,Raise Utilities,50th-percentile,0,0,0,0,0,0,0,0,0,0,0,0,0,0,0,0,0,0,0,0,0,10078.7621743347,107228.919565633
579513031,2055,Raise Utilities,90th-percentile,0,0,0,0,0,0,0,0,0,0,0,0,0,0,0,0,0,0,0,0,0,17925.4160860413,95376.1973736787
579513031,2055,WFP B,50th-percentile,0,0,0,0,0,0,0,0,0,0,0,0,0,0,0,0,0,0,0,0,0,0,79331.0994519616
579513031,2055,WFP B,90th-percentile,0,0,0,0,0,0,0,0,0,0,0,0,0,0,0,0,0,0,0,0,0,0,71955.4841736787
579513031,2055,Elevate,50th-percentile,0,0,0,0,0,0,0,0,0,0,0,0,0,0,0,0,0,0,0,0,1082.23234904334,30078.7621743347,127228.919565633
579513031,2055,Elevate,90th-percentile,0,0,0,0,0,0,0,0,0,0,0,0,0,0,0,0,0,0,0,429.536571430824,15403.2305532326,37925.4160860413,115376.197373679
579513031,2055,WFP 1st,50th-percentile,0,0,0,0,0,0,0,0,0,0,0,0,0,0,0,0,0,0,0,0,0,0,0
579513031,2055,WFP 1st,90th-percentile,0,0,0,0,0,0,0,0,0,0,0,0,0,0,0,0,0,0,0,0,0,0,0
579513031,2100,No mitigation,50th-percentile,0,0,0,0,0,0,0,0,0,0,0,0,34180.6867874738,135495.113962707,160611.935266776,199992.567090925,235786.338236666,272500.280883922,299949.996815652,355047.165145991,383123.94,383123.94,418564.550103614
579513031,2100,No mitigation,90th-percentile,0,11212.7789117923,16585.1516554685,19418.0700717918,21956.4774224053,25865.1481098095,29488.5592476302,30972.2520610511,34842.8443985029,37258.6386129813,73993.1008581234,141176.208209089,241867.109599053,398733.046712303,425234.088065716,444243.432127729,456629.943429235,473113.779081836,509571.167523271,538897.425945296,560656.482608588,622427.118387493,734131.389524154
579513031,2100,Raise Utilities,50th-percentile,0,0,0,0,0,0,0,0,0,0,0,0,11836.8868191238,113825.944342463,138526.886887905,171759.674787649,206486.236805826,249940.826405232,273299.638699969,319299.274040164,363123.94,363123.94,371779.609390009
579513031,2100,Raise Utilities,90th-percentile,0,0,0,0,0,0,1471.78174774878,2567.1931362127,4529.95371526357,5753.97673152414,28139.6939999428,79271.706164192,163309.342147961,318454.904870983,341213.194657239,363123.94,372796.309951895,392859.639518659,418846.148144073,441295.537783366,473651.540284501,529201.418698243,641954.38878624
579513031,2100,WFP B,50th-percentile,0,0,0,0,0,0,0,0,0,0,0,0,0,85725.1629074581,112896.258765366,140807.460427819,183065.523605826,214557.484399784,247664.114400559,288460.556858267,339703.2268,339703.2268,339703.2268
579513031,2100,WFP B,90th-percentile,0,0,0,0,0,0,0,0,0,0,0,38674.6177804764,100044.188011861,256423.928191756,267803.15273859,284848.713419082,331812.473305496,339911.591900234,348785.307854559,367433.908003449,391768.87452423,437444.699243732,561303.930323522
579513031,2100,Elevate,50th-percentile,0,0,0,0,0,0,0,0,0,0,0,0,34180.6867874738,135495.113962707,160611.935266776,199992.567090925,235786.338236666,272500.280883922,299949.996815652,355047.165145991,383123.94,383123.94,418564.550103614
579513031,2100,Elevate,90th-percentile,0,11212.7789117923,16585.1516554685,19418.0700717918,21956.4774224053,25865.1481098095,29488.5592476302,30972.2520610511,34842.8443985029,37258.6386129813,73993.1008581234,141176.208209089,241867.109599053,398733.046712303,425234.088065716,444243.432127729,456629.943429235,473113.779081836,509571.167523271,538897.425945296,560656.482608588,622427.118387493,734131.389524154
579513031,2100,WFP 1st,50th-percentile,0,0,0,0,0,0,0,0,0,0,0,0,0,0,0,0,0,0,0,0,0,0,0
579513031,2100,WFP 1st,90th-percentile,0,0,0,0,0,0,0,0,0,0,0,0,0,0,0,0,0,0,0,0,0,0,0
579513032,Potential,No mitigation,50th-percentile,0,0,0,0,0,0,0,0,0,0,0,0,0,0,0,0,0,0,0,0,0,0,0
579513032,Potential,No mitigation,90th-percentile,0,0,0,0,0,0,0,0,0,0,0,0,0,0,0,0,0,0,0,0,0,0,0
579513032,Potential,Raise Utilities,50th-percentile,0,0,0,0,0,0,0,0,0,0,0,0,0,0,0,0,0,0,0,0,0,0,0
579513032,Potential,Raise Utilities,90th-percentile,0,0,0,0,0,0,0,0,0,0,0,0,0,0,0,0,0,0,0,0,0,0,0
579513032,Potential,WFP B,50th-percentile,0,0,0,0,0,0,0,0,0,0,0,0,0,0,0,0,0,0,0,0,0,0,0
579513032,Potential,WFP B,90th-percentile,0,0,0,0,0,0,0,0,0,0,0,0,0,0,0,0,0,0,0,0,0,0,0
579513032,Potential,Elevate,50th-percentile,0,0,0,0,0,0,0,0,0,0,0,0,0,0,0,0,0,0,0,0,0,0,0
579513032,Potential,Elevate,90th-percentile,0,0,0,0,0,0,0,0,0,0,0,0,0,0,0,0,0,0,0,0,0,0,0
579513032,Potential,WFP 1st,50th-percentile,0,0,0,0,0,0,0,0,0,0,0,0,0,0,0,0,0,0,0,0,0,0,0
579513032,Potential,WFP 1st,90th-percentile,0,0,0,0,0,0,0,0,0,0,0,0,0,0,0,0,0,0,0,0,0,0,0
579513032,2040,No mitigation,50th-percentile,0,0,0,0,0,0,0,0,0,0,0,0,0,0,0,0,0,0,0,0,0,24407.5141244614,45011.5945846867
579513032,2040,No mitigation,90th-percentile,0,0,0,0,0,0,0,0,0,0,0,0,0,0,0,0,0,0,0,0,10793.917877804,33086.730537523,73660.3936225214
579513032,2040,Raise Utilities,50th-percentile,0,0,0,0,0,0,0,0,0,0,0,0,0,0,0,0,0,0,0,0,0,4407.51412446139,25011.5945846867
579513032,2040,Raise Utilities,90th-percentile,0,0,0,0,0,0,0,0,0,0,0,0,0,0,0,0,0,0,0,0,0,13086.730537523,53660.3936225214
579513032,2040,WFP B,50th-percentile,0,0,0,0,0,0,0,0,0,0,0,0,0,0,0,0,0,0,0,0,0,0,16364.9909446867
579513032,2040,WFP B,90th-percentile,0,0,0,0,0,0,0,0,0,0,0,0,0,0,0,0,0,0,0,0,0,4440.12689752301,45013.7899825214
579513032,2040,Elevate,50th-percentile,0,0,0,0,0,0,0,0,0,0,0,0,0,0,0,0,0,0,0,0,0,24407.5141244614,45011.5945846867
579513032,2040,Elevate,90th-percentile,0,0,0,0,0,0,0,0,0,0,0,0,0,0,0,0,0,0,0,0,10793.917877804,33086.730537523,73660.3936225214
579513032,2040,WFP 1st,50th-percentile,0,0,0,0,0,0,0,0,0,0,0,0,0,0,0,0,0,0,0,0,0,0,0
579513032,2040,WFP 1st,90th-percentile,0,0,0,0,0,0,0,0,0,0,0,0,0,0,0,0,0,0,0,0,0,0,0
579513032,2055,No mitigation,50th-percentile,0,0,0,0,0,0,0,0,0,0,0,0,0,0,0,0,0,11947.9195745278,22017.9300715897,32757.0863056685,46514.0427583455,74458.3445824936,194217.420856668
579513032,2055,No mitigation,90th-percentile,0,0,0,0,0,0,0,0,0,0,0,0,0,0,0,0,8539.83884567566,17187.6353337258,32031.6972040101,45678.3491944276,59296.9133298291,84355.152101445,165192.350220248
579513032,2055,Raise Utilities,50th-percentile,0,0,0,0,0,0,0,0,0,0,0,0,0,0,0,0,0,0,2017.93007158966,12757.0863056685,26514.0427583455,54458.3445824936,156536.55697418
579513032,2055,Raise Utilities,90th-percentile,0,0,0,0,0,0,0,0,0,0,0,0,0,0,0,0,0,0,12031.6972040101,25678.3491944276,39296.9133298291,64355.152101445,145192.350220248
579513032,2055,WFP B,50th-percentile,0,0,0,0,0,0,0,0,0,0,0,0,0,0,0,0,0,0,0,4110.48266566851,17867.4391183455,45811.7409424936,143291.67232653
579513032,2055,WFP B,90th-percentile,0,0,0,0,0,0,0,0,0,0,0,0,0,0,0,0,0,0,3385.09356401011,17031.7455544276,30650.3096898291,55708.548461445,133945.010698134
579513032,2055,Elevate,50th-percentile,0,0,0,0,0,0,0,0,0,0,0,0,0,0,0,0,0,11947.9195745278,22017.9300715897,32757.0863056685,46514.0427583455,74458.3445824936,194217.420856668
579513032,2055,Elevate,90th-percentile,0,0,0,0,0,0,0,0,0,0,0,0,0,0,0,0,8539.83884567566,17187.6353337258,32031.6972040101,45678.3491944276,59296.9133298291,84355.152101445,165192.350220248
579513032,2055,WFP 1st,50th-percentile,0,0,0,0,0,0,0,0,0,0,0,0,0,0,0,0,0,0,0,0,0,0,0
579513032,2055,WFP 1st,90th-percentile,0,0,0,0,0,0,0,0,0,0,0,0,0,0,0,0,0,0,0,0,0,0,0
579513032,2100,No mitigation,50th-percentile,0,1310.22930449204,2911.86823280604,7385.62825970536,10013.2425449214,14687.4318272328,17897.3797655566,20951.8816226541,22820.3580138632,23631.3044762847,47158.2655795339,86528.0901741139,154128.067278184,256907.014308837,267489.083407107,283832.431433745,300688.676019691,309181.747867526,324373.743078689,344145.383973075,366849.769438921,386057.691817721,438872.982333184
579513032,2100,No mitigation,90th-percentile,238546.650349652,248269.211750027,261114.758839747,274830.400408938,284747.363369865,288961.697959669,294492.264957051,299771.741569393,305655.589885047,309765.730114592,383442.543209563,491621.713526762,609043.835148062,748348.355051134,758966.451700528,772928.722793388,778725.276375962,792191.166871954,812998.806200677,844593.003766526,870611.986785214,902483.980655128,1005711.8043254
579513032,2100,Raise Utilities,50th-percentile,0,0,0,0,0,0,0,0,0,0,7471.96070750454,31747.7042200358,80198.9901717091,189346.593539638,213726.599008068,227378.922746481,233704.254853983,245692.12093071,249367.572949968,257763.403205712,269760.76323792,303014.453714764,353037.767007263
579513032,2100,Raise Utilities,90th-percentile,74751.8849902037,89309.3080695667,95338.2446322083,104361.280733705,111400.604545432,116446.034217499,119249.556340931,124795.661957023,128961.961495213,135485.922398902,188901.777728465,282696.007511967,395853.372379937,515140.084809825,529461.858421482,545051.705858187,562979.919760954,574150.396421232,585354.344940936,606096.343729442,622020.597873157,682960.63703,764328.546867092
579513032,2100,WFP B,50th-percentile,0,0,0,0,0,0,0,0,0,0,0,18348.1269154119,61913.1636461779,167081.186875801,192214.689279753,212214.699262538,224117.54616,224117.54616,227883.696956099,234608.543323771,244392.395401476,279242.41666104,318189.946572052
579513032,2100,WFP B,90th-percentile,43072.6286056506,50476.4692146974,57634.457004798,62031.0987852584,66755.7551984103,71825.0648389941,78098.413767019,81686.0638493897,85694.6529705004,89730.0807844701,138035.605666208,222573.751727591,333185.80731467,443276.561212072,459074.016005638,473100.744333313,488024.292402042,503682.236554047,516106.999396058,531378.141837254,560408.647278647,604292.057621087,686378.442950541
579513032,2100,Elevate,50th-percentile,0,1310.22930449204,2911.86823280604,7385.62825970536,10013.2425449214,14687.4318272328,17897.3797655566,20951.8816226541,22820.3580138632,23631.3044762847,47158.2655795339,86528.0901741139,154128.067278184,256907.014308837,267489.083407107,283832.431433745,300688.676019691,309181.747867526,324373.743078689,344145.383973075,366849.769438921,386057.691817721,438872.982333184
579513032,2100,Elevate,90th-percentile,238546.650349652,248269.211750027,261114.758839747,274830.400408938,284747.363369865,288961.697959669,294492.264957051,299771.741569393,305655.589885047,309765.730114592,383442.543209563,491621.713526762,609043.835148062,748348.355051134,758966.451700528,772928.722793388,778725.276375962,792191.166871954,812998.806200677,844593.003766526,870611.986785214,902483.980655128,1005711.8043254
579513032,2100,WFP 1st,50th-percentile,0,0,0,0,0,0,0,0,0,0,0,0,0,0,0,0,0,0,0,0,0,0,0
579513032,2100,WFP 1st,90th-percentile,0,0,0,0,0,0,0,0,0,0,0,0,0,0,0,0,0,0,0,0,0,0,0
579513033,Potential,No mitigation,50th-percentile,0,0,0,0,0,0,0,0,0,0,0,0,0,0,0,0,0,1492.18486093626,4836.19828224729,8938.79063673978,16171.27426717,26957.9666027407,40813.3575030422
579513033,Potential,No mitigation,90th-percentile,0,0,0,0,0,0,0,0,0,0,0,0,0,0,0,0,0,1175.01833922145,3220.1916265727,5179.14621655441,21279.9245015265,41897.9543526405,65991.7235255259
579513033,Potential,Raise Utilities,50th-percentile,0,0,0,0,0,0,0,0,0,0,0,0,0,0,0,0,0,0,0,0,0,6957.96660274073,20813.3575030422
579513033,Potential,Raise Utilities,90th-percentile,0,0,0,0,0,0,0,0,0,0,0,0,0,0,0,0,0,0,0,0,1279.92450152655,21897.9543526405,45991.7235255259
579513033,Potential,WFP B,50th-percentile,0,0,0,0,0,0,0,0,0,0,0,0,0,0,0,0,0,0,0,0,0,0,3033.05798304217
579513033,Potential,WFP B,90th-percentile,0,0,0,0,0,0,0,0,0,0,0,0,0,0,0,0,0,0,0,0,0,4117.6548326405,28211.4240055259
579513033,Potential,Elevate,50th-percentile,0,0,0,0,0,0,0,0,0,0,0,0,0,0,0,0,0,0,0,0,0,0,0
579513033,Potential,Elevate,90th-percentile,0,0,0,0,0,0,0,0,0,0,0,0,0,0,0,0,0,0,0,0,0,0,0
579513033,Potential,WFP 1st,50th-percentile,0,0,0,0,0,0,0,0,0,0,0,0,0,0,0,0,0,0,0,0,0,0,0
579513033,Potential,WFP 1st,90th-percentile,0,0,0,0,0,0,0,0,0,0,0,0,0,0,0,0,0,0,0,0,0,0,0
579513033,2040,No mitigation,50th-percentile,0,0,0,0,0,0,0,0,0,0,18939.4343780098,46851.3231683188,94072.991719509,156666.871157819,169605.655856234,185468.544733856,200333.899080677,219166.108204186,241192.454220296,279996.740258313,333355.584,369217.623186427,394987.689818989
579513033,2040,No mitigation,90th-percentile,0,0,0,0,0,0,0,0,0,852.416837219165,18894.2153843745,47070.8691098927,90967.358257039,165401.359502743,179152.117255391,188506.941734823,204064.259697562,215849.399392832,247561.667673144,273101.963831798,333355.584,357356.322074947,387365.253849234
579513033,2040,Raise Utilities,50th-percentile,0,0,0,0,0,0,0,0,0,0,0,10302.5510494646,47033.0991654877,105107.775201109,114701.19249621,122156.887640604,143315.713614621,162132.67649857,201798.628904252,228737.988779143,284524.598433377,319575.397891462,339675.014718053
579513033,2040,Raise Utilities,90th-percentile,0,0,0,0,0,0,0,0,0,0,0,12083.9766817062,44451.4891316453,110644.09194519,121349.161751315,129760.737891903,143864.888965891,161147.60517818,202241.17184781,231223.593843847,294242.857585648,313355.584,332180.651067089
579513033,2040,WFP B,50th-percentile,0,0,0,0,0,0,0,0,0,0,0,0,24244.1626221205,72653.9554185096,80894.9554834496,96529.4029054661,112012.547259831,130570.908958543,177450.692730182,197747.566168634,253271.643169779,295575.28448,304114.415678053
579513033,2040,WFP B,90th-percentile,0,0,0,0,0,0,0,0,0,0,0,0,20773.7664977816,78773.5558786571,92751.3255833072,104617.179396871,117726.34762562,129843.409070103,171453.121519264,201115.960496828,272698.097829,295575.28448,295813.691025375
579513033,2040,Elevate,50th-percentile,0,0,0,0,0,0,0,0,0,0,0,0,0,0,0,0,0,0,13739.104458723,31394.6447091457,53828.2871404448,125777.179619556,176467.05228742
579513033,2040,Elevate,90th-percentile,0,0,0,0,0,0,0,0,0,0,0,0,0,0,0,0,0,0,2784.90216765831,29463.9039417993,90996.3700975184,149115.760095815,236373.107518861
579513033,2040,WFP 1st,50th-percentile,0,0,0,0,0,0,0,0,0,0,0,0,0,0,0,0,0,0,0,0,0,0,0
579513033,2040,WFP 1st,90th-percentile,0,0,0,0,0,0,0,0,0,0,0,0,0,0,0,0,0,0,0,0,0,0,0
579513033,2055,No mitigation,50th-percentile,43147.7628220102,59899.6195340856,69637.778397039,79003.2832499238,85674.7115462259,91180.3277370302,96043.9468467937,99480.3091626707,103855.832676201,108928.481573032,171546.625417548,244835.243446502,348432.021260274,476765.270484506,488456.251562566,500092.109258063,517540.395229892,543244.97403787,564255.724632166,592986.046973969,639266.029711623,681030.195350144,745007.153036166
579513033,2055,No mitigation,90th-percentile,54620.4555119968,75480.0915231081,89088.5490050147,96633.2826933638,108467.625014374,117556.047920638,125080.64305632,131711.793559544,137831.403352903,140562.22879066,198284.443564814,282692.477861305,396477.147816387,528431.835162681,537079.113737773,559472.533906168,591224.285830469,619514.057098263,645201.642867195,661361.23287045,677839.128491629,741170.117071326,819772.629036576
579513033,2055,Raise Utilities,50th-percentile,3498.20772317658,8914.73853681923,11951.3878878332,15009.2923509957,19299.5421881508,23314.1860184063,27990.4946153159,30627.3011610562,33898.5318081894,37560.2033528846,75066.7181424059,132785.695430716,215280.415403522,347828.371608689,362211.777080801,377429.225485834,392986.067626101,402341.550334725,417631.716552574,442550.927585677,481740.527190158,512057.676687837,593287.215462811
579513033,2055,Raise Utilities,90th-percentile,4436.52346228568,11068.562606881,19147.0498539625,24014.9383418804,31613.8398912896,36078.3506514358,42059.4020340861,45177.6542499134,48095.0489033677,49839.6863193897,90556.3294538973,157057.377451648,248463.505059193,386006.425552423,400324.45821724,412944.388240092,431706.172041483,457781.206963189,479715.370565059,494017.724103611,525664.381738711,552937.674209487,633296.213639155
579513033,2055,WFP B,50th-percentile,0,0,0,0,0,0,0,272.077215194724,2422.41558185225,4870.92239459468,30921.9871703636,72553.714851604,146965.753983968,278145.531738105,295575.28448,307404.19495506,319483.439937124,327007.382676141,338791.010996332,358088.005187731,374269.654413966,432643.335906772,495864.89936805
579513033,2055,WFP B,90th-percentile,0,0,0,0,1543.36768356529,4991.04521431425,6038.36119397328,7641.46871558277,10591.0445931542,13854.5439313141,39189.7814989585,88436.0009844362,170136.423116708,309696.804749853,324005.105261362,337671.010664065,345851.283131591,359827.275566144,378237.04623792,396950.608164204,425478.258075826,459529.810919012,538024.148273697
579513033,2055,Elevate,50th-percentile,0,0,0,0,0,0,0,0,0,0,0,0,0,30187.9838137652,37417.6890471915,47975.2968924674,63929.803135589,102060.499754628,121163.4979177,148359.676364455,188736.426434121,237587.380595953,295575.28448
579513033,2055,Elevate,90th-percentile,0,0,0,0,0,0,0,0,0,0,0,0,0,32493.6631828882,40130.9949101292,54311.8389551594,88132.4899219185,114178.166756169,149115.760095815,181676.639699125,214545.306261454,253036.37201642,295575.28448
579513033,2055,WFP 1st,50th-percentile,0,0,0,0,0,0,0,0,0,0,0,0,0,0,0,0,0,0,0,0,0,0,0
579513033,2055,WFP 1st,90th-percentile,0,0,0,0,0,0,0,0,0,0,0,0,0,0,0,0,0,0,0,0,0,0,0
579513033,2100,No mitigation,50th-percentile,4679463.62497229,4758126.3901366,4800496.50596296,4842276.24016955,4875348.75167999,4919658.85207551,4934996.58897732,4973285.21261004,5001334.58856596,5031899.71830047,5263818.07073983,5579518.34832837,5858801.01117485,6158699.6979154,6196460.07906728,6229758.94435501,6266395.05217376,6309189.76149497,6348550.67840649,6417796.14127025,6459028.66131853,6496672.92318169,6619255.83272803
579513033,2100,No mitigation,90th-percentile,7382908.50331767,7479132.37084271,7534338.98225247,7560767.19216319,7626427.84050258,7662877.43921323,7682538.18311854,7694331.94266058,7719568.64969448,7743942.6949338,7981489.63062129,8250218.01866013,8539506.62738499,8804877.72641677,8823109.41072112,8849637.8266653,8887771.174976,8920153.45693158,8959255.15790654,8999876.16175916,9101252.5694997,9172931.58653416,9253751.08681814
579513033,2100,Raise Utilities,50th-percentile,3799723.02371015,3885552.67942394,3925532.17246455,3952871.17093054,3988274.96890711,4017111.90972111,4047041.72629344,4070610.19741706,4097826.59640607,4130115.95836629,4363768.45306829,4653668.99900142,4941413.36833255,5230195.21471367,5268725.72554368,5294759.34022784,5331784.06288246,5373277.34121777,5412721.89278125,5458894.30562784,5520159.90547215,5545552.34446507,5661957.9093979
579513033,2100,Raise Utilities,90th-percentile,6436461.53627346,6510192.32894981,6564817.97231929,6615098.95238247,6661500.30227428,6687567.60136194,6713629.50772939,6732753.48718482,6751863.59068228,6769775.46595818,7003141.23298352,7271634.74856726,7546259.08849716,7810011.64411614,7838277.4181572,7855194.06756234,7880137.61478461,7903811.21530076,7941649.01201711,8001692.73189699,8076716.80978242,8180719.43845597,8271203.74931497
579513033,2100,WFP B,50th-percentile,3139427.32704134,3213559.61680106,3263399.79318244,3286392.7725587,3312868.91572383,3347741.41099462,3384070.84435177,3406124.41104015,3431359.56718493,3459572.72978522,3670152.14554282,3959017.45256873,4229360.75399366,4509141.20054384,4545803.45477127,4578588.50090681,4610479.67140045,4646873.90255841,4672380.71117898,4722570.49156683,4776607.83891665,4826599.73654737,4939149.52352298
579513033,2100,WFP B,90th-percentile,5682271.85314586,5745636.84154748,5819430.37652148,5867951.58603176,5889243.47373352,5920340.76743881,5944749.33494448,5974494.30721151,6000530.72092013,6016255.71751961,6233703.010103,6496689.55914528,6764714.40626566,7016343.36206404,7028806.38058596,7052448.18444285,7076717.19851423,7111599.46723935,7137376.22640702,7184540.81104861,7273828.90857598,7364723.13683421,7470628.86840945
579513033,2100,Elevate,50th-percentile,240156.862118633,275238.624680689,294088.861914878,309427.355781828,333387.466945114,349364.958555009,362599.966612763,375341.877704778,380079.553628992,387163.693952371,501530.959347934,649396.269787516,839600.245175045,1001944.12720389,1018583.21339509,1040381.99050696,1059043.96025111,1092789.87050596,1106628.90382076,1140596.57742374,1166091.9867863,1206976.36290674,1299918.4683588
579513033,2100,Elevate,90th-percentile,1517408.892113,1567497.82341284,1618658.36753427,1650948.15549686,1668652.78895405,1693399.13599121,1704990.33895738,1740615.33129402,1749471.90583561,1769679.59571948,1930863.52168653,2159164.72567129,2398868.36310728,2607904.82514947,2640831.90429868,2667897.14269258,2703423.6779441,2728860.31119811,2773658.85035863,2804606.56354301,2850862.40219492,2907127.51186348,3033025.59454162
579513033,2100,WFP 1st,50th-percentile,0,0,0,0,0,0,0,0,0,0,0,0,0,0,0,0,0,0,0,0,0,0,0
579513033,2100,WFP 1st,90th-percentile,0,0,0,0,0,0,0,0,0,0,0,0,0,0,0,0,0,0,0,0,0,0,0
579534897,Potential,No mitigation,50th-percentile,0,0,0,0,0,0,0,0,0,0,0,0,0,0,0,0,0,0,0,0,0,0,0
579534897,Potential,No mitigation,90th-percentile,0,0,0,0,0,0,0,0,0,0,0,0,0,0,0,0,0,0,0,0,0,0,0
579534897,Potential,Raise Utilities,50th-percentile,0,0,0,0,0,0,0,0,0,0,0,0,0,0,0,0,0,0,0,0,0,0,0
579534897,Potential,Raise Utilities,90th-percentile,0,0,0,0,0,0,0,0,0,0,0,0,0,0,0,0,0,0,0,0,0,0,0
579534897,Potential,WFP B,50th-percentile,0,0,0,0,0,0,0,0,0,0,0,0,0,0,0,0,0,0,0,0,0,0,0
579534897,Potential,WFP B,90th-percentile,0,0,0,0,0,0,0,0,0,0,0,0,0,0,0,0,0,0,0,0,0,0,0
579534897,Potential,Elevate,50th-percentile,0,0,0,0,0,0,0,0,0,0,0,0,0,0,0,0,0,0,0,0,0,0,0
579534897,Potential,Elevate,90th-percentile,0,0,0,0,0,0,0,0,0,0,0,0,0,0,0,0,0,0,0,0,0,0,0
579534897,Potential,WFP 1st,50th-percentile,0,0,0,0,0,0,0,0,0,0,0,0,0,0,0,0,0,0,0,0,0,0,0
579534897,Potential,WFP 1st,90th-percentile,0,0,0,0,0,0,0,0,0,0,0,0,0,0,0,0,0,0,0,0,0,0,0
579534897,2040,No mitigation,50th-percentile,0,0,0,0,0,0,0,0,0,0,0,0,0,0,0,0,0,0,0,0,0,0,4094.60162380091
579534897,2040,No mitigation,90th-percentile,0,0,0,0,0,0,0,0,0,0,0,0,0,0,0,0,0,0,0,0,0,0,21728.738162357
579534897,2040,Raise Utilities,50th-percentile,0,0,0,0,0,0,0,0,0,0,0,0,0,0,0,0,0,0,0,0,0,0,0
579534897,2040,Raise Utilities,90th-percentile,0,0,0,0,0,0,0,0,0,0,0,0,0,0,0,0,0,0,0,0,0,0,1728.73816235702
579534897,2040,WFP B,50th-percentile,0,0,0,0,0,0,0,0,0,0,0,0,0,0,0,0,0,0,0,0,0,0,0
579534897,2040,WFP B,90th-percentile,0,0,0,0,0,0,0,0,0,0,0,0,0,0,0,0,0,0,0,0,0,0,0
579534897,2040,Elevate,50th-percentile,0,0,0,0,0,0,0,0,0,0,0,0,0,0,0,0,0,0,0,0,0,0,4094.60162380091
579534897,2040,Elevate,90th-percentile,0,0,0,0,0,0,0,0,0,0,0,0,0,0,0,0,0,0,0,0,0,0,21728.738162357
579534897,2040,WFP 1st,50th-percentile,0,0,0,0,0,0,0,0,0,0,0,0,0,0,0,0,0,0,0,0,0,0,0
579534897,2040,WFP 1st,90th-percentile,0,0,0,0,0,0,0,0,0,0,0,0,0,0,0,0,0,0,0,0,0,0,0
579534897,2055,No mitigation,50th-percentile,0,0,0,0,0,0,0,0,0,0,0,0,0,0,0,0,0,0,0,0,5082.46272475738,22100.031418648,221474.417968028
579534897,2055,No mitigation,90th-percentile,0,0,0,0,0,0,0,0,0,0,0,0,0,0,0,0,0,0,0,4532.99341287841,13487.212264556,37438.1469513289,212377.90044244
579534897,2055,Raise Utilities,50th-percentile,0,0,0,0,0,0,0,0,0,0,0,0,0,0,0,0,0,0,0,0,0,2100.03141864799,201474.417968028
579534897,2055,Raise Utilities,90th-percentile,0,0,0,0,0,0,0,0,0,0,0,0,0,0,0,0,0,0,0,0,0,17438.146951329,192377.90044244
579534897,2055,WFP B,50th-percentile,0,0,0,0,0,0,0,0,0,0,0,0,0,0,0,0,0,0,0,0,0,0,0
579534897,2055,WFP B,90th-percentile,0,0,0,0,0,0,0,0,0,0,0,0,0,0,0,0,0,0,0,0,0,0,0
579534897,2055,Elevate,50th-percentile,0,0,0,0,0,0,0,0,0,0,0,0,0,0,0,0,0,0,0,0,5082.46272475738,22100.031418648,221474.417968028
579534897,2055,Elevate,90th-percentile,0,0,0,0,0,0,0,0,0,0,0,0,0,0,0,0,0,0,0,4532.99341287841,13487.212264556,37438.1469513289,212377.90044244
579534897,2055,WFP 1st,50th-percentile,0,0,0,0,0,0,0,0,0,0,0,0,0,0,0,0,0,0,0,0,0,0,0
579534897,2055,WFP 1st,90th-percentile,0,0,0,0,0,0,0,0,0,0,0,0,0,0,0,0,0,0,0,0,0,0,0
579534897,2100,No mitigation,50th-percentile,0,0,0,0,0,0,0,0,0,0,0,3789.65730396094,26466.6825704282,227818.410595642,254828.7587,254828.7587,254828.7587,254828.7587,254828.7587,259476.71582291,273853.569374466,301516.157555366,388108.019122433
579534897,2100,No mitigation,90th-percentile,6574.32917490253,16017.3742042411,18390.1584406704,21176.2477071057,23529.6304914501,26158.6220747385,28685.281552752,30433.191826005,31189.0673585736,35134.3229175741,82926.971736761,216101.748601808,351918.404733681,505460.477261333,524023.137752607,545404.357820191,562657.949677954,582461.055256296,607419.653325979,641653.325920744,668058.627634365,722890.851383701,826296.09933282
579534897,2100,Raise Utilities,50th-percentile,0,0,0,0,0,0,0,0,0,0,0,0,2969.08215840713,206885.096504984,234828.7587,234828.7587,234828.7587,234828.7587,234828.7587,234828.7587,234828.7587,261516.157555366,338566.42456275
579534897,2100,Raise Utilities,90th-percentile,0,0,0,0,0,0,0,0,0,0,29996.7257279225,160719.982672724,276401.345167725,420605.142775869,432964.794784187,450742.623462339,469078.306146102,479814.283466566,507390.10715992,536259.226692031,578329.01759454,636713.946361508,705482.528640906
579534897,2100,WFP B,50th-percentile,0,0,0,0,0,0,0,0,0,0,0,0,0,0,0,0,0,0,0,0,0,0,0
579534897,2100,WFP B,90th-percentile,0,0,0,0,0,0,0,0,0,0,0,0,0,0,0,0,0,0,0,0,0,0,0
579534897,2100,Elevate,50th-percentile,0,0,0,0,0,0,0,0,0,0,0,3789.65730396094,26466.6825704282,227818.410595642,254828.7587,254828.7587,254828.7587,254828.7587,254828.7587,259476.71582291,273853.569374466,301516.157555366,388108.019122433
579534897,2100,Elevate,90th-percentile,6574.32917490253,16017.3742042411,18390.1584406704,21176.2477071057,23529.6304914501,26158.6220747385,28685.281552752,30433.191826005,31189.0673585736,35134.3229175741,82926.971736761,216101.748601808,351918.404733681,505460.477261333,524023.137752607,545404.357820191,562657.949677954,582461.055256296,607419.653325979,641653.325920744,668058.627634365,722890.851383701,826296.09933282
579534897,2100,WFP 1st,50th-percentile,0,0,0,0,0,0,0,0,0,0,0,0,0,0,0,0,0,0,0,0,0,0,0
579534897,2100,WFP 1st,90th-percentile,0,0,0,0,0,0,0,0,0,0,0,0,0,0,0,0,0,0,0,0,0,0,0
579534898,Potential,No mitigation,50th-percentile,0,0,0,0,0,0,0,0,0,0,0,0,0,0,0,0,0,0,0,0,0,558.51495427412,8616.95555561152
579534898,Potential,No mitigation,90th-percentile,0,0,0,0,0,0,0,0,0,0,0,0,0,0,0,0,0,0,0,0,0,9117.89062227925,20649.7475515813
579534898,Potential,Raise Utilities,50th-percentile,0,0,0,0,0,0,0,0,0,0,0,0,0,0,0,0,0,0,0,0,0,0,0
579534898,Potential,Raise Utilities,90th-percentile,0,0,0,0,0,0,0,0,0,0,0,0,0,0,0,0,0,0,0,0,0,0,3351.9984660573
579534898,Potential,WFP B,50th-percentile,0,0,0,0,0,0,0,0,0,0,0,0,0,0,0,0,0,0,0,0,0,0,0
579534898,Potential,WFP B,90th-percentile,0,0,0,0,0,0,0,0,0,0,0,0,0,0,0,0,0,0,0,0,0,0,1548.0471010573
579534898,Potential,Elevate,50th-percentile,0,0,0,0,0,0,0,0,0,0,0,0,0,0,0,0,0,0,0,0,0,0,0
579534898,Potential,Elevate,90th-percentile,0,0,0,0,0,0,0,0,0,0,0,0,0,0,0,0,0,0,0,0,0,0,0
579534898,Potential,WFP 1st,50th-percentile,0,0,0,0,0,0,0,0,0,0,0,0,0,0,0,0,0,0,0,0,0,0,0
579534898,Potential,WFP 1st,90th-percentile,0,0,0,0,0,0,0,0,0,0,0,0,0,0,0,0,0,0,0,0,0,0,0
579534898,2040,No mitigation,50th-percentile,0,0,0,0,0,0,0,0,0,0,0,1982.55882116577,19266.0754412161,48590.4658467142,50895.4597452864,55435.1467415276,66147.2980905221,76377.952977395,98087.6611969827,111300.966906695,150905.030364884,192447.299947524,214599.579035627
579534898,2040,No mitigation,90th-percentile,0,0,0,0,0,0,0,0,0,0,0,3035.58405813823,18519.8356338774,50698.4708751489,52899.8389403942,59571.1303651562,68384.637282397,76123.9148047193,95595.7896115152,114968.86957922,158781.745109041,202146.331120104,213725.643449942
579534898,2040,Raise Utilities,50th-percentile,0,0,0,0,0,0,0,0,0,0,0,0,0,21511.847422718,24089.0532677692,29567.0690696376,35791.694245607,51052.2105384659,69297.1030808872,85857.0210745119,116037.185670326,166771.44513082,188305.0241
579534898,2040,Raise Utilities,90th-percentile,0,0,0,0,0,0,0,0,0,0,0,0,0,25150.4080617457,30137.3780937023,34702.4699548496,41050.7879830389,50125.2175098215,62098.3712478279,86155.165733333,137851.28800113,179837.656928976,188305.0241
579534898,2040,WFP B,50th-percentile,0,0,0,0,0,0,0,0,0,0,0,0,0,17903.944692718,20481.1505377692,25063.3703721991,32183.791515607,47444.3078084659,65689.2003508872,82249.1183445119,110625.331575326,163163.54240082,184697.12137
579534898,2040,WFP B,90th-percentile,0,0,0,0,0,0,0,0,0,0,0,0,0,20246.4410159588,26529.4753637023,29838.3604156379,37442.8852530389,46054.4250797863,58490.4685178279,82547.263003333,134243.38527113,174951.669170966,184697.12137
579534898,2040,Elevate,50th-percentile,0,0,0,0,0,0,0,0,0,0,0,0,0,0,0,0,0,0,8585.20037811892,19617.6771519298,33635.8626934662,78594.8089330504,110269.560025082
579534898,2040,Elevate,90th-percentile,0,0,0,0,0,0,0,0,0,0,0,0,0,0,0,0,0,0,1740.2111771284,18411.2086797182,56861.2076001841,93178.4661513392,147703.258088374
579534898,2040,WFP 1st,50th-percentile,0,0,0,0,0,0,0,0,0,0,0,0,0,0,0,0,0,0,0,0,0,0,0
579534898,2040,WFP 1st,90th-percentile,0,0,0,0,0,0,0,0,0,0,0,0,0,0,0,0,0,0,0,0,0,0,0
579534898,2055,No mitigation,50th-percentile,0,848.964919949094,1964.73362599754,3365.37170297648,5650.05136866716,6813.93858921516,8700.51985847682,10374.1615969262,11953.5789638241,13092.2174464447,30567.3427182841,57088.4260290741,97328.0901087069,173422.464190664,182073.374047244,192062.386153337,204460.485369664,212530.627901747,223680.762926586,244765.43289711,260968.782630853,283078.230607137,330882.498369504
579534898,2055,No mitigation,90th-percentile,0,2477.01698888035,4792.06915141812,7580.40762778576,10114.2032597677,13209.1865503039,15656.0611298183,17067.195365386,17894.7008182665,18988.5158113326,37029.5674658635,68393.171726081,112133.718804575,191652.544375914,207273.426959044,221882.247480861,230901.482695524,238256.960431486,252709.923209657,265166.743682199,280765.705905507,309376.690229357,335142.364423551
579534898,2055,Raise Utilities,50th-percentile,0,0,0,0,0,0,0,0,0,0,0,9900.66505126358,39836.6589868595,103756.067894978,109825.718485671,118108.571075609,138825.70231836,157009.384144452,167451.592374948,188305.0241,195696.498080973,203847.546375358,250336.805781558
579534898,2055,Raise Utilities,90th-percentile,0,0,0,0,0,0,0,0,0,0,507.471238636383,15236.1365533371,49541.3530128872,117775.709905661,126852.372363792,147095.037949702,160190.137888342,176555.94290444,188305.0241,194120.609369425,206752.401398126,224685.303609207,261366.243591194
579534898,2055,WFP B,50th-percentile,0,0,0,0,0,0,0,0,0,0,0,5282.66845183401,33973.9413510313,96540.2624349784,103387.967428147,112821.059795868,131737.651791015,148950.100708138,163163.54240082,184697.12137,185977.288304648,196440.203367719,241545.664871378
579534898,2055,WFP B,90th-percentile,0,0,0,0,0,0,0,0,0,0,0,10718.4508031173,42121.2578040396,107662.055605959,115716.741130779,136187.433659026,147700.778459804,169872.105708336,184697.12137,185357.56743539,198093.089329946,215074.805520392,253351.70986768
579534898,2055,Elevate,50th-percentile,0,0,0,0,0,0,0,0,0,0,0,0,0,18863.6669028335,23381.3171099613,29978.4850067194,39948.030941124,63774.8874858997,75711.8421426749,92706.0095690855,117936.365082992,148462.024986929,184697.12137
579534898,2055,Elevate,90th-percentile,0,0,0,0,0,0,0,0,0,0,0,0,0,20304.4245192477,25076.7896635348,33938.0213409807,55071.6451703262,71346.894784438,93178.4661513392,113524.892419368,134063.646559022,158115.688176087,184697.12137
579534898,2055,WFP 1st,50th-percentile,0,0,0,0,0,0,0,0,0,0,0,0,0,0,0,0,0,0,0,0,0,0,0
579534898,2055,WFP 1st,90th-percentile,0,0,0,0,0,0,0,0,0,0,0,0,0,0,0,0,0,0,0,0,0,0,0
579534898,2100,No mitigation,50th-percentile,1879363.96576621,1905549.18875005,1935116.8720692,1946838.46770212,1978338.09798897,1990257.99787351,2007374.92765926,2021107.16740399,2036538.59455126,2048806.22987658,2181497.12503714,2359201.85231168,2522770.0195683,2698677.40189518,2711639.02648306,2731777.15872303,2757630.53288074,2780041.60157745,2794620.56028327,2814075.18091325,2841465.96405056,2871230.07997798,2940471.60955506
579534898,2100,No mitigation,90th-percentile,3453484.82600425,3510491.39858085,3538249.67077186,3559955.55822483,3586207.97246713,3606035.26564336,3635506.77217696,3655265.56244555,3678333.1875308,3686149.39377849,3812207.19790892,3982662.74765053,4155067.5408681,4311333.69426246,4332914.09351654,4345915.98261497,4363012.87217904,4393688.38572492,4418566.06037657,4461900.11816139,4491720.82702841,4531617.47895049,4585383.04312793
579534898,2100,Raise Utilities,50th-percentile,1212708.91797152,1234915.9009316,1277098.99868607,1298969.38719062,1314423.02093948,1326388.78571237,1335752.4513688,1348160.9340864,1354953.09882329,1361537.98355841,1501138.17797829,1672954.10414787,1819144.96109638,1976734.46252039,1999583.14285227,2015825.23541242,2029603.03670172,2051517.77319664,2071940.46280603,2085046.8561527,2103758.11769867,2154238.90457832,2224516.92380783
579534898,2100,Raise Utilities,90th-percentile,2683582.84925557,2728636.23101683,2755363.13374916,2796757.9120118,2807429.90277836,2826562.97848966,2849985.94019565,2857702.83458922,2878377.18473811,2894812.09251101,3020988.35821919,3188309.78486476,3347604.16005488,3489157.87521032,3507942.80853656,3520666.38380391,3538941.32366672,3554008.52791338,3584471.25392201,3634895.75403263,3657456.75416926,3697575.79383022,3760469.30483796
579534898,2100,WFP B,50th-percentile,1121879.22231074,1137673.34810932,1178944.21359505,1206532.99565093,1214987.70558954,1224298.40211393,1238640.96832075,1249720.28515945,1256009.83375247,1262287.83422022,1399525.65376423,1569647.51579764,1715043.14287254,1868382.05816663,1891195.83794221,1903376.95309116,1918339.42928006,1946686.82131639,1957420.07306971,1974887.08346104,1999319.9524465,2045131.49029324,2114390.22492837
579534898,2100,WFP B,90th-percentile,2562994.13475159,2606078.89979125,2633568.59814537,2670726.72472835,2689008.69148509,2701911.9216151,2725701.92344282,2738008.54056182,2754549.68532033,2769444.53329346,2895860.75098803,3060708.54152825,3219981.31484255,3360768.85327071,3374882.35900809,3397167.4759656,3409797.72118974,3425196.2750185,3456059.92092126,3497317.70221464,3522611.23509137,3568698.08045153,3632407.07092512
579534898,2100,Elevate,50th-percentile,150067.625559236,171989.284434264,183768.295525582,193352.911730863,208324.946926039,218308.855802125,226579.059758114,234541.140579067,237501.588041987,241928.278622597,313393.336104885,405790.429578386,524643.826927085,626088.194079437,636485.515768795,650106.990902628,661768.358654797,682855.278999847,691502.922261155,712728.416619606,728659.818752917,754207.376255132,812284.42204686
579534898,2100,Elevate,90th-percentile,948188.39407678,979487.632920278,1011456.49407252,1031633.52238285,1042696.67619017,1058160.00923599,1065403.04317059,1087664.15187187,1093198.38936008,1105825.63647013,1206545.17798202,1349204.51858382,1498988.93608459,1629610.25264294,1650185.50725138,1667097.85372647,1689297.43920544,1705192.11370387,1733185.52743767,1752523.92898304,1781427.97032471,1816586.5385051,1895256.89653797
579534898,2100,WFP 1st,50th-percentile,0,0,0,0,0,0,0,0,0,0,0,0,0,0,0,0,0,0,0,0,0,0,0
579534898,2100,WFP 1st,90th-percentile,0,0,0,0,0,0,0,0,0,0,0,0,0,0,0,0,0,0,0,0,0,0,0
579534899,Potential,No mitigation,50th-percentile,0,0,0,0,0,0,0,0,0,0,0,0,0,0,0,0,0,0,0,0,0,0,0
579534899,Potential,No mitigation,90th-percentile,0,0,0,0,0,0,0,0,0,0,0,0,0,0,0,0,0,0,0,0,0,0,0
579534899,Potential,Raise Utilities,50th-percentile,0,0,0,0,0,0,0,0,0,0,0,0,0,0,0,0,0,0,0,0,0,0,0
579534899,Potential,Raise Utilities,90th-percentile,0,0,0,0,0,0,0,0,0,0,0,0,0,0,0,0,0,0,0,0,0,0,0
579534899,Potential,WFP B,50th-percentile,0,0,0,0,0,0,0,0,0,0,0,0,0,0,0,0,0,0,0,0,0,0,0
579534899,Potential,WFP B,90th-percentile,0,0,0,0,0,0,0,0,0,0,0,0,0,0,0,0,0,0,0,0,0,0,0
579534899,Potential,Elevate,50th-percentile,0,0,0,0,0,0,0,0,0,0,0,0,0,0,0,0,0,0,0,0,0,0,0
579534899,Potential,Elevate,90th-percentile,0,0,0,0,0,0,0,0,0,0,0,0,0,0,0,0,0,0,0,0,0,0,0
579534899,Potential,WFP 1st,50th-percentile,0,0,0,0,0,0,0,0,0,0,0,0,0,0,0,0,0,0,0,0,0,0,0
579534899,Potential,WFP 1st,90th-percentile,0,0,0,0,0,0,0,0,0,0,0,0,0,0,0,0,0,0,0,0,0,0,0
579534899,2040,No mitigation,50th-percentile,0,0,0,0,0,0,0,0,0,0,0,0,0,0,0,0,0,0,0,0,0,0,0
579534899,2040,No mitigation,90th-percentile,0,0,0,0,0,0,0,0,0,0,0,0,0,0,0,0,0,0,0,0,0,0,0
579534899,2040,Raise Utilities,50th-percentile,0,0,0,0,0,0,0,0,0,0,0,0,0,0,0,0,0,0,0,0,0,0,0
579534899,2040,Raise Utilities,90th-percentile,0,0,0,0,0,0,0,0,0,0,0,0,0,0,0,0,0,0,0,0,0,0,0
579534899,2040,WFP B,50th-percentile,0,0,0,0,0,0,0,0,0,0,0,0,0,0,0,0,0,0,0,0,0,0,0
579534899,2040,WFP B,90th-percentile,0,0,0,0,0,0,0,0,0,0,0,0,0,0,0,0,0,0,0,0,0,0,0
579534899,2040,Elevate,50th-percentile,0,0,0,0,0,0,0,0,0,0,0,0,0,0,0,0,0,0,0,0,0,0,0
579534899,2040,Elevate,90th-percentile,0,0,0,0,0,0,0,0,0,0,0,0,0,0,0,0,0,0,0,0,0,0,0
579534899,2040,WFP 1st,50th-percentile,0,0,0,0,0,0,0,0,0,0,0,0,0,0,0,0,0,0,0,0,0,0,0
579534899,2040,WFP 1st,90th-percentile,0,0,0,0,0,0,0,0,0,0,0,0,0,0,0,0,0,0,0,0,0,0,0
579534899,2055,No mitigation,50th-percentile,0,0,0,0,0,0,0,0,0,0,0,0,0,0,0,0,0,0,0,0,0,0,0
579534899,2055,No mitigation,90th-percentile,0,0,0,0,0,0,0,0,0,0,0,0,0,0,0,0,0,0,0,0,0,0,0
579534899,2055,Raise Utilities,50th-percentile,0,0,0,0,0,0,0,0,0,0,0,0,0,0,0,0,0,0,0,0,0,0,0
579534899,2055,Raise Utilities,90th-percentile,0,0,0,0,0,0,0,0,0,0,0,0,0,0,0,0,0,0,0,0,0,0,0
579534899,2055,WFP B,50th-percentile,0,0,0,0,0,0,0,0,0,0,0,0,0,0,0,0,0,0,0,0,0,0,0
579534899,2055,WFP B,90th-percentile,0,0,0,0,0,0,0,0,0,0,0,0,0,0,0,0,0,0,0,0,0,0,0
579534899,2055,Elevate,50th-percentile,0,0,0,0,0,0,0,0,0,0,0,0,0,0,0,0,0,0,0,0,0,0,0
579534899,2055,Elevate,90th-percentile,0,0,0,0,0,0,0,0,0,0,0,0,0,0,0,0,0,0,0,0,0,0,0
579534899,2055,WFP 1st,50th-percentile,0,0,0,0,0,0,0,0,0,0,0,0,0,0,0,0,0,0,0,0,0,0,0
579534899,2055,WFP 1st,90th-percentile,0,0,0,0,0,0,0,0,0,0,0,0,0,0,0,0,0,0,0,0,0,0,0
579534899,2100,No mitigation,50th-percentile,0,0,0,0,0,0,0,0,0,0,0,0,0,0,0,12431.5058274035,24400.8203017649,45986.1965200566,58905.3649296537,73163.2958084945,97152.9559922169,143864.858461191,199186.4527849
579534899,2100,No mitigation,90th-percentile,0,0,0,0,0,0,0,0,0,0,0,0,0,38507.1926927193,47429.5437114356,55194.0845104104,68585.4504688665,81954.9703530524,88912.5427913393,95885.2847516575,103856.829888311,144298.812398017,194853.438231367
579534899,2100,Raise Utilities,50th-percentile,0,0,0,0,0,0,0,0,0,0,0,0,0,0,0,0,2865.06537542911,25986.1965200566,38905.3649296537,53163.2958084945,77152.9559922169,123864.858461191,177179.54991641
579534899,2100,Raise Utilities,90th-percentile,0,0,0,0,0,0,0,0,0,0,0,0,0,17357.3363460817,27429.5437114356,34964.8444205023,44255.9416469732,57224.2687109918,66787.1337559998,74731.230773129,81994.7894011621,115356.558972078,167439.620150255
579534899,2100,WFP B,50th-percentile,0,0,0,0,0,0,0,0,0,0,0,0,0,0,0,0,0,0,9066.43724965373,23324.3681284945,45597.3638781113,94025.9307811909,147340.62223641
579534899,2100,WFP B,90th-percentile,0,0,0,0,0,0,0,0,0,0,0,0,0,0,0,5109.49623504556,13899.0156731799,27082.6311493712,35620.325370484,43649.3658923168,48403.2931261131,84244.4557730061,137600.692470255
579534899,2100,Elevate,50th-percentile,0,0,0,0,0,0,0,0,0,0,0,0,0,0,0,12431.5058274035,24400.8203017649,45986.1965200566,58905.3649296537,73163.2958084945,97152.9559922169,143864.858461191,199186.4527849
579534899,2100,Elevate,90th-percentile,0,0,0,0,0,0,0,0,0,0,0,0,0,38507.1926927193,47429.5437114356,55194.0845104104,68585.4504688665,81954.9703530524,88912.5427913393,95885.2847516575,103856.829888311,144298.812398017,194853.438231367
579534899,2100,WFP 1st,50th-percentile,0,0,0,0,0,0,0,0,0,0,0,0,0,0,0,0,0,0,0,0,0,0,0
579534899,2100,WFP 1st,90th-percentile,0,0,0,0,0,0,0,0,0,0,0,0,0,0,0,0,0,0,0,0,0,0,0
579534905,Potential,No mitigation,50th-percentile,0,0,0,0,0,0,0,0,0,0,0,0,0,0,0,0,0,0,0,0,0,0,0
579534905,Potential,No mitigation,90th-percentile,0,0,0,0,0,0,0,0,0,0,0,0,0,0,0,0,0,0,0,0,0,0,0
579534905,Potential,Raise Utilities,50th-percentile,0,0,0,0,0,0,0,0,0,0,0,0,0,0,0,0,0,0,0,0,0,0,0
579534905,Potential,Raise Utilities,90th-percentile,0,0,0,0,0,0,0,0,0,0,0,0,0,0,0,0,0,0,0,0,0,0,0
579534905,Potential,WFP B,50th-percentile,0,0,0,0,0,0,0,0,0,0,0,0,0,0,0,0,0,0,0,0,0,0,0
579534905,Potential,WFP B,90th-percentile,0,0,0,0,0,0,0,0,0,0,0,0,0,0,0,0,0,0,0,0,0,0,0
579534905,Potential,Elevate,50th-percentile,0,0,0,0,0,0,0,0,0,0,0,0,0,0,0,0,0,0,0,0,0,0,0
579534905,Potential,Elevate,90th-percentile,0,0,0,0,0,0,0,0,0,0,0,0,0,0,0,0,0,0,0,0,0,0,0
579534905,Potential,WFP 1st,50th-percentile,0,0,0,0,0,0,0,0,0,0,0,0,0,0,0,0,0,0,0,0,0,0,0
579534905,Potential,WFP 1st,90th-percentile,0,0,0,0,0,0,0,0,0,0,0,0,0,0,0,0,0,0,0,0,0,0,0
579534905,2040,No mitigation,50th-percentile,0,0,0,0,0,0,0,0,0,0,0,0,0,0,0,0,0,0,8354.4737523131,16652.3592409447,27811.2671577046,61410.6218377388,87599.0788031573
579534905,2040,No mitigation,90th-percentile,0,0,0,0,0,0,0,0,0,0,0,0,0,0,0,0,0,0,3206.13419762947,15744.9349668396,44536.8005905177,73468.2850013699,123286.896552595
579534905,2040,Raise Utilities,50th-percentile,0,0,0,0,0,0,0,0,0,0,0,0,0,0,0,0,0,0,0,0,7811.26715770464,41410.6218377388,67599.0788031573
579534905,2040,Raise Utilities,90th-percentile,0,0,0,0,0,0,0,0,0,0,0,0,0,0,0,0,0,0,0,0,24536.8005905177,53468.2850013699,103286.896552595
579534905,2040,WFP B,50th-percentile,0,0,0,0,0,0,0,0,0,0,0,0,0,0,0,0,0,0,0,0,3788.07377770464,37387.4284577388,63575.8854231573
579534905,2040,WFP B,90th-percentile,0,0,0,0,0,0,0,0,0,0,0,0,0,0,0,0,0,0,0,0,20513.6072105177,49445.0916213699,99263.7031725947
579534905,2040,Elevate,50th-percentile,0,0,0,0,0,0,0,0,0,0,0,0,0,0,0,0,0,0,8354.4737523131,16652.3592409447,27811.2671577046,61410.6218377388,87599.0788031573
579534905,2040,Elevate,90th-percentile,0,0,0,0,0,0,0,0,0,0,0,0,0,0,0,0,0,0,3206.13419762947,15744.9349668396,44536.8005905177,73468.2850013699,123286.896552595
579534905,2040,WFP 1st,50th-percentile,0,0,0,0,0,0,0,0,0,0,0,0,0,0,0,0,0,0,0,0,0,0,0
579534905,2040,WFP 1st,90th-percentile,0,0,0,0,0,0,0,0,0,0,0,0,0,0,0,0,0,0,0,0,0,0,0
579534905,2055,No mitigation,50th-percentile,0,0,0,0,0,0,0,0,0,0,0,0,0,16085.2435485638,19483.1155645218,24607.2567078496,32356.9211182279,50868.4515218948,58767.3258309119,73077.6612886079,94835.3528230564,124110.485349397,211969.3534
579534905,2055,No mitigation,90th-percentile,0,0,0,0,0,0,0,0,0,0,0,0,0,17168.8843268756,21140.4037225823,28028.8641226288,43248.0625170505,55888.2636950217,73468.2850013699,90290.56427271,108795.697936318,134588.866609614,206280.194017703
579534905,2055,Raise Utilities,50th-percentile,0,0,0,0,0,0,0,0,0,0,0,0,0,0,0,4607.25670784958,12062.991738666,25846.1120244096,37579.6024584464,53077.6612886079,69379.4584582943,104110.485349397,191969.3534
579534905,2055,Raise Utilities,90th-percentile,0,0,0,0,0,0,0,0,0,0,0,0,0,0,758.335751893335,7692.9509656668,21979.3594203354,31791.0077497263,52839.0567937085,69284.9889730854,85005.8524372561,114325.273231848,186280.194017703
579534905,2055,WFP B,50th-percentile,0,0,0,0,0,0,0,0,0,0,0,0,0,0,0,621.751606462007,6908.37258234245,21822.9186444096,33556.4090784464,49054.4679086079,65356.2650782943,100087.291969397,187946.16002
579534905,2055,WFP B,90th-percentile,0,0,0,0,0,0,0,0,0,0,0,0,0,0,0,3669.7575856668,17956.1660403354,27767.8143697263,48194.8921699615,64901.050584357,80982.6590572561,110302.079851848,182257.000637703
579534905,2055,Elevate,50th-percentile,0,0,0,0,0,0,0,0,0,0,0,0,0,16085.2435485638,19483.1155645218,24607.2567078496,32356.9211182279,50868.4515218948,58767.3258309119,73077.6612886079,94835.3528230564,124110.485349397,211969.3534
579534905,2055,Elevate,90th-percentile,0,0,0,0,0,0,0,0,0,0,0,0,0,17168.8843268756,21140.4037225823,28028.8641226288,43248.0625170505,55888.2636950217,73468.2850013699,90290.56427271,108795.697936318,134588.866609614,206280.194017703
579534905,2055,WFP 1st,50th-percentile,0,0,0,0,0,0,0,0,0,0,0,0,0,0,0,0,0,0,0,0,0,0,0
579534905,2055,WFP 1st,90th-percentile,0,0,0,0,0,0,0,0,0,0,0,0,0,0,0,0,0,0,0,0,0,0,0
579534905,2100,No mitigation,50th-percentile,130570.672583176,147239.779481451,158483.222684405,164631.325518081,178765.339224663,184344.267494425,190686.343374571,196089.074353003,200196.0064126,205275.693917316,259887.279153751,337770.049291508,442380.156495135,533685.087239799,548390.532796153,563829.184050379,573312.872421232,582797.724633629,597390.696784637,614298.293285606,629486.29677637,668869.166562842,728425.498082335
579534905,2100,No mitigation,90th-percentile,772522.277243974,801037.077215758,824215.460176437,839695.200735768,847641.797114123,855562.19251159,869389.895381461,878001.142043655,891875.774592869,898938.401899288,993853.471636791,1123053.77422476,1270996.55511887,1409351.51234078,1420214.94699429,1439003.59787316,1448223.14987855,1462809.84466849,1496345.69764623,1518690.16550709,1541867.49151441,1574211.24505499,1643724.59238183
579534905,2100,Raise Utilities,50th-percentile,17428.6782297875,24558.202553619,30463.2217988915,35010.8555110173,44368.2117500104,50053.898767345,53665.8800592541,55485.5267634384,58889.3741881778,62759.4734724233,101620.167356293,161507.157534059,248076.094725337,325371.647794854,340383.202660219,353118.455354012,361435.999176549,371267.243509726,384779.56328395,400002.956088282,414638.258097114,452087.107460761,494645.2879965
579534905,2100,Raise Utilities,90th-percentile,427309.691785321,453451.312939774,469041.611270975,481300.883590882,487930.009393919,493305.254609849,505495.09754114,513277.141257851,524212.713688798,533451.992584642,623240.844115819,747015.452430476,870637.074776026,1011512.79552816,1024225.1003923,1029431.45276497,1047853.99066629,1071239.39730445,1081201.66773993,1099185.38898574,1129841.02137447,1161664.79972053,1212307.82121619
579534905,2100,WFP B,50th-percentile,7889.57340417147,14208.2641941057,18063.9522039814,24811.0229109881,30314.1983067207,35237.9516943426,40628.8705774028,43228.2834208537,44760.1348962747,48116.4968009741,84407.146005826,140669.553029031,222022.701954019,299207.742896019,313372.517373343,324728.848420286,335166.234771267,341234.318714731,353049.372033914,370630.090444655,388521.128269621,417931.711336965,461032.808384462
579534905,2100,WFP B,90th-percentile,374266.738945414,396502.845945911,416022.187356245,423432.722276686,432233.644972234,441075.177247945,450998.727682349,458579.410167327,469599.523045968,476728.686574052,566931.3506094,686178.528593822,806982.737032475,944875.335168595,957337.253922687,968915.108465105,979786.985593553,996684.286107048,1016085.32833575,1037210.23147467,1057066.61760265,1094840.26876022,1147349.83258549
579534905,2100,Elevate,50th-percentile,130570.672583176,147239.779481451,158483.222684405,164631.325518081,178765.339224663,184344.267494425,190686.343374571,196089.074353003,200196.0064126,205275.693917316,259887.279153751,337770.049291508,442380.156495135,533685.087239799,548390.532796153,563829.184050379,573312.872421232,582797.724633629,597390.696784637,614298.293285606,629486.29677637,668869.166562842,728425.498082335
579534905,2100,Elevate,90th-percentile,772522.277243974,801037.077215758,824215.460176437,839695.200735768,847641.797114123,855562.19251159,869389.895381461,878001.142043655,891875.774592869,898938.401899288,993853.471636791,1123053.77422476,1270996.55511887,1409351.51234078,1420214.94699429,1439003.59787316,1448223.14987855,1462809.84466849,1496345.69764623,1518690.16550709,1541867.49151441,1574211.24505499,1643724.59238183
579534905,2100,WFP 1st,50th-percentile,0,0,0,0,0,0,0,0,0,0,0,0,0,0,0,0,0,0,0,0,0,0,0
579534905,2100,WFP 1st,90th-percentile,0,0,0,0,0,0,0,0,0,0,0,0,0,0,0,0,0,0,0,0,0,0,0
579534906,Potential,No mitigation,50th-percentile,0,0,0,0,0,0,0,0,0,0,0,0,0,0,0,0,0,0,0,0,0,0,0
579534906,Potential,No mitigation,90th-percentile,0,0,0,0,0,0,0,0,0,0,0,0,0,0,0,0,0,0,0,0,0,0,0
579534906,Potential,Raise Utilities,50th-percentile,0,0,0,0,0,0,0,0,0,0,0,0,0,0,0,0,0,0,0,0,0,0,0
579534906,Potential,Raise Utilities,90th-percentile,0,0,0,0,0,0,0,0,0,0,0,0,0,0,0,0,0,0,0,0,0,0,0
579534906,Potential,WFP B,50th-percentile,0,0,0,0,0,0,0,0,0,0,0,0,0,0,0,0,0,0,0,0,0,0,0
579534906,Potential,WFP B,90th-percentile,0,0,0,0,0,0,0,0,0,0,0,0,0,0,0,0,0,0,0,0,0,0,0
579534906,Potential,Elevate,50th-percentile,0,0,0,0,0,0,0,0,0,0,0,0,0,0,0,0,0,0,0,0,0,0,0
579534906,Potential,Elevate,90th-percentile,0,0,0,0,0,0,0,0,0,0,0,0,0,0,0,0,0,0,0,0,0,0,0
579534906,Potential,WFP 1st,50th-percentile,0,0,0,0,0,0,0,0,0,0,0,0,0,0,0,0,0,0,0,0,0,0,0
579534906,Potential,WFP 1st,90th-percentile,0,0,0,0,0,0,0,0,0,0,0,0,0,0,0,0,0,0,0,0,0,0,0
579534906,2040,No mitigation,50th-percentile,0,0,0,0,0,0,0,0,0,0,0,0,0,0,0,0,0,0,0,7850.3511416251,18459.8889257812,49689.8980315304,73177.675961836
579534906,2040,No mitigation,90th-percentile,0,0,0,0,0,0,0,0,0,0,0,0,0,0,0,0,0,0,0,6903.77537441825,33577.7156748139,58638.4077702728,106586.895920203
579534906,2040,Raise Utilities,50th-percentile,0,0,0,0,0,0,0,0,0,0,0,0,0,0,0,0,0,0,0,0,0,29689.8980315304,53177.675961836
579534906,2040,Raise Utilities,90th-percentile,0,0,0,0,0,0,0,0,0,0,0,0,0,0,0,0,0,0,0,0,13577.7156748139,38638.4077702728,86586.8959202033
579534906,2040,WFP B,50th-percentile,0,0,0,0,0,0,0,0,0,0,0,0,0,0,0,0,0,0,0,0,0,24630.2061615304,48117.984091836
579534906,2040,WFP B,90th-percentile,0,0,0,0,0,0,0,0,0,0,0,0,0,0,0,0,0,0,0,0,8518.02380481391,33578.7159002728,81527.2040502033
579534906,2040,Elevate,50th-percentile,0,0,0,0,0,0,0,0,0,0,0,0,0,0,0,0,0,0,0,7850.3511416251,18459.8889257812,49689.8980315304,73177.675961836
579534906,2040,Elevate,90th-percentile,0,0,0,0,0,0,0,0,0,0,0,0,0,0,0,0,0,0,0,6903.77537441825,33577.7156748139,58638.4077702728,106586.895920203
579534906,2040,WFP 1st,50th-percentile,0,0,0,0,0,0,0,0,0,0,0,0,0,0,0,0,0,0,0,0,0,0,0
579534906,2040,WFP 1st,90th-percentile,0,0,0,0,0,0,0,0,0,0,0,0,0,0,0,0,0,0,0,0,0,0,0
579534906,2055,No mitigation,50th-percentile,0,0,0,0,0,0,0,0,0,0,0,0,0,7258.76682221741,10803.2425456028,15979.274416389,21964.6825189126,37285.5388561285,46861.7390852105,58302.812437131,76129.8074476037,107200.850546857,220235.037060552
579534906,2055,No mitigation,90th-percentile,0,0,0,0,0,0,0,0,0,0,0,0,0,7788.02925246683,12133.4830534505,18627.6607040938,31689.270156779,44459.5446836715,58638.4077702728,74936.3259762145,90835.9416645234,117719.69205286,194179.232785473
579534906,2055,Raise Utilities,50th-percentile,0,0,0,0,0,0,0,0,0,0,0,0,0,0,0,0,865.704096518752,14943.5183209839,26861.7390852105,38302.812437131,55034.8714174156,87200.8505468574,200235.037060552
579534906,2055,Raise Utilities,90th-percentile,0,0,0,0,0,0,0,0,0,0,0,0,0,0,0,0,10909.9318097665,21144.9109787313,37668.2510907613,54001.8598857195,70835.9416645234,97719.69205286,174179.232785473
579534906,2055,WFP B,50th-percentile,0,0,0,0,0,0,0,0,0,0,0,0,0,0,0,0,0,9883.82645098389,21802.0472152105,33243.120567131,49975.1795474156,82141.1586768574,194863.775088558
579534906,2055,WFP B,90th-percentile,0,0,0,0,0,0,0,0,0,0,0,0,0,0,0,0,5850.23993976648,16085.2191087313,32608.5592207613,48942.1680157195,65776.2497945235,92660.00018286,169119.540915473
579534906,2055,Elevate,50th-percentile,0,0,0,0,0,0,0,0,0,0,0,0,0,7258.76682221741,10803.2425456028,15979.274416389,21964.6825189126,37285.5388561285,46861.7390852105,58302.812437131,76129.8074476037,107200.850546857,220235.037060552
579534906,2055,Elevate,90th-percentile,0,0,0,0,0,0,0,0,0,0,0,0,0,7788.02925246683,12133.4830534505,18627.6607040938,31689.270156779,44459.5446836715,58638.4077702728,74936.3259762145,90835.9416645234,117719.69205286,194179.232785473
579534906,2055,WFP 1st,50th-percentile,0,0,0,0,0,0,0,0,0,0,0,0,0,0,0,0,0,0,0,0,0,0,0
579534906,2055,WFP 1st,90th-percentile,0,0,0,0,0,0,0,0,0,0,0,0,0,0,0,0,0,0,0,0,0,0,0
579534906,2100,No mitigation,50th-percentile,60282.8898943983,72049.0207064664,82774.5620834084,89881.4245217858,95197.1798873818,99696.4668654137,103512.094395599,109812.692178405,113871.65166639,119400.916578719,164808.566721472,228947.145774778,325862.254016246,419468.911362579,426255.867607671,435160.016331629,445875.811437685,461400.208794723,480367.703640155,492316.963513558,515137.444615102,545240.320611443,607350.912774533
579534906,2100,No mitigation,90th-percentile,576154.417948676,598733.263522397,614336.729727682,621838.145395961,632275.155127209,642649.373227196,650975.534169672,659773.806857565,666919.148862507,676452.087027497,768663.33988295,892319.947060405,1027423.49774175,1168167.88586811,1184419.95114762,1196440.80185391,1213441.99250668,1225242.29953601,1238614.04792827,1259607.48313571,1284015.599057,1332729.24707881,1402087.78065655
579534906,2100,Raise Utilities,50th-percentile,83.3502172768967,3635.48297587898,5135.7724505656,10265.3257477943,14450.5235659965,19603.3356991115,23991.304678838,27084.088197662,29031.0794349183,30125.7020861021,58194.7460026988,105030.220280057,182570.987543962,265494.379632138,275750.364472648,280153.178986029,292194.915542788,300479.339225771,314999.516380307,334568.007606731,357762.598587865,377501.32061754,427987.973650028
579534906,2100,Raise Utilities,90th-percentile,285984.058051543,301624.573268174,314671.766820392,330165.64297866,340835.984552875,346763.928919551,353758.461679652,359748.543938436,366460.670820713,371360.849875784,456037.338668645,573444.32992704,689099.986317184,818841.690890648,830093.80351177,848317.80396204,859961.005376205,871981.045151717,896587.284100335,909515.337372772,933801.948018704,976259.349755811,1041089.90048028
579534906,2100,WFP B,50th-percentile,0,0,0,2535.80570497497,5409.9482045667,10151.0269266684,13197.5159261554,15762.8496108692,17920.5321838084,19593.364844451,43596.1794958399,85047.1575655318,158646.133020755,242916.968190366,248524.644714003,257027.849509624,266987.475806197,277485.372785845,287612.072028266,308714.346618649,325721.845012771,346326.259857973,405832.957307026
579534906,2100,WFP B,90th-percentile,234230.949172964,249180.295631981,262052.947344717,276787.431111995,286841.727054297,294283.819950268,298901.221185268,303323.099208981,308654.072621206,315400.868086068,396641.70665951,506320.975759547,622983.737624146,751200.030081117,760056.031333938,774764.375533892,793639.216301731,802324.975769154,821486.027533768,837944.658705648,861290.677612694,914818.455201846,970234.245079938
579534906,2100,Elevate,50th-percentile,60282.8898943983,72049.0207064664,82774.5620834084,89881.4245217858,95197.1798873818,99696.4668654137,103512.094395599,109812.692178405,113871.65166639,119400.916578719,164808.566721472,228947.145774778,325862.254016246,419468.911362579,426255.867607671,435160.016331629,445875.811437685,461400.208794723,480367.703640155,492316.963513558,515137.444615102,545240.320611443,607350.912774533
579534906,2100,Elevate,90th-percentile,576154.417948676,598733.263522397,614336.729727682,621838.145395961,632275.155127209,642649.373227196,650975.534169672,659773.806857565,666919.148862507,676452.087027497,768663.33988295,892319.947060405,1027423.49774175,1168167.88586811,1184419.95114762,1196440.80185391,1213441.99250668,1225242.29953601,1238614.04792827,1259607.48313571,1284015.599057,1332729.24707881,1402087.78065655
579534906,2100,WFP 1st,50th-percentile,0,0,0,0,0,0,0,0,0,0,0,0,0,0,0,0,0,0,0,0,0,0,0
579534906,2100,WFP 1st,90th-percentile,0,0,0,0,0,0,0,0,0,0,0,0,0,0,0,0,0,0,0,0,0,0,0
579534907,Potential,No mitigation,50th-percentile,0,0,0,0,0,0,0,0,0,0,0,0,0,0,0,0,0,0,0,0,0,0,0
579534907,Potential,No mitigation,90th-percentile,0,0,0,0,0,0,0,0,0,0,0,0,0,0,0,0,0,0,0,0,0,0,0
579534907,Potential,Raise Utilities,50th-percentile,0,0,0,0,0,0,0,0,0,0,0,0,0,0,0,0,0,0,0,0,0,0,0
579534907,Potential,Raise Utilities,90th-percentile,0,0,0,0,0,0,0,0,0,0,0,0,0,0,0,0,0,0,0,0,0,0,0
579534907,Potential,WFP B,50th-percentile,0,0,0,0,0,0,0,0,0,0,0,0,0,0,0,0,0,0,0,0,0,0,0
579534907,Potential,WFP B,90th-percentile,0,0,0,0,0,0,0,0,0,0,0,0,0,0,0,0,0,0,0,0,0,0,0
579534907,Potential,Elevate,50th-percentile,0,0,0,0,0,0,0,0,0,0,0,0,0,0,0,0,0,0,0,0,0,0,0
579534907,Potential,Elevate,90th-percentile,0,0,0,0,0,0,0,0,0,0,0,0,0,0,0,0,0,0,0,0,0,0,0
579534907,Potential,WFP 1st,50th-percentile,0,0,0,0,0,0,0,0,0,0,0,0,0,0,0,0,0,0,0,0,0,0,0
579534907,Potential,WFP 1st,90th-percentile,0,0,0,0,0,0,0,0,0,0,0,0,0,0,0,0,0,0,0,0,0,0,0
579534907,2040,No mitigation,50th-percentile,0,0,0,0,0,0,0,0,0,0,0,0,0,0,0,0,0,0,0,0,204.610147604299,23186.3031837112,70450.3943642447
579534907,2040,No mitigation,90th-percentile,0,0,0,0,0,0,0,0,0,0,0,0,0,0,0,0,0,0,0,0,11878.5383811429,44094.3079272361,122969.784729361
579534907,2040,Raise Utilities,50th-percentile,0,0,0,0,0,0,0,0,0,0,0,0,0,0,0,0,0,0,0,0,0,3186.30318371123,50450.3943642447
579534907,2040,Raise Utilities,90th-percentile,0,0,0,0,0,0,0,0,0,0,0,0,0,0,0,0,0,0,0,0,0,24094.3079272361,102969.784729361
579534907,2040,WFP B,50th-percentile,0,0,0,0,0,0,0,0,0,0,0,0,0,0,0,0,0,0,0,0,0,0,46655.8693552447
579534907,2040,WFP B,90th-percentile,0,0,0,0,0,0,0,0,0,0,0,0,0,0,0,0,0,0,0,0,0,20299.7829182361,99175.2597203612
579534907,2040,Elevate,50th-percentile,0,0,0,0,0,0,0,0,0,0,0,0,0,0,0,0,0,0,0,0,204.610147604299,23186.3031837112,70450.3943642447
579534907,2040,Elevate,90th-percentile,0,0,0,0,0,0,0,0,0,0,0,0,0,0,0,0,0,0,0,0,11878.5383811429,44094.3079272361,122969.784729361
579534907,2040,WFP 1st,50th-percentile,0,0,0,0,0,0,0,0,0,0,0,0,0,0,0,0,0,0,0,0,0,0,0
579534907,2040,WFP 1st,90th-percentile,0,0,0,0,0,0,0,0,0,0,0,0,0,0,0,0,0,0,0,0,0,0,0
579534907,2055,No mitigation,50th-percentile,0,0,0,0,0,0,0,0,0,0,0,0,0,0,0,0,1918.21535715934,12837.0786178215,21201.4599463869,43365.7351037761,73771.0740613432,123801.849059748,204713.593786792
579534907,2055,No mitigation,90th-percentile,0,0,0,0,0,0,0,0,0,0,0,0,0,0,0,0,10006.2487172,17189.3065202664,41762.4952019913,71924.0415318018,102023.508668784,134121.757092077,191902.542874335
579534907,2055,Raise Utilities,50th-percentile,0,0,0,0,0,0,0,0,0,0,0,0,0,0,0,0,0,0,1201.45994638693,23365.7351037761,53771.0740613432,103801.849059748,179463.484461235
579534907,2055,Raise Utilities,90th-percentile,0,0,0,0,0,0,0,0,0,0,0,0,0,0,0,0,0,0,21762.4952019913,51924.0415318018,82023.5086687841,114121.757092077,171902.542874335
579534907,2055,WFP B,50th-percentile,0,0,0,0,0,0,0,0,0,0,0,0,0,0,0,0,0,0,0,19571.2100947761,49976.5490523432,100007.324050748,175517.937345168
579534907,2055,WFP B,90th-percentile,0,0,0,0,0,0,0,0,0,0,0,0,0,0,0,0,0,0,17967.9701929913,48129.5165228018,78228.9836597841,110327.232083077,168108.017865335
579534907,2055,Elevate,50th-percentile,0,0,0,0,0,0,0,0,0,0,0,0,0,0,0,0,1918.21535715934,12837.0786178215,21201.4599463869,43365.7351037761,73771.0740613432,123801.849059748,204713.593786792
579534907,2055,Elevate,90th-percentile,0,0,0,0,0,0,0,0,0,0,0,0,0,0,0,0,10006.2487172,17189.3065202664,41762.4952019913,71924.0415318018,102023.508668784,134121.757092077,191902.542874335
579534907,2055,WFP 1st,50th-percentile,0,0,0,0,0,0,0,0,0,0,0,0,0,0,0,0,0,0,0,0,0,0,0
579534907,2055,WFP 1st,90th-percentile,0,0,0,0,0,0,0,0,0,0,0,0,0,0,0,0,0,0,0,0,0,0,0
579534907,2100,No mitigation,50th-percentile,938.413765516612,4744.61193830133,7166.38827280141,10397.2787523155,15177.9024727357,17905.0931759542,20734.1566002522,23430.9278420485,25446.6736694519,26780.9000408554,55638.5374347616,120850.022837602,215135.629920777,303464.754057756,316313.860741715,326215.403046658,339774.9138955,351438.435714531,362616.090964777,388219.178743141,412113.270989821,432504.183388191,508871.138874754
579534907,2100,No mitigation,90th-percentile,306525.598692008,333620.070710149,354079.693415016,373265.42332265,383165.703747574,393422.256865911,404733.926322448,411217.23910793,420196.449367571,429519.716032739,534674.144126826,689501.13274344,830745.471423756,998130.78460427,1007090.28758942,1023127.44431082,1036425.2615604,1057121.12752446,1089620.67446828,1116650.15749539,1143468.95894554,1176766.78560247,1245908.05231829
579534907,2100,Raise Utilities,50th-percentile,0,0,0,0,0,0,0,0,0,0,8827.82967520762,61867.4580685547,145609.49714094,225679.073884131,232587.801469417,243970.533728902,250928.411220694,259082.420389459,272434.146624164,300527.78808933,323914.435480315,360333.62543595,416599.809139601
579534907,2100,Raise Utilities,90th-percentile,137292.260188808,164429.785708434,176944.987938519,185320.552363863,197682.410545494,212899.208538444,222886.850754003,227704.318623611,233698.721887812,243013.942432245,336634.932293183,474959.942888675,609468.844665966,755086.877382856,768751.521517367,793311.298627708,803261.901855467,821767.02070724,833031.729769845,864065.014897913,898645.623230264,933189.438329475,1013676.41596974
579534907,2100,WFP B,50th-percentile,0,0,0,0,0,0,0,0,0,0,4435.33341226851,55013.6581762671,135282.61293042,216855.008981907,220981.882312955,230962.015875015,240449.098877726,249868.623845354,261445.156902121,284256.528568603,313699.886543639,347052.78790445,400473.994511014
579534907,2100,WFP B,90th-percentile,120341.093337633,147691.987531498,158425.511390998,167246.025678867,176432.477184963,192670.56506667,203591.110613785,211177.705409664,215959.576322155,222717.566301506,312121.572017576,448971.337513724,580547.447540337,723166.633129806,734725.684442253,757880.166762641,771767.463158646,786737.706026041,797668.134690293,824962.169143044,858557.564393603,894671.83891291,969067.081467474
579534907,2100,Elevate,50th-percentile,938.413765516612,4744.61193830133,7166.38827280141,10397.2787523155,15177.9024727357,17905.0931759542,20734.1566002522,23430.9278420485,25446.6736694519,26780.9000408554,55638.5374347616,120850.022837602,215135.629920777,303464.754057756,316313.860741715,326215.403046658,339774.9138955,351438.435714531,362616.090964777,388219.178743141,412113.270989821,432504.183388191,508871.138874754
579534907,2100,Elevate,90th-percentile,306525.598692008,333620.070710149,354079.693415016,373265.42332265,383165.703747574,393422.256865911,404733.926322448,411217.23910793,420196.449367571,429519.716032739,534674.144126826,689501.13274344,830745.471423756,998130.78460427,1007090.28758942,1023127.44431082,1036425.2615604,1057121.12752446,1089620.67446828,1116650.15749539,1143468.95894554,1176766.78560247,1245908.05231829
579534907,2100,WFP 1st,50th-percentile,0,0,0,0,0,0,0,0,0,0,0,0,0,0,0,0,0,0,0,0,0,0,0
579534907,2100,WFP 1st,90th-percentile,0,0,0,0,0,0,0,0,0,0,0,0,0,0,0,0,0,0,0,0,0,0,0
579536184,Potential,No mitigation,50th-percentile,0,0,0,0,0,0,0,0,0,0,0,0,0,10423.2687638944,13543.8735728286,16056.5097110062,18339.7793408358,21980.0443799461,27653.5337152004,34614.0362723293,46884.7462171953,64734.2152850189,80084.1409830242
579536184,Potential,No mitigation,90th-percentile,0,0,0,0,0,0,0,0,0,0,0,0,0,8109.85710046007,12322.5487898666,15287.9162491471,18394.6826597855,21441.9362291292,24911.7993464803,28235.3828894409,55552.1374535628,81019.2114850367,101506.839343358
579536184,Potential,Raise Utilities,50th-percentile,0,0,0,0,0,0,0,0,0,0,0,0,0,0,0,0,0,1980.04437994612,7653.53371520039,14614.0362723293,26884.7462171953,44734.2152850189,60084.1409830242
579536184,Potential,Raise Utilities,90th-percentile,0,0,0,0,0,0,0,0,0,0,0,0,0,0,0,0,0,1441.93622912919,4911.7993464803,8235.38288944087,35552.1374535628,61019.2114850367,81506.8393433577
579536184,Potential,WFP B,50th-percentile,0,0,0,0,0,0,0,0,0,0,0,0,0,0,0,0,0,0,0,0,0,992.969564179584,15985.6762330242
579536184,Potential,WFP B,90th-percentile,0,0,0,0,0,0,0,0,0,0,0,0,0,0,0,0,0,0,0,0,0,16920.7467350367,37408.3745933577
579536184,Potential,Elevate,50th-percentile,0,0,0,0,0,0,0,0,0,0,0,0,0,0,0,0,0,0,0,0,0,0,0
579536184,Potential,Elevate,90th-percentile,0,0,0,0,0,0,0,0,0,0,0,0,0,0,0,0,0,0,0,0,0,0,0
579536184,Potential,WFP 1st,50th-percentile,0,0,0,0,0,0,0,0,0,0,0,0,0,0,0,0,0,0,0,0,0,0,0
579536184,Potential,WFP 1st,90th-percentile,0,0,0,0,0,0,0,0,0,0,0,0,0,0,0,0,0,0,0,0,0,0,0
579536184,2040,No mitigation,50th-percentile,0,0,0,1620.26400277863,5378.96096311619,8067.63854560766,10976.9702555905,14762.7224038088,19409.6732500122,22908.316529146,66822.2563995611,124161.421048819,198237.978585699,280403.786210051,292515.634944312,305059.109472325,314092.986416943,325211.606749512,342784.978610661,365840.709930454,405094.769915389,425604.67268108,457999.96591582
579536184,2040,No mitigation,90th-percentile,0,0,0,582.854705374655,5983.02091694093,9300.91088127411,14021.0963958712,17652.0335283097,22207.1927606666,24528.8576720973,69277.1414352222,124129.239647242,193016.810075133,280163.236086179,286019.555807802,293729.996886093,303351.773102206,315188.759780418,337678.067682644,351561.05808987,367544.758375653,394341.974652126,466215.392476839
579536184,2040,Raise Utilities,50th-percentile,0,0,0,0,0,0,0,0,0,0,31029.6240054769,73331.4540055511,128601.847245719,199728.710789913,205344.043410236,219672.990230685,234930.36681027,247835.646722481,264353.414583357,283973.498310511,317860.566015333,346802.207134104,366475.774658351
579536184,2040,Raise Utilities,90th-percentile,0,0,0,0,0,0,0,0,0,894.607031978601,31172.0145648796,73297.8690776287,125206.447190558,201536.841292157,211465.234598346,219854.651918772,231058.978103132,242170.591447938,260294.70104255,266953.91027231,295657.609773069,329911.386447933,373833.08201246
579536184,2040,WFP B,50th-percentile,0,0,0,0,0,0,0,0,0,0,0,3601.57877645044,35831.0916747624,80266.6710115038,82719.8344669721,89876.7651986641,106106.875591571,119881.498676904,152517.581136271,175397.56222609,212786.614166833,231158.995158881,249170.905057969
579536184,2040,WFP B,90th-percentile,0,0,0,0,0,0,0,0,0,0,0,5567.20846078798,34470.8885136329,79383.8833780244,87882.2528404445,93903.503885983,105121.642908298,119370.586475965,149495.934224675,174650.303602425,216925.84470412,225163.634873756,250380.793356565
579536184,2040,Elevate,50th-percentile,0,0,0,0,0,0,0,0,0,0,0,0,0,0,0,0,0,0,11844.983053545,27066.4682453736,45497.6532743752,84211.6720846682,127615.294738861
579536184,2040,Elevate,90th-percentile,0,0,0,0,0,0,0,0,0,0,0,0,0,0,0,0,0,0,2400.96573112158,25401.9062108746,65082.5630560613,104195.524616976,175066.963749454
579536184,2040,WFP 1st,50th-percentile,0,0,0,0,0,0,0,0,0,0,0,0,0,0,0,0,0,0,0,0,0,0,0
579536184,2040,WFP 1st,90th-percentile,0,0,0,0,0,0,0,0,0,0,0,0,0,0,0,0,0,0,0,0,0,0,0
579536184,2055,No mitigation,50th-percentile,156150.093515069,174232.428029708,202803.044588965,222048.141711976,239593.095465803,248341.903179244,258288.08197467,268473.016765109,276011.277023144,292699.963710454,389395.996935796,486704.53573027,611104.813858047,752233.663184929,761940.310323269,781613.607730169,794179.340194455,813504.230566694,839563.298972181,865589.233684564,901942.172227242,944483.196334292,1056723.31857333
579536184,2055,No mitigation,90th-percentile,192080.185193227,232892.109587866,266108.900083469,284854.291242676,299725.075686765,308613.767651408,326717.840854204,332751.361365835,339101.995812991,344331.635432798,439505.922805501,560183.249851481,698530.482569589,826471.761478705,842365.147184588,853719.408225827,881403.287154783,898937.846850939,923484.213869702,938222.98440009,990767.948298341,1040011.75923771,1159131.64687288
579536184,2055,Raise Utilities,50th-percentile,67362.7712840833,90157.8606077573,107193.088105424,121073.584534192,129353.107542994,137152.861525747,145910.429157522,149740.670330575,153646.897533503,165093.395004963,243542.701684372,324813.788143698,431125.062720854,550318.750581047,565052.981733489,577226.644340842,589137.989416049,609584.814846006,627657.229137216,658297.568116341,685994.982312924,732981.219028529,800922.69926369
579536184,2055,Raise Utilities,90th-percentile,88446.5196571441,119485.585958732,136461.358496636,150489.228341171,162189.937420911,170302.713832345,182926.802229433,191479.457253985,198524.328358586,206558.273739324,271496.372105821,376255.705996701,489738.361322746,605763.187240232,619697.245569043,638830.599284345,654096.291742967,677202.368352173,701194.16744152,715846.580598495,749199.682070479,787795.297728408,886884.9697624
579536184,2055,WFP B,50th-percentile,0,1485.55558538064,3568.30537376113,6133.22416549652,10447.5041781832,12570.4919554911,16092.0791070371,19216.182657965,22114.8198325759,24339.4243759438,54848.4458953374,97672.0307995527,165896.614340653,261799.350132866,271565.762218576,283166.704093451,295213.185215211,303430.760447977,315346.605764265,331196.796868009,352432.041665521,397175.932491551,445403.471384393
579536184,2055,WFP B,90th-percentile,0,4524.55917425865,8845.9515699027,14050.8039197729,18692.4127852831,24508.182325721,29012.5909606134,31660.152499174,33155.2332096975,35197.003097118,67819.1224618163,117169.248597089,187165.287175174,290944.231506939,300954.267720515,312681.322269104,324227.717690095,341332.156220439,355354.27249796,380235.481809943,391544.108748486,417044.173631188,478659.908402936
579536184,2055,Elevate,50th-percentile,0,0,0,0,0,0,0,0,0,0,0,0,0,26026.1618775097,32259.1544447719,41361.2532306843,50820.4265702604,72496.6651388607,82061.5362215959,103548.121669529,138127.501138609,175913.341561195,233921.427423771
579536184,2055,Elevate,90th-percentile,0,0,0,0,0,0,0,0,0,0,0,0,0,28013.9721555537,34598.3943902966,45752.4503452086,64204.5687831977,83636.2874316822,104195.524616976,132076.047041067,159975.435488391,186681.663612256,222851.656762243
579536184,2055,WFP 1st,50th-percentile,0,0,0,0,0,0,0,0,0,0,0,0,0,0,0,0,0,0,0,0,0,0,0
579536184,2055,WFP 1st,90th-percentile,0,0,0,0,0,0,0,0,0,0,0,0,0,0,0,0,0,0,0,0,0,0,0
579536184,2100,No mitigation,50th-percentile,5628087.48561565,5753017.48492215,5804209.91916207,5843558.09652322,5891552.43598642,5926928.17357946,5947198.29182648,5966278.99927462,5990506.67619607,6014124.16640468,6219660.23619679,6484919.83560742,6723048.20804298,6985510.22594437,7012209.7279826,7030966.76292278,7053040.6600681,7085651.10472584,7139176.33995908,7192972.1982441,7229127.18306988,7329819.84521358,7400856.23468503
579536184,2100,No mitigation,90th-percentile,7868497.51056897,7953139.15110815,8000156.11111572,8042423.94447314,8076332.85005988,8094712.93470845,8118563.08310904,8143575.02458863,8157767.6838479,8173790.65283921,8375578.89769047,8595191.67623207,8840132.57250569,9064154.67380768,9093709.58007457,9115119.95214231,9153594.59272383,9180290.03838825,9210396.22941846,9240802.95117756,9292860.84265985,9314401.46733587,9411496.25103458
579536184,2100,Raise Utilities,50th-percentile,4690726.44517638,4781162.71557318,4837404.09090851,4852540.64004496,4901105.87448101,4917726.26949303,4936743.365815,4957703.26649623,4979954.11072565,5012176.08782864,5205314.62977201,5450058.05506694,5676286.22694937,5951198.16777329,5967044.6396066,5984214.832334,6014514.22517635,6037706.34712144,6065187.9094973,6154199.46260597,6194920.19460251,6244536.28777342,6324654.59981564
579536184,2100,Raise Utilities,90th-percentile,6830780.03244956,6897106.01481713,6943593.80290324,6979535.80558257,7019629.70382578,7041749.07650531,7061080.54912077,7086737.5328163,7109928.05758316,7124978.30691121,7318179.41293402,7523915.81641809,7751578.6007589,7970718.80198222,7995618.42139486,8029578.3745575,8050907.34312918,8083877.05159115,8111174.59981901,8146690.5375106,8183664.45641067,8227775.31275412,8308766.58623732
579536184,2100,WFP B,50th-percentile,2851331.1646952,2917399.14117448,2952274.40496566,2974791.30825139,2996124.97746777,3013900.20621616,3036695.86263448,3058531.89386741,3086423.0181691,3103296.42037414,3274416.81886417,3494999.29931736,3717595.64659016,3918279.90790534,3958948.19973865,3975052.59841712,4008008.23329776,4026661.73211363,4050806.17983684,4095698.91922828,4130903.82476757,4190746.16868278,4251183.87154517
579536184,2100,WFP B,90th-percentile,4778884.95530578,4846539.01530216,4887011.66663826,4919843.25004567,4943914.70136122,4973412.59311716,4991591.08903385,5003880.61778819,5017867.10041625,5034751.4040994,5205039.06898068,5400220.65772377,5600098.99424052,5804751.1822502,5821439.82555113,5844376.93945804,5865207.82159971,5890270.45131608,5927991.42504467,5952041.81764933,5978596.4890752,6078965.13906841,6138157.5417188
579536184,2100,Elevate,50th-percentile,200368.451071312,225142.395652298,237296.923520198,255071.753148423,266011.96921551,275683.844067959,283163.530220736,289031.682470994,297491.468031337,305677.628744489,386090.408912207,498335.448922994,639787.418778747,764073.564116742,772677.580375294,791522.300935906,805732.2212237,827113.542386852,837681.158899651,855016.502520651,891144.125588537,918496.086819482,990808.019617179
579536184,2100,Elevate,90th-percentile,1120532.46992782,1159003.12652722,1202941.0977073,1223001.60822095,1237171.76086378,1251067.79855533,1267186.62632903,1280888.41273473,1289771.45312662,1300930.09536391,1426408.09053485,1589812.63252782,1776726.131068,1928394.37068939,1951144.89912972,1969041.61369931,1996884.94972037,2022931.61586865,2054556.771585,2083231.25681908,2112424.48369122,2177391.095762,2244252.10388012
579536184,2100,WFP 1st,50th-percentile,0,0,0,0,0,0,0,0,0,0,0,0,0,0,0,0,0,0,0,0,838.671943114372,5352.74580894175,10931.9263288517
579536184,2100,WFP 1st,90th-percentile,0,0,0,0,0,0,0,0,0,0,0,0,0,0,0,0,0,0,0,468.993415794626,1127.46174497344,4690.63651037368,9204.11325019418
579536842,Potential,No mitigation,50th-percentile,0,0,0,0,0,0,0,0,0,0,0,0,0,0,0,0,0,0,0,0,0,0,0
579536842,Potential,No mitigation,90th-percentile,0,0,0,0,0,0,0,0,0,0,0,0,0,0,0,0,0,0,0,0,0,0,0
579536842,Potential,Raise Utilities,50th-percentile,0,0,0,0,0,0,0,0,0,0,0,0,0,0,0,0,0,0,0,0,0,0,0
579536842,Potential,Raise Utilities,90th-percentile,0,0,0,0,0,0,0,0,0,0,0,0,0,0,0,0,0,0,0,0,0,0,0
579536842,Potential,WFP B,50th-percentile,0,0,0,0,0,0,0,0,0,0,0,0,0,0,0,0,0,0,0,0,0,0,0
579536842,Potential,WFP B,90th-percentile,0,0,0,0,0,0,0,0,0,0,0,0,0,0,0,0,0,0,0,0,0,0,0
579536842,Potential,Elevate,50th-percentile,0,0,0,0,0,0,0,0,0,0,0,0,0,0,0,0,0,0,0,0,0,0,0
579536842,Potential,Elevate,90th-percentile,0,0,0,0,0,0,0,0,0,0,0,0,0,0,0,0,0,0,0,0,0,0,0
579536842,Potential,WFP 1st,50th-percentile,0,0,0,0,0,0,0,0,0,0,0,0,0,0,0,0,0,0,0,0,0,0,0
579536842,Potential,WFP 1st,90th-percentile,0,0,0,0,0,0,0,0,0,0,0,0,0,0,0,0,0,0,0,0,0,0,0
579536842,2040,No mitigation,50th-percentile,0,0,0,0,0,0,0,0,0,0,0,0,0,0,0,0,6256.69920890808,6837.0031651129,7922.31649295435,8894.49908754955,10680.4287568721,14412.7569504439,16602.9533337209
579536842,2040,No mitigation,90th-percentile,0,0,0,0,0,0,0,0,0,0,0,0,0,0,0,0,6466.35872465451,6935.89655484424,7573.16301357598,8913.29791513574,12435.4745632506,15131.5567263836,20962.191820661
579536842,2040,Raise Utilities,50th-percentile,0,0,0,0,0,0,0,0,0,0,0,0,0,0,0,0,0,0,0,0,0,0,0
579536842,2040,Raise Utilities,90th-percentile,0,0,0,0,0,0,0,0,0,0,0,0,0,0,0,0,0,0,0,0,0,0,541.45772748136
579536842,2040,WFP B,50th-percentile,0,0,0,0,0,0,0,0,0,0,0,0,0,0,0,0,0,0,0,0,0,0,0
579536842,2040,WFP B,90th-percentile,0,0,0,0,0,0,0,0,0,0,0,0,0,0,0,0,0,0,0,0,0,0,0
579536842,2040,Elevate,50th-percentile,0,0,0,0,0,0,0,0,0,0,0,0,0,0,0,0,6256.69920890808,6837.0031651129,7922.31649295435,8894.49908754955,10680.4287568721,14412.7569504439,16602.9533337209
579536842,2040,Elevate,90th-percentile,0,0,0,0,0,0,0,0,0,0,0,0,0,0,0,0,6466.35872465451,6935.89655484424,7573.16301357598,8913.29791513574,12435.4745632506,15131.5567263836,20962.191820661
579536842,2040,WFP 1st,50th-percentile,0,0,0,0,0,0,0,0,0,0,0,0,0,0,0,0,0,0,0,0,0,0,0
579536842,2040,WFP 1st,90th-percentile,0,0,0,0,0,0,0,0,0,0,0,0,0,0,0,0,0,0,0,0,0,0,0
579536842,2055,No mitigation,50th-percentile,0,0,0,0,0,0,0,0,0,0,0,0,0,9348.05885654385,10172.1795019432,11622.4477811155,13263.5955505113,14074.1045032297,15038.7801067542,16417.0231265163,19922.0213524211,24214.7618019048,39739.2303486023
579536842,2055,No mitigation,90th-percentile,0,0,0,0,0,0,0,0,0,0,0,0,6344.49216907727,11101.6966650618,12830.3523084955,13799.3268664217,14767.7599628314,15398.3205719166,17538.6799567643,19868.8060028489,22313.2280778653,25927.0133865925,31296.8469578577
579536842,2055,Raise Utilities,50th-percentile,0,0,0,0,0,0,0,0,0,0,0,0,0,0,0,0,0,0,0,0,0,624.384391799647,10798.1099214488
579536842,2055,Raise Utilities,90th-percentile,0,0,0,0,0,0,0,0,0,0,0,0,0,0,0,0,0,0,0,0,0,1652.90528615554,9672.87956582539
579536842,2055,WFP B,50th-percentile,0,0,0,0,0,0,0,0,0,0,0,0,0,0,0,0,0,0,0,0,0,0,8920.55943157525
579536842,2055,WFP B,90th-percentile,0,0,0,0,0,0,0,0,0,0,0,0,0,0,0,0,0,0,0,0,0,399.554500424932,8220.36026482539
579536842,2055,Elevate,50th-percentile,0,0,0,0,0,0,0,0,0,0,0,0,0,9348.05885654385,10172.1795019432,11622.4477811155,13263.5955505113,14074.1045032297,15038.7801067542,16417.0231265163,19922.0213524211,24214.7618019048,39739.2303486023
579536842,2055,Elevate,90th-percentile,0,0,0,0,0,0,0,0,0,0,0,0,6344.49216907727,11101.6966650618,12830.3523084955,13799.3268664217,14767.7599628314,15398.3205719166,17538.6799567643,19868.8060028489,22313.2280778653,25927.0133865925,31296.8469578577
579536842,2055,WFP 1st,50th-percentile,0,0,0,0,0,0,0,0,0,0,0,0,0,0,0,0,0,0,0,0,0,0,0
579536842,2055,WFP 1st,90th-percentile,0,0,0,0,0,0,0,0,0,0,0,0,0,0,0,0,0,0,0,0,0,0,0
579536842,2100,No mitigation,50th-percentile,112284.671095799,116756.741125577,119479.916314333,120695.452198261,123030.711175701,124781.591678929,126279.441017249,127631.102546549,128463.653781871,129793.753852111,145060.947814008,162606.916583474,178313.532323998,200491.470551987,203358.684337425,204616.465026142,208405.338949153,210069.990661827,212692.145444157,217517.323020634,221806.061338704,230166.625659189,236346.289162716
579536842,2100,No mitigation,90th-percentile,254550.778328775,260232.565557725,262818.002317462,266006.728324735,267961.307016434,269207.239862359,271086.960332073,273410.244641466,274754.326819847,275751.445368473,290401.762994954,311586.942403538,332494.772612302,353288.614537351,355409.388727137,358643.891056769,363904.322792779,366496.985765247,368989.844871423,372135.544934547,378561.270751661,385112.227492366,402330.770300196
579536842,2100,Raise Utilities,50th-percentile,0,0,0,0,0,0,0,0,0,0,0,0,818.482931836383,11335.9397926142,13852.5434902721,16538.1905654729,19490.6998703786,21969.436437752,23900.5055921265,26270.143719411,31814.8661937361,37194.3640924555,45887.5104769318
579536842,2100,Raise Utilities,90th-percentile,0,0,0,0,0,0,0,0,0,0,2476.72971591838,7571.7445525785,15881.519165906,28588.5334441379,31303.2370369672,32726.8157282428,34714.9786095793,36224.7885207251,39212.0278402525,41406.5278469206,45514.3067683702,51921.7933333873,61377.4961197129
579536842,2100,WFP B,50th-percentile,0,0,0,0,0,0,0,0,0,0,0,0,0,9527.57562409101,12246.5662789353,14952.2753211942,17537.5101348864,20516.917136752,22135.3052788727,24620.0647580508,29731.7308576197,35741.8447914555,44434.9911759318
579536842,2100,WFP B,90th-percentile,0,0,0,0,0,0,0,0,0,0,744.248160072406,5137.64790295251,11980.3735013589,24733.0679425471,26899.1049404591,28848.5444221178,29821.7771262428,31651.9258652386,34400.7388839766,37872.0391522816,41055.9469350232,46024.4128926044,56293.6785662129
579536842,2100,Elevate,50th-percentile,112284.671095799,116756.741125577,119479.916314333,120695.452198261,123030.711175701,124781.591678929,126279.441017249,127631.102546549,128463.653781871,129793.753852111,145060.947814008,162606.916583474,178313.532323998,200491.470551987,203358.684337425,204616.465026142,208405.338949153,210069.990661827,212692.145444157,217517.323020634,221806.061338704,230166.625659189,236346.289162716
579536842,2100,Elevate,90th-percentile,254550.778328775,260232.565557725,262818.002317462,266006.728324735,267961.307016434,269207.239862359,271086.960332073,273410.244641466,274754.326819847,275751.445368473,290401.762994954,311586.942403538,332494.772612302,353288.614537351,355409.388727137,358643.891056769,363904.322792779,366496.985765247,368989.844871423,372135.544934547,378561.270751661,385112.227492366,402330.770300196
579536842,2100,WFP 1st,50th-percentile,0,0,0,0,0,0,0,0,0,0,0,0,0,0,0,0,0,0,0,0,0,0,0
579536842,2100,WFP 1st,90th-percentile,0,0,0,0,0,0,0,0,0,0,0,0,0,0,0,0,0,0,0,0,0,0,0
579536843,Potential,No mitigation,50th-percentile,0,0,0,0,0,0,0,0,0,0,0,0,0,0,0,0,0,0,0,0,0,0,0
579536843,Potential,No mitigation,90th-percentile,0,0,0,0,0,0,0,0,0,0,0,0,0,0,0,0,0,0,0,0,0,0,0
579536843,Potential,Raise Utilities,50th-percentile,0,0,0,0,0,0,0,0,0,0,0,0,0,0,0,0,0,0,0,0,0,0,0
579536843,Potential,Raise Utilities,90th-percentile,0,0,0,0,0,0,0,0,0,0,0,0,0,0,0,0,0,0,0,0,0,0,0
579536843,Potential,WFP B,50th-percentile,0,0,0,0,0,0,0,0,0,0,0,0,0,0,0,0,0,0,0,0,0,0,0
579536843,Potential,WFP B,90th-percentile,0,0,0,0,0,0,0,0,0,0,0,0,0,0,0,0,0,0,0,0,0,0,0
579536843,Potential,Elevate,50th-percentile,0,0,0,0,0,0,0,0,0,0,0,0,0,0,0,0,0,0,0,0,0,0,0
579536843,Potential,Elevate,90th-percentile,0,0,0,0,0,0,0,0,0,0,0,0,0,0,0,0,0,0,0,0,0,0,0
579536843,Potential,WFP 1st,50th-percentile,0,0,0,0,0,0,0,0,0,0,0,0,0,0,0,0,0,0,0,0,0,0,0
579536843,Potential,WFP 1st,90th-percentile,0,0,0,0,0,0,0,0,0,0,0,0,0,0,0,0,0,0,0,0,0,0,0
579536843,2040,No mitigation,50th-percentile,0,0,0,0,0,0,0,0,0,0,0,0,0,5167.21710362971,10761.8763951109,11763.2708797429,13244.5004674624,15178.1647552783,21444.1972143773,23877.0319111821,33655.6573726025,47320.8653407119,58636.863738051
579536843,2040,No mitigation,90th-percentile,0,0,0,0,0,0,0,0,0,0,0,0,0,10801.7360357344,11985.0902609865,12620.8830413151,13799.2422689553,15230.1836225467,18143.3506539376,23822.2642694531,37713.0235522674,51486.8678998985,71955.143002792
579536843,2040,Raise Utilities,50th-percentile,0,0,0,0,0,0,0,0,0,0,0,0,0,0,0,0,0,0,0,3752.97109490706,9218.7572846433,25688.8368893288,38636.863738051
579536843,2040,Raise Utilities,90th-percentile,0,0,0,0,0,0,0,0,0,0,0,0,0,0,0,0,0,0,0,3265.31735718584,17713.0235522675,31486.8678998985,51382.5246228515
579536843,2040,WFP B,50th-percentile,0,0,0,0,0,0,0,0,0,0,0,0,0,0,0,0,0,0,0,0,0,0,0
579536843,2040,WFP B,90th-percentile,0,0,0,0,0,0,0,0,0,0,0,0,0,0,0,0,0,0,0,0,0,0,1667.61615285154
579536843,2040,Elevate,50th-percentile,0,0,0,0,0,0,0,0,0,0,0,0,0,5167.21710362971,10761.8763951109,11763.2708797429,13244.5004674624,15178.1647552783,21444.1972143773,23877.0319111821,33655.6573726025,47320.8653407119,58636.863738051
579536843,2040,Elevate,90th-percentile,0,0,0,0,0,0,0,0,0,0,0,0,0,10801.7360357344,11985.0902609865,12620.8830413151,13799.2422689553,15230.1836225467,18143.3506539376,23822.2642694531,37713.0235522674,51486.8678998985,71955.143002792
579536843,2040,WFP 1st,50th-percentile,0,0,0,0,0,0,0,0,0,0,0,0,0,0,0,0,0,0,0,0,0,0,0
579536843,2040,WFP 1st,90th-percentile,0,0,0,0,0,0,0,0,0,0,0,0,0,0,0,0,0,0,0,0,0,0,0
579536843,2055,No mitigation,50th-percentile,0,0,0,0,0,0,0,0,0,0,0,0,12937.713594351,28119.2703854471,31427.8534836113,34992.5475498177,38083.2143750314,43673.8133783529,47725.3222159181,55974.0927330534,68044.3609184145,78954.8347001082,120738.256139072
579536843,2055,No mitigation,90th-percentile,0,0,0,0,0,0,0,0,0,0,0,0,13793.9612992771,31666.7912541475,35261.9284530142,38404.7235824819,44611.8857101755,50106.8552073042,59109.6819849903,68221.3193059346,73828.9732342291,84153.6027203733,97264.8141731596
579536843,2055,Raise Utilities,50th-percentile,0,0,0,0,0,0,0,0,0,0,0,0,0,3448.20066391695,5274.23181182114,7940.80259864906,11423.6325818562,19548.4611687407,24288.8485237562,31289.2174380979,39939.1296238166,51495.3876709039,84387.5747848725
579536843,2055,Raise Utilities,90th-percentile,0,0,0,0,0,0,0,0,0,0,0,0,0,3720.86431249961,5959.54066737557,9305.18938824522,16778.2098432619,23099.7200915036,31486.8678998985,39489.9121136462,47202.1579980509,52895.2028457805,73687.2694160785
579536843,2055,WFP B,50th-percentile,0,0,0,0,0,0,0,0,0,0,0,0,0,0,0,0,0,0,0,0,0,1780.4792009039,24977.2058831822
579536843,2055,WFP B,90th-percentile,0,0,0,0,0,0,0,0,0,0,0,0,0,0,0,0,0,0,0,0,0,3180.29437578051,23027.1471769575
579536843,2055,Elevate,50th-percentile,0,0,0,0,0,0,0,0,0,0,0,0,12937.713594351,28119.2703854471,31427.8534836113,34992.5475498177,38083.2143750314,43673.8133783529,47725.3222159181,55974.0927330534,68044.3609184145,78954.8347001082,120738.256139072
579536843,2055,Elevate,90th-percentile,0,0,0,0,0,0,0,0,0,0,0,0,13793.9612992771,31666.7912541475,35261.9284530142,38404.7235824819,44611.8857101755,50106.8552073042,59109.6819849903,68221.3193059346,73828.9732342291,84153.6027203733,97264.8141731596
579536843,2055,WFP 1st,50th-percentile,0,0,0,0,0,0,0,0,0,0,0,0,0,0,0,0,0,0,0,0,0,0,0
579536843,2055,WFP 1st,90th-percentile,0,0,0,0,0,0,0,0,0,0,0,0,0,0,0,0,0,0,0,0,0,0,0
579536843,2100,No mitigation,50th-percentile,337773.881217759,348261.953152126,359272.338688233,364070.468027475,367621.896771732,376818.865127341,380374.33451512,385199.970833177,387798.348274931,391503.554128286,431091.673662999,478430.389587087,532905.057003147,591690.383509876,598762.166968626,606100.958598466,612403.095059079,620326.795026783,634870.206790306,647247.322837337,664048.983943543,681450.552810529,704397.757651514
579536843,2100,No mitigation,90th-percentile,780358.538732563,804149.47522577,817591.611958618,824417.479601241,831106.931091275,836608.434316904,839832.023461366,846897.588173822,851064.019006123,857499.980411852,906353.044428218,969478.593891148,1038705.41906612,1102252.57260132,1107382.95269221,1115369.46840686,1126841.36370858,1138730.33923314,1143822.10035773,1151308.20782126,1173112.45447244,1202795.42851387,1250435.03413014
579536843,2100,Raise Utilities,50th-percentile,29518.9050846695,35805.8041060902,41967.9201999939,45994.0876372285,48282.1298126397,50061.6945061432,52949.0722733231,55943.7443850717,58932.3447900989,60535.3612499808,84354.9215213695,117001.986906294,162250.271556078,207172.402617738,213665.634364226,218015.812878469,222681.046588036,231669.004766991,237894.678605097,249212.432791714,261419.900661525,281396.108151988,306263.181114058
579536843,2100,Raise Utilities,90th-percentile,289082.530841486,299146.853894609,307495.221181967,315128.993582153,319782.730334934,326668.971653265,331489.503583233,335699.366039223,342149.311114172,344393.388936298,382018.70320323,437184.316785465,495607.295440686,551145.930896537,558422.958495203,563221.87195205,575644.578082867,581352.783635049,587500.263396722,596891.230406434,607921.284698403,628263.901315895,669703.489930433
579536843,2100,WFP B,50th-percentile,0,0,0,0,0,0,0,0,0,0,0,0,2094.12239006363,26667.7494702721,32367.9558423892,37659.8055580194,42391.9490584036,49233.0982320423,55303.8381460823,62227.5912236497,76121.1764165233,94420.1789701848,119519.334881329
579536843,2100,WFP B,90th-percentile,0,0,0,0,0,0,245.024477582148,440.441976755501,790.591489416671,1001.96226119126,4862.56361439214,14912.7783904576,34527.2548393603,63543.609818132,70301.5110650446,74893.489735771,79218.9421846572,82947.4710582253,90610.9624849099,98942.7672124067,109460.973073625,123901.368242775,148781.646201245
579536843,2100,Elevate,50th-percentile,337773.881217759,348261.953152126,359272.338688233,364070.468027475,367621.896771732,376818.865127341,380374.33451512,385199.970833177,387798.348274931,391503.554128286,431091.673662999,478430.389587087,532905.057003147,591690.383509876,598762.166968626,606100.958598466,612403.095059079,620326.795026783,634870.206790306,647247.322837337,664048.983943543,681450.552810529,704397.757651514
579536843,2100,Elevate,90th-percentile,780358.538732563,804149.47522577,817591.611958618,824417.479601241,831106.931091275,836608.434316904,839832.023461366,846897.588173822,851064.019006123,857499.980411852,906353.044428218,969478.593891148,1038705.41906612,1102252.57260132,1107382.95269221,1115369.46840686,1126841.36370858,1138730.33923314,1143822.10035773,1151308.20782126,1173112.45447244,1202795.42851387,1250435.03413014
579536843,2100,WFP 1st,50th-percentile,0,0,0,0,0,0,0,0,0,0,0,0,0,0,0,0,0,0,0,0,0,0,0
579536843,2100,WFP 1st,90th-percentile,0,0,0,0,0,0,0,0,0,0,0,0,0,0,0,0,0,0,0,0,0,0,0
579536844,Potential,No mitigation,50th-percentile,0,0,0,0,0,0,0,0,0,0,0,0,0,0,0,0,0,0,0,0,0,0,0
579536844,Potential,No mitigation,90th-percentile,0,0,0,0,0,0,0,0,0,0,0,0,0,0,0,0,0,0,0,0,0,0,0
579536844,Potential,Raise Utilities,50th-percentile,0,0,0,0,0,0,0,0,0,0,0,0,0,0,0,0,0,0,0,0,0,0,0
579536844,Potential,Raise Utilities,90th-percentile,0,0,0,0,0,0,0,0,0,0,0,0,0,0,0,0,0,0,0,0,0,0,0
579536844,Potential,WFP B,50th-percentile,0,0,0,0,0,0,0,0,0,0,0,0,0,0,0,0,0,0,0,0,0,0,0
579536844,Potential,WFP B,90th-percentile,0,0,0,0,0,0,0,0,0,0,0,0,0,0,0,0,0,0,0,0,0,0,0
579536844,Potential,Elevate,50th-percentile,0,0,0,0,0,0,0,0,0,0,0,0,0,0,0,0,0,0,0,0,0,0,0
579536844,Potential,Elevate,90th-percentile,0,0,0,0,0,0,0,0,0,0,0,0,0,0,0,0,0,0,0,0,0,0,0
579536844,Potential,WFP 1st,50th-percentile,0,0,0,0,0,0,0,0,0,0,0,0,0,0,0,0,0,0,0,0,0,0,0
579536844,Potential,WFP 1st,90th-percentile,0,0,0,0,0,0,0,0,0,0,0,0,0,0,0,0,0,0,0,0,0,0,0
579536844,2040,No mitigation,50th-percentile,0,0,0,0,0,0,0,0,0,0,0,0,0,0,0,0,0,0,0,0,0,0,0
579536844,2040,No mitigation,90th-percentile,0,0,0,0,0,0,0,0,0,0,0,0,0,0,0,0,0,0,0,0,0,0,0
579536844,2040,Raise Utilities,50th-percentile,0,0,0,0,0,0,0,0,0,0,0,0,0,0,0,0,0,0,0,0,0,0,0
579536844,2040,Raise Utilities,90th-percentile,0,0,0,0,0,0,0,0,0,0,0,0,0,0,0,0,0,0,0,0,0,0,0
579536844,2040,WFP B,50th-percentile,0,0,0,0,0,0,0,0,0,0,0,0,0,0,0,0,0,0,0,0,0,0,0
579536844,2040,WFP B,90th-percentile,0,0,0,0,0,0,0,0,0,0,0,0,0,0,0,0,0,0,0,0,0,0,0
579536844,2040,Elevate,50th-percentile,0,0,0,0,0,0,0,0,0,0,0,0,0,0,0,0,0,0,0,0,0,0,0
579536844,2040,Elevate,90th-percentile,0,0,0,0,0,0,0,0,0,0,0,0,0,0,0,0,0,0,0,0,0,0,0
579536844,2040,WFP 1st,50th-percentile,0,0,0,0,0,0,0,0,0,0,0,0,0,0,0,0,0,0,0,0,0,0,0
579536844,2040,WFP 1st,90th-percentile,0,0,0,0,0,0,0,0,0,0,0,0,0,0,0,0,0,0,0,0,0,0,0
579536844,2055,No mitigation,50th-percentile,0,0,0,0,0,0,0,0,0,0,0,0,0,0,0,0,0,0,0,0,0,0,0
579536844,2055,No mitigation,90th-percentile,0,0,0,0,0,0,0,0,0,0,0,0,0,0,0,0,0,0,0,0,0,0,0
579536844,2055,Raise Utilities,50th-percentile,0,0,0,0,0,0,0,0,0,0,0,0,0,0,0,0,0,0,0,0,0,0,0
579536844,2055,Raise Utilities,90th-percentile,0,0,0,0,0,0,0,0,0,0,0,0,0,0,0,0,0,0,0,0,0,0,0
579536844,2055,WFP B,50th-percentile,0,0,0,0,0,0,0,0,0,0,0,0,0,0,0,0,0,0,0,0,0,0,0
579536844,2055,WFP B,90th-percentile,0,0,0,0,0,0,0,0,0,0,0,0,0,0,0,0,0,0,0,0,0,0,0
579536844,2055,Elevate,50th-percentile,0,0,0,0,0,0,0,0,0,0,0,0,0,0,0,0,0,0,0,0,0,0,0
579536844,2055,Elevate,90th-percentile,0,0,0,0,0,0,0,0,0,0,0,0,0,0,0,0,0,0,0,0,0,0,0
579536844,2055,WFP 1st,50th-percentile,0,0,0,0,0,0,0,0,0,0,0,0,0,0,0,0,0,0,0,0,0,0,0
579536844,2055,WFP 1st,90th-percentile,0,0,0,0,0,0,0,0,0,0,0,0,0,0,0,0,0,0,0,0,0,0,0
579536844,2100,No mitigation,50th-percentile,0,0,0,0,0,0,0,0,0,0,0,0,0,0,0,0,0,0,0,0,0,117755.853396684,288139.443206953
579536844,2100,No mitigation,90th-percentile,0,0,0,0,0,0,0,0,0,0,0,0,0,0,0,0,0,0,0,0,0,97408.8758003455,251216.912377062
579536844,2100,Raise Utilities,50th-percentile,0,0,0,0,0,0,0,0,0,0,0,0,0,0,0,0,0,0,0,0,0,97755.8533966837,268139.443206953
579536844,2100,Raise Utilities,90th-percentile,0,0,0,0,0,0,0,0,0,0,0,0,0,0,0,0,0,0,0,0,0,77408.8758003455,231216.912377062
579536844,2100,WFP B,50th-percentile,0,0,0,0,0,0,0,0,0,0,0,0,0,0,0,0,0,0,0,0,0,0,165028.157986953
579536844,2100,WFP B,90th-percentile,0,0,0,0,0,0,0,0,0,0,0,0,0,0,0,0,0,0,0,0,0,0,121978.4167773
579536844,2100,Elevate,50th-percentile,0,0,0,0,0,0,0,0,0,0,0,0,0,0,0,0,0,0,0,0,0,117755.853396684,288139.443206953
579536844,2100,Elevate,90th-percentile,0,0,0,0,0,0,0,0,0,0,0,0,0,0,0,0,0,0,0,0,0,97408.8758003455,251216.912377062
579536844,2100,WFP 1st,50th-percentile,0,0,0,0,0,0,0,0,0,0,0,0,0,0,0,0,0,0,0,0,0,0,0
579536844,2100,WFP 1st,90th-percentile,0,0,0,0,0,0,0,0,0,0,0,0,0,0,0,0,0,0,0,0,0,0,0
579537054,Potential,No mitigation,50th-percentile,0,0,0,0,0,0,0,0,0,0,0,0,0,0,0,0,0,0,0,0,0,0,0
579537054,Potential,No mitigation,90th-percentile,0,0,0,0,0,0,0,0,0,0,0,0,0,0,0,0,0,0,0,0,0,0,0
579537054,Potential,Raise Utilities,50th-percentile,0,0,0,0,0,0,0,0,0,0,0,0,0,0,0,0,0,0,0,0,0,0,0
579537054,Potential,Raise Utilities,90th-percentile,0,0,0,0,0,0,0,0,0,0,0,0,0,0,0,0,0,0,0,0,0,0,0
579537054,Potential,WFP B,50th-percentile,0,0,0,0,0,0,0,0,0,0,0,0,0,0,0,0,0,0,0,0,0,0,0
579537054,Potential,WFP B,90th-percentile,0,0,0,0,0,0,0,0,0,0,0,0,0,0,0,0,0,0,0,0,0,0,0
579537054,Potential,Elevate,50th-percentile,0,0,0,0,0,0,0,0,0,0,0,0,0,0,0,0,0,0,0,0,0,0,0
579537054,Potential,Elevate,90th-percentile,0,0,0,0,0,0,0,0,0,0,0,0,0,0,0,0,0,0,0,0,0,0,0
579537054,Potential,WFP 1st,50th-percentile,0,0,0,0,0,0,0,0,0,0,0,0,0,0,0,0,0,0,0,0,0,0,0
579537054,Potential,WFP 1st,90th-percentile,0,0,0,0,0,0,0,0,0,0,0,0,0,0,0,0,0,0,0,0,0,0,0
579537054,2040,No mitigation,50th-percentile,0,0,0,0,0,0,0,0,0,0,0,0,0,0,0,0,0,0,0,0,0,12076.2793767768,26993.1720639034
579537054,2040,No mitigation,90th-percentile,0,0,0,0,0,0,0,0,0,0,0,0,0,0,0,0,0,0,0,0,95.6101454123073,18759.7858592118,50826.8506603614
579537054,2040,Raise Utilities,50th-percentile,0,0,0,0,0,0,0,0,0,0,0,0,0,0,0,0,0,0,0,0,0,0,6993.1720639034
579537054,2040,Raise Utilities,90th-percentile,0,0,0,0,0,0,0,0,0,0,0,0,0,0,0,0,0,0,0,0,0,0,30826.8506603614
579537054,2040,WFP B,50th-percentile,0,0,0,0,0,0,0,0,0,0,0,0,0,0,0,0,0,0,0,0,0,0,1536.2201139034
579537054,2040,WFP B,90th-percentile,0,0,0,0,0,0,0,0,0,0,0,0,0,0,0,0,0,0,0,0,0,0,25369.8987103614
579537054,2040,Elevate,50th-percentile,0,0,0,0,0,0,0,0,0,0,0,0,0,0,0,0,0,0,0,0,0,12076.2793767768,26993.1720639034
579537054,2040,Elevate,90th-percentile,0,0,0,0,0,0,0,0,0,0,0,0,0,0,0,0,0,0,0,0,95.6101454123073,18759.7858592118,50826.8506603614
579537054,2040,WFP 1st,50th-percentile,0,0,0,0,0,0,0,0,0,0,0,0,0,0,0,0,0,0,0,0,0,0,0
579537054,2040,WFP 1st,90th-percentile,0,0,0,0,0,0,0,0,0,0,0,0,0,0,0,0,0,0,0,0,0,0,0
579537054,2055,No mitigation,50th-percentile,0,0,0,0,0,0,0,0,0,0,0,0,0,0,0,0,0,1003.99647161419,9952.76319388448,18543.2649561971,28328.3303761157,51328.6775638858,141681.229256346
579537054,2055,No mitigation,90th-percentile,0,0,0,0,0,0,0,0,0,0,0,0,0,0,0,0,0,5660.29688299378,18066.8061313465,27585.6869838914,39687.8941844886,57816.4856359678,124178.836061597
579537054,2055,Raise Utilities,50th-percentile,0,0,0,0,0,0,0,0,0,0,0,0,0,0,0,0,0,0,0,0,8328.33037611569,31328.6775638858,110151.869652812
579537054,2055,Raise Utilities,90th-percentile,0,0,0,0,0,0,0,0,0,0,0,0,0,0,0,0,0,0,0,7585.68698389136,19687.8941844886,37816.4856359678,101599.150995592
579537054,2055,WFP B,50th-percentile,0,0,0,0,0,0,0,0,0,0,0,0,0,0,0,0,0,0,0,0,2871.37842611568,25871.7256138858,104694.917702812
579537054,2055,WFP B,90th-percentile,0,0,0,0,0,0,0,0,0,0,0,0,0,0,0,0,0,0,0,2128.73503389136,14230.9422344886,32359.5336859677,96142.1990455921
579537054,2055,Elevate,50th-percentile,0,0,0,0,0,0,0,0,0,0,0,0,0,0,0,0,0,1003.99647161419,9952.76319388448,18543.2649561971,28328.3303761157,51328.6775638858,141681.229256346
579537054,2055,Elevate,90th-percentile,0,0,0,0,0,0,0,0,0,0,0,0,0,0,0,0,0,5660.29688299378,18066.8061313465,27585.6869838914,39687.8941844886,57816.4856359678,124178.836061597
579537054,2055,WFP 1st,50th-percentile,0,0,0,0,0,0,0,0,0,0,0,0,0,0,0,0,0,0,0,0,0,0,0
579537054,2055,WFP 1st,90th-percentile,0,0,0,0,0,0,0,0,0,0,0,0,0,0,0,0,0,0,0,0,0,0,0
579537054,2100,No mitigation,50th-percentile,0,0,0,0,0,0,1060.35866440633,1994.75804383018,2940.27424630669,3934.60066594263,19115.7898178173,42259.8469698029,87452.5586860634,177262.595944683,197910.007028467,212978.844507477,224620.1643,243006.523782277,251768.840619514,261126.11295117,271712.21775952,292568.104096914,341073.869403298
579537054,2100,No mitigation,90th-percentile,108755.492946618,124540.3490061,133474.571868534,141257.919899771,146196.537420739,152512.814042993,155165.191861786,158817.984115636,163932.494591234,166684.196535477,217809.940043542,296577.189326688,393895.11387168,505968.993439066,513985.058238102,524235.29054193,536410.340311185,550798.219411824,568586.743220488,586393.676278954,608418.876551508,643133.814314909,728198.157409435
579537054,2100,Raise Utilities,50th-percentile,0,0,0,0,0,0,0,0,0,0,0,7310.34565828723,38619.2830158307,126737.676902927,142635.053726439,164072.540991214,188956.485720221,204620.1643,204620.1643,204620.1643,209211.854584239,236413.246687269,252707.452333882
579537054,2100,Raise Utilities,90th-percentile,15099.9317603044,25362.4839942632,30261.5970169604,32055.289385647,36248.6193463582,39047.1797663564,43701.5821109643,45957.1400471532,47987.6685738702,49826.8800017155,85777.5161793758,147318.282741054,233903.504786275,329506.09510653,342641.065962451,350671.460687952,361081.306651611,378966.827418461,399202.42505583,408397.489293853,429127.980864415,469192.784912435,552124.44273031
579537054,2100,WFP B,50th-percentile,0,0,0,0,0,0,0,0,0,0,0,982.502841462356,29711.8444520418,111289.349060052,131829.909049532,156939.767230739,183166.340045488,195094.757365136,199163.21235,199163.21235,199163.21235,224001.264816935,239487.493968429
579537054,2100,WFP B,90th-percentile,1920.61928849753,13200.8846271808,17130.8878667871,19478.4609841176,21930.8793580089,25337.559157197,27126.4860833971,29323.9139916529,31912.3410892282,34431.0363198143,65544.9095927596,123049.345714846,204207.088157574,297063.96770641,307738.615847902,318469.311245537,331526.129090908,348696.275227442,366826.323722835,374998.552207271,395638.401796519,439128.021618585,515168.812586823
579537054,2100,Elevate,50th-percentile,0,0,0,0,0,0,1060.35866440633,1994.75804383018,2940.27424630669,3934.60066594263,19115.7898178173,42259.8469698029,87452.5586860634,177262.595944683,197910.007028467,212978.844507477,224620.1643,243006.523782277,251768.840619514,261126.11295117,271712.21775952,292568.104096914,341073.869403298
579537054,2100,Elevate,90th-percentile,108755.492946618,124540.3490061,133474.571868534,141257.919899771,146196.537420739,152512.814042993,155165.191861786,158817.984115636,163932.494591234,166684.196535477,217809.940043542,296577.189326688,393895.11387168,505968.993439066,513985.058238102,524235.29054193,536410.340311185,550798.219411824,568586.743220488,586393.676278954,608418.876551508,643133.814314909,728198.157409435
579537054,2100,WFP 1st,50th-percentile,0,0,0,0,0,0,0,0,0,0,0,0,0,0,0,0,0,0,0,0,0,0,0
579537054,2100,WFP 1st,90th-percentile,0,0,0,0,0,0,0,0,0,0,0,0,0,0,0,0,0,0,0,0,0,0,0
579537067,Potential,No mitigation,50th-percentile,0,0,0,0,0,0,0,0,0,0,0,0,0,0,0,0,0,0,0,0,0,0,0
579537067,Potential,No mitigation,90th-percentile,0,0,0,0,0,0,0,0,0,0,0,0,0,0,0,0,0,0,0,0,0,0,0
579537067,Potential,Raise Utilities,50th-percentile,0,0,0,0,0,0,0,0,0,0,0,0,0,0,0,0,0,0,0,0,0,0,0
579537067,Potential,Raise Utilities,90th-percentile,0,0,0,0,0,0,0,0,0,0,0,0,0,0,0,0,0,0,0,0,0,0,0
579537067,Potential,WFP B,50th-percentile,0,0,0,0,0,0,0,0,0,0,0,0,0,0,0,0,0,0,0,0,0,0,0
579537067,Potential,WFP B,90th-percentile,0,0,0,0,0,0,0,0,0,0,0,0,0,0,0,0,0,0,0,0,0,0,0
579537067,Potential,Elevate,50th-percentile,0,0,0,0,0,0,0,0,0,0,0,0,0,0,0,0,0,0,0,0,0,0,0
579537067,Potential,Elevate,90th-percentile,0,0,0,0,0,0,0,0,0,0,0,0,0,0,0,0,0,0,0,0,0,0,0
579537067,Potential,WFP 1st,50th-percentile,0,0,0,0,0,0,0,0,0,0,0,0,0,0,0,0,0,0,0,0,0,0,0
579537067,Potential,WFP 1st,90th-percentile,0,0,0,0,0,0,0,0,0,0,0,0,0,0,0,0,0,0,0,0,0,0,0
579537067,2040,No mitigation,50th-percentile,0,0,0,0,0,0,0,0,0,0,0,0,0,0,0,0,0,0,0,0,4647.80965884598,29404.4626811215,47487.0451942549
579537067,2040,No mitigation,90th-percentile,0,0,0,0,0,0,0,0,0,0,0,0,0,0,0,0,0,0,0,0,16709.4710520239,37730.0272365223,75330.0200686056
579537067,2040,Raise Utilities,50th-percentile,0,0,0,0,0,0,0,0,0,0,0,0,0,0,0,0,0,0,0,0,0,9404.46268112152,27487.0451942549
579537067,2040,Raise Utilities,90th-percentile,0,0,0,0,0,0,0,0,0,0,0,0,0,0,0,0,0,0,0,0,0,17730.0272365223,55330.0200686056
579537067,2040,WFP B,50th-percentile,0,0,0,0,0,0,0,0,0,0,0,0,0,0,0,0,0,0,0,0,0,5965.58531112153,24048.1678242549
579537067,2040,WFP B,90th-percentile,0,0,0,0,0,0,0,0,0,0,0,0,0,0,0,0,0,0,0,0,0,14291.1498665223,51891.1426986056
579537067,2040,Elevate,50th-percentile,0,0,0,0,0,0,0,0,0,0,0,0,0,0,0,0,0,0,0,0,4647.80965884598,29404.4626811215,47487.0451942549
579537067,2040,Elevate,90th-percentile,0,0,0,0,0,0,0,0,0,0,0,0,0,0,0,0,0,0,0,0,16709.4710520239,37730.0272365223,75330.0200686056
579537067,2040,WFP 1st,50th-percentile,0,0,0,0,0,0,0,0,0,0,0,0,0,0,0,0,0,0,0,0,0,0,0
579537067,2040,WFP 1st,90th-percentile,0,0,0,0,0,0,0,0,0,0,0,0,0,0,0,0,0,0,0,0,0,0,0
579537067,2055,No mitigation,50th-percentile,0,0,0,0,0,0,0,0,0,0,0,0,0,0,0,2327.63670582212,7068.49130966552,17653.6843554297,26759.2238216139,37460.3097221635,48716.3601577607,75982.9098467604,181048.764943916
579537067,2055,No mitigation,90th-percentile,0,0,0,0,0,0,0,0,0,0,0,0,0,0,0,4562.48563307285,14865.1657835776,21940.861176699,36866.7906293477,48651.1309514918,60837.9496528284,84080.5559298147,153572.195469664
579537067,2055,Raise Utilities,50th-percentile,0,0,0,0,0,0,0,0,0,0,0,0,0,0,0,0,0,0,6759.22382161391,17460.3097221635,28716.3601577607,55982.9098467604,148854.65207864
579537067,2055,Raise Utilities,90th-percentile,0,0,0,0,0,0,0,0,0,0,0,0,0,0,0,0,0,1940.86117669904,16866.7906293477,28032.5890826308,40837.9496528284,64080.5559298147,133572.195469664
579537067,2055,WFP B,50th-percentile,0,0,0,0,0,0,0,0,0,0,0,0,0,0,0,0,0,0,3320.34645161392,14021.4323521635,25277.4827877607,52544.0324767604,141976.89733864
579537067,2055,WFP B,90th-percentile,0,0,0,0,0,0,0,0,0,0,0,0,0,0,0,0,0,0,13427.9132593477,24593.7117126308,37399.0722828284,60641.6785598147,130133.318099664
579537067,2055,Elevate,50th-percentile,0,0,0,0,0,0,0,0,0,0,0,0,0,0,0,2327.63670582212,7068.49130966552,17653.6843554297,26759.2238216139,37460.3097221635,48716.3601577607,75982.9098467604,181048.764943916
579537067,2055,Elevate,90th-percentile,0,0,0,0,0,0,0,0,0,0,0,0,0,0,0,4562.48563307285,14865.1657835776,21940.861176699,36866.7906293477,48651.1309514918,60837.9496528284,84080.5559298147,153572.195469664
579537067,2055,WFP 1st,50th-percentile,0,0,0,0,0,0,0,0,0,0,0,0,0,0,0,0,0,0,0,0,0,0,0
579537067,2055,WFP 1st,90th-percentile,0,0,0,0,0,0,0,0,0,0,0,0,0,0,0,0,0,0,0,0,0,0,0
579537067,2100,No mitigation,50th-percentile,10287.2166669703,14478.8159781907,18294.5389419604,22955.2806895206,27738.3488098676,32272.4275405476,35043.3716202187,36461.861834209,38814.7861352379,40542.7087192649,68667.9552564789,111182.966567184,179925.296480889,263946.544253118,273516.354825034,279140.401825858,286505.105449604,303918.027646257,320222.971238352,331539.975877342,351754.744085202,380395.966276177,414265.761355571
579537067,2100,No mitigation,90th-percentile,295295.87898584,315717.542271986,328869.418066692,337381.899671641,340871.576659646,346292.967721478,353356.395061764,358641.734000936,369039.78405024,372887.180596878,444070.088806206,544754.400814939,648861.512862707,769301.352805564,778358.285542063,790170.119162977,799586.482684793,815429.779390697,827062.575856621,849269.132350879,873496.49723943,904766.002991894,982286.117757507
579537067,2100,Raise Utilities,50th-percentile,0,0,0,0,0,0,0,0,0,0,14869.9786072311,39334.8984215818,86772.6593714887,181648.42801198,186837.486160946,195375.785108354,204423.18134674,212241.09709761,218755.46153144,228189.094364785,246099.340564675,268485.355537352,314637.561552694
579537067,2100,Raise Utilities,90th-percentile,98752.6199367755,112355.638947783,121801.085375799,127988.562311587,134619.066708848,141071.554016672,145422.492554399,151460.163220255,154635.269858977,158879.429058223,210781.647764537,299542.42114983,400332.84912901,503653.586189364,518592.28562354,527151.916522426,538441.126409966,550081.908400937,560315.570685636,572119.389194127,599845.044515713,654517.426790674,712331.116492332
579537067,2100,WFP B,50th-percentile,0,0,0,0,0,0,0,0,0,0,9828.72241587806,31295.178254683,76934.6902386002,172706.429648372,183374.74653,187445.370372685,196244.300603444,201092.982453285,206696.616739601,214972.739161836,231010.786431414,258168.723427352,299180.835746882
579537067,2100,WFP B,90th-percentile,77420.6257402547,90953.7965750662,98414.2272279835,106488.037896521,111548.628886591,117015.31588725,121117.688549335,126014.705436025,130927.320888786,134037.228987452,183843.353436782,270347.253975808,369512.516949688,471479.326022257,482826.532551552,497032.750117137,502802.83637327,516888.080442728,526093.56479251,541212.623846199,558578.516075713,617181.918513012,670989.070737647
579537067,2100,Elevate,50th-percentile,10287.2166669703,14478.8159781907,18294.5389419604,22955.2806895206,27738.3488098676,32272.4275405476,35043.3716202187,36461.861834209,38814.7861352379,40542.7087192649,68667.9552564789,111182.966567184,179925.296480889,263946.544253118,273516.354825034,279140.401825858,286505.105449604,303918.027646257,320222.971238352,331539.975877342,351754.744085202,380395.966276177,414265.761355571
579537067,2100,Elevate,90th-percentile,295295.87898584,315717.542271986,328869.418066692,337381.899671641,340871.576659646,346292.967721478,353356.395061764,358641.734000936,369039.78405024,372887.180596878,444070.088806206,544754.400814939,648861.512862707,769301.352805564,778358.285542063,790170.119162977,799586.482684793,815429.779390697,827062.575856621,849269.132350879,873496.49723943,904766.002991894,982286.117757507
579537067,2100,WFP 1st,50th-percentile,0,0,0,0,0,0,0,0,0,0,0,0,0,0,0,0,0,0,0,0,0,0,0
579537067,2100,WFP 1st,90th-percentile,0,0,0,0,0,0,0,0,0,0,0,0,0,0,0,0,0,0,0,0,0,0,0
10000001,Potential,No mitigation,50th-percentile,0,0,0,0,0,0,0,0,0,0,0,0,0,0,0,0,0,0,0,0,0,0,0
10000001,Potential,No mitigation,90th-percentile,0,0,0,0,0,0,0,0,0,0,0,0,0,0,0,0,0,0,0,0,0,0,0
10000001,Potential,Raise Utilities,50th-percentile,0,0,0,0,0,0,0,0,0,0,0,0,0,0,0,0,0,0,0,0,0,0,0
10000001,Potential,Raise Utilities,90th-percentile,0,0,0,0,0,0,0,0,0,0,0,0,0,0,0,0,0,0,0,0,0,0,0
10000001,Potential,WFP B,50th-percentile,0,0,0,0,0,0,0,0,0,0,0,0,0,0,0,0,0,0,0,0,0,0,0
10000001,Potential,WFP B,90th-percentile,0,0,0,0,0,0,0,0,0,0,0,0,0,0,0,0,0,0,0,0,0,0,0
10000001,Potential,Elevate,50th-percentile,0,0,0,0,0,0,0,0,0,0,0,0,0,0,0,0,0,0,0,0,0,0,0
10000001,Potential,Elevate,90th-percentile,0,0,0,0,0,0,0,0,0,0,0,0,0,0,0,0,0,0,0,0,0,0,0
10000001,Potential,WFP 1st,50th-percentile,0,0,0,0,0,0,0,0,0,0,0,0,0,0,0,0,0,0,0,0,0,0,0
10000001,Potential,WFP 1st,90th-percentile,0,0,0,0,0,0,0,0,0,0,0,0,0,0,0,0,0,0,0,0,0,0,0
10000001,2040,No mitigation,50th-percentile,0,0,0,0,0,0,0,0,0,0,0,0,0,0,0,0,0,0,0,0,0,23080.6285440159,46760.6904498935
10000001,2040,No mitigation,90th-percentile,0,0,0,0,0,0,0,0,0,0,0,0,0,0,0,0,0,0,0,0,2283.26890121182,34570.2691913407,68009.046203171
10000001,2040,Raise Utilities,50th-percentile,0,0,0,0,0,0,0,0,0,0,0,0,0,0,0,0,0,0,0,0,0,3080.62854401593,26760.6904498935
10000001,2040,Raise Utilities,90th-percentile,0,0,0,0,0,0,0,0,0,0,0,0,0,0,0,0,0,0,0,0,0,14570.2691913407,48009.046203171
10000001,2040,WFP B,50th-percentile,0,0,0,0,0,0,0,0,0,0,0,0,0,0,0,0,0,0,0,0,0,0,2997.55044989354
10000001,2040,WFP B,90th-percentile,0,0,0,0,0,0,0,0,0,0,0,0,0,0,0,0,0,0,0,0,0,0,24245.906203171
10000001,2040,Elevate,50th-percentile,0,0,0,0,0,0,0,0,0,0,0,0,0,0,0,0,0,0,0,0,0,23080.6285440159,46760.6904498935
10000001,2040,Elevate,90th-percentile,0,0,0,0,0,0,0,0,0,0,0,0,0,0,0,0,0,0,0,0,2283.26890121182,34570.2691913407,68009.046203171
10000001,2040,WFP 1st,50th-percentile,0,0,0,0,0,0,0,0,0,0,0,0,0,0,0,0,0,0,0,0,0,0,0
10000001,2040,WFP 1st,90th-percentile,0,0,0,0,0,0,0,0,0,0,0,0,0,0,0,0,0,0,0,0,0,0,0
10000001,2055,No mitigation,50th-percentile,0,0,0,0,0,0,0,0,0,0,0,0,0,0,0,0,0,4046.22615955303,19430.0840410169,34198.0473082899,47951.0194496749,68456.4381795921,141245.386260469
10000001,2055,No mitigation,90th-percentile,0,0,0,0,0,0,0,0,0,0,0,0,0,0,0,0,0,12050.8893723955,33378.9651849814,47288.9331950525,58078.3714665069,73811.8842817509,117449.099078031
10000001,2055,Raise Utilities,50th-percentile,0,0,0,0,0,0,0,0,0,0,0,0,0,0,0,0,0,0,0,14198.0473082899,27951.0194496749,48456.4381795921,108614.215886781
10000001,2055,Raise Utilities,90th-percentile,0,0,0,0,0,0,0,0,0,0,0,0,0,0,0,0,0,0,13378.9651849814,27288.9331950525,38078.3714665069,53811.8842817509,97449.0990780315
10000001,2055,WFP B,50th-percentile,0,0,0,0,0,0,0,0,0,0,0,0,0,0,0,0,0,0,0,0,4187.8794496749,24693.2981795921,78953.406605472
10000001,2055,WFP B,90th-percentile,0,0,0,0,0,0,0,0,0,0,0,0,0,0,0,0,0,0,0,3525.79319505248,14315.2314665069,30048.7442817509,71411.0085834474
10000001,2055,Elevate,50th-percentile,0,0,0,0,0,0,0,0,0,0,0,0,0,0,0,0,0,4046.22615955303,19430.0840410169,34198.0473082899,47951.0194496749,68456.4381795921,141245.386260469
10000001,2055,Elevate,90th-percentile,0,0,0,0,0,0,0,0,0,0,0,0,0,0,0,0,0,12050.8893723955,33378.9651849814,47288.9331950525,58078.3714665069,73811.8842817509,117449.099078031
10000001,2055,WFP 1st,50th-percentile,0,0,0,0,0,0,0,0,0,0,0,0,0,0,0,0,0,0,0,0,0,0,0
10000001,2055,WFP 1st,90th-percentile,0,0,0,0,0,0,0,0,0,0,0,0,0,0,0,0,0,0,0,0,0,0,0
10000001,2100,No mitigation,50th-percentile,0,0,0,0,0,1844.25759737763,4299.23585071391,6513.56530057022,8421.65995540003,10470.8463998157,37170.6790136053,74002.1617389379,131806.177076283,208790.524140646,217440.280850649,228671.269792965,238465.845561596,247000.464533202,263572.900069016,277227.203386792,288746.988566786,315306.851732601,345395.965537781
10000001,2100,No mitigation,90th-percentile,194534.670598395,207742.645306972,221991.365254595,229080.675280346,234778.940704229,244135.667004491,253730.688917667,258289.481606041,263725.757714821,268047.521837964,331757.770831962,423310.984472992,517810.519191976,618919.05938928,628922.471451353,635640.439156641,644037.909373364,657091.50489896,664629.970904533,684621.281730433,710026.466600047,749131.331564533,819501.398488133
10000001,2100,Raise Utilities,50th-percentile,0,0,0,0,0,0,0,0,0,0,6902.83745339048,31904.1912816172,71360.5091366476,143640.667455281,153211.921986999,165037.771928846,180222.982809396,192281.96995365,198790.249981752,210294.23486979,217981.129956716,238686.29034832,276298.680682338
10000001,2100,Raise Utilities,90th-percentile,71209.0593258366,87084.380831329,94644.5096835017,99404.8103877404,103831.973306504,109977.486613924,112847.213053724,119309.184872819,122893.046386932,125043.674291866,171187.206354044,242961.92380611,324594.738627673,414373.715940424,423411.74396708,431086.503778774,441039.139038387,452305.797697587,462572.905728725,474694.498394375,498018.328602486,525282.211877402,584787.210689279
10000001,2100,WFP B,50th-percentile,0,0,0,0,0,0,0,0,0,0,0,2503.89683515903,28369.3181512572,87972.5997015058,101878.955696171,122545.498577567,141221.984305887,150938.718298421,153836.640026325,158727.94153348,170915.855757081,181967.163543409,204325.592592694
10000001,2100,WFP B,90th-percentile,4770.85006468103,14842.4597676854,18213.995719267,20985.4059738661,24207.9207996769,26368.6795050778,28287.8473674057,30171.767559859,32050.6880362115,34826.2460701456,58835.3937199736,105252.219185348,168842.352370332,239793.363934074,247473.297377454,257413.567750065,265278.0696625,281800.054112886,295731.796560369,302453.047872707,316243.820941561,345347.167331496,409449.785140704
10000001,2100,Elevate,50th-percentile,0,0,0,0,0,1844.25759737763,4299.23585071391,6513.56530057022,8421.65995540003,10470.8463998157,37170.6790136053,74002.1617389379,131806.177076283,208790.524140646,217440.280850649,228671.269792965,238465.845561596,247000.464533202,263572.900069016,277227.203386792,288746.988566786,315306.851732601,345395.965537781
10000001,2100,Elevate,90th-percentile,194534.670598395,207742.645306972,221991.365254595,229080.675280346,234778.940704229,244135.667004491,253730.688917667,258289.481606041,263725.757714821,268047.521837964,331757.770831962,423310.984472992,517810.519191976,618919.05938928,628922.471451353,635640.439156641,644037.909373364,657091.50489896,664629.970904533,684621.281730433,710026.466600047,749131.331564533,819501.398488133
10000001,2100,WFP 1st,50th-percentile,0,0,0,0,0,0,0,0,0,0,0,0,0,0,0,0,0,0,0,0,0,0,0
10000001,2100,WFP 1st,90th-percentile,0,0,0,0,0,0,0,0,0,0,0,0,0,0,0,0,0,0,0,0,0,0,0
10000002,Potential,No mitigation,50th-percentile,0,0,0,0,0,0,0,0,0,0,0,0,0,0,0,0,0,0,0,0,0,0,0
10000002,Potential,No mitigation,90th-percentile,0,0,0,0,0,0,0,0,0,0,0,0,0,0,0,0,0,0,0,0,0,0,0
10000002,Potential,Raise Utilities,50th-percentile,0,0,0,0,0,0,0,0,0,0,0,0,0,0,0,0,0,0,0,0,0,0,0
10000002,Potential,Raise Utilities,90th-percentile,0,0,0,0,0,0,0,0,0,0,0,0,0,0,0,0,0,0,0,0,0,0,0
10000002,Potential,WFP B,50th-percentile,0,0,0,0,0,0,0,0,0,0,0,0,0,0,0,0,0,0,0,0,0,0,0
10000002,Potential,WFP B,90th-percentile,0,0,0,0,0,0,0,0,0,0,0,0,0,0,0,0,0,0,0,0,0,0,0
10000002,Potential,Elevate,50th-percentile,0,0,0,0,0,0,0,0,0,0,0,0,0,0,0,0,0,0,0,0,0,0,0
10000002,Potential,Elevate,90th-percentile,0,0,0,0,0,0,0,0,0,0,0,0,0,0,0,0,0,0,0,0,0,0,0
10000002,Potential,WFP 1st,50th-percentile,0,0,0,0,0,0,0,0,0,0,0,0,0,0,0,0,0,0,0,0,0,0,0
10000002,Potential,WFP 1st,90th-percentile,0,0,0,0,0,0,0,0,0,0,0,0,0,0,0,0,0,0,0,0,0,0,0
10000002,2040,No mitigation,50th-percentile,0,0,0,0,0,0,0,0,0,0,0,0,0,0,0,0,0,0,0,0,0,0,0
10000002,2040,No mitigation,90th-percentile,0,0,0,0,0,0,0,0,0,0,0,0,0,0,0,0,0,0,0,0,0,0,0
10000002,2040,Raise Utilities,50th-percentile,0,0,0,0,0,0,0,0,0,0,0,0,0,0,0,0,0,0,0,0,0,0,0
10000002,2040,Raise Utilities,90th-percentile,0,0,0,0,0,0,0,0,0,0,0,0,0,0,0,0,0,0,0,0,0,0,0
10000002,2040,WFP B,50th-percentile,0,0,0,0,0,0,0,0,0,0,0,0,0,0,0,0,0,0,0,0,0,0,0
10000002,2040,WFP B,90th-percentile,0,0,0,0,0,0,0,0,0,0,0,0,0,0,0,0,0,0,0,0,0,0,0
10000002,2040,Elevate,50th-percentile,0,0,0,0,0,0,0,0,0,0,0,0,0,0,0,0,0,0,0,0,0,0,0
10000002,2040,Elevate,90th-percentile,0,0,0,0,0,0,0,0,0,0,0,0,0,0,0,0,0,0,0,0,0,0,0
10000002,2040,WFP 1st,50th-percentile,0,0,0,0,0,0,0,0,0,0,0,0,0,0,0,0,0,0,0,0,0,0,0
10000002,2040,WFP 1st,90th-percentile,0,0,0,0,0,0,0,0,0,0,0,0,0,0,0,0,0,0,0,0,0,0,0
10000002,2055,No mitigation,50th-percentile,0,0,0,0,0,0,0,0,0,0,0,0,0,0,0,0,0,0,0,0,0,0,0
10000002,2055,No mitigation,90th-percentile,0,0,0,0,0,0,0,0,0,0,0,0,0,0,0,0,0,0,0,0,0,0,0
10000002,2055,Raise Utilities,50th-percentile,0,0,0,0,0,0,0,0,0,0,0,0,0,0,0,0,0,0,0,0,0,0,0
10000002,2055,Raise Utilities,90th-percentile,0,0,0,0,0,0,0,0,0,0,0,0,0,0,0,0,0,0,0,0,0,0,0
10000002,2055,WFP B,50th-percentile,0,0,0,0,0,0,0,0,0,0,0,0,0,0,0,0,0,0,0,0,0,0,0
10000002,2055,WFP B,90th-percentile,0,0,0,0,0,0,0,0,0,0,0,0,0,0,0,0,0,0,0,0,0,0,0
10000002,2055,Elevate,50th-percentile,0,0,0,0,0,0,0,0,0,0,0,0,0,0,0,0,0,0,0,0,0,0,0
10000002,2055,Elevate,90th-percentile,0,0,0,0,0,0,0,0,0,0,0,0,0,0,0,0,0,0,0,0,0,0,0
10000002,2055,WFP 1st,50th-percentile,0,0,0,0,0,0,0,0,0,0,0,0,0,0,0,0,0,0,0,0,0,0,0
10000002,2055,WFP 1st,90th-percentile,0,0,0,0,0,0,0,0,0,0,0,0,0,0,0,0,0,0,0,0,0,0,0
10000002,2100,No mitigation,50th-percentile,0,0,0,0,0,0,0,0,0,0,0,0,0,0,0,0,0,0,0,0,0,26720.1386051263,208061.366546456
10000002,2100,No mitigation,90th-percentile,0,0,0,0,0,0,0,0,0,0,0,0,0,0,0,0,0,0,0,0,0,21581.5185167927,162617.734910486
10000002,2100,Raise Utilities,50th-percentile,0,0,0,0,0,0,0,0,0,0,0,0,0,0,0,0,0,0,0,0,0,6720.13860512634,188061.366546456
10000002,2100,Raise Utilities,90th-percentile,0,0,0,0,0,0,0,0,0,0,0,0,0,0,0,0,0,0,0,0,0,2753.26178337317,137734.975072585
10000002,2100,WFP B,50th-percentile,0,0,0,0,0,0,0,0,0,0,0,0,0,0,0,0,0,0,0,0,0,0,0
10000002,2100,WFP B,90th-percentile,0,0,0,0,0,0,0,0,0,0,0,0,0,0,0,0,0,0,0,0,0,0,0
10000002,2100,Elevate,50th-percentile,0,0,0,0,0,0,0,0,0,0,0,0,0,0,0,0,0,0,0,0,0,26720.1386051263,208061.366546456
10000002,2100,Elevate,90th-percentile,0,0,0,0,0,0,0,0,0,0,0,0,0,0,0,0,0,0,0,0,0,21581.5185167927,162617.734910486
10000002,2100,WFP 1st,50th-percentile,0,0,0,0,0,0,0,0,0,0,0,0,0,0,0,0,0,0,0,0,0,0,0
10000002,2100,WFP 1st,90th-percentile,0,0,0,0,0,0,0,0,0,0,0,0,0,0,0,0,0,0,0,0,0,0,0
10000003,Potential,No mitigation,50th-percentile,0,0,0,0,0,0,0,0,0,0,0,0,0,0,0,0,0,0,0,0,0,0,0
10000003,Potential,No mitigation,90th-percentile,0,0,0,0,0,0,0,0,0,0,0,0,0,0,0,0,0,0,0,0,0,0,0
10000003,Potential,Raise Utilities,50th-percentile,0,0,0,0,0,0,0,0,0,0,0,0,0,0,0,0,0,0,0,0,0,0,0
10000003,Potential,Raise Utilities,90th-percentile,0,0,0,0,0,0,0,0,0,0,0,0,0,0,0,0,0,0,0,0,0,0,0
10000003,Potential,WFP B,50th-percentile,0,0,0,0,0,0,0,0,0,0,0,0,0,0,0,0,0,0,0,0,0,0,0
10000003,Potential,WFP B,90th-percentile,0,0,0,0,0,0,0,0,0,0,0,0,0,0,0,0,0,0,0,0,0,0,0
10000003,Potential,Elevate,50th-percentile,0,0,0,0,0,0,0,0,0,0,0,0,0,0,0,0,0,0,0,0,0,0,0
10000003,Potential,Elevate,90th-percentile,0,0,0,0,0,0,0,0,0,0,0,0,0,0,0,0,0,0,0,0,0,0,0
10000003,Potential,WFP 1st,50th-percentile,0,0,0,0,0,0,0,0,0,0,0,0,0,0,0,0,0,0,0,0,0,0,0
10000003,Potential,WFP 1st,90th-percentile,0,0,0,0,0,0,0,0,0,0,0,0,0,0,0,0,0,0,0,0,0,0,0
10000003,2040,No mitigation,50th-percentile,0,0,0,0,0,0,0,0,0,0,0,0,0,0,0,0,0,0,0,0,0,0,0
10000003,2040,No mitigation,90th-percentile,0,0,0,0,0,0,0,0,0,0,0,0,0,0,0,0,0,0,0,0,0,0,0
10000003,2040,Raise Utilities,50th-percentile,0,0,0,0,0,0,0,0,0,0,0,0,0,0,0,0,0,0,0,0,0,0,0
10000003,2040,Raise Utilities,90th-percentile,0,0,0,0,0,0,0,0,0,0,0,0,0,0,0,0,0,0,0,0,0,0,0
10000003,2040,WFP B,50th-percentile,0,0,0,0,0,0,0,0,0,0,0,0,0,0,0,0,0,0,0,0,0,0,0
10000003,2040,WFP B,90th-percentile,0,0,0,0,0,0,0,0,0,0,0,0,0,0,0,0,0,0,0,0,0,0,0
10000003,2040,Elevate,50th-percentile,0,0,0,0,0,0,0,0,0,0,0,0,0,0,0,0,0,0,0,0,0,0,0
10000003,2040,Elevate,90th-percentile,0,0,0,0,0,0,0,0,0,0,0,0,0,0,0,0,0,0,0,0,0,0,0
10000003,2040,WFP 1st,50th-percentile,0,0,0,0,0,0,0,0,0,0,0,0,0,0,0,0,0,0,0,0,0,0,0
10000003,2040,WFP 1st,90th-percentile,0,0,0,0,0,0,0,0,0,0,0,0,0,0,0,0,0,0,0,0,0,0,0
10000003,2055,No mitigation,50th-percentile,0,0,0,0,0,0,0,0,0,0,0,0,0,0,0,0,0,0,0,0,0,0,0
10000003,2055,No mitigation,90th-percentile,0,0,0,0,0,0,0,0,0,0,0,0,0,0,0,0,0,0,0,0,0,0,0
10000003,2055,Raise Utilities,50th-percentile,0,0,0,0,0,0,0,0,0,0,0,0,0,0,0,0,0,0,0,0,0,0,0
10000003,2055,Raise Utilities,90th-percentile,0,0,0,0,0,0,0,0,0,0,0,0,0,0,0,0,0,0,0,0,0,0,0
10000003,2055,WFP B,50th-percentile,0,0,0,0,0,0,0,0,0,0,0,0,0,0,0,0,0,0,0,0,0,0,0
10000003,2055,WFP B,90th-percentile,0,0,0,0,0,0,0,0,0,0,0,0,0,0,0,0,0,0,0,0,0,0,0
10000003,2055,Elevate,50th-percentile,0,0,0,0,0,0,0,0,0,0,0,0,0,0,0,0,0,0,0,0,0,0,0
10000003,2055,Elevate,90th-percentile,0,0,0,0,0,0,0,0,0,0,0,0,0,0,0,0,0,0,0,0,0,0,0
10000003,2055,WFP 1st,50th-percentile,0,0,0,0,0,0,0,0,0,0,0,0,0,0,0,0,0,0,0,0,0,0,0
10000003,2055,WFP 1st,90th-percentile,0,0,0,0,0,0,0,0,0,0,0,0,0,0,0,0,0,0,0,0,0,0,0
10000003,2100,No mitigation,50th-percentile,0,0,0,0,0,0,0,0,0,0,0,0,0,0,0,0,0,0,0,943.712967626293,22778.1807221638,202427.089485313,298647.994435711
10000003,2100,No mitigation,90th-percentile,0,0,0,0,0,0,0,0,0,0,0,0,0,0,0,0,0,2955.67119109337,10790.9716040553,19909.111354283,25019.4739351548,169477.130382826,282082.26391969
10000003,2100,Raise Utilities,50th-percentile,0,0,0,0,0,0,0,0,0,0,0,0,0,0,0,0,0,0,0,0,2778.18072216379,182427.089485313,278647.994435711
10000003,2100,Raise Utilities,90th-percentile,0,0,0,0,0,0,0,0,0,0,0,0,0,0,0,0,0,0,0,0,5019.47393515477,149477.130382826,262082.26391969
10000003,2100,WFP B,50th-percentile,0,0,0,0,0,0,0,0,0,0,0,0,0,0,0,0,0,0,0,0,0,0,0
10000003,2100,WFP B,90th-percentile,0,0,0,0,0,0,0,0,0,0,0,0,0,0,0,0,0,0,0,0,0,0,0
10000003,2100,Elevate,50th-percentile,0,0,0,0,0,0,0,0,0,0,0,0,0,0,0,0,0,0,0,943.712967626293,22778.1807221638,202427.089485313,298647.994435711
10000003,2100,Elevate,90th-percentile,0,0,0,0,0,0,0,0,0,0,0,0,0,0,0,0,0,2955.67119109337,10790.9716040553,19909.111354283,25019.4739351548,169477.130382826,282082.26391969
10000003,2100,WFP 1st,50th-percentile,0,0,0,0,0,0,0,0,0,0,0,0,0,0,0,0,0,0,0,0,0,0,0
10000003,2100,WFP 1st,90th-percentile,0,0,0,0,0,0,0,0,0,0,0,0,0,0,0,0,0,0,0,0,0,0,0
10000004,Potential,No mitigation,50th-percentile,0,0,0,0,0,0,0,0,0,0,0,0,0,0,0,0,0,0,0,0,0,0,0
10000004,Potential,No mitigation,90th-percentile,0,0,0,0,0,0,0,0,0,0,0,0,0,0,0,0,0,0,0,0,0,0,0
10000004,Potential,Raise Utilities,50th-percentile,0,0,0,0,0,0,0,0,0,0,0,0,0,0,0,0,0,0,0,0,0,0,0
10000004,Potential,Raise Utilities,90th-percentile,0,0,0,0,0,0,0,0,0,0,0,0,0,0,0,0,0,0,0,0,0,0,0
10000004,Potential,WFP B,50th-percentile,0,0,0,0,0,0,0,0,0,0,0,0,0,0,0,0,0,0,0,0,0,0,0
10000004,Potential,WFP B,90th-percentile,0,0,0,0,0,0,0,0,0,0,0,0,0,0,0,0,0,0,0,0,0,0,0
10000004,Potential,Elevate,50th-percentile,0,0,0,0,0,0,0,0,0,0,0,0,0,0,0,0,0,0,0,0,0,0,0
10000004,Potential,Elevate,90th-percentile,0,0,0,0,0,0,0,0,0,0,0,0,0,0,0,0,0,0,0,0,0,0,0
10000004,Potential,WFP 1st,50th-percentile,0,0,0,0,0,0,0,0,0,0,0,0,0,0,0,0,0,0,0,0,0,0,0
10000004,Potential,WFP 1st,90th-percentile,0,0,0,0,0,0,0,0,0,0,0,0,0,0,0,0,0,0,0,0,0,0,0
10000004,2040,No mitigation,50th-percentile,0,0,0,0,0,0,0,0,0,0,0,0,0,0,0,0,0,0,0,0,0,0,0
10000004,2040,No mitigation,90th-percentile,0,0,0,0,0,0,0,0,0,0,0,0,0,0,0,0,0,0,0,0,0,0,0
10000004,2040,Raise Utilities,50th-percentile,0,0,0,0,0,0,0,0,0,0,0,0,0,0,0,0,0,0,0,0,0,0,0
10000004,2040,Raise Utilities,90th-percentile,0,0,0,0,0,0,0,0,0,0,0,0,0,0,0,0,0,0,0,0,0,0,0
10000004,2040,WFP B,50th-percentile,0,0,0,0,0,0,0,0,0,0,0,0,0,0,0,0,0,0,0,0,0,0,0
10000004,2040,WFP B,90th-percentile,0,0,0,0,0,0,0,0,0,0,0,0,0,0,0,0,0,0,0,0,0,0,0
10000004,2040,Elevate,50th-percentile,0,0,0,0,0,0,0,0,0,0,0,0,0,0,0,0,0,0,0,0,0,0,0
10000004,2040,Elevate,90th-percentile,0,0,0,0,0,0,0,0,0,0,0,0,0,0,0,0,0,0,0,0,0,0,0
10000004,2040,WFP 1st,50th-percentile,0,0,0,0,0,0,0,0,0,0,0,0,0,0,0,0,0,0,0,0,0,0,0
10000004,2040,WFP 1st,90th-percentile,0,0,0,0,0,0,0,0,0,0,0,0,0,0,0,0,0,0,0,0,0,0,0
10000004,2055,No mitigation,50th-percentile,0,0,0,0,0,0,0,0,0,0,0,0,0,0,0,0,0,0,0,0,0,0,0
10000004,2055,No mitigation,90th-percentile,0,0,0,0,0,0,0,0,0,0,0,0,0,0,0,0,0,0,0,0,0,0,0
10000004,2055,Raise Utilities,50th-percentile,0,0,0,0,0,0,0,0,0,0,0,0,0,0,0,0,0,0,0,0,0,0,0
10000004,2055,Raise Utilities,90th-percentile,0,0,0,0,0,0,0,0,0,0,0,0,0,0,0,0,0,0,0,0,0,0,0
10000004,2055,WFP B,50th-percentile,0,0,0,0,0,0,0,0,0,0,0,0,0,0,0,0,0,0,0,0,0,0,0
10000004,2055,WFP B,90th-percentile,0,0,0,0,0,0,0,0,0,0,0,0,0,0,0,0,0,0,0,0,0,0,0
10000004,2055,Elevate,50th-percentile,0,0,0,0,0,0,0,0,0,0,0,0,0,0,0,0,0,0,0,0,0,0,0
10000004,2055,Elevate,90th-percentile,0,0,0,0,0,0,0,0,0,0,0,0,0,0,0,0,0,0,0,0,0,0,0
10000004,2055,WFP 1st,50th-percentile,0,0,0,0,0,0,0,0,0,0,0,0,0,0,0,0,0,0,0,0,0,0,0
10000004,2055,WFP 1st,90th-percentile,0,0,0,0,0,0,0,0,0,0,0,0,0,0,0,0,0,0,0,0,0,0,0
10000004,2100,No mitigation,50th-percentile,0,0,0,0,0,0,0,0,0,0,0,0,0,0,0,0,0,0,0,0,0,0,0
10000004,2100,No mitigation,90th-percentile,0,0,0,0,0,0,0,0,0,0,0,0,0,0,0,0,0,0,0,0,0,0,0
10000004,2100,Raise Utilities,50th-percentile,0,0,0,0,0,0,0,0,0,0,0,0,0,0,0,0,0,0,0,0,0,0,0
10000004,2100,Raise Utilities,90th-percentile,0,0,0,0,0,0,0,0,0,0,0,0,0,0,0,0,0,0,0,0,0,0,0
10000004,2100,WFP B,50th-percentile,0,0,0,0,0,0,0,0,0,0,0,0,0,0,0,0,0,0,0,0,0,0,0
10000004,2100,WFP B,90th-percentile,0,0,0,0,0,0,0,0,0,0,0,0,0,0,0,0,0,0,0,0,0,0,0
10000004,2100,Elevate,50th-percentile,0,0,0,0,0,0,0,0,0,0,0,0,0,0,0,0,0,0,0,0,0,0,0
10000004,2100,Elevate,90th-percentile,0,0,0,0,0,0,0,0,0,0,0,0,0,0,0,0,0,0,0,0,0,0,0
10000004,2100,WFP 1st,50th-percentile,0,0,0,0,0,0,0,0,0,0,0,0,0,0,0,0,0,0,0,0,0,0,0
10000004,2100,WFP 1st,90th-percentile,0,0,0,0,0,0,0,0,0,0,0,0,0,0,0,0,0,0,0,0,0,0,0
10000005,Potential,No mitigation,50th-percentile,0,0,0,0,0,0,0,0,0,0,0,0,0,0,0,0,0,0,0,0,0,0,0
10000005,Potential,No mitigation,90th-percentile,0,0,0,0,0,0,0,0,0,0,0,0,0,0,0,0,0,0,0,0,0,0,0
10000005,Potential,Raise Utilities,50th-percentile,0,0,0,0,0,0,0,0,0,0,0,0,0,0,0,0,0,0,0,0,0,0,0
10000005,Potential,Raise Utilities,90th-percentile,0,0,0,0,0,0,0,0,0,0,0,0,0,0,0,0,0,0,0,0,0,0,0
10000005,Potential,WFP B,50th-percentile,0,0,0,0,0,0,0,0,0,0,0,0,0,0,0,0,0,0,0,0,0,0,0
10000005,Potential,WFP B,90th-percentile,0,0,0,0,0,0,0,0,0,0,0,0,0,0,0,0,0,0,0,0,0,0,0
10000005,Potential,Elevate,50th-percentile,0,0,0,0,0,0,0,0,0,0,0,0,0,0,0,0,0,0,0,0,0,0,0
10000005,Potential,Elevate,90th-percentile,0,0,0,0,0,0,0,0,0,0,0,0,0,0,0,0,0,0,0,0,0,0,0
10000005,Potential,WFP 1st,50th-percentile,0,0,0,0,0,0,0,0,0,0,0,0,0,0,0,0,0,0,0,0,0,0,0
10000005,Potential,WFP 1st,90th-percentile,0,0,0,0,0,0,0,0,0,0,0,0,0,0,0,0,0,0,0,0,0,0,0
10000005,2040,No mitigation,50th-percentile,0,0,0,0,0,0,0,0,0,0,0,0,0,0,0,0,0,0,0,0,0,0,0
10000005,2040,No mitigation,90th-percentile,0,0,0,0,0,0,0,0,0,0,0,0,0,0,0,0,0,0,0,0,0,0,0
10000005,2040,Raise Utilities,50th-percentile,0,0,0,0,0,0,0,0,0,0,0,0,0,0,0,0,0,0,0,0,0,0,0
10000005,2040,Raise Utilities,90th-percentile,0,0,0,0,0,0,0,0,0,0,0,0,0,0,0,0,0,0,0,0,0,0,0
10000005,2040,WFP B,50th-percentile,0,0,0,0,0,0,0,0,0,0,0,0,0,0,0,0,0,0,0,0,0,0,0
10000005,2040,WFP B,90th-percentile,0,0,0,0,0,0,0,0,0,0,0,0,0,0,0,0,0,0,0,0,0,0,0
10000005,2040,Elevate,50th-percentile,0,0,0,0,0,0,0,0,0,0,0,0,0,0,0,0,0,0,0,0,0,0,0
10000005,2040,Elevate,90th-percentile,0,0,0,0,0,0,0,0,0,0,0,0,0,0,0,0,0,0,0,0,0,0,0
10000005,2040,WFP 1st,50th-percentile,0,0,0,0,0,0,0,0,0,0,0,0,0,0,0,0,0,0,0,0,0,0,0
10000005,2040,WFP 1st,90th-percentile,0,0,0,0,0,0,0,0,0,0,0,0,0,0,0,0,0,0,0,0,0,0,0
10000005,2055,No mitigation,50th-percentile,0,0,0,0,0,0,0,0,0,0,0,0,0,0,0,0,0,0,0,0,0,0,0
10000005,2055,No mitigation,90th-percentile,0,0,0,0,0,0,0,0,0,0,0,0,0,0,0,0,0,0,0,0,0,0,0
10000005,2055,Raise Utilities,50th-percentile,0,0,0,0,0,0,0,0,0,0,0,0,0,0,0,0,0,0,0,0,0,0,0
10000005,2055,Raise Utilities,90th-percentile,0,0,0,0,0,0,0,0,0,0,0,0,0,0,0,0,0,0,0,0,0,0,0
10000005,2055,WFP B,50th-percentile,0,0,0,0,0,0,0,0,0,0,0,0,0,0,0,0,0,0,0,0,0,0,0
10000005,2055,WFP B,90th-percentile,0,0,0,0,0,0,0,0,0,0,0,0,0,0,0,0,0,0,0,0,0,0,0
10000005,2055,Elevate,50th-percentile,0,0,0,0,0,0,0,0,0,0,0,0,0,0,0,0,0,0,0,0,0,0,0
10000005,2055,Elevate,90th-percentile,0,0,0,0,0,0,0,0,0,0,0,0,0,0,0,0,0,0,0,0,0,0,0
10000005,2055,WFP 1st,50th-percentile,0,0,0,0,0,0,0,0,0,0,0,0,0,0,0,0,0,0,0,0,0,0,0
10000005,2055,WFP 1st,90th-percentile,0,0,0,0,0,0,0,0,0,0,0,0,0,0,0,0,0,0,0,0,0,0,0
10000005,2100,No mitigation,50th-percentile,0,0,0,0,0,0,0,0,0,0,0,0,0,0,0,0,0,0,0,0,0,0,0
10000005,2100,No mitigation,90th-percentile,0,0,0,0,0,0,0,0,0,0,0,0,0,0,0,0,0,0,0,0,0,0,0
10000005,2100,Raise Utilities,50th-percentile,0,0,0,0,0,0,0,0,0,0,0,0,0,0,0,0,0,0,0,0,0,0,0
10000005,2100,Raise Utilities,90th-percentile,0,0,0,0,0,0,0,0,0,0,0,0,0,0,0,0,0,0,0,0,0,0,0
10000005,2100,WFP B,50th-percentile,0,0,0,0,0,0,0,0,0,0,0,0,0,0,0,0,0,0,0,0,0,0,0
10000005,2100,WFP B,90th-percentile,0,0,0,0,0,0,0,0,0,0,0,0,0,0,0,0,0,0,0,0,0,0,0
10000005,2100,Elevate,50th-percentile,0,0,0,0,0,0,0,0,0,0,0,0,0,0,0,0,0,0,0,0,0,0,0
10000005,2100,Elevate,90th-percentile,0,0,0,0,0,0,0,0,0,0,0,0,0,0,0,0,0,0,0,0,0,0,0
10000005,2100,WFP 1st,50th-percentile,0,0,0,0,0,0,0,0,0,0,0,0,0,0,0,0,0,0,0,0,0,0,0
10000005,2100,WFP 1st,90th-percentile,0,0,0,0,0,0,0,0,0,0,0,0,0,0,0,0,0,0,0,0,0,0,0
10000006,Potential,No mitigation,50th-percentile,0,0,0,0,0,0,0,0,0,0,0,0,0,0,0,0,0,0,0,0,0,0,0
10000006,Potential,No mitigation,90th-percentile,0,0,0,0,0,0,0,0,0,0,0,0,0,0,0,0,0,0,0,0,0,0,0
10000006,Potential,Raise Utilities,50th-percentile,0,0,0,0,0,0,0,0,0,0,0,0,0,0,0,0,0,0,0,0,0,0,0
10000006,Potential,Raise Utilities,90th-percentile,0,0,0,0,0,0,0,0,0,0,0,0,0,0,0,0,0,0,0,0,0,0,0
10000006,Potential,WFP B,50th-percentile,0,0,0,0,0,0,0,0,0,0,0,0,0,0,0,0,0,0,0,0,0,0,0
10000006,Potential,WFP B,90th-percentile,0,0,0,0,0,0,0,0,0,0,0,0,0,0,0,0,0,0,0,0,0,0,0
10000006,Potential,Elevate,50th-percentile,0,0,0,0,0,0,0,0,0,0,0,0,0,0,0,0,0,0,0,0,0,0,0
10000006,Potential,Elevate,90th-percentile,0,0,0,0,0,0,0,0,0,0,0,0,0,0,0,0,0,0,0,0,0,0,0
10000006,Potential,WFP 1st,50th-percentile,0,0,0,0,0,0,0,0,0,0,0,0,0,0,0,0,0,0,0,0,0,0,0
10000006,Potential,WFP 1st,90th-percentile,0,0,0,0,0,0,0,0,0,0,0,0,0,0,0,0,0,0,0,0,0,0,0
10000006,2040,No mitigation,50th-percentile,0,0,0,0,0,0,0,0,0,0,0,0,0,0,0,0,0,0,0,0,0,0,0
10000006,2040,No mitigation,90th-percentile,0,0,0,0,0,0,0,0,0,0,0,0,0,0,0,0,0,0,0,0,0,0,0
10000006,2040,Raise Utilities,50th-percentile,0,0,0,0,0,0,0,0,0,0,0,0,0,0,0,0,0,0,0,0,0,0,0
10000006,2040,Raise Utilities,90th-percentile,0,0,0,0,0,0,0,0,0,0,0,0,0,0,0,0,0,0,0,0,0,0,0
10000006,2040,WFP B,50th-percentile,0,0,0,0,0,0,0,0,0,0,0,0,0,0,0,0,0,0,0,0,0,0,0
10000006,2040,WFP B,90th-percentile,0,0,0,0,0,0,0,0,0,0,0,0,0,0,0,0,0,0,0,0,0,0,0
10000006,2040,Elevate,50th-percentile,0,0,0,0,0,0,0,0,0,0,0,0,0,0,0,0,0,0,0,0,0,0,0
10000006,2040,Elevate,90th-percentile,0,0,0,0,0,0,0,0,0,0,0,0,0,0,0,0,0,0,0,0,0,0,0
10000006,2040,WFP 1st,50th-percentile,0,0,0,0,0,0,0,0,0,0,0,0,0,0,0,0,0,0,0,0,0,0,0
10000006,2040,WFP 1st,90th-percentile,0,0,0,0,0,0,0,0,0,0,0,0,0,0,0,0,0,0,0,0,0,0,0
10000006,2055,No mitigation,50th-percentile,0,0,0,0,0,0,0,0,0,0,0,0,0,0,0,0,0,0,0,0,0,0,0
10000006,2055,No mitigation,90th-percentile,0,0,0,0,0,0,0,0,0,0,0,0,0,0,0,0,0,0,0,0,0,0,0
10000006,2055,Raise Utilities,50th-percentile,0,0,0,0,0,0,0,0,0,0,0,0,0,0,0,0,0,0,0,0,0,0,0
10000006,2055,Raise Utilities,90th-percentile,0,0,0,0,0,0,0,0,0,0,0,0,0,0,0,0,0,0,0,0,0,0,0
10000006,2055,WFP B,50th-percentile,0,0,0,0,0,0,0,0,0,0,0,0,0,0,0,0,0,0,0,0,0,0,0
10000006,2055,WFP B,90th-percentile,0,0,0,0,0,0,0,0,0,0,0,0,0,0,0,0,0,0,0,0,0,0,0
10000006,2055,Elevate,50th-percentile,0,0,0,0,0,0,0,0,0,0,0,0,0,0,0,0,0,0,0,0,0,0,0
10000006,2055,Elevate,90th-percentile,0,0,0,0,0,0,0,0,0,0,0,0,0,0,0,0,0,0,0,0,0,0,0
10000006,2055,WFP 1st,50th-percentile,0,0,0,0,0,0,0,0,0,0,0,0,0,0,0,0,0,0,0,0,0,0,0
10000006,2055,WFP 1st,90th-percentile,0,0,0,0,0,0,0,0,0,0,0,0,0,0,0,0,0,0,0,0,0,0,0
10000006,2100,No mitigation,50th-percentile,0,0,0,0,0,0,0,0,0,0,0,0,0,0,7911.53099742596,18625.9880283319,27970.0010662794,85385.0493989759,153549.945902384,232790.169169475,291193.861398191,307278,307278
10000006,2100,No mitigation,90th-percentile,0,0,0,0,0,0,0,0,0,0,0,0,0,51304.3129794537,91158.7593126763,131887.572230998,184682.30573559,248215.908892651,266096.950304588,285587.609616073,306200.969520439,307278,316670.07918576
10000006,2100,Raise Utilities,50th-percentile,0,0,0,0,0,0,0,0,0,0,0,0,0,0,0,0,5134.89820156434,65385.0493989759,133549.945902384,212790.169169475,271193.861398191,287278,287278
10000006,2100,Raise Utilities,90th-percentile,0,0,0,0,0,0,0,0,0,0,0,0,0,30867.6887611555,69283.4461294424,110622.0058125,161668.329835916,223101.142196307,244044.854638181,264907.142697214,282378.862868167,287278,287278
10000006,2100,WFP B,50th-percentile,0,0,0,0,0,0,0,0,0,0,0,0,0,0,0,0,0,0,0,0,0,0,0
10000006,2100,WFP B,90th-percentile,0,0,0,0,0,0,0,0,0,0,0,0,0,0,0,0,0,0,0,0,0,0,0
10000006,2100,Elevate,50th-percentile,0,0,0,0,0,0,0,0,0,0,0,0,0,0,7911.53099742596,18625.9880283319,27970.0010662794,85385.0493989759,153549.945902384,232790.169169475,291193.861398191,307278,307278
10000006,2100,Elevate,90th-percentile,0,0,0,0,0,0,0,0,0,0,0,0,0,51304.3129794537,91158.7593126763,131887.572230998,184682.30573559,248215.908892651,266096.950304588,285587.609616073,306200.969520439,307278,316670.07918576
10000006,2100,WFP 1st,50th-percentile,0,0,0,0,0,0,0,0,0,0,0,0,0,0,0,0,0,0,0,0,0,0,0
10000006,2100,WFP 1st,90th-percentile,0,0,0,0,0,0,0,0,0,0,0,0,0,0,0,0,0,0,0,0,0,0,0
10000007,Potential,No mitigation,50th-percentile,0,0,0,0,0,0,0,0,0,0,0,0,0,0,0,0,0,0,0,0,0,0,0
10000007,Potential,No mitigation,90th-percentile,0,0,0,0,0,0,0,0,0,0,0,0,0,0,0,0,0,0,0,0,0,0,0
10000007,Potential,Raise Utilities,50th-percentile,0,0,0,0,0,0,0,0,0,0,0,0,0,0,0,0,0,0,0,0,0,0,0
10000007,Potential,Raise Utilities,90th-percentile,0,0,0,0,0,0,0,0,0,0,0,0,0,0,0,0,0,0,0,0,0,0,0
10000007,Potential,WFP B,50th-percentile,0,0,0,0,0,0,0,0,0,0,0,0,0,0,0,0,0,0,0,0,0,0,0
10000007,Potential,WFP B,90th-percentile,0,0,0,0,0,0,0,0,0,0,0,0,0,0,0,0,0,0,0,0,0,0,0
10000007,Potential,Elevate,50th-percentile,0,0,0,0,0,0,0,0,0,0,0,0,0,0,0,0,0,0,0,0,0,0,0
10000007,Potential,Elevate,90th-percentile,0,0,0,0,0,0,0,0,0,0,0,0,0,0,0,0,0,0,0,0,0,0,0
10000007,Potential,WFP 1st,50th-percentile,0,0,0,0,0,0,0,0,0,0,0,0,0,0,0,0,0,0,0,0,0,0,0
10000007,Potential,WFP 1st,90th-percentile,0,0,0,0,0,0,0,0,0,0,0,0,0,0,0,0,0,0,0,0,0,0,0
10000007,2040,No mitigation,50th-percentile,0,0,0,0,0,0,0,0,0,0,0,0,0,0,0,0,0,0,0,0,0,0,0
10000007,2040,No mitigation,90th-percentile,0,0,0,0,0,0,0,0,0,0,0,0,0,0,0,0,0,0,0,0,0,0,0
10000007,2040,Raise Utilities,50th-percentile,0,0,0,0,0,0,0,0,0,0,0,0,0,0,0,0,0,0,0,0,0,0,0
10000007,2040,Raise Utilities,90th-percentile,0,0,0,0,0,0,0,0,0,0,0,0,0,0,0,0,0,0,0,0,0,0,0
10000007,2040,WFP B,50th-percentile,0,0,0,0,0,0,0,0,0,0,0,0,0,0,0,0,0,0,0,0,0,0,0
10000007,2040,WFP B,90th-percentile,0,0,0,0,0,0,0,0,0,0,0,0,0,0,0,0,0,0,0,0,0,0,0
10000007,2040,Elevate,50th-percentile,0,0,0,0,0,0,0,0,0,0,0,0,0,0,0,0,0,0,0,0,0,0,0
10000007,2040,Elevate,90th-percentile,0,0,0,0,0,0,0,0,0,0,0,0,0,0,0,0,0,0,0,0,0,0,0
10000007,2040,WFP 1st,50th-percentile,0,0,0,0,0,0,0,0,0,0,0,0,0,0,0,0,0,0,0,0,0,0,0
10000007,2040,WFP 1st,90th-percentile,0,0,0,0,0,0,0,0,0,0,0,0,0,0,0,0,0,0,0,0,0,0,0
10000007,2055,No mitigation,50th-percentile,0,0,0,0,0,0,0,0,0,0,0,0,0,0,0,0,0,0,0,0,0,0,0
10000007,2055,No mitigation,90th-percentile,0,0,0,0,0,0,0,0,0,0,0,0,0,0,0,0,0,0,0,0,0,0,0
10000007,2055,Raise Utilities,50th-percentile,0,0,0,0,0,0,0,0,0,0,0,0,0,0,0,0,0,0,0,0,0,0,0
10000007,2055,Raise Utilities,90th-percentile,0,0,0,0,0,0,0,0,0,0,0,0,0,0,0,0,0,0,0,0,0,0,0
10000007,2055,WFP B,50th-percentile,0,0,0,0,0,0,0,0,0,0,0,0,0,0,0,0,0,0,0,0,0,0,0
10000007,2055,WFP B,90th-percentile,0,0,0,0,0,0,0,0,0,0,0,0,0,0,0,0,0,0,0,0,0,0,0
10000007,2055,Elevate,50th-percentile,0,0,0,0,0,0,0,0,0,0,0,0,0,0,0,0,0,0,0,0,0,0,0
10000007,2055,Elevate,90th-percentile,0,0,0,0,0,0,0,0,0,0,0,0,0,0,0,0,0,0,0,0,0,0,0
10000007,2055,WFP 1st,50th-percentile,0,0,0,0,0,0,0,0,0,0,0,0,0,0,0,0,0,0,0,0,0,0,0
10000007,2055,WFP 1st,90th-percentile,0,0,0,0,0,0,0,0,0,0,0,0,0,0,0,0,0,0,0,0,0,0,0
10000007,2100,No mitigation,50th-percentile,0,0,0,0,0,0,0,0,0,0,0,0,0,0,0,0,0,0,0,0,0,10576.8472648379,44631.4486260732
10000007,2100,No mitigation,90th-percentile,0,0,0,0,0,0,0,0,0,0,0,0,0,0,0,0,0,0,0,0,0,5712.96717842245,36174.9051522412
10000007,2100,Raise Utilities,50th-percentile,0,0,0,0,0,0,0,0,0,0,0,0,0,0,0,0,0,0,0,0,0,0,24631.4486260732
10000007,2100,Raise Utilities,90th-percentile,0,0,0,0,0,0,0,0,0,0,0,0,0,0,0,0,0,0,0,0,0,0,14732.3255657509
10000007,2100,WFP B,50th-percentile,0,0,0,0,0,0,0,0,0,0,0,0,0,0,0,0,0,0,0,0,0,0,15202.0886260732
10000007,2100,WFP B,90th-percentile,0,0,0,0,0,0,0,0,0,0,0,0,0,0,0,0,0,0,0,0,0,0,5302.96556575088
10000007,2100,Elevate,50th-percentile,0,0,0,0,0,0,0,0,0,0,0,0,0,0,0,0,0,0,0,0,0,10576.8472648379,44631.4486260732
10000007,2100,Elevate,90th-percentile,0,0,0,0,0,0,0,0,0,0,0,0,0,0,0,0,0,0,0,0,0,5712.96717842245,36174.9051522412
10000007,2100,WFP 1st,50th-percentile,0,0,0,0,0,0,0,0,0,0,0,0,0,0,0,0,0,0,0,0,0,0,0
10000007,2100,WFP 1st,90th-percentile,0,0,0,0,0,0,0,0,0,0,0,0,0,0,0,0,0,0,0,0,0,0,0
10000008,Potential,No mitigation,50th-percentile,0,0,0,0,0,0,0,0,0,0,0,0,0,0,0,0,0,0,0,0,0,0,0
10000008,Potential,No mitigation,90th-percentile,0,0,0,0,0,0,0,0,0,0,0,0,0,0,0,0,0,0,0,0,0,0,0
10000008,Potential,Raise Utilities,50th-percentile,0,0,0,0,0,0,0,0,0,0,0,0,0,0,0,0,0,0,0,0,0,0,0
10000008,Potential,Raise Utilities,90th-percentile,0,0,0,0,0,0,0,0,0,0,0,0,0,0,0,0,0,0,0,0,0,0,0
10000008,Potential,WFP B,50th-percentile,0,0,0,0,0,0,0,0,0,0,0,0,0,0,0,0,0,0,0,0,0,0,0
10000008,Potential,WFP B,90th-percentile,0,0,0,0,0,0,0,0,0,0,0,0,0,0,0,0,0,0,0,0,0,0,0
10000008,Potential,Elevate,50th-percentile,0,0,0,0,0,0,0,0,0,0,0,0,0,0,0,0,0,0,0,0,0,0,0
10000008,Potential,Elevate,90th-percentile,0,0,0,0,0,0,0,0,0,0,0,0,0,0,0,0,0,0,0,0,0,0,0
10000008,Potential,WFP 1st,50th-percentile,0,0,0,0,0,0,0,0,0,0,0,0,0,0,0,0,0,0,0,0,0,0,0
10000008,Potential,WFP 1st,90th-percentile,0,0,0,0,0,0,0,0,0,0,0,0,0,0,0,0,0,0,0,0,0,0,0
10000008,2040,No mitigation,50th-percentile,0,0,0,0,0,0,0,0,0,0,0,0,0,0,0,0,0,0,0,0,0,0,0
10000008,2040,No mitigation,90th-percentile,0,0,0,0,0,0,0,0,0,0,0,0,0,0,0,0,0,0,0,0,0,0,0
10000008,2040,Raise Utilities,50th-percentile,0,0,0,0,0,0,0,0,0,0,0,0,0,0,0,0,0,0,0,0,0,0,0
10000008,2040,Raise Utilities,90th-percentile,0,0,0,0,0,0,0,0,0,0,0,0,0,0,0,0,0,0,0,0,0,0,0
10000008,2040,WFP B,50th-percentile,0,0,0,0,0,0,0,0,0,0,0,0,0,0,0,0,0,0,0,0,0,0,0
10000008,2040,WFP B,90th-percentile,0,0,0,0,0,0,0,0,0,0,0,0,0,0,0,0,0,0,0,0,0,0,0
10000008,2040,Elevate,50th-percentile,0,0,0,0,0,0,0,0,0,0,0,0,0,0,0,0,0,0,0,0,0,0,0
10000008,2040,Elevate,90th-percentile,0,0,0,0,0,0,0,0,0,0,0,0,0,0,0,0,0,0,0,0,0,0,0
10000008,2040,WFP 1st,50th-percentile,0,0,0,0,0,0,0,0,0,0,0,0,0,0,0,0,0,0,0,0,0,0,0
10000008,2040,WFP 1st,90th-percentile,0,0,0,0,0,0,0,0,0,0,0,0,0,0,0,0,0,0,0,0,0,0,0
10000008,2055,No mitigation,50th-percentile,0,0,0,0,0,0,0,0,0,0,0,0,0,0,0,0,0,0,0,0,0,0,102754.086923573
10000008,2055,No mitigation,90th-percentile,0,0,0,0,0,0,0,0,0,0,0,0,0,0,0,0,0,0,0,0,0,1400.68278538643,85039.9620769157
10000008,2055,Raise Utilities,50th-percentile,0,0,0,0,0,0,0,0,0,0,0,0,0,0,0,0,0,0,0,0,0,0,82754.086923573
10000008,2055,Raise Utilities,90th-percentile,0,0,0,0,0,0,0,0,0,0,0,0,0,0,0,0,0,0,0,0,0,0,65039.9620769157
10000008,2055,WFP B,50th-percentile,0,0,0,0,0,0,0,0,0,0,0,0,0,0,0,0,0,0,0,0,0,0,0
10000008,2055,WFP B,90th-percentile,0,0,0,0,0,0,0,0,0,0,0,0,0,0,0,0,0,0,0,0,0,0,0
10000008,2055,Elevate,50th-percentile,0,0,0,0,0,0,0,0,0,0,0,0,0,0,0,0,0,0,0,0,0,0,102754.086923573
10000008,2055,Elevate,90th-percentile,0,0,0,0,0,0,0,0,0,0,0,0,0,0,0,0,0,0,0,0,0,1400.68278538643,85039.9620769157
10000008,2055,WFP 1st,50th-percentile,0,0,0,0,0,0,0,0,0,0,0,0,0,0,0,0,0,0,0,0,0,0,0
10000008,2055,WFP 1st,90th-percentile,0,0,0,0,0,0,0,0,0,0,0,0,0,0,0,0,0,0,0,0,0,0,0
10000008,2100,No mitigation,50th-percentile,0,0,0,0,0,0,0,0,0,0,0,0,0,113506.821146861,183368.028966658,238068.719552724,270082.024188052,294451.632541011,307278,307278,307278,307278,312061.130976712
10000008,2100,No mitigation,90th-percentile,0,0,0,0,0,0,0,0,0,0,2501.66928948369,25257.0452996829,117609.816587867,307278,313897.707425634,320620.669074853,324874.416725554,331866.681751219,343470.067840154,381481.378029078,456794.688627884,522216.254579135,612253.952247945
10000008,2100,Raise Utilities,50th-percentile,0,0,0,0,0,0,0,0,0,0,0,0,0,90560.9573828811,161505.572057096,218068.719552724,245012.03281452,273334.565453807,287278,287278,287278,287278,287278
10000008,2100,Raise Utilities,90th-percentile,0,0,0,0,0,0,0,0,0,0,0,141.163234798008,79988.5571961597,280275.927000933,287278,287278,287278,287872.828567707,294207.34015209,317642.931488181,415215.490454719,468723.954440242,536529.944576084
10000008,2100,WFP B,50th-percentile,0,0,0,0,0,0,0,0,0,0,0,0,0,0,0,0,0,0,0,0,0,0,0
10000008,2100,WFP B,90th-percentile,0,0,0,0,0,0,0,0,0,0,0,0,0,0,0,0,0,0,0,0,0,0,0
10000008,2100,Elevate,50th-percentile,0,0,0,0,0,0,0,0,0,0,0,0,0,113506.821146861,183368.028966658,238068.719552724,270082.024188052,294451.632541011,307278,307278,307278,307278,312061.130976712
10000008,2100,Elevate,90th-percentile,0,0,0,0,0,0,0,0,0,0,2501.66928948369,25257.0452996829,117609.816587867,307278,313897.707425634,320620.669074853,324874.416725554,331866.681751219,343470.067840154,381481.378029078,456794.688627884,522216.254579135,612253.952247945
10000008,2100,WFP 1st,50th-percentile,0,0,0,0,0,0,0,0,0,0,0,0,0,0,0,0,0,0,0,0,0,0,0
10000008,2100,WFP 1st,90th-percentile,0,0,0,0,0,0,0,0,0,0,0,0,0,0,0,0,0,0,0,0,0,0,0
10000009,Potential,No mitigation,50th-percentile,0,0,0,0,0,0,0,0,0,0,0,0,0,0,0,0,0,0,0,0,0,1250.72122781178,12002.0095541858
10000009,Potential,No mitigation,90th-percentile,0,0,0,0,0,0,0,0,0,0,0,0,0,0,0,0,0,0,0,0,0,12661.7429913505,37241.503328324
10000009,Potential,Raise Utilities,50th-percentile,0,0,0,0,0,0,0,0,0,0,0,0,0,0,0,0,0,0,0,0,0,0,0
10000009,Potential,Raise Utilities,90th-percentile,0,0,0,0,0,0,0,0,0,0,0,0,0,0,0,0,0,0,0,0,0,0,17303.6165765322
10000009,Potential,WFP B,50th-percentile,0,0,0,0,0,0,0,0,0,0,0,0,0,0,0,0,0,0,0,0,0,0,0
10000009,Potential,WFP B,90th-percentile,0,0,0,0,0,0,0,0,0,0,0,0,0,0,0,0,0,0,0,0,0,0,0
10000009,Potential,Elevate,50th-percentile,0,0,0,0,0,0,0,0,0,0,0,0,0,0,0,0,0,0,0,0,0,1250.72122781178,12002.0095541858
10000009,Potential,Elevate,90th-percentile,0,0,0,0,0,0,0,0,0,0,0,0,0,0,0,0,0,0,0,0,0,12661.7429913505,37241.503328324
10000009,Potential,WFP 1st,50th-percentile,0,0,0,0,0,0,0,0,0,0,0,0,0,0,0,0,0,0,0,0,0,0,0
10000009,Potential,WFP 1st,90th-percentile,0,0,0,0,0,0,0,0,0,0,0,0,0,0,0,0,0,0,0,0,0,0,0
10000009,2040,No mitigation,50th-percentile,0,0,0,0,0,0,0,0,0,0,0,3264.48317128344,26353.6647248238,153746.721832739,173220.989513034,217046.454827576,235322.138201163,265237.241239842,305849.354346741,307278,310704.327876148,319637.185688699,336917.695309735
10000009,2040,No mitigation,90th-percentile,0,0,0,0,0,0,0,0,0,0,0,4651.32151668086,25191.6337217342,176989.586927086,205534.375890917,234138.376983627,252858.614072781,261026.15915276,300496.224990242,307278,307278,312745.91551706,348234.963729666
10000009,2040,Raise Utilities,50th-percentile,0,0,0,0,0,0,0,0,0,0,0,0,4119.15074286353,127036.293337676,143122.943747303,175816.427207086,212465.819321425,238462.368832653,283446.724748483,287278,287278,287278,294460.765815986
10000009,2040,Raise Utilities,90th-percentile,0,0,0,0,0,0,0,0,0,0,0,0,2183.34269079981,148580.905529735,180875.957238829,208999.706329053,223803.701787996,236884.553770738,270108.464876603,287278,287278,287278,304113.710447588
10000009,2040,WFP B,50th-percentile,0,0,0,0,0,0,0,0,0,0,0,0,0,0,0,0,0,0,0,0,0,0,0
10000009,2040,WFP B,90th-percentile,0,0,0,0,0,0,0,0,0,0,0,0,0,0,0,0,0,0,0,0,0,0,0
10000009,2040,Elevate,50th-percentile,0,0,0,0,0,0,0,0,0,0,0,3264.48317128344,26353.6647248238,153746.721832739,173220.989513034,217046.454827576,235322.138201163,265237.241239842,305849.354346741,307278,310704.327876148,319637.185688699,336917.695309735
10000009,2040,Elevate,90th-percentile,0,0,0,0,0,0,0,0,0,0,0,4651.32151668086,25191.6337217342,176989.586927086,205534.375890917,234138.376983627,252858.614072781,261026.15915276,300496.224990242,307278,307278,312745.91551706,348234.963729666
10000009,2040,WFP 1st,50th-percentile,0,0,0,0,0,0,0,0,0,0,0,0,0,0,0,0,0,0,0,0,0,0,0
10000009,2040,WFP 1st,90th-percentile,0,0,0,0,0,0,0,0,0,0,0,0,0,0,0,0,0,0,0,0,0,0,0
10000009,2055,No mitigation,50th-percentile,0,1771.53558074334,3241.00731970311,5412.3758660728,8392.2992675943,10364.1409240153,12139.6269993493,15153.2560891249,17107.6282822234,18490.4692316133,44684.8298770691,109937.319594404,280408.948791871,414181.516962406,426123.99576553,438217.442577569,456229.343285126,466886.817040091,481100.200700681,528545.936288291,586011.673049053,619717.872594204,671884.026062584
10000009,2055,No mitigation,90th-percentile,0,3915.68650725768,7003.93967600459,10787.9386365446,14238.7393249587,18376.7184249618,22053.9902939486,23867.5676707078,24910.5524039763,26568.796977786,56593.013217632,146710.252179298,315999.688659712,467494.30199074,492720.257238503,510961.546985195,530537.101606917,557826.918225181,581797.046209156,604922.844990168,640291.154657256,704636.538600596,784242.236131288
10000009,2055,Raise Utilities,50th-percentile,0,0,0,0,0,0,0,0,0,0,4619.45747806813,53485.8077104151,223578.010503747,328588.82796184,347547.077508842,359412.557713683,375343.888005859,384769.705516075,399679.781896924,439966.601959298,509682.743194708,542921.215031822,593523.875333485
10000009,2055,Raise Utilities,90th-percentile,0,0,0,0,0,0,0,0,0,0,8002.09670345301,87603.4821775828,250794.602205135,386087.640728185,400195.724399787,421396.301506351,452253.207603457,465052.800173599,504318.189066384,524109.41541937,557224.147605335,591599.394018775,680847.296467643
10000009,2055,WFP B,50th-percentile,0,0,0,0,0,0,0,0,0,0,0,0,0,0,0,0,0,0,0,0,0,0,0
10000009,2055,WFP B,90th-percentile,0,0,0,0,0,0,0,0,0,0,0,0,0,0,0,0,0,0,0,0,0,0,0
10000009,2055,Elevate,50th-percentile,0,1771.53558074334,3241.00731970311,5412.3758660728,8392.2992675943,10364.1409240153,12139.6269993493,15153.2560891249,17107.6282822234,18490.4692316133,44684.8298770691,109937.319594404,280408.948791871,414181.516962406,426123.99576553,438217.442577569,456229.343285126,466886.817040091,481100.200700681,528545.936288291,586011.673049053,619717.872594204,671884.026062584
10000009,2055,Elevate,90th-percentile,0,3915.68650725768,7003.93967600459,10787.9386365446,14238.7393249587,18376.7184249618,22053.9902939486,23867.5676707078,24910.5524039763,26568.796977786,56593.013217632,146710.252179298,315999.688659712,467494.30199074,492720.257238503,510961.546985195,530537.101606917,557826.918225181,581797.046209156,604922.844990168,640291.154657256,704636.538600596,784242.236131288
10000009,2055,WFP 1st,50th-percentile,0,0,0,0,0,0,0,0,0,0,0,0,0,0,0,0,0,0,0,0,0,0,0
10000009,2055,WFP 1st,90th-percentile,0,0,0,0,0,0,0,0,0,0,0,0,0,0,0,0,0,0,0,0,0,0,0
10000009,2100,No mitigation,50th-percentile,5280146.2798559,5445664.37392413,5508111.84276294,5546350.72429469,5583665.60810533,5619691.94926048,5663844.20737069,5701799.08128296,5724652.46929117,5750114.35380929,6044283.22306073,6415214.83945215,6798586.3167769,7158815.2861982,7183000.71718156,7210134.75324073,7272367.56537002,7311789.73134821,7389720.62727303,7444944.80378268,7522497.60453565,7572534.19939006,7778410.31146942
10000009,2100,No mitigation,90th-percentile,7861699.07178582,7914682.43240457,7982399.07130922,8053681.06367177,8123535.89681277,8158939.96641799,8204031.9922814,8224707.96491929,8244199.15019018,8285476.15286638,8573603.34609752,8921267.33375134,9238074.36221783,9560680.65335186,9581587.0974424,9620154.21310555,9675253.33451381,9730197.70955283,9782873.76783219,9856559.79270852,9907717.48385574,9983410.92468461,10126693.4480423
10000009,2100,Raise Utilities,50th-percentile,4633498.52069211,4725481.71658414,4827576.23503183,4855830.24513768,4894473.26674713,4927404.79507302,4955684.51863032,4999443.35572708,5031878.61542005,5054302.72563513,5330533.51123702,5696356.52170205,6060897.84484609,6416971.61334315,6438779.62836228,6468330.32083859,6510638.23931622,6566476.98820693,6608437.76260498,6683836.7762058,6746826.57992274,6815339.7230635,6996097.43747493
10000009,2100,Raise Utilities,90th-percentile,7057699.11597956,7115423.06935636,7183969.76791938,7251496.61923599,7299745.94699022,7350582.59952664,7400122.99783538,7424915.1502232,7448112.86107007,7478773.0379889,7767303.64277937,8094393.52502181,8398445.87848626,8699138.18822339,8733011.49863152,8772606.65355127,8812231.74561739,8862458.42465513,8913525.26673947,8984236.89168664,9034099.95700051,9098766.65611161,9251358.38235055
10000009,2100,WFP B,50th-percentile,0,0,0,0,0,0,0,0,0,0,0,0,0,0,0,0,0,0,0,0,0,0,0
10000009,2100,WFP B,90th-percentile,0,0,0,0,0,0,0,0,0,0,0,0,0,0,0,0,0,0,0,0,0,0,0
10000009,2100,Elevate,50th-percentile,5280146.2798559,5445664.37392413,5508111.84276294,5546350.72429469,5583665.60810533,5619691.94926048,5663844.20737069,5701799.08128296,5724652.46929117,5750114.35380929,6044283.22306073,6415214.83945215,6798586.3167769,7158815.2861982,7183000.71718156,7210134.75324073,7272367.56537002,7311789.73134821,7389720.62727303,7444944.80378268,7522497.60453565,7572534.19939006,7778410.31146942
10000009,2100,Elevate,90th-percentile,7861699.07178582,7914682.43240457,7982399.07130922,8053681.06367177,8123535.89681277,8158939.96641799,8204031.9922814,8224707.96491929,8244199.15019018,8285476.15286638,8573603.34609752,8921267.33375134,9238074.36221783,9560680.65335186,9581587.0974424,9620154.21310555,9675253.33451381,9730197.70955283,9782873.76783219,9856559.79270852,9907717.48385574,9983410.92468461,10126693.4480423
10000009,2100,WFP 1st,50th-percentile,0,0,0,0,0,0,0,0,0,0,0,0,0,0,0,0,0,0,0,0,0,0,0
10000009,2100,WFP 1st,90th-percentile,0,0,0,0,0,0,0,0,0,0,0,0,0,0,0,0,0,0,0,0,0,0,0
10000010,Potential,No mitigation,50th-percentile,0,0,0,0,0,0,0,0,0,0,0,0,0,0,0,0,0,0,0,0,0,1250.72122781178,12002.0095541858
10000010,Potential,No mitigation,90th-percentile,0,0,0,0,0,0,0,0,0,0,0,0,0,0,0,0,0,0,0,0,0,12661.7429913505,37241.503328324
10000010,Potential,Raise Utilities,50th-percentile,0,0,0,0,0,0,0,0,0,0,0,0,0,0,0,0,0,0,0,0,0,0,0
10000010,Potential,Raise Utilities,90th-percentile,0,0,0,0,0,0,0,0,0,0,0,0,0,0,0,0,0,0,0,0,0,0,17303.6165765322
10000010,Potential,WFP B,50th-percentile,0,0,0,0,0,0,0,0,0,0,0,0,0,0,0,0,0,0,0,0,0,0,0
10000010,Potential,WFP B,90th-percentile,0,0,0,0,0,0,0,0,0,0,0,0,0,0,0,0,0,0,0,0,0,0,0
10000010,Potential,Elevate,50th-percentile,0,0,0,0,0,0,0,0,0,0,0,0,0,0,0,0,0,0,0,0,0,1250.72122781178,12002.0095541858
10000010,Potential,Elevate,90th-percentile,0,0,0,0,0,0,0,0,0,0,0,0,0,0,0,0,0,0,0,0,0,12661.7429913505,37241.503328324
10000010,Potential,WFP 1st,50th-percentile,0,0,0,0,0,0,0,0,0,0,0,0,0,0,0,0,0,0,0,0,0,0,0
10000010,Potential,WFP 1st,90th-percentile,0,0,0,0,0,0,0,0,0,0,0,0,0,0,0,0,0,0,0,0,0,0,0
10000010,2040,No mitigation,50th-percentile,0,0,0,0,0,0,0,0,0,0,0,3264.48317128344,26353.6647248238,153746.721832739,173220.989513034,217046.454827576,235322.138201163,265237.241239842,305849.354346741,307278,310704.327876148,319637.185688699,336917.695309735
10000010,2040,No mitigation,90th-percentile,0,0,0,0,0,0,0,0,0,0,0,4651.32151668086,25191.6337217342,176989.586927086,205534.375890917,234138.376983627,252858.614072781,261026.15915276,300496.224990242,307278,307278,312745.91551706,348234.963729666
10000010,2040,Raise Utilities,50th-percentile,0,0,0,0,0,0,0,0,0,0,0,0,4119.15074286353,127036.293337676,143122.943747303,175816.427207086,212465.819321425,238462.368832653,283446.724748483,287278,287278,287278,294460.765815986
10000010,2040,Raise Utilities,90th-percentile,0,0,0,0,0,0,0,0,0,0,0,0,2183.34269079981,148580.905529735,180875.957238829,208999.706329053,223803.701787996,236884.553770738,270108.464876603,287278,287278,287278,304113.710447588
10000010,2040,WFP B,50th-percentile,0,0,0,0,0,0,0,0,0,0,0,0,0,0,0,0,0,0,0,0,0,0,0
10000010,2040,WFP B,90th-percentile,0,0,0,0,0,0,0,0,0,0,0,0,0,0,0,0,0,0,0,0,0,0,0
10000010,2040,Elevate,50th-percentile,0,0,0,0,0,0,0,0,0,0,0,3264.48317128344,26353.6647248238,153746.721832739,173220.989513034,217046.454827576,235322.138201163,265237.241239842,305849.354346741,307278,310704.327876148,319637.185688699,336917.695309735
10000010,2040,Elevate,90th-percentile,0,0,0,0,0,0,0,0,0,0,0,4651.32151668086,25191.6337217342,176989.586927086,205534.375890917,234138.376983627,252858.614072781,261026.15915276,300496.224990242,307278,307278,312745.91551706,348234.963729666
10000010,2040,WFP 1st,50th-percentile,0,0,0,0,0,0,0,0,0,0,0,0,0,0,0,0,0,0,0,0,0,0,0
10000010,2040,WFP 1st,90th-percentile,0,0,0,0,0,0,0,0,0,0,0,0,0,0,0,0,0,0,0,0,0,0,0
10000010,2055,No mitigation,50th-percentile,0,1771.53558074334,3241.00731970311,5412.3758660728,8392.2992675943,10364.1409240153,12139.6269993493,15153.2560891249,17107.6282822234,18490.4692316133,44684.8298770691,109937.319594404,280408.948791871,414181.516962406,426123.99576553,438217.442577569,456229.343285126,466886.817040091,481100.200700681,528545.936288291,586011.673049053,619717.872594204,671884.026062584
10000010,2055,No mitigation,90th-percentile,0,3915.68650725768,7003.93967600459,10787.9386365446,14238.7393249587,18376.7184249618,22053.9902939486,23867.5676707078,24910.5524039763,26568.796977786,56593.013217632,146710.252179298,315999.688659712,467494.30199074,492720.257238503,510961.546985195,530537.101606917,557826.918225181,581797.046209156,604922.844990168,640291.154657256,704636.538600596,784242.236131288
10000010,2055,Raise Utilities,50th-percentile,0,0,0,0,0,0,0,0,0,0,4619.45747806813,53485.8077104151,223578.010503747,328588.82796184,347547.077508842,359412.557713683,375343.888005859,384769.705516075,399679.781896924,439966.601959298,509682.743194708,542921.215031822,593523.875333485
10000010,2055,Raise Utilities,90th-percentile,0,0,0,0,0,0,0,0,0,0,8002.09670345301,87603.4821775828,250794.602205135,386087.640728185,400195.724399787,421396.301506351,452253.207603457,465052.800173599,504318.189066384,524109.41541937,557224.147605335,591599.394018775,680847.296467643
10000010,2055,WFP B,50th-percentile,0,0,0,0,0,0,0,0,0,0,0,0,0,0,0,0,0,0,0,0,0,0,0
10000010,2055,WFP B,90th-percentile,0,0,0,0,0,0,0,0,0,0,0,0,0,0,0,0,0,0,0,0,0,0,0
10000010,2055,Elevate,50th-percentile,0,1771.53558074334,3241.00731970311,5412.3758660728,8392.2992675943,10364.1409240153,12139.6269993493,15153.2560891249,17107.6282822234,18490.4692316133,44684.8298770691,109937.319594404,280408.948791871,414181.516962406,426123.99576553,438217.442577569,456229.343285126,466886.817040091,481100.200700681,528545.936288291,586011.673049053,619717.872594204,671884.026062584
10000010,2055,Elevate,90th-percentile,0,3915.68650725768,7003.93967600459,10787.9386365446,14238.7393249587,18376.7184249618,22053.9902939486,23867.5676707078,24910.5524039763,26568.796977786,56593.013217632,146710.252179298,315999.688659712,467494.30199074,492720.257238503,510961.546985195,530537.101606917,557826.918225181,581797.046209156,604922.844990168,640291.154657256,704636.538600596,784242.236131288
10000010,2055,WFP 1st,50th-percentile,0,0,0,0,0,0,0,0,0,0,0,0,0,0,0,0,0,0,0,0,0,0,0
10000010,2055,WFP 1st,90th-percentile,0,0,0,0,0,0,0,0,0,0,0,0,0,0,0,0,0,0,0,0,0,0,0
10000010,2100,No mitigation,50th-percentile,5280146.2798559,5445664.37392413,5508111.84276294,5546350.72429469,5583665.60810533,5619691.94926048,5663844.20737069,5701799.08128296,5724652.46929117,5750114.35380929,6044283.22306073,6415214.83945215,6798586.3167769,7158815.2861982,7183000.71718156,7210134.75324073,7272367.56537002,7311789.73134821,7389720.62727303,7444944.80378268,7522497.60453565,7572534.19939006,7778410.31146942
10000010,2100,No mitigation,90th-percentile,7861699.07178582,7914682.43240457,7982399.07130922,8053681.06367177,8123535.89681277,8158939.96641799,8204031.9922814,8224707.96491929,8244199.15019018,8285476.15286638,8573603.34609752,8921267.33375134,9238074.36221783,9560680.65335186,9581587.0974424,9620154.21310555,9675253.33451381,9730197.70955283,9782873.76783219,9856559.79270852,9907717.48385574,9983410.92468461,10126693.4480423
10000010,2100,Raise Utilities,50th-percentile,4633498.52069211,4725481.71658414,4827576.23503183,4855830.24513768,4894473.26674713,4927404.79507302,4955684.51863032,4999443.35572708,5031878.61542005,5054302.72563513,5330533.51123702,5696356.52170205,6060897.84484609,6416971.61334315,6438779.62836228,6468330.32083859,6510638.23931622,6566476.98820693,6608437.76260498,6683836.7762058,6746826.57992274,6815339.7230635,6996097.43747493
10000010,2100,Raise Utilities,90th-percentile,7057699.11597956,7115423.06935636,7183969.76791938,7251496.61923599,7299745.94699022,7350582.59952664,7400122.99783538,7424915.1502232,7448112.86107007,7478773.0379889,7767303.64277937,8094393.52502181,8398445.87848626,8699138.18822339,8733011.49863152,8772606.65355127,8812231.74561739,8862458.42465513,8913525.26673947,8984236.89168664,9034099.95700051,9098766.65611161,9251358.38235055
10000010,2100,WFP B,50th-percentile,0,0,0,0,0,0,0,0,0,0,0,0,0,0,0,0,0,0,0,0,0,0,0
10000010,2100,WFP B,90th-percentile,0,0,0,0,0,0,0,0,0,0,0,0,0,0,0,0,0,0,0,0,0,0,0
10000010,2100,Elevate,50th-percentile,5280146.2798559,5445664.37392413,5508111.84276294,5546350.72429469,5583665.60810533,5619691.94926048,5663844.20737069,5701799.08128296,5724652.46929117,5750114.35380929,6044283.22306073,6415214.83945215,6798586.3167769,7158815.2861982,7183000.71718156,7210134.75324073,7272367.56537002,7311789.73134821,7389720.62727303,7444944.80378268,7522497.60453565,7572534.19939006,7778410.31146942
10000010,2100,Elevate,90th-percentile,7861699.07178582,7914682.43240457,7982399.07130922,8053681.06367177,8123535.89681277,8158939.96641799,8204031.9922814,8224707.96491929,8244199.15019018,8285476.15286638,8573603.34609752,8921267.33375134,9238074.36221783,9560680.65335186,9581587.0974424,9620154.21310555,9675253.33451381,9730197.70955283,9782873.76783219,9856559.79270852,9907717.48385574,9983410.92468461,10126693.4480423
10000010,2100,WFP 1st,50th-percentile,0,0,0,0,0,0,0,0,0,0,0,0,0,0,0,0,0,0,0,0,0,0,0
10000010,2100,WFP 1st,90th-percentile,0,0,0,0,0,0,0,0,0,0,0,0,0,0,0,0,0,0,0,0,0,0,0
10000011,Potential,No mitigation,50th-percentile,0,0,0,0,0,0,0,0,0,0,0,0,0,0,0,0,0,0,0,0,0,0,0
10000011,Potential,No mitigation,90th-percentile,0,0,0,0,0,0,0,0,0,0,0,0,0,0,0,0,0,0,0,0,0,0,0
10000011,Potential,Raise Utilities,50th-percentile,0,0,0,0,0,0,0,0,0,0,0,0,0,0,0,0,0,0,0,0,0,0,0
10000011,Potential,Raise Utilities,90th-percentile,0,0,0,0,0,0,0,0,0,0,0,0,0,0,0,0,0,0,0,0,0,0,0
10000011,Potential,WFP B,50th-percentile,0,0,0,0,0,0,0,0,0,0,0,0,0,0,0,0,0,0,0,0,0,0,0
10000011,Potential,WFP B,90th-percentile,0,0,0,0,0,0,0,0,0,0,0,0,0,0,0,0,0,0,0,0,0,0,0
10000011,Potential,Elevate,50th-percentile,0,0,0,0,0,0,0,0,0,0,0,0,0,0,0,0,0,0,0,0,0,0,0
10000011,Potential,Elevate,90th-percentile,0,0,0,0,0,0,0,0,0,0,0,0,0,0,0,0,0,0,0,0,0,0,0
10000011,Potential,WFP 1st,50th-percentile,0,0,0,0,0,0,0,0,0,0,0,0,0,0,0,0,0,0,0,0,0,0,0
10000011,Potential,WFP 1st,90th-percentile,0,0,0,0,0,0,0,0,0,0,0,0,0,0,0,0,0,0,0,0,0,0,0
10000011,2040,No mitigation,50th-percentile,0,0,0,0,0,0,0,0,0,0,0,0,0,0,0,0,0,0,0,0,0,0,0
10000011,2040,No mitigation,90th-percentile,0,0,0,0,0,0,0,0,0,0,0,0,0,0,0,0,0,0,0,0,0,0,0
10000011,2040,Raise Utilities,50th-percentile,0,0,0,0,0,0,0,0,0,0,0,0,0,0,0,0,0,0,0,0,0,0,0
10000011,2040,Raise Utilities,90th-percentile,0,0,0,0,0,0,0,0,0,0,0,0,0,0,0,0,0,0,0,0,0,0,0
10000011,2040,WFP B,50th-percentile,0,0,0,0,0,0,0,0,0,0,0,0,0,0,0,0,0,0,0,0,0,0,0
10000011,2040,WFP B,90th-percentile,0,0,0,0,0,0,0,0,0,0,0,0,0,0,0,0,0,0,0,0,0,0,0
10000011,2040,Elevate,50th-percentile,0,0,0,0,0,0,0,0,0,0,0,0,0,0,0,0,0,0,0,0,0,0,0
10000011,2040,Elevate,90th-percentile,0,0,0,0,0,0,0,0,0,0,0,0,0,0,0,0,0,0,0,0,0,0,0
10000011,2040,WFP 1st,50th-percentile,0,0,0,0,0,0,0,0,0,0,0,0,0,0,0,0,0,0,0,0,0,0,0
10000011,2040,WFP 1st,90th-percentile,0,0,0,0,0,0,0,0,0,0,0,0,0,0,0,0,0,0,0,0,0,0,0
10000011,2055,No mitigation,50th-percentile,0,0,0,0,0,0,0,0,0,0,0,0,0,0,0,0,0,0,0,0,0,0,0
10000011,2055,No mitigation,90th-percentile,0,0,0,0,0,0,0,0,0,0,0,0,0,0,0,0,0,0,0,0,0,0,0
10000011,2055,Raise Utilities,50th-percentile,0,0,0,0,0,0,0,0,0,0,0,0,0,0,0,0,0,0,0,0,0,0,0
10000011,2055,Raise Utilities,90th-percentile,0,0,0,0,0,0,0,0,0,0,0,0,0,0,0,0,0,0,0,0,0,0,0
10000011,2055,WFP B,50th-percentile,0,0,0,0,0,0,0,0,0,0,0,0,0,0,0,0,0,0,0,0,0,0,0
10000011,2055,WFP B,90th-percentile,0,0,0,0,0,0,0,0,0,0,0,0,0,0,0,0,0,0,0,0,0,0,0
10000011,2055,Elevate,50th-percentile,0,0,0,0,0,0,0,0,0,0,0,0,0,0,0,0,0,0,0,0,0,0,0
10000011,2055,Elevate,90th-percentile,0,0,0,0,0,0,0,0,0,0,0,0,0,0,0,0,0,0,0,0,0,0,0
10000011,2055,WFP 1st,50th-percentile,0,0,0,0,0,0,0,0,0,0,0,0,0,0,0,0,0,0,0,0,0,0,0
10000011,2055,WFP 1st,90th-percentile,0,0,0,0,0,0,0,0,0,0,0,0,0,0,0,0,0,0,0,0,0,0,0
10000011,2100,No mitigation,50th-percentile,0,0,0,0,0,0,0,0,0,0,0,0,0,0,0,4335.45003178379,13497.0702442069,33799.5395456631,47270.8378555039,60048.0080901193,82144.6971939558,119864.815659132,171164.800049005
10000011,2100,No mitigation,90th-percentile,0,0,0,0,0,0,0,0,0,0,0,0,0,26857.2720711284,35066.9304817299,43942.0623618286,53167.9541962917,66148.6385136505,73523.3348061163,80761.9793958935,86466.1549171156,120252.130428849,163874.388024314
10000011,2100,Raise Utilities,50th-percentile,0,0,0,0,0,0,0,0,0,0,0,0,0,0,0,0,0,13799.5395456631,27270.8378555039,40048.0080901193,62144.6971939558,99864.8156591323,149369.180187437
10000011,2100,Raise Utilities,90th-percentile,0,0,0,0,0,0,0,0,0,0,0,0,0,6222.61055837218,14655.2792269487,23729.5341922087,31601.5277511294,43415.9558528248,52540.9069736562,59983.2467128088,64996.155401447,91134.6039505012,140654.652138783
10000011,2100,WFP B,50th-percentile,0,0,0,0,0,0,0,0,0,0,0,0,0,0,0,0,0,0,3507.69785550389,16284.8680901193,36849.3911423246,76101.6756591323,125606.040187437
10000011,2100,WFP B,90th-percentile,0,0,0,0,0,0,0,0,0,0,0,0,0,0,0,0,7838.38775112939,18967.9828255272,26600.0250362373,34988.5728036956,38753.3034684132,67371.4639505012,116891.512138783
10000011,2100,Elevate,50th-percentile,0,0,0,0,0,0,0,0,0,0,0,0,0,0,0,4335.45003178379,13497.0702442069,33799.5395456631,47270.8378555039,60048.0080901193,82144.6971939558,119864.815659132,171164.800049005
10000011,2100,Elevate,90th-percentile,0,0,0,0,0,0,0,0,0,0,0,0,0,26857.2720711284,35066.9304817299,43942.0623618286,53167.9541962917,66148.6385136505,73523.3348061163,80761.9793958935,86466.1549171156,120252.130428849,163874.388024314
10000011,2100,WFP 1st,50th-percentile,0,0,0,0,0,0,0,0,0,0,0,0,0,0,0,0,0,0,0,0,0,0,0
10000011,2100,WFP 1st,90th-percentile,0,0,0,0,0,0,0,0,0,0,0,0,0,0,0,0,0,0,0,0,0,0,0
10000012,Potential,No mitigation,50th-percentile,0,0,0,0,0,0,0,0,0,0,0,0,0,0,0,0,0,0,0,0,0,0,0
10000012,Potential,No mitigation,90th-percentile,0,0,0,0,0,0,0,0,0,0,0,0,0,0,0,0,0,0,0,0,0,0,0
10000012,Potential,Raise Utilities,50th-percentile,0,0,0,0,0,0,0,0,0,0,0,0,0,0,0,0,0,0,0,0,0,0,0
10000012,Potential,Raise Utilities,90th-percentile,0,0,0,0,0,0,0,0,0,0,0,0,0,0,0,0,0,0,0,0,0,0,0
10000012,Potential,WFP B,50th-percentile,0,0,0,0,0,0,0,0,0,0,0,0,0,0,0,0,0,0,0,0,0,0,0
10000012,Potential,WFP B,90th-percentile,0,0,0,0,0,0,0,0,0,0,0,0,0,0,0,0,0,0,0,0,0,0,0
10000012,Potential,Elevate,50th-percentile,0,0,0,0,0,0,0,0,0,0,0,0,0,0,0,0,0,0,0,0,0,0,0
10000012,Potential,Elevate,90th-percentile,0,0,0,0,0,0,0,0,0,0,0,0,0,0,0,0,0,0,0,0,0,0,0
10000012,Potential,WFP 1st,50th-percentile,0,0,0,0,0,0,0,0,0,0,0,0,0,0,0,0,0,0,0,0,0,0,0
10000012,Potential,WFP 1st,90th-percentile,0,0,0,0,0,0,0,0,0,0,0,0,0,0,0,0,0,0,0,0,0,0,0
10000012,2040,No mitigation,50th-percentile,0,0,0,0,0,0,0,0,0,0,0,0,0,0,0,0,0,0,0,0,0,0,0
10000012,2040,No mitigation,90th-percentile,0,0,0,0,0,0,0,0,0,0,0,0,0,0,0,0,0,0,0,0,0,0,0
10000012,2040,Raise Utilities,50th-percentile,0,0,0,0,0,0,0,0,0,0,0,0,0,0,0,0,0,0,0,0,0,0,0
10000012,2040,Raise Utilities,90th-percentile,0,0,0,0,0,0,0,0,0,0,0,0,0,0,0,0,0,0,0,0,0,0,0
10000012,2040,WFP B,50th-percentile,0,0,0,0,0,0,0,0,0,0,0,0,0,0,0,0,0,0,0,0,0,0,0
10000012,2040,WFP B,90th-percentile,0,0,0,0,0,0,0,0,0,0,0,0,0,0,0,0,0,0,0,0,0,0,0
10000012,2040,Elevate,50th-percentile,0,0,0,0,0,0,0,0,0,0,0,0,0,0,0,0,0,0,0,0,0,0,0
10000012,2040,Elevate,90th-percentile,0,0,0,0,0,0,0,0,0,0,0,0,0,0,0,0,0,0,0,0,0,0,0
10000012,2040,WFP 1st,50th-percentile,0,0,0,0,0,0,0,0,0,0,0,0,0,0,0,0,0,0,0,0,0,0,0
10000012,2040,WFP 1st,90th-percentile,0,0,0,0,0,0,0,0,0,0,0,0,0,0,0,0,0,0,0,0,0,0,0
10000012,2055,No mitigation,50th-percentile,0,0,0,0,0,0,0,0,0,0,0,0,0,0,0,0,0,0,0,0,0,0,0
10000012,2055,No mitigation,90th-percentile,0,0,0,0,0,0,0,0,0,0,0,0,0,0,0,0,0,0,0,0,0,0,0
10000012,2055,Raise Utilities,50th-percentile,0,0,0,0,0,0,0,0,0,0,0,0,0,0,0,0,0,0,0,0,0,0,0
10000012,2055,Raise Utilities,90th-percentile,0,0,0,0,0,0,0,0,0,0,0,0,0,0,0,0,0,0,0,0,0,0,0
10000012,2055,WFP B,50th-percentile,0,0,0,0,0,0,0,0,0,0,0,0,0,0,0,0,0,0,0,0,0,0,0
10000012,2055,WFP B,90th-percentile,0,0,0,0,0,0,0,0,0,0,0,0,0,0,0,0,0,0,0,0,0,0,0
10000012,2055,Elevate,50th-percentile,0,0,0,0,0,0,0,0,0,0,0,0,0,0,0,0,0,0,0,0,0,0,0
10000012,2055,Elevate,90th-percentile,0,0,0,0,0,0,0,0,0,0,0,0,0,0,0,0,0,0,0,0,0,0,0
10000012,2055,WFP 1st,50th-percentile,0,0,0,0,0,0,0,0,0,0,0,0,0,0,0,0,0,0,0,0,0,0,0
10000012,2055,WFP 1st,90th-percentile,0,0,0,0,0,0,0,0,0,0,0,0,0,0,0,0,0,0,0,0,0,0,0
10000012,2100,No mitigation,50th-percentile,0,0,0,0,0,0,0,0,0,0,0,0,0,0,0,0,0,0,0,1328.32372376052,32061.4412170887,70151.5854299048,97913.2589467374
10000012,2100,No mitigation,90th-percentile,0,0,0,0,0,0,0,0,0,0,0,0,0,0,0,0,0,4160.25666431189,15188.8382122655,28023.0809982432,35216.1747524429,65076.7541279448,92217.7589733026
10000012,2100,Raise Utilities,50th-percentile,0,0,0,0,0,0,0,0,0,0,0,0,0,0,0,0,0,0,0,0,12061.4412170887,50151.5854299048,77913.2589467374
10000012,2100,Raise Utilities,90th-percentile,0,0,0,0,0,0,0,0,0,0,0,0,0,0,0,0,0,0,0,8023.08099824315,15216.1747524429,45076.7541279448,72217.7589733026
10000012,2100,WFP B,50th-percentile,0,0,0,0,0,0,0,0,0,0,0,0,0,0,0,0,0,0,0,0,0,26388.4454299048,54150.1189467374
10000012,2100,WFP B,90th-percentile,0,0,0,0,0,0,0,0,0,0,0,0,0,0,0,0,0,0,0,0,0,21313.6141279448,48454.6189733026
10000012,2100,Elevate,50th-percentile,0,0,0,0,0,0,0,0,0,0,0,0,0,0,0,0,0,0,0,1328.32372376052,32061.4412170887,70151.5854299048,97913.2589467374
10000012,2100,Elevate,90th-percentile,0,0,0,0,0,0,0,0,0,0,0,0,0,0,0,0,0,4160.25666431189,15188.8382122655,28023.0809982432,35216.1747524429,65076.7541279448,92217.7589733026
10000012,2100,WFP 1st,50th-percentile,0,0,0,0,0,0,0,0,0,0,0,0,0,0,0,0,0,0,0,0,0,0,0
10000012,2100,WFP 1st,90th-percentile,0,0,0,0,0,0,0,0,0,0,0,0,0,0,0,0,0,0,0,0,0,0,0
10000013,Potential,No mitigation,50th-percentile,0,0,0,0,0,0,0,0,0,0,0,0,0,0,0,0,0,0,0,0,0,0,0
10000013,Potential,No mitigation,90th-percentile,0,0,0,0,0,0,0,0,0,0,0,0,0,0,0,0,0,0,0,0,0,0,0
10000013,Potential,Raise Utilities,50th-percentile,0,0,0,0,0,0,0,0,0,0,0,0,0,0,0,0,0,0,0,0,0,0,0
10000013,Potential,Raise Utilities,90th-percentile,0,0,0,0,0,0,0,0,0,0,0,0,0,0,0,0,0,0,0,0,0,0,0
10000013,Potential,WFP B,50th-percentile,0,0,0,0,0,0,0,0,0,0,0,0,0,0,0,0,0,0,0,0,0,0,0
10000013,Potential,WFP B,90th-percentile,0,0,0,0,0,0,0,0,0,0,0,0,0,0,0,0,0,0,0,0,0,0,0
10000013,Potential,Elevate,50th-percentile,0,0,0,0,0,0,0,0,0,0,0,0,0,0,0,0,0,0,0,0,0,0,0
10000013,Potential,Elevate,90th-percentile,0,0,0,0,0,0,0,0,0,0,0,0,0,0,0,0,0,0,0,0,0,0,0
10000013,Potential,WFP 1st,50th-percentile,0,0,0,0,0,0,0,0,0,0,0,0,0,0,0,0,0,0,0,0,0,0,0
10000013,Potential,WFP 1st,90th-percentile,0,0,0,0,0,0,0,0,0,0,0,0,0,0,0,0,0,0,0,0,0,0,0
10000013,2040,No mitigation,50th-percentile,0,0,0,0,0,0,0,0,0,0,0,0,0,0,0,0,0,0,0,0,0,0,0
10000013,2040,No mitigation,90th-percentile,0,0,0,0,0,0,0,0,0,0,0,0,0,0,0,0,0,0,0,0,0,0,0
10000013,2040,Raise Utilities,50th-percentile,0,0,0,0,0,0,0,0,0,0,0,0,0,0,0,0,0,0,0,0,0,0,0
10000013,2040,Raise Utilities,90th-percentile,0,0,0,0,0,0,0,0,0,0,0,0,0,0,0,0,0,0,0,0,0,0,0
10000013,2040,WFP B,50th-percentile,0,0,0,0,0,0,0,0,0,0,0,0,0,0,0,0,0,0,0,0,0,0,0
10000013,2040,WFP B,90th-percentile,0,0,0,0,0,0,0,0,0,0,0,0,0,0,0,0,0,0,0,0,0,0,0
10000013,2040,Elevate,50th-percentile,0,0,0,0,0,0,0,0,0,0,0,0,0,0,0,0,0,0,0,0,0,0,0
10000013,2040,Elevate,90th-percentile,0,0,0,0,0,0,0,0,0,0,0,0,0,0,0,0,0,0,0,0,0,0,0
10000013,2040,WFP 1st,50th-percentile,0,0,0,0,0,0,0,0,0,0,0,0,0,0,0,0,0,0,0,0,0,0,0
10000013,2040,WFP 1st,90th-percentile,0,0,0,0,0,0,0,0,0,0,0,0,0,0,0,0,0,0,0,0,0,0,0
10000013,2055,No mitigation,50th-percentile,0,0,0,0,0,0,0,0,0,0,0,0,0,0,0,0,0,0,0,0,0,0,0
10000013,2055,No mitigation,90th-percentile,0,0,0,0,0,0,0,0,0,0,0,0,0,0,0,0,0,0,0,0,0,0,0
10000013,2055,Raise Utilities,50th-percentile,0,0,0,0,0,0,0,0,0,0,0,0,0,0,0,0,0,0,0,0,0,0,0
10000013,2055,Raise Utilities,90th-percentile,0,0,0,0,0,0,0,0,0,0,0,0,0,0,0,0,0,0,0,0,0,0,0
10000013,2055,WFP B,50th-percentile,0,0,0,0,0,0,0,0,0,0,0,0,0,0,0,0,0,0,0,0,0,0,0
10000013,2055,WFP B,90th-percentile,0,0,0,0,0,0,0,0,0,0,0,0,0,0,0,0,0,0,0,0,0,0,0
10000013,2055,Elevate,50th-percentile,0,0,0,0,0,0,0,0,0,0,0,0,0,0,0,0,0,0,0,0,0,0,0
10000013,2055,Elevate,90th-percentile,0,0,0,0,0,0,0,0,0,0,0,0,0,0,0,0,0,0,0,0,0,0,0
10000013,2055,WFP 1st,50th-percentile,0,0,0,0,0,0,0,0,0,0,0,0,0,0,0,0,0,0,0,0,0,0,0
10000013,2055,WFP 1st,90th-percentile,0,0,0,0,0,0,0,0,0,0,0,0,0,0,0,0,0,0,0,0,0,0,0
10000013,2100,No mitigation,50th-percentile,0,0,0,0,0,0,0,0,0,0,0,0,0,0,0,0,0,0,0,0,0,0,0
10000013,2100,No mitigation,90th-percentile,0,0,0,0,0,0,0,0,0,0,0,0,0,0,0,0,0,0,0,0,0,0,0
10000013,2100,Raise Utilities,50th-percentile,0,0,0,0,0,0,0,0,0,0,0,0,0,0,0,0,0,0,0,0,0,0,0
10000013,2100,Raise Utilities,90th-percentile,0,0,0,0,0,0,0,0,0,0,0,0,0,0,0,0,0,0,0,0,0,0,0
10000013,2100,WFP B,50th-percentile,0,0,0,0,0,0,0,0,0,0,0,0,0,0,0,0,0,0,0,0,0,0,0
10000013,2100,WFP B,90th-percentile,0,0,0,0,0,0,0,0,0,0,0,0,0,0,0,0,0,0,0,0,0,0,0
10000013,2100,Elevate,50th-percentile,0,0,0,0,0,0,0,0,0,0,0,0,0,0,0,0,0,0,0,0,0,0,0
10000013,2100,Elevate,90th-percentile,0,0,0,0,0,0,0,0,0,0,0,0,0,0,0,0,0,0,0,0,0,0,0
10000013,2100,WFP 1st,50th-percentile,0,0,0,0,0,0,0,0,0,0,0,0,0,0,0,0,0,0,0,0,0,0,0
10000013,2100,WFP 1st,90th-percentile,0,0,0,0,0,0,0,0,0,0,0,0,0,0,0,0,0,0,0,0,0,0,0
10000014,Potential,No mitigation,50th-percentile,0,0,0,0,0,0,0,0,0,0,0,0,0,0,0,0,0,0,0,0,0,0,0
10000014,Potential,No mitigation,90th-percentile,0,0,0,0,0,0,0,0,0,0,0,0,0,0,0,0,0,0,0,0,0,0,0
10000014,Potential,Raise Utilities,50th-percentile,0,0,0,0,0,0,0,0,0,0,0,0,0,0,0,0,0,0,0,0,0,0,0
10000014,Potential,Raise Utilities,90th-percentile,0,0,0,0,0,0,0,0,0,0,0,0,0,0,0,0,0,0,0,0,0,0,0
10000014,Potential,WFP B,50th-percentile,0,0,0,0,0,0,0,0,0,0,0,0,0,0,0,0,0,0,0,0,0,0,0
10000014,Potential,WFP B,90th-percentile,0,0,0,0,0,0,0,0,0,0,0,0,0,0,0,0,0,0,0,0,0,0,0
10000014,Potential,Elevate,50th-percentile,0,0,0,0,0,0,0,0,0,0,0,0,0,0,0,0,0,0,0,0,0,0,0
10000014,Potential,Elevate,90th-percentile,0,0,0,0,0,0,0,0,0,0,0,0,0,0,0,0,0,0,0,0,0,0,0
10000014,Potential,WFP 1st,50th-percentile,0,0,0,0,0,0,0,0,0,0,0,0,0,0,0,0,0,0,0,0,0,0,0
10000014,Potential,WFP 1st,90th-percentile,0,0,0,0,0,0,0,0,0,0,0,0,0,0,0,0,0,0,0,0,0,0,0
10000014,2040,No mitigation,50th-percentile,0,0,0,0,0,0,0,0,0,0,0,0,0,0,0,0,0,0,0,0,0,0,0
10000014,2040,No mitigation,90th-percentile,0,0,0,0,0,0,0,0,0,0,0,0,0,0,0,0,0,0,0,0,0,0,0
10000014,2040,Raise Utilities,50th-percentile,0,0,0,0,0,0,0,0,0,0,0,0,0,0,0,0,0,0,0,0,0,0,0
10000014,2040,Raise Utilities,90th-percentile,0,0,0,0,0,0,0,0,0,0,0,0,0,0,0,0,0,0,0,0,0,0,0
10000014,2040,WFP B,50th-percentile,0,0,0,0,0,0,0,0,0,0,0,0,0,0,0,0,0,0,0,0,0,0,0
10000014,2040,WFP B,90th-percentile,0,0,0,0,0,0,0,0,0,0,0,0,0,0,0,0,0,0,0,0,0,0,0
10000014,2040,Elevate,50th-percentile,0,0,0,0,0,0,0,0,0,0,0,0,0,0,0,0,0,0,0,0,0,0,0
10000014,2040,Elevate,90th-percentile,0,0,0,0,0,0,0,0,0,0,0,0,0,0,0,0,0,0,0,0,0,0,0
10000014,2040,WFP 1st,50th-percentile,0,0,0,0,0,0,0,0,0,0,0,0,0,0,0,0,0,0,0,0,0,0,0
10000014,2040,WFP 1st,90th-percentile,0,0,0,0,0,0,0,0,0,0,0,0,0,0,0,0,0,0,0,0,0,0,0
10000014,2055,No mitigation,50th-percentile,0,0,0,0,0,0,0,0,0,0,0,0,0,0,0,0,0,0,0,0,0,0,0
10000014,2055,No mitigation,90th-percentile,0,0,0,0,0,0,0,0,0,0,0,0,0,0,0,0,0,0,0,0,0,0,0
10000014,2055,Raise Utilities,50th-percentile,0,0,0,0,0,0,0,0,0,0,0,0,0,0,0,0,0,0,0,0,0,0,0
10000014,2055,Raise Utilities,90th-percentile,0,0,0,0,0,0,0,0,0,0,0,0,0,0,0,0,0,0,0,0,0,0,0
10000014,2055,WFP B,50th-percentile,0,0,0,0,0,0,0,0,0,0,0,0,0,0,0,0,0,0,0,0,0,0,0
10000014,2055,WFP B,90th-percentile,0,0,0,0,0,0,0,0,0,0,0,0,0,0,0,0,0,0,0,0,0,0,0
10000014,2055,Elevate,50th-percentile,0,0,0,0,0,0,0,0,0,0,0,0,0,0,0,0,0,0,0,0,0,0,0
10000014,2055,Elevate,90th-percentile,0,0,0,0,0,0,0,0,0,0,0,0,0,0,0,0,0,0,0,0,0,0,0
10000014,2055,WFP 1st,50th-percentile,0,0,0,0,0,0,0,0,0,0,0,0,0,0,0,0,0,0,0,0,0,0,0
10000014,2055,WFP 1st,90th-percentile,0,0,0,0,0,0,0,0,0,0,0,0,0,0,0,0,0,0,0,0,0,0,0
10000014,2100,No mitigation,50th-percentile,0,0,0,0,0,0,0,0,0,0,0,0,0,0,0,0,0,0,0,0,0,0,0
10000014,2100,No mitigation,90th-percentile,0,0,0,0,0,0,0,0,0,0,0,0,0,0,0,0,0,0,0,0,0,0,0
10000014,2100,Raise Utilities,50th-percentile,0,0,0,0,0,0,0,0,0,0,0,0,0,0,0,0,0,0,0,0,0,0,0
10000014,2100,Raise Utilities,90th-percentile,0,0,0,0,0,0,0,0,0,0,0,0,0,0,0,0,0,0,0,0,0,0,0
10000014,2100,WFP B,50th-percentile,0,0,0,0,0,0,0,0,0,0,0,0,0,0,0,0,0,0,0,0,0,0,0
10000014,2100,WFP B,90th-percentile,0,0,0,0,0,0,0,0,0,0,0,0,0,0,0,0,0,0,0,0,0,0,0
10000014,2100,Elevate,50th-percentile,0,0,0,0,0,0,0,0,0,0,0,0,0,0,0,0,0,0,0,0,0,0,0
10000014,2100,Elevate,90th-percentile,0,0,0,0,0,0,0,0,0,0,0,0,0,0,0,0,0,0,0,0,0,0,0
10000014,2100,WFP 1st,50th-percentile,0,0,0,0,0,0,0,0,0,0,0,0,0,0,0,0,0,0,0,0,0,0,0
10000014,2100,WFP 1st,90th-percentile,0,0,0,0,0,0,0,0,0,0,0,0,0,0,0,0,0,0,0,0,0,0,0
10000015,Potential,No mitigation,50th-percentile,0,0,0,0,0,0,0,0,0,0,0,0,0,0,0,0,0,0,0,0,0,0,0
10000015,Potential,No mitigation,90th-percentile,0,0,0,0,0,0,0,0,0,0,0,0,0,0,0,0,0,0,0,0,0,0,0
10000015,Potential,Raise Utilities,50th-percentile,0,0,0,0,0,0,0,0,0,0,0,0,0,0,0,0,0,0,0,0,0,0,0
10000015,Potential,Raise Utilities,90th-percentile,0,0,0,0,0,0,0,0,0,0,0,0,0,0,0,0,0,0,0,0,0,0,0
10000015,Potential,WFP B,50th-percentile,0,0,0,0,0,0,0,0,0,0,0,0,0,0,0,0,0,0,0,0,0,0,0
10000015,Potential,WFP B,90th-percentile,0,0,0,0,0,0,0,0,0,0,0,0,0,0,0,0,0,0,0,0,0,0,0
10000015,Potential,Elevate,50th-percentile,0,0,0,0,0,0,0,0,0,0,0,0,0,0,0,0,0,0,0,0,0,0,0
10000015,Potential,Elevate,90th-percentile,0,0,0,0,0,0,0,0,0,0,0,0,0,0,0,0,0,0,0,0,0,0,0
10000015,Potential,WFP 1st,50th-percentile,0,0,0,0,0,0,0,0,0,0,0,0,0,0,0,0,0,0,0,0,0,0,0
10000015,Potential,WFP 1st,90th-percentile,0,0,0,0,0,0,0,0,0,0,0,0,0,0,0,0,0,0,0,0,0,0,0
10000015,2040,No mitigation,50th-percentile,0,0,0,0,0,0,0,0,0,0,0,0,0,0,0,0,0,0,0,0,0,0,0
10000015,2040,No mitigation,90th-percentile,0,0,0,0,0,0,0,0,0,0,0,0,0,0,0,0,0,0,0,0,0,0,0
10000015,2040,Raise Utilities,50th-percentile,0,0,0,0,0,0,0,0,0,0,0,0,0,0,0,0,0,0,0,0,0,0,0
10000015,2040,Raise Utilities,90th-percentile,0,0,0,0,0,0,0,0,0,0,0,0,0,0,0,0,0,0,0,0,0,0,0
10000015,2040,WFP B,50th-percentile,0,0,0,0,0,0,0,0,0,0,0,0,0,0,0,0,0,0,0,0,0,0,0
10000015,2040,WFP B,90th-percentile,0,0,0,0,0,0,0,0,0,0,0,0,0,0,0,0,0,0,0,0,0,0,0
10000015,2040,Elevate,50th-percentile,0,0,0,0,0,0,0,0,0,0,0,0,0,0,0,0,0,0,0,0,0,0,0
10000015,2040,Elevate,90th-percentile,0,0,0,0,0,0,0,0,0,0,0,0,0,0,0,0,0,0,0,0,0,0,0
10000015,2040,WFP 1st,50th-percentile,0,0,0,0,0,0,0,0,0,0,0,0,0,0,0,0,0,0,0,0,0,0,0
10000015,2040,WFP 1st,90th-percentile,0,0,0,0,0,0,0,0,0,0,0,0,0,0,0,0,0,0,0,0,0,0,0
10000015,2055,No mitigation,50th-percentile,0,0,0,0,0,0,0,0,0,0,0,0,0,0,0,0,0,0,0,0,0,0,0
10000015,2055,No mitigation,90th-percentile,0,0,0,0,0,0,0,0,0,0,0,0,0,0,0,0,0,0,0,0,0,0,0
10000015,2055,Raise Utilities,50th-percentile,0,0,0,0,0,0,0,0,0,0,0,0,0,0,0,0,0,0,0,0,0,0,0
10000015,2055,Raise Utilities,90th-percentile,0,0,0,0,0,0,0,0,0,0,0,0,0,0,0,0,0,0,0,0,0,0,0
10000015,2055,WFP B,50th-percentile,0,0,0,0,0,0,0,0,0,0,0,0,0,0,0,0,0,0,0,0,0,0,0
10000015,2055,WFP B,90th-percentile,0,0,0,0,0,0,0,0,0,0,0,0,0,0,0,0,0,0,0,0,0,0,0
10000015,2055,Elevate,50th-percentile,0,0,0,0,0,0,0,0,0,0,0,0,0,0,0,0,0,0,0,0,0,0,0
10000015,2055,Elevate,90th-percentile,0,0,0,0,0,0,0,0,0,0,0,0,0,0,0,0,0,0,0,0,0,0,0
10000015,2055,WFP 1st,50th-percentile,0,0,0,0,0,0,0,0,0,0,0,0,0,0,0,0,0,0,0,0,0,0,0
10000015,2055,WFP 1st,90th-percentile,0,0,0,0,0,0,0,0,0,0,0,0,0,0,0,0,0,0,0,0,0,0,0
10000015,2100,No mitigation,50th-percentile,0,0,0,0,0,0,0,0,0,0,0,0,0,0,0,0,0,0,0,0,0,0,27598.8167606766
10000015,2100,No mitigation,90th-percentile,0,0,0,0,0,0,0,0,0,0,0,0,0,0,0,0,0,0,0,0,0,0,19750.3030372876
10000015,2100,Raise Utilities,50th-percentile,0,0,0,0,0,0,0,0,0,0,0,0,0,0,0,0,0,0,0,0,0,0,7598.8167606766
10000015,2100,Raise Utilities,90th-percentile,0,0,0,0,0,0,0,0,0,0,0,0,0,0,0,0,0,0,0,0,0,0,0
10000015,2100,WFP B,50th-percentile,0,0,0,0,0,0,0,0,0,0,0,0,0,0,0,0,0,0,0,0,0,0,0
10000015,2100,WFP B,90th-percentile,0,0,0,0,0,0,0,0,0,0,0,0,0,0,0,0,0,0,0,0,0,0,0
10000015,2100,Elevate,50th-percentile,0,0,0,0,0,0,0,0,0,0,0,0,0,0,0,0,0,0,0,0,0,0,27598.8167606766
10000015,2100,Elevate,90th-percentile,0,0,0,0,0,0,0,0,0,0,0,0,0,0,0,0,0,0,0,0,0,0,19750.3030372876
10000015,2100,WFP 1st,50th-percentile,0,0,0,0,0,0,0,0,0,0,0,0,0,0,0,0,0,0,0,0,0,0,0
10000015,2100,WFP 1st,90th-percentile,0,0,0,0,0,0,0,0,0,0,0,0,0,0,0,0,0,0,0,0,0,0,0
