BuildingID,Longitude,Latitude,OccupancyType,OccupancyGroup,SOID,StructureValue,ContentValue,GroundElevation_ft,FFE_ft,Floodplain_Status
579506619,-76.796475,37.538825,COM4,NONRES,C4LN,509954.52,509954.52,13.1270520463562,13.6270520463562,Out of floodplain
579506621,-76.79641,37.5385,COM3,NONRES,C3LN,1873374.67,1873374.67,11.9256539043426,12.4256539043426,Out of floodplain
579506623,-76.79700619,37.539738983,RES1,RES,R11N,131558.933,65779.4666,23.8789918986511,25.3789918986511,Out of floodplain
579506625,-76.79873231,37.542795577,RES1,RES,R11N,143758.983,71879.4917,25.9270826511383,27.4270826511383,Out of floodplain
579506627,-76.79708668,37.53985046,RES1,RES,R11N,119992.754,59996.3772,25.2456763854408,25.7456763854408,Out of floodplain
579506629,-76.80037368,37.544063397,RES1,RES,R11N,195388.416,97694.208,27.9786495591354,28.4786495591354,Out of floodplain
579506632,-76.798531,37.544898,IND5,NONRES,I5LN,2197434.91,3296152.37,19.3210261312485,19.8210261312485,Out of floodplain
579506634,-76.80053015,37.544008221,RES1,RES,R11N,195388.416,97694.208,28.1088724145126,29.6088724145126,Out of floodplain
579506636,-76.79726317,37.540242487,RES1,RES,R12N,218825.205,109412.602,21.8398105546379,29.8398105546379,Out of floodplain
579506638,-76.79723306,37.540101195,RES1,RES,R12N,148311.06,74155.5302,21.6930579696846,29.6930579696846,Out of floodplain
579506640,-76.799048,37.543623,RES3A,RES,R3A1B,396151.656,198075.828,26.2351338579178,28.2351338579178,Out of floodplain
579506642,-76.798861,37.5430125,RES1,RES,R11N,175135.127,87567.5639,26.9910271588516,28.4910271588516,Out of floodplain
579506644,-76.79896021,37.543207704,RES1,RES,R11N,125310.468,62655.234,26.6687271562195,28.1687271562195,Out of floodplain
579506646,-76.7981785,37.543795,RES1,RES,R13B,235284.48,117642.24,8.50989698748589,10.5098969874859,In floodplain
579506648,-76.797163,37.5399715,RES1,RES,R12N,226691.136,113345.568,24.5809828872108,32.5809828872108,Out of floodplain
579506650,-76.79807703,37.541767108,RES1,RES,R12B,285202.614,142601.307,24.3446152635193,26.3446152635193,Out of floodplain
579506652,-76.79888257,37.54369708,RES1,RES,R13N,196725.957,98362.9785,25.665399479084,27.165399479084,Out of floodplain
579506654,-76.79851174,37.54421764,RES1,RES,R12N,249710.351,124855.175,11.9884679718304,13.4884679718304,Out of floodplain
579506657,-76.79593885,37.537589894,COM3,NONRES,C3LN,289452.742,289452.742,6.47489579087257,6.97489579087257,In floodplain
579506658,-76.79634458,37.537532533,RES1,RES,R12B,128071.48,64035.7401,10.3608668819332,12.3608668819332,Out of floodplain
579506659,-76.78979757,37.552622722,RES1,RES,R12N,370758.819,185379.409,5.32103626565456,6.82103626565456,In floodplain
579506660,-76.79288556,37.552977617,RES1,RES,R11N,282933.176,141466.588,4.11989077850819,5.61989077850819,In floodplain
579506661,-76.798153,37.564915,RES1,RES,R12N,285673.72,142836.86,12.3454239307785,13.8454239307785,Out of floodplain
579506662,-76.79091832,37.557014844,RES1,RES,R11N,224124.493,112062.246,5.64919582745075,6.14919582745075,In floodplain
579506663,-76.7948885,37.562468,RES1,RES,R11N,351305.497,175652.748,8.59388165553093,9.09388165553093,In floodplain
579506664,-76.79551385,37.5614256,RES1,RES,R11N,242424,121212,9.76417743584633,11.2641774358463,In floodplain
579506665,-76.793045,37.5631625,RES1,RES,R12N,249710.351,124855.175,9.04307072083473,10.5430707208347,In floodplain
579506666,-76.79474492,37.563554525,IND2,NONRES,I2LN,1880921.57,2821382.35,9.28773136898995,9.78773136898995,In floodplain
579506667,-76.79761212,37.565361599,RES1,RES,R11N,267307.345,133653.672,12.3285476807499,13.8285476807499,Out of floodplain
579506668,-76.796716,37.5625775,RES1,RES,R11B,283520.355,141760.177,10.9968320355606,12.9968320355606,Out of floodplain
579506669,-76.79267043,37.557719018,RES1,RES,R12N,256719.85,128359.925,7.19689031787872,8.69689031787872,In floodplain
579506670,-76.79140021,37.560185583,RES1,RES,R12N,693582.024,346791.012,8.25746192222595,8.75746192222595,In floodplain
579506671,-76.79404134,37.562991768,RES1,RES,R11N,225211.746,112605.873,9.72936894795418,11.2293689479542,In floodplain
579506672,-76.79259815,37.56172068,RES1,RES,R11N,357916.202,178958.101,9.10487260442734,9.60487260442734,In floodplain
579506673,-76.7978475,37.5644455,RES1,RES,R12B,282033.664,141016.832,13.2472156398392,15.2472156398392,Out of floodplain
579506674,-76.79140626,37.561537609,RES1,RES,R11N,169642.053,84821.0268,8.29858052409172,9.79858052409172,In floodplain
579506675,-76.78973637,37.556565876,RES1,RES,R11B,294563.62,147281.81,6.59533159455299,8.59533159455299,In floodplain
579506676,-76.79536432,37.563025426,RES6,RES,R6LN,4499521.67,2249760.83,11.0553056019402,11.5553056019402,In floodplain
579506677,-76.79536432,37.563025426,IND2,NONRES,I2LN,523711.362,785567.043,11.0553056019402,11.5553056019402,In floodplain
579506678,-76.79425904,37.564911072,RES1,RES,R11N,235344.767,117672.383,8.91002642240524,10.4100264224052,In floodplain
579506679,-76.79635615,37.56221176,RES1,RES,R11N,271751.23,135875.615,11.3895288805485,12.8895288805485,Out of floodplain
579506680,-76.79487914,37.560663327,RES1,RES,R11N,220598.636,110299.318,8.67692141001701,10.176921410017,In floodplain
579506681,-76.79580248,37.561767161,RES1,RES,R11B,287050.445,143525.222,10.0593056981659,12.0593056981659,Out of floodplain
579506682,-76.79096656,37.554585959,RES1,RES,R12N,706092.202,353046.101,6.28924335182667,6.78924335182667,In floodplain
579506683,-76.79296579,37.552037666,RES1,RES,R11N,361966.656,180983.328,5.64662273709297,13.646622737093,Out of floodplain
579506684,-76.79479711,37.565398942,RES1,RES,R12B,364415.22,182207.61,7.98000620298386,9.98000620298385,In floodplain
579506685,-76.79208752,37.562340539,RES1,RES,R11B,338482.298,169241.149,6.97849169607162,8.97849169607163,In floodplain
579506686,-76.79515281,37.565825048,RES1,RES,R11B,221933.211,110966.605,11.821568703413,13.821568703413,Out of floodplain
579506687,-76.7954402,37.566087568,RES1,RES,R11N,182083.96,91041.9804,12.2681256212616,12.7681256212616,Out of floodplain
579506688,-76.7945338,37.529831084,RES1,RES,R11N,147413.872,73706.936,9.47444566246986,10.9744456624699,In floodplain
579506689,-76.79436323,37.529867072,RES1,RES,R12N,312777.98,156388.99,9.3030690056324,10.8030690056324,In floodplain
579506690,-76.794233,37.530352,RES1,RES,R11N,149653.477,74826.7388,7.82187476244926,9.32187476244927,In floodplain
579506692,-76.79404977,37.530095403,RES1,RES,R12B,265520.027,132760.013,6.99956295555115,8.99956295555115,In floodplain
579506694,-76.79473831,37.53031308,RES1,RES,R13B,417935.617,208967.808,9.50071159988403,11.500711599884,In floodplain
579506696,-76.79428785,37.530481798,RES1,RES,R12N,181462.831,90731.4156,8.14927948849678,8.64927948849678,In floodplain
579506698,-76.79413621,37.530239454,RES1,RES,R12B,192996.126,96498.0634,7.56421529515266,9.56421529515266,In floodplain
579506700,-76.79484959,37.530095443,REL1,NONRES,RE1LN,1602308.75,1602308.75,9.4831618642807,9.9831618642807,In floodplain
579506702,-76.79479667,37.53036565,RES1,RES,R11N,145628.203,72814.1018,9.50071159988403,11.000711599884,In floodplain
579506704,-76.796953,37.5310655,REL1,NONRES,RE1LN,144188.309,144188.309,10.8526224257565,11.3526224257565,In floodplain
579506706,-76.796953,37.5310655,COM1,NONRES,C1LN,333518.682,333518.682,10.8526224257565,11.3526224257565,In floodplain
579506708,-76.796953,37.5310655,COM4,NONRES,C4LN,111066.731,111066.731,10.8526224257565,11.3526224257565,In floodplain
579506710,-76.796953,37.5310655,IND1,NONRES,I1LN,1687313.63,2530970.45,10.8526224257565,11.3526224257565,In floodplain
579506712,-76.7967099,37.530845752,GOV1,NONRES,G1LN,429210.456,429210.456,11.3679272805119,11.8679272805119,In floodplain
579506714,-76.7967099,37.530845752,COM4,NONRES,C4LN,145121.863,145121.863,11.3679272805119,11.8679272805119,In floodplain
579506716,-76.79624252,37.530998654,RES1,RES,R12N,215309.441,107654.72,10.7177500950527,18.7177500950527,Out of floodplain
579506718,-76.79656733,37.531391808,COM5,NONRES,C5LN,563258.973,563258.973,10.3691028048325,10.8691028048325,In floodplain
579506720,-76.79656733,37.531391808,COM4,NONRES,C4LN,1341092.79,1341092.79,10.3691028048325,10.8691028048325,In floodplain
579506722,-76.796334,37.531050732,RES1,RES,R11N,157232.894,78616.4472,11.6043965919208,19.6043965919208,Out of floodplain
579506724,-76.79686613,37.531222317,RES1,RES,R11B,116012.876,58006.4384,10.8983036772823,12.8983036772823,Out of floodplain
579506726,-76.7964583,37.531224827,RES1,RES,R12N,250397.109,125198.554,11.2284993400669,12.7284993400669,Out of floodplain
579506728,-76.7966605,37.5640305,RES1,RES,R11N,300185.876,150092.938,9.03724166798592,9.53724166798592,In floodplain
579506729,-76.7974505,37.563471429,RES1,RES,R11N,322300.856,161150.428,10.7261549760055,11.2261549760055,In floodplain
579506731,-76.79712783,37.563591015,RES1,RES,R11N,134480.844,67240.4224,10.2817092516136,10.7817092516136,In floodplain
579506733,-76.7961984,37.564319118,COM4,NONRES,C4LN,390464.469,390464.469,9.39320186951637,9.89320186951637,In floodplain
579506735,-76.79826761,37.533920702,RES1,RES,R12N,225454.984,112727.492,10.731011737833,12.231011737833,Out of floodplain
579506737,-76.798259,37.5344815,RES1,RES,R11B,336427.822,168213.911,10.8128187242985,12.8128187242985,Out of floodplain
579506739,-76.79857871,37.533807166,RES1,RES,R11N,191200.761,95600.3807,10.8151724038506,12.3151724038506,Out of floodplain
579506741,-76.7979996,37.534065594,RES1,RES,R12B,368158.832,184079.416,10.6912080363751,12.6912080363751,Out of floodplain
579506743,-76.79888848,37.534275716,RES1,RES,R12N,207237.888,103618.944,10.5372833384895,12.0372833384895,Out of floodplain
579506745,-76.79835184,37.538972824,RES1,RES,R12N,164313.047,82156.5239,28.195341391716,29.695341391716,Out of floodplain
579506747,-76.7981152,37.538579964,RES1,RES,R11B,143502.527,71751.2638,28.8756103194046,30.8756103194046,Out of floodplain
579506749,-76.79818338,37.538593308,RES1,RES,R11N,199458.053,99729.0266,28.5657193471527,30.0657193471527,Out of floodplain
579506751,-76.79610537,37.555709357,RES1,RES,R11N,180194.971,90097.4859,10.4034364893055,10.9034364893055,In floodplain
579506753,-76.79732492,37.554618354,RES1,RES,R12N,297473.825,148736.912,9.5902711014843,11.0902711014843,In floodplain
579506755,-76.79899341,37.553143858,RES1,RES,R11N,258643.523,129321.761,9.06137450997353,10.5613745099735,In floodplain
579506757,-76.79437782,37.554146065,RES1,RES,R12N,221208.33,110604.165,9.52083012367249,11.0208301236725,In floodplain
579506759,-76.79563158,37.552369222,RES1,RES,R12N,260206.012,130103.006,8.24512720210075,9.74512720210075,In floodplain
579506761,-76.7963105,37.555501,RES1,RES,R11N,185699.436,92849.7183,10.0617978294563,10.5617978294563,In floodplain
579506763,-76.79756056,37.552362303,RES1,RES,R11B,290711.57,145355.785,10.1367627969646,12.1367627969646,Out of floodplain
579506765,-76.798402,37.5526255,RES1,RES,R12N,331577.074,165788.537,10.3863240108872,11.8863240108872,In floodplain
579506767,-76.79853951,37.553523545,RES1,RES,R11N,305679.095,152839.547,10.4245797124004,10.9245797124004,In floodplain
579506769,-76.79925295,37.552922065,RES1,RES,R11N,258980.968,129490.484,8.75545014091492,10.2554501409149,In floodplain
579506771,-76.79582994,37.553080995,RES1,RES,R11B,340334.844,170167.422,10.74491323102,12.74491323102,Out of floodplain
579506773,-76.79811224,37.553252826,RES1,RES,R11N,255569.684,127784.842,10.3367903592968,11.8367903592968,In floodplain
579506775,-76.7961005,37.551831,RES1,RES,R11N,246133.992,123066.996,8.41653905853271,9.91653905853271,In floodplain
579506777,-76.79698335,37.554325558,RES1,RES,R13B,740071.987,370035.993,8.4462295253849,10.4462295253849,In floodplain
579506779,-76.7977975,37.554128,RES1,RES,R11N,258051.024,129025.512,10.7871676064682,12.2871676064682,Out of floodplain
579506781,-76.79540966,37.554968012,RES1,RES,R12N,280513.496,140256.748,10.1337614448738,11.6337614448738,In floodplain
579506783,-76.79664465,37.554597468,RES1,RES,R11N,241593.992,120796.996,9.26759563651085,9.76759563651085,In floodplain
579506785,-76.79545244,37.554647021,RES1,RES,R11N,193207.226,96603.6132,9.9136646381855,11.4136646381855,In floodplain
579506787,-76.7964458,37.553575145,RES1,RES,R11N,239397.082,119698.541,9.54584843101502,11.045848431015,In floodplain
579506789,-76.79358003,37.553400331,RES1,RES,R11N,193525.781,96762.8906,5.86239898910999,13.86239898911,Out of floodplain
579506791,-76.79676567,37.552771005,RES1,RES,R12N,221208.33,110604.165,9.20135391073227,10.7013539107323,In floodplain
579506793,-76.79691905,37.552252386,RES1,RES,R11N,233186.117,116593.058,8.81198381853104,10.311983818531,In floodplain
579506795,-76.79598511,37.55260928,RES1,RES,R13N,360969.766,180484.883,10.0927703437614,11.5927703437614,In floodplain
579506797,-76.79801781,37.552305412,RES1,RES,R11B,223075.305,111537.652,9.68772939208984,11.6877293920898,In floodplain
579506799,-76.798402,37.5533715,RES1,RES,R12N,280270.893,140135.446,10.3445100214768,10.8445100214768,In floodplain
579506801,-76.79575917,37.554527987,RES1,RES,R12N,228092.549,114046.274,10.56756046525,12.06756046525,Out of floodplain
579506803,-76.798029,37.5539055,RES1,RES,R11N,211041.969,105520.984,10.4123865728664,11.9123865728664,In floodplain
579506805,-76.7970965,37.552857,RES1,RES,R12N,295662.876,147831.438,8.80259647778511,10.3025964777851,In floodplain
579506807,-76.79631591,37.554133228,RES1,RES,R12N,240005.654,120002.827,9.75582809203148,11.2558280920315,In floodplain
579506809,-76.7962485,37.553324,RES1,RES,R13N,260053.184,130026.592,9.85193002492905,11.351930024929,In floodplain
579506811,-76.79667323,37.552137937,RES1,RES,R11N,273121.934,136560.967,8.77414425444603,10.274144254446,In floodplain
579506813,-76.79758569,37.553009642,RES1,RES,R12N,283275.414,141637.707,9.30663589787483,10.8066358978748,In floodplain
579506815,-76.79582289,37.553843981,RES1,RES,R13N,249913.241,124956.62,10.6841055404186,12.1841055404186,Out of floodplain
579506817,-76.79470514,37.55384985,RES1,RES,R12N,225842.002,112921.001,9.15602543736458,9.65602543736458,In floodplain
579506819,-76.79657106,37.553909512,RES1,RES,R11N,256601.663,128300.831,9.43802112208366,10.9380211220837,In floodplain
579506821,-76.79563765,37.554048828,RES1,RES,R12N,221208.33,110604.165,9.98483352498054,11.4848335249805,In floodplain
579506823,-76.79536083,37.554133042,RES1,RES,R12N,206698.562,103349.281,9.42630826146126,10.9263082614613,In floodplain
579506825,-76.79464617,37.554373743,RES1,RES,R11N,237671.424,118835.712,9.37449836942673,10.8744983694267,In floodplain
579506827,-76.79615821,37.554404808,RES1,RES,R12N,240782.093,120391.046,10.5131356344509,12.0131356344509,Out of floodplain
579506829,-76.79973579,37.561679295,RES1,RES,R13N,343068.538,171534.269,10.9256044827747,12.4256044827747,Out of floodplain
579506831,-76.80113925,37.559995538,RES1,RES,R11N,174151.434,87075.7171,10.9444691187859,12.4444691187859,Out of floodplain
579506832,-76.8004595,37.55946,RES1,RES,R11B,198211.829,99105.9148,10.9386463236427,12.9386463236427,Out of floodplain
579506835,-76.79568432,37.560340597,RES1,RES,R12N,294532.692,147266.346,10.969470999651,12.469470999651,Out of floodplain
579506837,-76.797319,37.562321,RES1,RES,R11N,150088.174,75044.0871,12.583781504879,14.083781504879,Out of floodplain
579506839,-76.79982033,37.560884467,RES1,RES,R11N,218150.741,109075.37,9.93002540970802,10.430025409708,In floodplain
579506841,-76.80084346,37.560749676,RES1,RES,R11N,235442.299,117721.149,9.53069383226395,11.0306938322639,In floodplain
579507151,-76.797967,37.56267,RES1,RES,R11N,231002.711,115501.355,9.36354425561905,10.863544255619,In floodplain
579507152,-76.80101464,37.560606713,RES1,RES,R12N,337028.584,168514.292,9.72146624788284,10.2214662478828,In floodplain
579507153,-76.7997876,37.560049536,RES1,RES,R11B,265339.796,132669.898,8.76049385169983,10.7604938516998,In floodplain
579507154,-76.80020391,37.561279861,RES1,RES,R11N,252693.766,126346.883,11.4911383766651,12.9911383766651,Out of floodplain
579507155,-76.79591146,37.560613819,RES1,RES,R12N,324229.493,162114.746,10.3305037117195,11.8305037117195,In floodplain
579507156,-76.79659014,37.561465574,RES1,RES,R11N,234170.39,117085.195,10.7769041869259,12.2769041869259,Out of floodplain
579507157,-76.80017844,37.559258656,RES1,RES,R11B,198211.829,99105.9148,10.7825181311417,12.7825181311417,Out of floodplain
579507158,-76.79547903,37.560052852,RES1,RES,R12N,249070.859,124535.429,11.1724827053833,12.6724827053833,Out of floodplain
579507159,-76.79952005,37.561817053,RES1,RES,R11N,249223.141,124611.57,10.0917002760887,11.5917002760887,In floodplain
579507160,-76.80026914,37.56044356,RES1,RES,R12N,275479.969,137739.984,10.905551664896,12.405551664896,Out of floodplain
579507161,-76.80139328,37.560290908,RES1,RES,R11N,248772.563,124386.281,11.4327625869369,12.9327625869369,Out of floodplain
579507162,-76.80000483,37.560658484,RES1,RES,R12B,375816.745,187908.372,10.6978552842426,12.6978552842426,Out of floodplain
579507163,-76.799981,37.5598615,RES1,RES,R12B,399014.798,199507.399,10.1413403086758,12.1413403086758,Out of floodplain
579507164,-76.80058265,37.560964548,RES1,RES,R11B,257468.123,128734.061,11.0210485743618,13.0210485743618,Out of floodplain
579507165,-76.79719894,37.562035652,RES1,RES,R11N,250477.958,125238.979,11.6336552770805,13.1336552770805,Out of floodplain
579507166,-76.79612566,37.56089157,RES1,RES,R11N,225211.746,112605.873,10.8462215750504,12.3462215750504,Out of floodplain
579507167,-76.7963115,37.561149,RES1,RES,R12N,253663.062,126831.531,11.0395533922958,12.5395533922958,Out of floodplain
579507168,-76.79906563,37.562255055,RES1,RES,R11N,250299.312,125149.656,11.0837891138077,12.5837891138077,Out of floodplain
579507169,-76.80090887,37.55981287,RES1,RES,R11B,223090.606,111545.303,10.0563137326336,12.0563137326336,Out of floodplain
579507170,-76.79552811,37.557247819,COM2,NONRES,C2LN,1458781.68,1458781.68,10.2162317481422,10.7162317481422,In floodplain
579507171,-76.8013307,37.560539821,RES1,RES,R12N,220022.291,110011.145,11.3444898260689,12.8444898260689,Out of floodplain
579507172,-76.79874663,37.562657609,RES1,RES,R12N,225272.46,112636.23,11.41756027318,12.91756027318,Out of floodplain
579507173,-76.79836096,37.562971354,RES1,RES,R11N,230202.608,115101.304,11.0893780272007,12.5893780272007,Out of floodplain
579507174,-76.79983729,37.537451654,COM8,NONRES,C8LN,2594602.57,2594602.57,8.02165670983315,8.52165670983315,In floodplain
579507175,-76.79983729,37.537451654,COM2,NONRES,C2LN,330933.912,330933.912,8.02165670983315,8.52165670983315,In floodplain
579507176,-76.800602,37.536689,COM4,NONRES,C4LN,389711.827,389711.827,8.15326799365997,8.65326799365997,In floodplain
579507177,-76.8007155,37.5372445,RES1,RES,R11N,191933.212,95966.6061,8.18652222390175,16.1865222239017,Out of floodplain
579507178,-76.80075423,37.53684299,RES1,RES,R12N,150414.094,75207.0472,7.87138260100365,15.8713826010036,Out of floodplain
579507179,-76.80197941,37.571093522,RES1,RES,R11B,318349.421,159174.71,12.2279589728737,14.2279589728737,Out of floodplain
579507180,-76.80236689,37.572558826,RES1,RES,R11N,304123.399,152061.699,8.08387160200119,9.58387160200119,In floodplain
579507181,-76.800962,37.5682065,RES1,RES,R11B,295030.984,147515.492,13.6171712001419,15.6171712001419,Out of floodplain
579507182,-76.80503912,37.57155136,RES1,RES,R11N,321868.478,160934.239,12.0785390408707,13.5785390408707,Out of floodplain
579507183,-76.79972339,37.566714378,RES1,RES,R11B,341194.77,170597.385,12.7045739977837,14.7045739977837,Out of floodplain
579507184,-76.80191482,37.571744948,COM2,NONRES,C2LN,567488.736,567488.736,9.71086413002014,10.2108641300201,In floodplain
579507185,-76.800584,37.56602,RES1,RES,R11N,216907.739,108453.869,12.9644831102753,14.4644831102753,Out of floodplain
579507186,-76.80506115,37.572228562,RES1,RES,R11B,233088.235,116544.117,12.8604823883724,14.8604823883724,Out of floodplain
579507187,-76.80405833,37.570639223,RES1,RES,R11N,242330.201,121165.1,12.9809987600136,14.4809987600136,Out of floodplain
579507188,-76.80164795,37.566081167,RES1,RES,R11N,207063.41,103531.705,10.4715078117847,11.9715078117847,In floodplain
579507189,-76.80157763,37.570203259,RES1,RES,R11B,406470.456,203235.228,8.75285788633347,10.7528578863335,In floodplain
579507190,-76.804445,37.570998167,RES1,RES,R11N,215117.754,107558.877,11.8628116771793,12.3628116771793,Out of floodplain
579507191,-76.80474966,37.571265329,RES1,RES,R11N,243359.17,121679.585,12.333833095417,13.833833095417,Out of floodplain
579507192,-76.80379155,37.570843156,RES1,RES,R11B,236666.179,118333.089,12.8210025231838,14.8210025231838,Out of floodplain
579507193,-76.80409,37.57135,RES1,RES,R11B,191686.845,95843.4227,13.4706626657104,15.4706626657104,Out of floodplain
579507194,-76.80469569,37.573454629,RES1,RES,R11N,260322.567,130161.283,12.2157009096432,13.7157009096432,Out of floodplain
579507195,-76.8001295,37.565495,RES1,RES,R12B,345907.378,172953.689,12.2549797460365,14.2549797460365,Out of floodplain
579507196,-76.8002465,37.566318,RES1,RES,R12N,235794.109,117897.054,13.0188883857441,14.5188883857441,Out of floodplain
579507197,-76.80098781,37.568774058,RES1,RES,R11B,300476.085,150238.042,13.8537781810761,15.8537781810761,Out of floodplain
579507198,-76.80168962,37.570536825,RES1,RES,R11N,311723.12,155861.56,9.59854144176483,11.0985414417648,In floodplain
579507199,-76.80577479,37.572545111,RES1,RES,R11N,256601.663,128300.831,12.2240494712448,13.7240494712448,Out of floodplain
579507200,-76.803072,37.573151682,RES1,RES,R12N,378927.36,189463.68,6.76684670312881,8.26684670312881,In floodplain
579507201,-76.8061945,37.572052,RES1,RES,R12N,426707.704,213353.852,10.8050974976921,12.3050974976921,Out of floodplain
579507202,-76.80141629,37.569826599,RES1,RES,R12N,336890.092,168445.046,9.83063192361832,11.3306319236183,In floodplain
579507203,-76.80132138,37.569099155,RES1,RES,R11N,309608.11,154804.055,12.3128236307812,13.8128236307812,Out of floodplain
579507204,-76.80211284,37.572355613,COM3,NONRES,C3LN,1698890.29,1698890.29,7.26692499551773,7.76692499551773,In floodplain
579507205,-76.80458594,37.571769534,RES1,RES,R11B,252871.611,126435.805,13.0188860391045,15.0188860391045,Out of floodplain
579507206,-76.80200249,37.571803913,RES1,RES,R12B,463020.744,231510.372,7.64300919632912,9.64300919632912,In floodplain
579507207,-76.80553431,37.571941052,RES1,RES,R12N,363963.19,181981.595,12.6433493875408,14.1433493875408,Out of floodplain
579507208,-76.80553431,37.571941052,COM4,NONRES,C4LN,140766.562,140766.562,12.6433493875408,13.1433493875408,Out of floodplain
579507209,-76.80548211,37.573122076,RES1,RES,R11N,309332.521,154666.26,12.0364755254459,13.5364755254459,Out of floodplain
579507210,-76.80315347,37.57321143,RES1,RES,R11B,362552.581,181276.29,8.10510243297577,10.1051024329758,In floodplain
579507211,-76.80333678,37.557084798,RES1,RES,R12N,291070.123,145535.061,10.763910843277,12.263910843277,Out of floodplain
579507212,-76.80288823,37.557260009,RES1,RES,R12N,385301.148,192650.574,11.2319590690994,12.7319590690994,Out of floodplain
579507213,-76.80370623,37.556274714,RES1,RES,R11N,291033.981,145516.99,11.5241438631058,12.0241438631058,Out of floodplain
579507214,-76.80398214,37.556465788,RES1,RES,R11N,223179.264,111589.632,10.7775596815968,12.2775596815968,Out of floodplain
579507215,-76.80118006,37.555997772,RES1,RES,R11N,272881.03,136440.515,11.8886145443726,13.3886145443726,Out of floodplain
579507216,-76.80364732,37.556807906,RES1,RES,R12N,572221.88,286110.94,10.7260321685314,11.2260321685314,In floodplain
579507217,-76.8018806,37.556120862,RES1,RES,R11N,246133.992,123066.996,10.8019443962383,12.3019443962383,Out of floodplain
579507218,-76.80220323,37.556364781,RES1,RES,R11N,275113.061,137556.53,11.3541509414387,12.8541509414387,Out of floodplain
579507219,-76.801983,37.5566345,RES1,RES,R11N,257029.48,128514.74,11.5138139554405,13.0138139554405,Out of floodplain
579507220,-76.80141303,37.555784035,RES1,RES,R12N,249345.285,124672.642,11.4509639061451,12.9509639061451,Out of floodplain
579507221,-76.8026335,37.5566925,RES1,RES,R11N,260322.567,130161.283,10.0256181218052,11.5256181218052,In floodplain
579507222,-76.80319585,37.556654486,RES1,RES,R12N,352381.678,176190.839,10.7439292068005,12.2439292068005,Out of floodplain
579507223,-76.80354388,37.568167367,RES1,RES,R11N,297128.065,148564.032,12.58249554636,14.08249554636,Out of floodplain
579507224,-76.8021635,37.5693035,RES1,RES,R11N,290126.402,145063.201,12.3352066618156,13.8352066618156,Out of floodplain
579507225,-76.8025125,37.569037,RES1,RES,R11N,223179.264,111589.632,11.9953256350517,13.4953256350517,Out of floodplain
579507226,-76.80242824,37.568285946,RES1,RES,R11N,223195.118,111597.559,12.6575559438801,13.1575559438801,Out of floodplain
579507227,-76.801919,37.5695055,RES1,RES,R11B,259722.694,129861.347,13.0733554560566,15.0733554560566,Out of floodplain
579507228,-76.80290545,37.567219594,RES1,RES,R11B,309229.686,154614.843,12.2822132811928,14.2822132811928,Out of floodplain
579507229,-76.80333286,37.567577533,RES1,RES,R11N,223020.532,111510.266,11.9205421410084,13.4205421410084,Out of floodplain
579507230,-76.80373823,37.567900795,RES1,RES,R11B,319121.906,159560.953,13.1364964886665,15.1364964886665,Out of floodplain
579507231,-76.80321511,37.568424416,RES1,RES,R13B,549065.233,274532.616,11.5524427726555,13.5524427726555,Out of floodplain
579507232,-76.80202771,37.567973312,RES1,RES,R12N,290261.403,145130.701,12.855147694273,14.355147694273,Out of floodplain
579507233,-76.8033114,37.568488381,RES1,RES,R13B,372450.285,186225.142,11.6260263516331,13.6260263516331,Out of floodplain
579507234,-76.80471687,37.538176401,IND1,NONRES,I1LN,0,0,6.9334581170845,7.4334581170845,In floodplain
579507235,-76.80501755,37.540348751,IND2,NONRES,I2LN,816133.545,1224200.31,19.2734347150612,19.7734347150612,Out of floodplain
579507236,-76.80714275,37.540984544,IND2,NONRES,I2LN,1172440.43,1758660.64,19.8084669869995,20.3084669869995,Out of floodplain
579507237,-76.80595999,37.541352164,IND2,NONRES,I2LN,1880921.57,2821382.35,27.9072428795242,28.4072428795242,Out of floodplain
579507238,-76.80661,37.5411075,IND2,NONRES,I2LN,1880921.57,2821382.35,27.5659945440674,28.0659945440674,Out of floodplain
579507239,-76.80629138,37.540928547,IND2,NONRES,I2LN,1880921.57,2821382.35,28.8202390106201,29.3202390106201,Out of floodplain
579507240,-76.8069779,37.540121745,IND2,NONRES,I2LN,1880921.57,2821382.35,5.00327427296638,5.50327427296638,In floodplain
579507241,-76.806902,37.5399925,IND2,NONRES,I2LN,1880921.57,2821382.35,5.51120520378113,6.01120520378113,In floodplain
579507242,-76.80524209,37.540737892,IND2,NONRES,I2LN,1880921.57,2821382.35,18.1041323455238,18.6041323455238,Out of floodplain
579507243,-76.80607166,37.541295625,IND2,NONRES,I2LN,1880921.57,2821382.35,27.7886124239349,28.2886124239349,Out of floodplain
579507244,-76.80548119,37.569474512,RES1,RES,R11N,236317.788,118158.894,11.6823253652859,13.1823253652859,Out of floodplain
579507245,-76.8046501,37.570136396,RES1,RES,R11B,335185.85,167592.925,11.9408468315411,13.9408468315411,Out of floodplain
579507246,-76.80516664,37.56967749,RES1,RES,R12N,360273.188,180136.594,11.8092848271465,12.3092848271465,Out of floodplain
579507247,-76.8064475,37.5704425,RES1,RES,R12N,225462.614,112731.307,12.4778846981525,13.9778846981525,Out of floodplain
579507248,-76.80592195,37.569902688,RES1,RES,R11N,217761.071,108880.535,13.634805414772,15.134805414772,Out of floodplain
579507249,-76.805542,37.570276,RES1,RES,R11N,281137.034,140568.517,12.9093738429165,14.4093738429165,Out of floodplain
579507250,-76.80615133,37.570154996,RES1,RES,R11N,172794.013,86397.0066,13.4084892308426,14.9084892308426,Out of floodplain
579507251,-76.805745,37.569712,RES1,RES,R11N,176089.359,88044.6799,12.8501908091545,20.8501908091545,Out of floodplain
579507252,-76.80514714,37.570836029,RES1,RES,R11B,344356.192,172178.096,12.6762328487206,14.6762328487206,Out of floodplain
579507253,-76.80533857,37.571060517,RES1,RES,R12N,323490.585,161745.292,13.9289379196739,15.4289379196739,Out of floodplain
579507254,-76.80558727,37.571264291,RES1,RES,R11N,354711.886,177355.943,13.1773295827103,14.6773295827103,Out of floodplain
579507255,-76.8075665,37.546825,RES1,RES,R11N,112922.433,56461.2166,26.5046501130676,28.0046501130676,Out of floodplain
579507256,-76.80664883,37.546854509,RES1,RES,R11N,172446.474,86223.2371,28.7018181881714,30.2018181881714,Out of floodplain
579507257,-76.80579751,37.547568665,RES1,RES,R11N,151556.349,75778.1747,28.4911525261688,29.9911525261688,Out of floodplain
579507258,-76.80747259,37.546744132,RES1,RES,R11N,166045.747,83022.8737,26.6966678121185,28.1966678121185,Out of floodplain
579507259,-76.8062215,37.5472755,RES3A,RES,R3A1N,302022.805,151011.402,28.685917358017,29.185917358017,Out of floodplain
579507260,-76.8068125,37.5467775,RES1,RES,R11N,117955.952,58977.9763,28.5296311584473,30.0296311584473,Out of floodplain
579507261,-76.807131,37.5465465,RES1,RES,R12N,101329.182,50664.5913,27.1008123474503,28.6008123474503,Out of floodplain
579507262,-76.80724213,37.54657946,RES1,RES,R11B,142173.784,71086.892,26.9422452141571,28.9422452141571,Out of floodplain
579507263,-76.80699893,37.546743333,RES1,RES,R12N,108981.043,54490.5216,27.689962822609,29.189962822609,Out of floodplain
579507264,-76.80763964,37.546885618,RES1,RES,R11N,112922.433,56461.2166,26.0628811222839,27.5628811222839,Out of floodplain
579507265,-76.80717753,37.547088765,RES1,RES,R12N,101329.182,50664.5913,27.3607981168365,28.8607981168365,Out of floodplain
579507266,-76.81478778,37.556010302,RES1,RES,R11N,282337.463,141168.731,19.6458777133751,20.1458777133751,Out of floodplain
579507267,-76.80908995,37.56128684,RES1,RES,R12N,255010.253,127505.126,14.5705999321175,16.0705999321175,Out of floodplain
579507268,-76.8035675,37.5653725,RES1,RES,R12N,221601.221,110800.61,12.8694559383297,14.3694559383297,Out of floodplain
579507269,-76.80918809,37.563774579,RES1,RES,R11N,262145.886,131072.943,14.7509407523537,16.2509407523537,Out of floodplain
579507270,-76.80874047,37.560881299,RES1,RES,R11N,239968.618,119984.309,11.2282732804489,12.7282732804489,Out of floodplain
579507271,-76.8102715,37.5716415,RES1,RES,R11N,261402.975,130701.487,9.29608462387085,10.7960846238708,In floodplain
579507272,-76.80646304,37.562769668,RES1,RES,R11N,280986.137,140493.068,11.5269387109089,13.0269387109089,Out of floodplain
579507273,-76.8221494,37.564076444,IND6,NONRES,I6LN,757672.961,757672.961,22.5564304946709,23.0564304946709,Out of floodplain
579507274,-76.81139246,37.565616725,RES1,RES,R11N,373868.171,186934.085,17.1557739195824,17.6557739195824,Out of floodplain
579507275,-76.81158201,37.565787735,RES1,RES,R12B,337675.32,168837.66,16.3637689635468,18.3637689635468,Out of floodplain
579507276,-76.81180691,37.571334486,RES1,RES,R11N,234170.39,117085.195,10.2103573269272,11.7103573269272,In floodplain
579507277,-76.819156,37.561814,COM4,NONRES,C4LN,2643592.76,2643592.76,23.4537119623566,23.9537119623566,Out of floodplain
579507278,-76.82097678,37.559677046,RES1,RES,R11N,239397.082,119698.541,20.9789786581612,22.4789786581612,Out of floodplain
579507279,-76.80887342,37.560788153,RES1,RES,R11N,175584.5,87792.2502,11.2124702269459,11.7124702269459,In floodplain
579507280,-76.80509956,37.56428331,RES1,RES,R11N,277618.943,138809.471,10.6405034116077,12.1405034116077,Out of floodplain
579507281,-76.81058321,37.56146084,RES1,RES,R11N,198691.238,99345.6191,14.8031394043541,15.3031394043541,Out of floodplain
579507282,-76.81506995,37.55580919,RES1,RES,R11N,272881.03,136440.515,20.2361670909691,21.7361670909691,Out of floodplain
579507283,-76.81549987,37.556876387,COM4,NONRES,C4LN,390531.711,390531.711,19.6464800175476,20.1464800175476,Out of floodplain
579507284,-76.8186187,37.561723328,COM4,NONRES,C4LN,502810.308,502810.308,22.2127651203919,22.7127651203919,Out of floodplain
579507285,-76.8199111,37.5611076,COM3,NONRES,C3LN,181820.608,181820.608,22.7127010499763,23.2127010499763,Out of floodplain
579507286,-76.8199111,37.5611076,IND1,NONRES,I1LN,1350431.87,2025647.81,22.7127010499763,23.2127010499763,Out of floodplain
579507287,-76.80253119,37.566126826,RES1,RES,R11N,204700.055,102350.027,12.011411067524,13.511411067524,Out of floodplain
579507288,-76.8131085,37.557658,COM7,NONRES,C7LN,844756.109,1267134.16,13.9933813372803,14.4933813372803,Out of floodplain
579507289,-76.8169575,37.558579,COM4,NONRES,C4LN,491573.069,491573.069,21.8531379033279,22.3531379033279,Out of floodplain
579507290,-76.80918,37.5633995,RES1,RES,R11N,222941.038,111470.519,14.3612624681473,15.8612624681473,Out of floodplain
579507291,-76.8095345,37.562341135,RES1,RES,R11N,224046.193,112023.096,15.6367424589539,17.1367424589539,Out of floodplain
579507292,-76.81299905,37.562264483,RES1,RES,R11N,395530.754,197765.377,18.6415034349632,20.1415034349632,Out of floodplain
579507293,-76.82202628,37.563928596,COM1,NONRES,C1LN,890982.364,890982.364,22.6276431854057,23.1276431854057,Out of floodplain
579507294,-76.80933086,37.560390061,RES1,RES,R11B,288351.36,144175.68,10.6032239121818,12.6032239121818,Out of floodplain
579507295,-76.8094132,37.572836126,RES1,RES,R11N,220598.636,110299.318,13.0551557012749,14.5551557012749,Out of floodplain
579507296,-76.80531119,37.568177633,RES1,RES,R12N,301535.794,150767.897,10.7753726134586,12.2753726134586,Out of floodplain
579507297,-76.80783868,37.569697931,COM1,NONRES,C1LN,681668.394,681668.394,9.85829724046707,10.3582972404671,In floodplain
579507298,-76.80832332,37.564673082,RES1,RES,R12N,422859.399,211429.699,12.8538460914898,13.3538460914898,Out of floodplain
579507299,-76.8092605,37.572357,RES1,RES,R12N,291216.553,145608.276,12.5548130208206,14.0548130208206,Out of floodplain
579507300,-76.81082699,37.562182832,RES1,RES,R13N,246153.6,123076.8,15.3750702378845,16.8750702378845,Out of floodplain
579507301,-76.81595449,37.555965665,RES1,RES,R13N,427854.943,213927.471,22.2621790933609,23.7621790933609,Out of floodplain
579507302,-76.81072161,37.562046376,RES1,RES,R12B,195132.672,97566.336,15.677929113369,17.677929113369,Out of floodplain
579507303,-76.8085997,37.560981455,RES1,RES,R12B,343636.461,171818.23,9.5624681151104,11.5624681151104,In floodplain
579507304,-76.80903325,37.571928282,RES1,RES,R11N,295535.004,147767.502,9.81113447711945,11.3111344771194,In floodplain
579507305,-76.8101386,37.572949359,RES1,RES,R11N,235442.299,117721.149,12.8465785485458,14.3465785485458,Out of floodplain
579507306,-76.80605392,37.569039154,RES1,RES,R11N,230202.608,115101.304,11.7881126621628,13.2881126621628,Out of floodplain
579507307,-76.809064,37.5605795,RES1,RES,R11B,295380.522,147690.261,10.5104432565784,12.5104432565784,Out of floodplain
579507308,-76.80677235,37.569427341,RES1,RES,R11B,294299.594,147149.797,13.2901215988922,15.2901215988922,Out of floodplain
579507309,-76.809992,37.562025,RES1,RES,R11N,168791.04,84395.52,15.2018710242653,15.7018710242653,Out of floodplain
579507310,-76.810154,37.5627495,RES1,RES,R13N,349876.103,174938.051,16.2596063235092,17.7596063235092,Out of floodplain
579507311,-76.81748324,37.557387481,RES1,RES,R11N,252429.557,126214.778,22.6701517801475,24.1701517801475,Out of floodplain
579507312,-76.80986773,37.571960177,RES1,RES,R11N,276606.719,138303.359,11.5744816298771,13.0744816298771,Out of floodplain
579507313,-76.820166,37.562667,COM1,NONRES,C1LN,5355499.31,5355499.31,24.2256265542793,24.7256265542793,Out of floodplain
579507314,-76.80395692,37.564778386,RES1,RES,R11B,490371.716,245185.858,11.9408671690845,13.9408671690845,Out of floodplain
579507315,-76.80623704,37.563002658,RES1,RES,R12N,244134.108,122067.054,12.7602534985733,14.2602534985733,Out of floodplain
579507316,-76.80937609,37.560625423,RES1,RES,R11N,169922.042,84961.0211,11.5470322038746,13.0470322038746,Out of floodplain
579507317,-76.80440824,37.564799313,RES1,RES,R11N,195388.416,97694.208,10.638062124176,12.138062124176,Out of floodplain
579507318,-76.80457895,37.567717777,RES1,RES,R11N,265034.133,132517.066,10.1424330605316,11.6424330605316,In floodplain
579507319,-76.80979497,37.562170837,RES1,RES,R11N,193127.225,96563.6127,15.6499196227074,17.1499196227074,Out of floodplain
579507320,-76.81172334,37.564362938,RES1,RES,R11N,206539.775,103269.887,17.3838923227501,18.8838923227501,Out of floodplain
579507321,-76.808947,37.560675,RES1,RES,R12N,229384.96,114692.48,10.9870535882092,12.4870535882092,Out of floodplain
579507322,-76.8042125,37.567378,RES1,RES,R11N,158747.973,79373.9865,12.7295664920902,14.2295664920902,Out of floodplain
579507323,-76.8065737,37.562602429,RES1,RES,R11N,250299.312,125149.656,11.4271713269043,12.9271713269043,Out of floodplain
579507324,-76.81663258,37.557575352,RES1,RES,R11N,273202.142,136601.071,21.0474129275703,22.5474129275703,Out of floodplain
579507325,-76.81451752,37.556252668,RES1,RES,R11N,271507.934,135753.967,17.6657409513855,19.1657409513855,Out of floodplain
579507326,-76.80925777,37.561113125,RES1,RES,R12N,279231.776,139615.888,14.6282725121689,16.1282725121689,Out of floodplain
579507327,-76.81607541,37.558124525,RES1,RES,R11B,311915.714,155957.857,19.8558659787369,21.8558659787369,Out of floodplain
579507328,-76.81168281,37.558380551,RES1,RES,R11N,150906.06,75453.0303,12.3351917997646,12.8351917997646,Out of floodplain
579507329,-76.81566769,37.558533512,RES1,RES,R11N,289708.03,144854.015,16.4242903641128,17.9242903641128,Out of floodplain
579507330,-76.81017195,37.561077171,RES1,RES,R11N,175788.195,87894.0979,15.4673432371139,23.467343237114,Out of floodplain
579507331,-76.80930322,37.562414128,RES1,RES,R12B,251223.922,125611.961,15.1109559471703,17.1109559471703,Out of floodplain
579507332,-76.80920437,37.562613677,RES1,RES,R12N,352921.246,176460.623,15.1102034580612,15.6102034580612,Out of floodplain
579507333,-76.80577096,37.563391252,RES1,RES,R12N,281783.214,140891.607,12.3560792391396,13.8560792391396,Out of floodplain
579507334,-76.80608444,37.563570079,RES1,RES,R11B,113036.288,56518.1444,12.449100816412,14.449100816412,Out of floodplain
579507335,-76.80558351,37.563736979,RES1,RES,R11N,253833.353,126916.676,11.625536686163,13.125536686163,Out of floodplain
579507336,-76.80990329,37.564095406,RES1,RES,R11N,192886.353,96443.1765,17.024579555397,18.524579555397,Out of floodplain
579507337,-76.80667942,37.564206928,RES1,RES,R13N,253796.662,126898.331,11.7806511303425,13.2806511303425,Out of floodplain
579507338,-76.80292338,37.566462052,RES1,RES,R11N,205781.579,102890.789,12.822515323534,14.322515323534,Out of floodplain
579507339,-76.80430174,37.567433797,RES1,RES,R11N,272881.03,136440.515,12.515384781704,14.015384781704,Out of floodplain
579507340,-76.81668942,37.551400506,RES1,RES,R11N,273522.504,136761.252,23.8695865670013,25.3695865670013,Out of floodplain
579507341,-76.81920726,37.553326995,RES1,RES,R12N,356465.5,178232.75,24.1589350559044,25.6589350559044,Out of floodplain
579507342,-76.82353947,37.555043529,RES1,RES,R11B,275692.032,137846.016,24.6364214663315,26.6364214663315,Out of floodplain
579507343,-76.82404299,37.555034277,RES1,RES,R11B,250711.749,125355.874,23.6947181103897,25.6947181103897,Out of floodplain
579507344,-76.82132697,37.554058251,RES1,RES,R12B,459632.365,229816.182,26.4896910676193,28.4896910676193,Out of floodplain
579507345,-76.81623253,37.551095933,COM4,NONRES,C4LN,910517.733,910517.733,23.5275685337448,24.0275685337448,Out of floodplain
579507346,-76.82349838,37.554183641,RES1,RES,R12N,344300.44,172150.22,27.2349118515015,28.7349118515015,Out of floodplain
579507347,-76.8218465,37.554395,RES1,RES,R12B,275377.008,137688.504,26.3154045776367,28.3154045776367,Out of floodplain
579507348,-76.82255015,37.554090197,RES1,RES,R12B,386122.156,193061.078,27.0131669215775,29.0131669215775,Out of floodplain
579507349,-76.8209368,37.553899844,RES1,RES,R12N,318351.653,159175.826,26.8447126132965,27.3447126132965,Out of floodplain
579507350,-76.81633321,37.551545572,COM2,NONRES,C2LN,1403202.39,1403202.39,24.3141105127144,24.8141105127144,Out of floodplain
579507351,-76.8198317,37.553641888,RES1,RES,R11B,360261.438,180130.719,25.3950759799004,27.3950759799004,Out of floodplain
579507352,-76.82166088,37.554110896,RES1,RES,R11B,288733.173,144366.586,26.5670363099289,28.5670363099289,Out of floodplain
579507353,-76.82199569,37.554019589,RES1,RES,R12B,393094.51,196547.255,26.4572949252701,28.4572949252701,Out of floodplain
579507354,-76.816208,37.5546555,RES1,RES,R11N,177315.84,88657.92,23.4827258147812,24.9827258147812,Out of floodplain
579507355,-76.81650133,37.55490398,RES1,RES,R12N,280408.209,140204.104,23.9404691637611,24.4404691637611,Out of floodplain
579507356,-76.81670122,37.555716807,RES1,RES,R11N,174151.434,87075.7171,23.4688884630775,24.9688884630775,Out of floodplain
579507357,-76.81633,37.5547505,RES1,RES,R11N,177315.84,88657.92,23.6803363382912,25.1803363382912,Out of floodplain
579507358,-76.8187471,37.554038773,RES1,RES,R11B,228304.8,114152.4,24.272948889122,26.272948889122,Out of floodplain
579507359,-76.81695354,37.554573001,RES3A,RES,R3A1N,608590.849,304295.424,24.3343401107788,24.8343401107788,Out of floodplain
579507360,-76.82093158,37.555541825,RES1,RES,R12N,289298.328,144649.164,24.1894116470337,24.6894116470337,Out of floodplain
579507361,-76.81632837,37.554930346,RES1,RES,R11N,177315.84,88657.92,23.2368699448395,24.7368699448395,Out of floodplain
579507362,-76.81967833,37.55439646,RES1,RES,R12B,216229.301,108114.65,24.4206589030457,26.4206589030457,Out of floodplain
579507363,-76.81650863,37.554251473,RES3A,RES,R3A1N,479621.277,239810.638,24.4978367517281,24.9978367517281,Out of floodplain
579507364,-76.817205,37.553683,RES1,RES,R11N,219857.106,109928.553,24.8227462176323,26.3227462176323,Out of floodplain
579507365,-76.81984473,37.555342096,REL1,NONRES,RE1LN,1683343.23,1683343.23,29.2999046670532,29.7999046670532,Out of floodplain
579507366,-76.81927901,37.554373895,RES1,RES,R11N,314529.808,157264.904,24.0219241542816,25.5219241542816,Out of floodplain
579507367,-76.81683536,37.555182241,RES1,RES,R11N,152167.68,76083.84,23.9084656924439,24.4084656924439,Out of floodplain
579507368,-76.81694528,37.555266337,RES1,RES,R11N,152167.68,76083.84,24.2984928437424,24.7984928437424,Out of floodplain
579507371,-76.82598637,37.557432181,RES1,RES,R11B,527073.947,263536.973,21.6236506270409,23.6236506270409,Out of floodplain
579507372,-76.82396004,37.555849831,RES1,RES,R11N,384290.018,192145.009,22.9992523444366,24.4992523444366,Out of floodplain
579507373,-76.82811204,37.55877044,RES1,RES,R11N,254356.401,127178.2,21.0143190510368,22.5143190510368,Out of floodplain
579507374,-76.82691284,37.557965274,RES1,RES,R11N,255050.933,127525.466,21.0388523861885,22.5388523861885,Out of floodplain
579507375,-76.825587,37.55714311,RES1,RES,R11N,309745.675,154872.837,22.0762454486656,23.5762454486656,Out of floodplain
579507376,-76.82432142,37.556322907,RES1,RES,R12N,345620.847,172810.423,20.8171856775856,22.3171856775856,Out of floodplain
579507377,-76.82756139,37.558359136,COM3,NONRES,C3LN,218139.535,218139.535,21.7322233851623,22.2322233851623,Out of floodplain
579507378,-76.82866827,37.559209578,RES1,RES,R12N,409578.44,204789.22,20.4253297117996,20.9253297117996,Out of floodplain
579507379,-76.82648074,37.55770717,RES1,RES,R11N,335949.475,167974.737,21.3930510435677,21.8930510435677,Out of floodplain
579507380,-76.82479991,37.556652968,RES1,RES,R11N,280986.137,140493.068,22.1635905046654,23.6635905046654,Out of floodplain
579507381,-76.82531228,37.55699541,RES1,RES,R12N,271967.76,135983.88,22.9025692271233,23.4025692271233,Out of floodplain
579507382,-76.79571017,37.534030487,RES1,RES,R12N,288034.032,144017.016,9.85926874927521,17.8592687492752,Out of floodplain
579507383,-76.79560695,37.533924847,RES1,RES,R11B,197628.46,98814.2303,9.51209905981064,11.5120990598106,In floodplain
579507384,-76.79580072,37.534183528,RES1,RES,R12N,193809.35,96904.6751,9.6144813825798,17.6144813825798,Out of floodplain
579507385,-76.79583651,37.534394608,RES1,RES,R12N,285367.488,142683.744,9.21667199204445,10.7166719920444,In floodplain
579507386,-76.79612381,37.529475823,RES1,RES,R12N,259464.768,129732.384,5.87259474720955,7.37259474720955,In floodplain
579507387,-76.79636895,37.529687857,RES1,RES,R12N,221326.074,110663.037,5.85351109149933,7.35351109149933,In floodplain
579507388,-76.7957692,37.529359426,RES1,RES,R12N,249527.937,124763.968,9.11522988955498,10.615229889555,In floodplain
579507389,-76.79546431,37.52946559,RES1,RES,R12N,360803.385,180401.692,10.6663352206898,11.1663352206898,In floodplain
579507390,-76.79612071,37.529780797,RES1,RES,R11N,266342.576,133171.288,9.30909830506325,10.8090983050632,In floodplain
579507391,-76.79552495,37.529693199,RES1,RES,R12N,214792.346,107396.173,10.8004605377769,12.3004605377769,Out of floodplain
579507392,-76.79578929,37.530003477,REL1,NONRES,RE1LN,360318.007,360318.007,10.3966781671619,10.8966781671619,In floodplain
579507393,-76.82508122,37.555002708,RES1,RES,R11N,287733.312,143866.656,22.8405819589996,24.3405819589996,Out of floodplain
579507394,-76.82810223,37.552586059,RES1,RES,R13N,431672.496,215836.248,21.6104531257439,23.1104531257439,Out of floodplain
579507395,-76.82448249,37.554053946,RES1,RES,R11B,382627.605,191313.802,23.0896355165482,25.0896355165482,Out of floodplain
579507396,-76.82899347,37.552126531,RES1,RES,R12B,534792.415,267396.207,21.7868797510719,23.7868797510719,Out of floodplain
579507397,-76.82931096,37.553165378,RES1,RES,R11B,318987.377,159493.688,20.9973231223869,22.9973231223869,Out of floodplain
579507398,-76.82575038,37.553797098,RES1,RES,R12B,441849.416,220924.708,23.0611285382843,25.0611285382843,Out of floodplain
579507399,-76.83013622,37.551265504,RES1,RES,R12N,488221.408,244110.704,14.6199841809845,16.1199841809845,Out of floodplain
579507400,-76.82953713,37.551889334,RES1,RES,R12B,376896.991,188448.495,19.7233324655342,21.7233324655342,Out of floodplain
579507401,-76.82451461,37.555049902,RES1,RES,R12N,286056.324,143028.162,22.8950020965195,24.3950020965195,Out of floodplain
579507402,-76.8244847,37.554534101,RES1,RES,R11N,218437.599,109218.799,22.9374105679703,24.4374105679703,Out of floodplain
579507403,-76.82502799,37.554612457,RES1,RES,R11B,300280.423,150140.211,22.5329703560448,24.5329703560448,Out of floodplain
579507404,-76.82856032,37.553278541,RES1,RES,R12N,468135.396,234067.698,21.2192729921722,22.7192729921722,Out of floodplain
579507405,-76.82907269,37.554408964,RES1,RES,R12N,421410.837,210705.418,20.4657075577545,21.9657075577545,Out of floodplain
579507406,-76.82672434,37.553571923,RES1,RES,R12B,325078.755,162539.377,22.1538081462479,24.1538081462479,Out of floodplain
579507407,-76.83015285,37.55222181,RES1,RES,R12N,356964.201,178482.1,18.5532776068878,20.0532776068878,Out of floodplain
579507408,-76.82903234,37.552154921,RES1,RES,R11N,379963.123,189981.561,21.8056825922394,22.3056825922394,Out of floodplain
579507409,-76.82795462,37.553061186,RES3A,RES,R3A1B,462649.923,231324.961,20.8396148591995,22.8396148591995,Out of floodplain
579507410,-76.8277493,37.553090239,RES1,RES,R12N,329307.725,164653.862,21.0080832473183,21.5080832473183,Out of floodplain
579507411,-76.82929721,37.553289098,COM3,NONRES,C3LN,254267.382,254267.382,20.7276535534477,21.2276535534477,Out of floodplain
579507412,-76.82486761,37.553984419,RES1,RES,R13B,382278.1,191139.05,22.4854868852806,24.4854868852806,Out of floodplain
579507413,-76.79675366,37.531884,COM1,NONRES,C1LN,300773.338,300773.338,10.0875482883644,10.5875482883644,In floodplain
579507414,-76.79676431,37.531730826,COM1,NONRES,C1LN,819714.614,819714.614,10.2810451525974,10.7810451525974,In floodplain
579507415,-76.797375,37.531983,RES1,RES,R11N,632861.493,316430.746,11.2347719078064,11.7347719078064,In floodplain
579507416,-76.79695721,37.532134992,COM4,NONRES,C4LN,727210.041,727210.041,10.0454980705643,10.5454980705643,In floodplain
579507417,-76.79695721,37.532134992,COM8,NONRES,C8LN,982964.377,982964.377,10.0454980705643,10.5454980705643,In floodplain
579507418,-76.79701276,37.532198903,COM8,NONRES,C8LN,1974091.83,1974091.83,10.0454980705643,10.5454980705643,In floodplain
579507432,-76.7984775,37.54126717,COM3,NONRES,C3LN,432011.617,432011.617,23.1649923728752,23.6649923728752,Out of floodplain
579507433,-76.79859754,37.541501691,RES1,RES,R11B,242727.653,121363.826,27.3979438578033,29.3979438578033,Out of floodplain
579507434,-76.79873012,37.540982699,RES1,RES,R11B,223444.214,111722.107,27.7799893054962,29.7799893054962,Out of floodplain
579507435,-76.79905638,37.540938733,RES1,RES,R12N,185691.012,92845.5063,27.6491312929916,29.1491312929916,Out of floodplain
579507436,-76.79846874,37.541127922,RES1,RES,R12B,317981.859,158990.929,24.5283461958122,26.5283461958122,Out of floodplain
579507438,-76.79857372,37.541297497,RES1,RES,R11N,139706.877,69853.4387,25.1504325404358,26.6504325404358,Out of floodplain
579507440,-76.79906628,37.534061509,RES1,RES,R11N,201791.439,100895.719,11.30428641366,11.80428641366,In floodplain
579507442,-76.7991445,37.5341765,RES1,RES,R11N,139327.2,69663.6,11.1589770120812,12.6589770120812,Out of floodplain
579507444,-76.79894358,37.533730854,RES1,RES,R12N,278552.693,139276.346,10.9368769573593,12.4368769573593,Out of floodplain
579507446,-76.79922514,37.534218529,RES1,RES,R11N,170995.757,85497.8789,11.0897675693798,12.5897675693798,Out of floodplain
579507448,-76.79958742,37.541218866,RES1,RES,R11N,191820.908,95910.4543,27.4327773765182,27.9327773765182,Out of floodplain
579507450,-76.79942747,37.540967954,RES1,RES,R12N,161833.929,80916.9647,27.4154310163498,28.9154310163498,Out of floodplain
579507452,-76.79951716,37.54109142,RES1,RES,R11N,152025.801,76012.9008,27.4882143912125,28.9882143912125,Out of floodplain
579507454,-76.79962246,37.541160984,RES1,RES,R12N,190719.144,95359.5721,27.5054168241501,28.0054168241501,Out of floodplain
579507456,-76.79941084,37.554456526,RES1,RES,R12N,288552.11,144276.055,9.76557133978844,11.2655713397884,In floodplain
579507458,-76.8010552,37.554512443,RES1,RES,R11N,217250.095,108625.047,11.7071035331726,13.2071035331726,Out of floodplain
579507460,-76.80118754,37.559433838,RES1,RES,R11B,232894.808,116447.404,11.5735265475464,13.5735265475464,Out of floodplain
579507462,-76.80282928,37.556220186,RES1,RES,R12B,311966.76,155983.38,8.99502483877182,10.9950248387718,In floodplain
579507464,-76.80375763,37.558266792,RES1,RES,R11N,258051.024,129025.512,11.694174331007,13.194174331007,Out of floodplain
579507466,-76.80385077,37.557362761,RES1,RES,R11B,359034.836,179517.418,11.5701951014805,13.5701951014805,Out of floodplain
579507470,-76.8047548,37.55703618,RES1,RES,R12N,228092.549,114046.274,10.7635244299507,12.2635244299507,Out of floodplain
579507472,-76.79765856,37.555185389,RES1,RES,R12B,318710.193,159355.096,10.64377306283,12.64377306283,Out of floodplain
579507474,-76.80042214,37.558874455,RES1,RES,R11N,199629.265,99814.6326,11.1565357246494,12.6565357246494,Out of floodplain
579507476,-76.798197,37.5547435,RES1,RES,R11N,228816.82,114408.41,10.3236687326813,18.3236687326813,Out of floodplain
579507478,-76.79966244,37.558275652,RES1,RES,R11N,219275.587,109637.793,10.2764465211296,11.7764465211296,In floodplain
579507480,-76.799998,37.554811,RES1,RES,R11N,270285.126,135142.563,10.6077271136379,12.1077271136379,Out of floodplain
579507481,-76.80323859,37.557816481,RES1,RES,R12N,410006.862,205003.431,12.1952616784382,13.6952616784382,Out of floodplain
579507482,-76.80274243,37.557732433,RES1,RES,R11N,356493.223,178246.611,10.8287086034679,12.3287086034679,Out of floodplain
579507484,-76.803211,37.5586895,RES1,RES,R12N,277938.052,138969.026,11.5981733036137,12.0981733036137,Out of floodplain
579507485,-76.8025495,37.555425,REL1,NONRES,RE1LN,353391.525,353391.525,11.350464370575,11.850464370575,In floodplain
579507486,-76.80500538,37.557213748,RES1,RES,R13N,248997.268,124498.634,10.3220534624004,11.8220534624004,In floodplain
579507488,-76.797897,37.5568105,RES1,RES,R11B,237395.902,118697.951,10.1235449581242,12.1235449581242,Out of floodplain
579507490,-76.79893285,37.553970437,RES1,RES,R11N,276215.292,138107.646,9.17509110217094,10.6750911021709,In floodplain
579507492,-76.80194603,37.557207875,RES1,RES,R12N,383292.603,191646.301,11.7621165883064,13.2621165883064,Out of floodplain
579507494,-76.8044335,37.556805,RES1,RES,R12N,228092.549,114046.274,10.5946297356319,12.0946297356319,Out of floodplain
579507496,-76.79928852,37.557767949,RES1,RES,R12B,302906.194,151453.097,9.43517621263504,11.435176212635,In floodplain
579507497,-76.8035495,37.557551,RES1,RES,R12N,256154.895,128077.447,11.2092827081108,12.7092827081108,Out of floodplain
579507499,-76.79837774,37.554438154,RES1,RES,R12B,370637.503,185318.751,9.77214427740097,11.772144277401,In floodplain
579507501,-76.8001845,37.55868,RES1,RES,R11N,240348.62,120174.31,10.6263899386406,12.1263899386406,Out of floodplain
579507503,-76.800632,37.559015,RES1,RES,R11N,174151.434,87075.7171,10.555081817894,12.055081817894,Out of floodplain
579507505,-76.80115496,37.555173091,RES1,RES,R11B,488093.766,244046.883,11.5867130978584,13.5867130978584,Out of floodplain
579507507,-76.802374,37.555884,RES1,RES,R12N,257558.077,128779.038,10.4743902674675,11.9743902674675,In floodplain
579507509,-76.80448244,37.557679348,RES1,RES,R11N,223179.264,111589.632,11.263300005827,12.763300005827,Out of floodplain
579507513,-76.80141834,37.559628028,RES1,RES,R11N,174151.434,87075.7171,11.1029830615807,12.6029830615807,Out of floodplain
579507515,-76.80334407,37.555992849,RES1,RES,R11B,299509.151,149754.575,9.7625911074543,11.7625911074543,In floodplain
579507517,-76.79689959,37.556138368,RES1,RES,R11N,245950.436,122975.218,9.8450238644886,11.3450238644886,In floodplain
579507519,-76.79740629,37.556406732,RES1,RES,R11N,234366.631,117183.315,10.0209013761425,11.5209013761425,In floodplain
579507521,-76.80163385,37.555361524,RES1,RES,R11N,287448.208,143724.104,10.3776312754726,10.8776312754726,In floodplain
579507523,-76.803072,37.5557825,RES1,RES,R11N,225519.321,112759.66,7.6059682719326,9.1059682719326,In floodplain
579507525,-76.80206444,37.555044659,RES1,RES,R11N,179891.928,89945.964,12.4300680045605,13.9300680045605,Out of floodplain
579507526,-76.799423,37.5581025,RES1,RES,R12N,157947.494,78973.7472,9.36584161581993,10.8658416158199,In floodplain
579507528,-76.79903735,37.554850204,RES1,RES,R11N,350448.036,175224.018,9.3243577203846,10.8243577203846,In floodplain
579507530,-76.80055337,37.556089364,RES1,RES,R12N,323547.68,161773.84,10.3220565912533,11.8220565912533,In floodplain
579507531,-76.7988405,37.557616,RES1,RES,R11N,257626.275,128813.137,10.549155770607,12.049155770607,Out of floodplain
579507533,-76.79946476,37.555297013,RES1,RES,R12N,378613.51,189306.755,9.70587830301285,11.2058783030128,In floodplain
579507535,-76.80408968,37.557161249,RES1,RES,R11N,266048.669,133024.334,11.8618910122299,13.3618910122299,Out of floodplain
579507537,-76.79961247,37.553305337,RES1,RES,R12N,210716.432,105358.216,9.91377962352753,11.4137796235275,In floodplain
579507539,-76.8004894,37.555711071,RES1,RES,R11N,277618.943,138809.471,10.2858064844132,11.7858064844132,In floodplain
579507541,-76.80081599,37.554151003,EDU1,NONRES,E1HN,5747838.85,5747838.85,10.3263986567879,10.8263986567879,In floodplain
579507543,-76.79966503,37.554639866,RES1,RES,R12N,308420.358,154210.179,9.82085504069328,11.3208550406933,In floodplain
579507545,-76.80011549,37.553600771,RES1,RES,R12B,472154.265,236077.132,9.64571593831062,11.6457159383106,In floodplain
579507547,-76.80012826,37.555337435,RES1,RES,R11N,268306.69,134153.345,10.7734710531426,12.2734710531426,Out of floodplain
579507549,-76.80472244,37.557481345,RES1,RES,R11N,223179.264,111589.632,11.5658209652042,13.0658209652042,Out of floodplain
579507551,-76.80025575,37.555049421,RES1,RES,R11N,284189.102,142094.551,10.3847760109425,11.8847760109425,In floodplain
579507553,-76.7999065,37.5584785,RES1,RES,R11N,174151.434,87075.7171,10.3623569981003,11.8623569981003,In floodplain
579507554,-76.80073886,37.55539981,RES1,RES,R11N,404382.412,202191.206,9.75558013044357,11.2555801304436,In floodplain
579507558,-76.80399216,37.558074649,RES1,RES,R11N,227410.761,113705.38,11.8547525344658,13.3547525344658,Out of floodplain
579507560,-76.8029229,37.558887854,RES1,RES,R11N,253133.092,126566.546,11.867332087326,12.367332087326,Out of floodplain
579507562,-76.79895725,37.555432194,RES1,RES,R11N,286300.293,143150.146,9.18016140820503,10.680161408205,In floodplain
579507564,-76.80268306,37.559131236,RES1,RES,R11N,274081.332,137040.666,11.4175915617085,12.9175915617085,Out of floodplain
579507566,-76.79863622,37.555869119,RES1,RES,R11N,251368.117,125684.058,10.650963166666,12.150963166666,Out of floodplain
579507567,-76.80424711,37.5578789,RES1,RES,R11N,223179.264,111589.632,11.2661895014286,12.7661895014286,Out of floodplain
579507573,-76.80179478,37.554839685,RES1,RES,R11N,179891.928,89945.964,10.6693287506485,12.1693287506485,Out of floodplain
579507575,-76.80233816,37.555243991,RES1,RES,R11B,260153.026,130076.513,13.472981145668,15.472981145668,Out of floodplain
579507576,-76.79732158,37.555425088,RES1,RES,R11N,263129.989,131564.994,10.1327711629486,11.6327711629486,In floodplain
579507578,-76.8023306,37.557508536,RES1,RES,R12N,322974.813,161487.406,10.997055748539,12.497055748539,Out of floodplain
579507580,-76.80224837,37.559500915,RES1,RES,R11B,319541.148,159770.574,10.9876879631233,12.9876879631233,Out of floodplain
579507581,-76.799353,37.553754953,RES1,RES,R11N,233284.775,116642.387,10.5440400962067,12.0440400962067,Out of floodplain
579507582,-76.8016735,37.55981,RES1,RES,R11N,179891.928,89945.964,10.9427936180878,12.4427936180878,Out of floodplain
579507583,-76.80082667,37.55635979,RES1,RES,R11N,271832.234,135916.117,10.8505503429604,12.3505503429604,Out of floodplain
579507584,-76.8009105,37.5592335,RES1,RES,R11N,174151.434,87075.7171,10.2459136106491,11.7459136106491,In floodplain
579507585,-76.80159434,37.556957036,RES1,RES,R11N,251012.667,125506.333,10.7458331137562,12.2458331137562,Out of floodplain
579507586,-76.79766357,37.556618247,RES1,RES,R11N,232988.649,116494.324,10.1003374743652,11.6003374743652,In floodplain
579507587,-76.8012225,37.5566815,RES1,RES,R12N,305550.655,152775.327,11.0233756586647,12.5233756586647,Out of floodplain
579507588,-76.80201312,37.555617131,RES1,RES,R12N,261323.72,130661.86,10.5690302438736,12.0690302438736,Out of floodplain
579507589,-76.80352406,37.55847603,RES1,RES,R11N,223179.264,111589.632,11.2242918152046,12.7242918152046,Out of floodplain
579507590,-76.79660737,37.555884633,RES1,RES,R11N,188767.472,94383.7361,9.20710396004677,10.7071039600468,In floodplain
579507591,-76.8015175,37.554634,RES1,RES,R11N,179891.928,89945.964,10.6810142338085,12.1810142338085,Out of floodplain
579507592,-76.80266616,37.555496972,RES1,RES,R11B,279933.435,139966.717,10.3606869728947,12.3606869728947,Out of floodplain
579507593,-76.79862417,37.557350705,RES1,RES,R11N,194467.533,97233.7665,10.7746490662384,12.2746490662384,Out of floodplain
579507594,-76.79929595,37.538974307,RES1,RES,R11B,181044.8,90522.4003,24.4790980520439,26.4790980520439,Out of floodplain
579507595,-76.79958689,37.53882123,RES1,RES,R12N,226031.235,113015.617,20.8858999793243,22.3858999793243,Out of floodplain
579507596,-76.80001239,37.53889347,COM4,NONRES,C4LN,532944.624,532944.624,17.4077701632309,17.9077701632309,Out of floodplain
579507597,-76.80001239,37.53889347,COM1,NONRES,C1LN,174544.355,174544.355,17.4077701632309,17.9077701632309,Out of floodplain
579507598,-76.80008268,37.539132422,COM4,NONRES,C4LN,615435.771,615435.771,17.858479851017,18.358479851017,Out of floodplain
579507599,-76.79953375,37.538965342,RES1,RES,R11N,115084.8,57542.4,23.2359829150581,24.7359829150581,Out of floodplain
579507600,-76.79973639,37.53942481,RES1,RES,R12N,126851.581,63425.7907,21.2312549341393,22.7312549341393,Out of floodplain
579507601,-76.800196,37.537814,COM1,NONRES,C1LN,901459.647,901459.647,8.9774688454628,9.4774688454628,In floodplain
579507602,-76.79997055,37.537875659,COM1,NONRES,C1LN,179532.297,179532.297,7.71447532414436,8.21447532414436,In floodplain
579507603,-76.80110156,37.542964696,RES1,RES,R11N,133498.368,66749.184,27.2312823822021,28.7312823822021,Out of floodplain
579507604,-76.8010295,37.5428155,RES1,RES,R11B,260810.928,130405.464,26.9522325124359,28.9522325124359,Out of floodplain
579507605,-76.80140587,37.542787889,RES1,RES,R11N,119319.92,59659.9603,26.6549914922333,28.1549914922333,Out of floodplain
579507606,-76.80134099,37.543315726,RES1,RES,R11N,224046.193,112023.096,27.0850335425568,28.5850335425568,Out of floodplain
579507607,-76.80153345,37.542677803,RES1,RES,R11N,119319.92,59659.9603,25.8418120245743,27.3418120245743,Out of floodplain
579507608,-76.80193934,37.542585273,COM3,NONRES,C3LN,472801.132,472801.132,24.0670985316467,24.5670985316467,Out of floodplain
579507609,-76.80193934,37.542585273,COM4,NONRES,C4LN,295500.706,295500.706,24.0670985316467,24.5670985316467,Out of floodplain
579507610,-76.8017285,37.5426505,RES1,RES,R11N,119319.92,59659.9603,25.6495440172958,27.1495440172958,Out of floodplain
579507611,-76.80202383,37.542625377,IND2,NONRES,I2LN,868134.458,1302201.68,25.1111122467422,25.6111122467422,Out of floodplain
579507612,-76.80125157,37.543129009,RES1,RES,R11N,139706.877,69853.4387,27.1700726340103,28.6700726340103,Out of floodplain
579507613,-76.80143881,37.553810123,RES1,RES,R11N,227336.126,113668.063,10.2903472321034,11.7903472321034,In floodplain
579507614,-76.80533684,37.557628456,RES1,RES,R12N,252507.24,126253.62,9.00037987041473,10.5003798704147,In floodplain
579507615,-76.80400034,37.558742459,RES1,RES,R12B,278249.472,139124.736,12.0107305420303,14.0107305420303,Out of floodplain
579507616,-76.80493285,37.562290559,RES1,RES,R11N,203595.138,101797.569,12.0388385915565,13.5388385915565,Out of floodplain
579507617,-76.80434603,37.558458658,RES1,RES,R11N,179891.928,89945.964,12.4093776829147,13.9093776829147,Out of floodplain
579507618,-76.80882615,37.559993474,RES1,RES,R11N,210150.368,105075.184,9.91748731414795,17.9174873141479,Out of floodplain
579507619,-76.8120665,37.5544715,COM1,NONRES,C1LN,1144284.27,1144284.27,21.5160963105202,22.0160963105202,Out of floodplain
579507620,-76.8041425,37.5616895,RES1,RES,R11N,174151.434,87075.7171,10.4010601255703,11.9010601255703,In floodplain
579507621,-76.8022654,37.554398253,RES1,RES,R11B,284402.399,142201.199,12.8561575315285,14.8561575315285,Out of floodplain
579507622,-76.81292453,37.556203482,RES1,RES,R11N,374862.655,187431.327,18.0632695273781,18.5632695273781,Out of floodplain
579507623,-76.80071594,37.553189775,RES1,RES,R11N,280380.672,140190.336,9.37532282215118,10.8753228221512,In floodplain
579507624,-76.802816,37.5606695,RES1,RES,R11N,174151.434,87075.7171,11.9892361052036,13.4892361052036,Out of floodplain
579507625,-76.80309485,37.560880775,RES1,RES,R11N,193525.781,96762.8906,11.9121192691517,13.4121192691517,Out of floodplain
579507626,-76.80254365,37.560472475,RES1,RES,R11N,174151.434,87075.7171,11.9643054057407,13.4643054057407,Out of floodplain
579507627,-76.80519,37.562485846,RES1,RES,R11N,205857.936,102928.968,12.0407659649086,13.5407659649086,Out of floodplain
579507628,-76.80473423,37.558157097,RES1,RES,R11B,250431.515,125215.757,11.4584637664127,13.4584637664127,Out of floodplain
579507629,-76.80246866,37.560085523,RES1,RES,R12N,458490.524,229245.262,11.7130765132523,13.2130765132523,Out of floodplain
579507630,-76.80681482,37.561667214,RES1,RES,R11N,178150.042,89075.0214,11.3701049620914,19.3701049620914,Out of floodplain
579507631,-76.80990385,37.557948055,RES1,RES,R12N,258110.757,129055.378,14.3950274836159,15.8950274836159,Out of floodplain
579507632,-76.80227885,37.560278541,RES1,RES,R12B,350283.713,175141.856,11.0024295532989,13.0024295532989,Out of floodplain
579507633,-76.80468896,37.562101163,RES1,RES,R11N,237285.693,118642.846,10.3617500006485,11.8617500006485,In floodplain
579507634,-76.80389009,37.561480105,RES1,RES,R11N,203595.138,101797.569,10.9488213530922,12.4488213530922,Out of floodplain
579507635,-76.803342,37.561079,RES1,RES,R11B,223090.606,111545.303,12.2221627729797,14.2221627729797,Out of floodplain
579507636,-76.80617856,37.560951681,RES1,RES,R11N,238344.482,119172.241,12.0145422670078,13.5145422670078,Out of floodplain
579507637,-76.81244984,37.553982706,COM3,NONRES,C3LN,3083482,3083482,23.8154136088562,24.3154136088562,Out of floodplain
579507638,-76.81244984,37.553982706,COM1,NONRES,C1LN,398465.485,398465.485,23.8154136088562,24.3154136088562,Out of floodplain
579507639,-76.80094856,37.553408123,RES1,RES,R11N,214296.592,107148.296,10.4903474169731,11.9903474169731,In floodplain
579507640,-76.80273045,37.559855444,RES1,RES,R12B,282067.15,141033.575,11.8425836435413,13.8425836435413,Out of floodplain
579507641,-76.8136395,37.554816,RES1,RES,R12N,175387.53,87693.7651,21.0903830281067,22.5903830281067,Out of floodplain
579507642,-76.8059498,37.562288796,RES1,RES,R11N,276841.013,138420.506,11.6587705788612,13.1587705788612,Out of floodplain
579507643,-76.8033735,37.559329,RES1,RES,R12N,274651.23,137325.615,11.252867628231,12.752867628231,Out of floodplain
579507644,-76.81390408,37.554976149,COM3,NONRES,C3LN,222367.328,222367.328,21.0332767704201,21.5332767704201,Out of floodplain
579507645,-76.8031575,37.55952,RES1,RES,R12N,233171.966,116585.983,11.1414601294327,12.6414601294327,Out of floodplain
579507646,-76.80362297,37.561271375,RES1,RES,R11N,203595.138,101797.569,12.5236613796902,14.0236613796902,Out of floodplain
579507647,-76.807479,37.561139,RES1,RES,R11N,253833.353,126916.676,10.8486832000256,12.3486832000256,Out of floodplain
579507648,-76.80551003,37.562707399,RES1,RES,R11N,321312.445,160656.222,11.6922579086399,13.1922579086399,Out of floodplain
579507649,-76.8141916,37.554634656,COM3,NONRES,C3LN,794012.321,794012.321,22.216238147049,22.716238147049,Out of floodplain
579507650,-76.8035779,37.55917673,RES1,RES,R11N,228996.314,114498.157,11.6493355231094,13.1493355231094,Out of floodplain
579507651,-76.803743,37.559017832,RES1,RES,R12N,245078.401,122539.2,11.8770581263924,13.3770581263924,Out of floodplain
579507652,-76.81254228,37.554377212,IND6,NONRES,I6LN,1592239.05,1592239.05,20.5744070344162,21.0744070344162,Out of floodplain
579507653,-76.80916514,37.557332952,RES1,RES,R11B,247281.942,123640.971,16.5209234197807,18.5209234197807,Out of floodplain
579507654,-76.80122337,37.553598292,RES1,RES,R11N,183729.763,91864.8815,10.6666019553947,12.1666019553947,Out of floodplain
579507655,-76.80022188,37.552861874,RES1,RES,R12B,277294.651,138647.325,8.77822975404739,10.7782297540474,In floodplain
579507656,-76.8050025,37.557916,RES1,RES,R11N,179891.928,89945.964,11.0363596157551,12.5363596157551,Out of floodplain
579507657,-76.80173187,37.553220053,RES1,RES,R12N,353439.627,176719.813,8.397420203228,9.897420203228,In floodplain
579507658,-76.81083267,37.558125686,RES1,RES,R11N,213942.643,106971.321,13.8913244152069,15.3913244152069,Out of floodplain
579507659,-76.80153046,37.55386146,RES1,RES,R11N,261485.725,130742.862,10.1519549419498,11.6519549419498,In floodplain
579507660,-76.8018168,37.554081457,RES1,RES,R11N,224124.493,112062.246,11.2312394329452,12.7312394329452,Out of floodplain
579507661,-76.80256665,37.554658794,COM3,NONRES,C3HN,509020.999,509020.999,12.3061975026703,12.8061975026703,Out of floodplain
579507662,-76.80256665,37.554658794,IND1,NONRES,I1HN,8991271.07,13486906.6,12.3061975026703,12.8061975026703,Out of floodplain
579507663,-76.80548679,37.55689214,RES1,RES,R11N,180996.712,90498.3561,11.5741257228661,13.0741257228661,Out of floodplain
579507664,-76.80762263,37.559361871,RES1,RES,R11N,173309.184,86654.592,8.97602175102234,16.9760217510223,Out of floodplain
579507665,-76.80452335,37.561926117,RES1,RES,R11N,174151.434,87075.7171,10.4480547130775,11.9480547130775,In floodplain
579507666,-76.806194,37.550609,RES1,RES,R12N,269752.087,134876.043,28.8847277965927,30.3847277965927,Out of floodplain
579507667,-76.807541,37.54967,RES1,RES,R11N,227485.31,113742.655,29.3100484079742,30.8100484079742,Out of floodplain
579507668,-76.8016193,37.552459482,RES1,RES,R11N,245398.541,122699.27,10.0848809413147,11.5848809413147,In floodplain
579507669,-76.8020205,37.552161,RES1,RES,R12N,280991.047,140495.523,7.61559809877396,9.11559809877396,In floodplain
579507670,-76.80632266,37.550528993,RES1,RES,R11B,196953.569,98476.7846,29.2779995682907,31.2779995682907,Out of floodplain
579507671,-76.80096752,37.552297147,RES1,RES,R11N,244844.804,122422.402,8.83396948525429,10.3339694852543,In floodplain
579507672,-76.80523275,37.551018673,RES1,RES,R12N,252774.863,126387.431,28.3487772063446,29.8487772063446,Out of floodplain
579507673,-76.8027288,37.5513239,RES1,RES,R11N,225825.532,112912.766,14.7785122036171,16.2785122036171,Out of floodplain
579507674,-76.80684,37.5492115,COM4,NONRES,C4MN,1081090.05,1081090.05,29.3781322458649,37.3781322458649,Out of floodplain
579507675,-76.80628049,37.54986112,RES1,RES,R11N,199714.692,99857.3461,29.5271438625717,31.0271438625717,Out of floodplain
579507676,-76.80287295,37.551020357,RES1,RES,R11B,354856.461,177428.23,22.2924570023346,24.2924570023346,Out of floodplain
579507677,-76.80501518,37.551114788,RES1,RES,R11N,155461.662,77730.8313,27.8215561155319,29.3215561155319,Out of floodplain
579507678,-76.8063535,37.5492915,RES1,RES,R12B,284825.98,142412.99,29.4558998833084,31.4558998833084,Out of floodplain
579507679,-76.8031915,37.550639,RES1,RES,R12B,307614.611,153807.305,23.0347992416,25.0347992416,Out of floodplain
579507680,-76.80326716,37.55148639,RES1,RES,R11N,207728.064,103864.032,20.1073835079002,21.6073835079002,Out of floodplain
579507681,-76.80618869,37.549338458,RES1,RES,R12N,241458.344,120729.172,29.2507316157532,30.7507316157532,Out of floodplain
579507682,-76.80712597,37.549361335,RES1,RES,R11N,235051.863,117525.931,29.5360548354721,31.0360548354721,Out of floodplain
579507683,-76.80693705,37.549273914,COM8,NONRES,C8LN,483054.324,483054.324,29.6148581232071,30.1148581232071,Out of floodplain
579507684,-76.80693705,37.549273914,COM3,NONRES,C3LN,105769.855,105769.855,29.6148581232071,30.1148581232071,Out of floodplain
579507685,-76.80529951,37.549690289,RES1,RES,R11N,265626.766,132813.383,29.5386955872726,31.0386955872726,Out of floodplain
579507686,-76.80564335,37.549779621,RES1,RES,R11N,217250.095,108625.047,29.3074639755249,30.8074639755249,Out of floodplain
579507687,-76.8076681,37.549950378,RES1,RES,R13B,239149.624,119574.812,29.321321664772,31.321321664772,Out of floodplain
579507688,-76.80511701,37.55000384,RES1,RES,R11N,208814.336,104407.168,28.7220368352509,29.2220368352509,Out of floodplain
579507689,-76.80431195,37.550001416,RES1,RES,R11N,155884.629,77942.3145,28.3340371805954,29.8340371805954,Out of floodplain
579507690,-76.80341698,37.550248254,RES1,RES,R11N,249762.147,124881.073,25.3120158878708,26.8120158878708,Out of floodplain
579507691,-76.80645418,37.550578503,RES1,RES,R11N,209593.869,104796.934,29.3824876090241,30.8824876090241,Out of floodplain
579507692,-76.80130158,37.552151072,RES1,RES,R12B,230704.821,115352.41,11.8035152225017,13.8035152225017,Out of floodplain
579507693,-76.80169783,37.552515647,RES1,RES,R11N,218941.415,109470.707,9.14781767414093,10.6478176741409,In floodplain
579507694,-76.80309808,37.541636973,IND2,NONRES,I2LN,932705.992,1399058.98,22.1485485446167,22.6485485446167,Out of floodplain
579507695,-76.80457489,37.543907252,IND2,NONRES,I2LN,1880921.57,2821382.35,26.2424162629128,26.7424162629128,Out of floodplain
579507696,-76.804405,37.5403685,IND2,NONRES,I2LN,629057.977,943586.965,25.747797818737,26.247797818737,Out of floodplain
579507697,-76.80334434,37.540984289,IND2,NONRES,I2LN,1880921.57,2821382.35,22.9100080747604,23.4100080747604,Out of floodplain
579507698,-76.80395592,37.540166878,IND2,NONRES,I2LN,1475399.48,2213099.23,25.6389137397575,26.1389137397575,Out of floodplain
579507699,-76.802756,37.5421845,IND2,NONRES,I2LN,1880921.57,2821382.35,23.0907759834099,23.5907759834099,Out of floodplain
579507700,-76.80334293,37.540209923,IND2,NONRES,I2LN,1880921.57,2821382.35,25.7539069039154,26.2539069039154,Out of floodplain
579507701,-76.80448359,37.541484999,IND2,NONRES,I2LN,17131074.7,25696612,25.5869919912338,26.0869919912338,Out of floodplain
579507702,-76.8057093,37.542880824,IND2,NONRES,I2LN,686804.541,1030206.81,23.0423210038376,23.5423210038376,Out of floodplain
579507703,-76.80297991,37.541897558,COM3,NONRES,C3LN,1362293.69,1362293.69,21.503072460556,22.003072460556,Out of floodplain
579507704,-76.8035815,37.5419585,IND2,NONRES,I2LN,1880921.57,2821382.35,24.8099679826164,25.3099679826164,Out of floodplain
579507705,-76.80524663,37.543258655,IND2,NONRES,I2LN,2710931.48,4066397.22,26.6123139394379,27.1123139394379,Out of floodplain
579507706,-76.80292054,37.539849109,EDU1,NONRES,E1LN,5360629.7,5360629.7,23.8128323052597,24.3128323052597,Out of floodplain
579507707,-76.803235,37.5407785,IND2,NONRES,I2LN,1880921.57,2821382.35,23.2123772847748,23.7123772847748,Out of floodplain
579507708,-76.80404314,37.542827488,IND2,NONRES,I2LN,1107116.99,1660675.48,25.1133540698051,25.6133540698051,Out of floodplain
579507709,-76.802541,37.5417245,IND2,NONRES,I2LN,802623.694,1203935.54,20.8127161112976,21.3127161112976,Out of floodplain
579507710,-76.80411594,37.54220381,IND2,NONRES,I2LN,1880921.57,2821382.35,24.471693621788,24.971693621788,Out of floodplain
579507711,-76.80268599,37.542117831,IND2,NONRES,I2LN,1880921.57,2821382.35,21.2305055738831,21.7305055738831,Out of floodplain
579507712,-76.80303154,37.543035364,IND2,NONRES,I2LN,1880921.57,2821382.35,23.391150549736,23.891150549736,Out of floodplain
579507713,-76.80519584,37.542187198,IND2,NONRES,I2LN,572096.2,858144.3,25.8731021174431,26.3731021174431,Out of floodplain
579507714,-76.80472467,37.540662993,IND2,NONRES,I2LN,1880921.57,2821382.35,24.9780843747902,25.4780843747902,Out of floodplain
579507715,-76.80284075,37.542250141,IND2,NONRES,I2LN,1880921.57,2821382.35,25.1692838788223,25.6692838788223,Out of floodplain
579508312,-76.80536766,37.55283801,RES3A,RES,R3A1N,267095.62,133547.81,22.8020376208115,23.3020376208115,Out of floodplain
579508926,-76.8073165,37.5505645,RES1,RES,R11N,213587.329,106793.664,29.0094376132584,30.5094376132584,Out of floodplain
579508928,-76.80444,37.5518065,RES1,RES,R11N,177315.84,88657.92,24.8223644975853,26.3223644975853,Out of floodplain
579508930,-76.80701265,37.550698964,RES1,RES,R11N,196402.542,98201.2712,29.1972751649094,29.6972751649094,Out of floodplain
579508932,-76.8051825,37.552700833,RES3A,RES,R3A1N,354607.193,177303.596,23.0407393687248,23.5407393687248,Out of floodplain
579508934,-76.80560249,37.552934333,RES3A,RES,R3A1N,358533.766,179266.883,23.6666413493919,24.1666413493919,Out of floodplain
579508936,-76.80479604,37.551663423,RES1,RES,R11N,177315.84,88657.92,26.2151780344772,27.7151780344772,Out of floodplain
579508938,-76.80611933,37.552623486,RES3A,RES,R3A1N,390035.298,195017.649,25.9232560641098,27.4232560641098,Out of floodplain
579508939,-76.8060125,37.551055,RES1,RES,R12N,192498.508,96249.2544,27.8969583402252,29.3969583402252,Out of floodplain
579508942,-76.80504266,37.552522349,RES3A,RES,R3A1N,360056.886,180028.443,22.9890898303986,24.4890898303986,Out of floodplain
579508944,-76.807158,37.550637,RES1,RES,R11B,250466.739,125233.369,29.0762667811584,31.0762667811584,Out of floodplain
579508946,-76.8051215,37.5514985,RES1,RES,R11N,210012.983,105006.491,26.4428896867752,27.9428896867752,Out of floodplain
579508948,-76.80569,37.552388,RES3A,RES,R3A1N,345240.127,172620.063,25.7658121889877,26.2658121889877,Out of floodplain
579508950,-76.805929,37.5524855,RES3A,RES,R3A1N,347083.498,173541.749,26.1270632806778,27.6270632806778,Out of floodplain
579508952,-76.80459079,37.551719066,RES1,RES,R11N,183729.763,91864.8815,25.6983713303566,27.1983713303566,Out of floodplain
579508956,-76.8052975,37.551428,RES1,RES,R11N,212513.204,106256.602,26.9271516280365,28.4271516280365,Out of floodplain
579508958,-76.80761267,37.550447475,RES1,RES,R11N,172794.013,86397.0066,29.1795314404297,30.6795314404297,Out of floodplain
579508960,-76.80580649,37.553061333,RES3A,RES,R3A1N,307285.21,153642.605,22.5045322125435,23.0045322125435,Out of floodplain
579508962,-76.80792242,37.550296545,RES1,RES,R11N,163173.674,81586.837,28.8572689840317,36.8572689840317,Out of floodplain
579508963,-76.80848283,37.550579128,COM4,NONRES,C4LN,336339.751,336339.751,28.1687743022156,28.6687743022156,Out of floodplain
579508964,-76.80555543,37.551398366,RES1,RES,R11N,212513.204,106256.602,26.9251429045105,28.4251429045105,Out of floodplain
579508965,-76.80537353,37.551462327,RES1,RES,R12N,274817.353,137408.676,26.9702234162903,28.4702234162903,Out of floodplain
579508967,-76.8079085,37.547103,RES1,RES,R12N,198297.486,99148.7434,25.5400153946304,27.0400153946304,Out of floodplain
579508969,-76.80700031,37.548383159,COM8,NONRES,C8LN,306247.646,306247.646,29.1103368597794,29.6103368597794,Out of floodplain
579508971,-76.80700031,37.548383159,COM4,NONRES,C4LN,255206.37,255206.37,29.1103368597794,29.6103368597794,Out of floodplain
579508973,-76.80664035,37.548100896,COM1,NONRES,C1LN,545877.549,545877.549,29.0869455559158,29.5869455559158,Out of floodplain
579508975,-76.80664035,37.548100896,IND2,NONRES,I2LN,280764.079,421146.119,29.0869455559158,29.5869455559158,Out of floodplain
579508977,-76.80693766,37.547849987,RES1,RES,R11N,155346.018,77673.0092,29.0090246046829,29.5090246046829,Out of floodplain
579508979,-76.80798688,37.547152711,RES1,RES,R11N,112922.433,56461.2166,25.4847050984764,26.9847050984764,Out of floodplain
579508981,-76.8074856,37.54811662,RES1,RES,R11N,149216.355,74608.1776,29.3682106534958,29.8682106534958,Out of floodplain
579508983,-76.81410084,37.553847463,RES1,RES,R12N,253663.062,126831.531,22.7967514239311,24.2967514239311,Out of floodplain
579508985,-76.81527534,37.553957538,RES1,RES,R11N,198246.201,99123.1008,23.483985178051,24.983985178051,Out of floodplain
579508987,-76.8145525,37.5535145,RES1,RES,R11N,276528.528,138264.264,23.5632030387878,25.0632030387878,Out of floodplain
579508989,-76.8140505,37.553082,RES1,RES,R11B,238830.796,119415.398,22.6406529555321,24.6406529555321,Out of floodplain
579508991,-76.81499091,37.553799263,RES1,RES,R11N,214737.111,107368.555,23.3800650241089,24.8800650241089,Out of floodplain
579508993,-76.8147475,37.5536515,RES1,RES,R12N,427512.059,213756.029,23.5713067676544,25.0713067676544,Out of floodplain
579508995,-76.81380216,37.553292533,RES1,RES,R11N,221576.601,110788.3,21.9010781866074,23.4010781866074,Out of floodplain
579508997,-76.8146552,37.554137385,RES1,RES,R13N,246476.655,123238.327,23.5168913234139,25.0168913234139,Out of floodplain
579509001,-76.81497662,37.554499369,RES1,RES,R12N,268805.146,134402.573,23.510450579834,31.510450579834,Out of floodplain
579509003,-76.814495,37.554107,RES3A,RES,R3A1N,173730.181,86865.0908,23.1557466127205,23.6557466127205,Out of floodplain
579509005,-76.8134441,37.553023371,RES1,RES,R11N,221576.601,110788.3,22.6607527062035,23.1607527062035,Out of floodplain
579509007,-76.81369637,37.552811421,RES1,RES,R11B,255266.611,127633.305,23.3742250202751,25.3742250202751,Out of floodplain
579509008,-76.81477664,37.55443706,RES1,RES,R11N,199629.265,99814.6326,23.5282693967819,25.0282693967819,Out of floodplain
579509009,-76.81417953,37.553904935,RES1,RES,R11N,180295.696,90147.8483,22.7755158996773,24.2755158996773,Out of floodplain
579509011,-76.81509463,37.553940083,RES1,RES,R11N,133033.638,66516.8192,23.4214988578987,24.9214988578987,Out of floodplain
579509012,-76.81471748,37.55419132,IND2,NONRES,I2LN,1880921.57,2821382.35,23.3417975893974,23.8417975893974,Out of floodplain
579509014,-76.81556497,37.554368902,RES1,RES,R11N,186349.195,93174.5977,23.5196822601509,25.0196822601509,Out of floodplain
579509016,-76.81505105,37.554560599,RES1,RES,R12N,240975.606,120487.803,23.5742916932678,25.0742916932678,Out of floodplain
579509018,-76.81526504,37.554799802,RES1,RES,R11B,254209.945,127104.972,23.45061909132,25.45061909132,Out of floodplain
579509063,-76.82822816,37.560387815,RES1,RES,R12N,482994.374,241497.187,16.6568986711121,17.1568986711121,Out of floodplain
579509064,-76.82791504,37.55646557,RES1,RES,R11N,366333.25,183166.625,22.5568873071861,24.0568873071861,Out of floodplain
579509065,-76.82803621,37.556928153,RES1,RES,R12N,332974.817,166487.408,21.2730251196098,22.7730251196098,Out of floodplain
579509066,-76.82637655,37.556851366,RES1,RES,R11N,286083.722,143041.861,22.6104078995132,24.1104078995132,Out of floodplain
579509067,-76.82754632,37.557576806,RES1,RES,R11N,282337.463,141168.731,21.6020662356949,23.1020662356949,Out of floodplain
579509068,-76.82687055,37.556605105,RES1,RES,R12N,404534.827,202267.413,22.0040018009186,23.5040018009186,Out of floodplain
579509069,-76.82678991,37.557136535,RES1,RES,R11N,344440.673,172220.336,22.5851033021355,24.0851033021355,Out of floodplain
579509070,-76.8271665,37.5574135,RES1,RES,R11N,278237.912,139118.956,21.6359000859261,23.1359000859261,Out of floodplain
579509071,-76.82796093,37.557305084,RES1,RES,R11B,363132.295,181566.147,21.61224752285,23.61224752285,Out of floodplain
579509072,-76.82842769,37.557653068,RES1,RES,R12N,349101.42,174550.71,20.9471065986633,22.4471065986633,Out of floodplain
579509073,-76.8264886,37.555429181,RES1,RES,R11N,320316.271,160158.135,22.8253444456482,24.3253444456482,Out of floodplain
579509074,-76.82578364,37.556517461,RES1,RES,R11N,291919.841,145959.92,22.5118693724632,24.0118693724632,Out of floodplain
579509075,-76.82673717,37.555919352,RES1,RES,R12N,327730.126,163865.063,22.2556538707542,23.7556538707542,Out of floodplain
579509076,-76.828167,37.557984336,RES1,RES,R11N,295076.736,147538.368,22.0255627258682,23.5255627258682,Out of floodplain
579509077,-76.82869326,37.557194378,RES1,RES,R12N,319026.659,159513.329,19.9346426712227,21.4346426712227,Out of floodplain
579509078,-76.82758685,37.555104373,RES1,RES,R12N,334979.151,167489.575,22.3463499281502,23.8463499281502,Out of floodplain
579509079,-76.82789531,37.555782492,RES1,RES,R12N,399924.146,199962.073,22.143168482151,23.643168482151,Out of floodplain
579509080,-76.82815145,37.555193635,RES1,RES,R12N,416359.543,208179.771,23.3435356671524,24.8435356671524,Out of floodplain
579509081,-76.82520416,37.555759165,RES1,RES,R13N,628513.044,314256.522,23.1125606213379,24.6125606213379,Out of floodplain
579509082,-76.82947428,37.556759354,RES1,RES,R11N,284994.54,142497.27,20.4020135004044,21.9020135004044,Out of floodplain
579509083,-76.82845,37.5582005,RES1,RES,R12N,292814.911,146407.455,22.1243218370438,23.6243218370438,Out of floodplain
579509084,-76.82873356,37.555197249,RES1,RES,R11N,313268.497,156634.248,21.2918983599663,22.7918983599663,Out of floodplain
579509085,-76.82932925,37.557197578,RES1,RES,R12B,365335.904,182667.952,20.0428587401199,22.0428587401199,Out of floodplain
579509086,-76.8270385,37.5552625,RES1,RES,R12N,388292.355,194146.177,22.3638230068588,23.8638230068588,Out of floodplain
579509087,-76.8254871,37.556214005,RES1,RES,R11N,355497.48,177748.74,23.2339382097244,24.7339382097244,Out of floodplain
579509088,-76.8262175,37.556093,RES1,RES,R12N,303947.289,151973.644,23.0538508265686,24.5538508265686,Out of floodplain
579509089,-76.82847563,37.55601591,RES1,RES,R11B,412056.096,206028.048,21.6451646191978,23.6451646191978,Out of floodplain
579509090,-76.82732264,37.555776953,RES1,RES,R11N,257711.327,128855.663,22.3965727095795,23.8965727095795,Out of floodplain
579509092,-76.82595208,37.555596861,RES1,RES,R11B,412164.51,206082.255,22.8264551884079,24.8264551884079,Out of floodplain
579509093,-76.82905806,37.555727517,RES1,RES,R11B,458991.805,229495.902,20.6598356680489,22.6598356680489,Out of floodplain
579509185,-76.82937041,37.556278516,RES1,RES,R11N,296674.631,148337.315,20.3159215499687,21.8159215499687,Out of floodplain
579509188,-76.82904017,37.558467342,RES1,RES,R13B,367647.344,183823.672,21.2227913871956,23.2227913871956,Out of floodplain
579527068,-76.79491135,37.531624311,RES1,RES,R11N,138944.76,69472.3802,8.3249176429081,9.8249176429081,In floodplain
579527070,-76.79491135,37.531624311,COM1,NONRES,C1LN,56376.4426,56376.4426,8.3249176429081,8.8249176429081,In floodplain
579527072,-76.79558829,37.531777647,RES1,RES,R13N,224876.619,112438.309,10.2733333125496,11.7733333125496,In floodplain
579527074,-76.79558829,37.531777647,COM1,NONRES,C1MN,856937.139,856937.139,10.2733333125496,10.7733333125496,In floodplain
579527076,-76.79540781,37.531868966,COM3,NONRES,C3LN,337603.244,337603.244,9.5611242728138,10.0611242728138,In floodplain
579527077,-76.7955025,37.531319,GOV1,NONRES,G1LN,3208032.82,3208032.82,9.75910478317261,10.2591047831726,In floodplain
579527079,-76.79505988,37.532019587,RES1,RES,R12N,297749.619,148874.809,8.66218998861313,10.1621899886131,In floodplain
579527081,-76.79505988,37.532019587,COM1,NONRES,C1LN,134431.488,134431.488,8.66218998861313,9.16218998861313,In floodplain
579527084,-76.79598071,37.531457404,COM3,NONRES,C3LN,2166792.61,2166792.61,10.604677264328,11.104677264328,In floodplain
579527086,-76.79598071,37.531457404,COM7,NONRES,C7LN,520030.228,780045.342,10.604677264328,11.104677264328,In floodplain
579527088,-76.7953635,37.531364,RES1,RES,R12B,236539.33,118269.665,9.74790740105629,11.7479074010563,In floodplain
579527090,-76.795205,37.531409,RES1,RES,R12B,196095.335,98047.6675,10.0097751754284,12.0097751754284,Out of floodplain
579527092,-76.795269,37.5318745,RES1,RES,R13N,248007.648,124003.824,9.4779703151989,10.9779703151989,In floodplain
579527093,-76.79500777,37.531897772,COM2,NONRES,C2MN,1025254.37,1025254.37,8.91378104581833,9.41378104581833,In floodplain
579527094,-76.79493957,37.531752197,RES1,RES,R11N,147042.075,73521.0379,8.23211977861404,9.73211977861404,In floodplain
579527096,-76.79491189,37.531536609,RES1,RES,R12N,210029.734,105014.867,8.96547829915047,10.4654782991505,In floodplain
579527098,-76.7960985,37.532918,RES1,RES,R12N,242768.495,121384.247,9.78395726131439,17.7839572613144,Out of floodplain
579527100,-76.7968475,37.5330075,COM4,NONRES,C4LN,162848.061,162848.061,10.3461260739708,10.8461260739708,In floodplain
579527102,-76.7963165,37.5328095,COM4,NONRES,C4LN,997599.002,997599.002,9.90294675276756,10.4029467527676,In floodplain
579527106,-76.79625351,37.533356269,IND2,NONRES,I2LN,1880921.57,2821382.35,9.59225401197433,10.0922540119743,In floodplain
579527108,-76.79635624,37.532903628,COM4,NONRES,C4LN,139298.838,139298.838,9.73932417549133,10.2393241754913,In floodplain
579527109,-76.79689458,37.53304288,COM4,NONRES,C4LN,437749.09,437749.09,10.3491915675449,10.8491915675449,In floodplain
579527110,-76.79702478,37.533176313,COM4,NONRES,C4LN,233462.198,233462.198,10.257416838131,10.757416838131,In floodplain
579527111,-76.79659724,37.533329525,RES1,RES,R12N,197563.672,98781.836,9.80320831065178,11.3032083106518,In floodplain
579527113,-76.79645719,37.533400225,RES1,RES,R12N,142592.829,71296.4146,9.82584477876663,11.3258447787666,In floodplain
579527115,-76.79618738,37.530714383,RES1,RES,R12N,352664.36,176332.18,10.6227463895035,12.1227463895035,Out of floodplain
579527116,-76.79618781,37.530090051,RES1,RES,R12N,207911.247,103955.623,7.97541382922173,15.9754138292217,Out of floodplain
579527117,-76.79593196,37.530255918,RES1,RES,R12N,504189.04,252094.52,10.6339429894066,12.1339429894066,Out of floodplain
579527119,-76.79652469,37.530562442,RES1,RES,R12N,204131.664,102065.832,10.6347283314705,18.6347283314705,Out of floodplain
579527121,-76.79604789,37.530472615,RES1,RES,R12B,263650.376,131825.188,10.9769544334412,12.9769544334412,Out of floodplain
579527122,-76.79676891,37.530525779,RES1,RES,R12N,136226.304,68113.152,9.01723421847344,10.5172342184734,In floodplain
579527125,-76.79871551,37.534663855,RES1,RES,R12N,345474.544,172737.272,10.9962610199165,12.4962610199165,Out of floodplain
579527127,-76.79897198,37.534637406,RES1,RES,R12B,245268.725,122634.362,10.7485434825325,12.7485434825325,Out of floodplain
579527129,-76.79890012,37.542063204,RES1,RES,R11N,226509.519,113254.759,27.0935972127914,28.5935972127914,Out of floodplain
579527131,-76.79915411,37.541732215,RES1,RES,R11N,172222.237,86111.1189,27.8605729104996,29.3605729104996,Out of floodplain
579527133,-76.79946304,37.541685692,RES1,RES,R11B,211419.489,105709.744,28.0044813682175,30.0044813682175,Out of floodplain
579527134,-76.79891479,37.541922181,RES1,RES,R11N,216218.935,108109.467,27.9560717570114,29.4560717570114,Out of floodplain
579527136,-76.79941467,37.542205427,RES1,RES,R11N,210770.198,105385.099,28.5017280487824,30.0017280487824,Out of floodplain
579527138,-76.79912535,37.542312519,RES1,RES,R11N,183764.838,91882.4192,27.9627393424225,29.4627393424225,Out of floodplain
579527141,-76.80330396,37.569075763,RES1,RES,R11N,249223.141,124611.57,12.2285213841724,13.7285213841724,Out of floodplain
579527143,-76.80330396,37.569075763,COM3,NONRES,C3LN,68081.4836,68081.4836,12.2285213841724,12.7285213841724,Out of floodplain
579527145,-76.80218682,37.57016537,RES1,RES,R11B,280979.863,140489.931,12.2283547727585,14.2283547727585,Out of floodplain
579527149,-76.803791,37.5700015,RES1,RES,R11N,212158.76,106079.38,12.2875033891392,12.7875033891392,Out of floodplain
579527151,-76.804267,37.5683405,RES1,RES,R11N,255137.52,127568.76,10.3579922483826,11.8579922483826,In floodplain
579527153,-76.8030353,37.569308793,RES1,RES,R12B,389797.946,194898.973,12.6532928818798,14.6532928818798,Out of floodplain
579527155,-76.80391109,37.568597133,RES1,RES,R11N,237767.728,118883.864,11.3791348313999,12.8791348313999,Out of floodplain
579527157,-76.8036105,37.568858,RES1,RES,R13N,709494.032,354747.016,11.8624854942703,12.3624854942703,Out of floodplain
579527159,-76.80322903,37.570516186,RES1,RES,R11N,260988.456,130494.228,11.5817569949531,13.0817569949531,Out of floodplain
579527160,-76.8027246,37.569586305,RES1,RES,R12N,471100.268,235550.134,12.653093417511,14.153093417511,Out of floodplain
579527161,-76.8042265,37.5697255,RES1,RES,R11B,301353.606,150676.803,13.9550873073196,15.9550873073196,Out of floodplain
579527163,-76.802396,37.569818,RES1,RES,R12N,303313.747,151656.873,11.864997180891,12.364997180891,Out of floodplain
579527165,-76.8035205,37.570254,RES1,RES,R11B,241602.379,120801.189,13.0487079177761,15.0487079177761,Out of floodplain
579527167,-76.80280155,37.571065945,RES1,RES,R12B,220579.2,110289.6,13.0332146207046,15.0332146207046,Out of floodplain
579527169,-76.81037732,37.553345856,RES1,RES,R11N,227782.656,113891.328,25.6520048600578,27.1520048600578,Out of floodplain
579527171,-76.81058936,37.553487848,RES1,RES,R11N,230002.07,115001.035,25.2483812787247,26.7483812787247,Out of floodplain
579527173,-76.80922262,37.552504984,RES1,RES,R11N,350587.161,175293.58,27.2830899275971,28.7830899275971,Out of floodplain
579527175,-76.82267618,37.556791598,RES1,RES,R13N,488737.86,244368.93,22.2689577530479,23.7689577530479,Out of floodplain
579527177,-76.82301169,37.556499289,RES1,RES,R11N,269957.262,134978.631,22.5823483472061,24.0823483472061,Out of floodplain
579527179,-76.82097611,37.557501434,RES1,RES,R11B,343018.847,171509.423,20.0059648718071,22.0059648718071,Out of floodplain
579527181,-76.82088862,37.556677169,RES1,RES,R11B,419858.313,209929.156,21.858108086071,23.858108086071,Out of floodplain
579527183,-76.82204734,37.557252464,RES1,RES,R11N,227410.761,113705.38,21.5708903459549,23.0708903459549,Out of floodplain
579527185,-76.8207385,37.5587955,RES1,RES,R12B,536014.306,268007.153,21.1797211633682,23.1797211633682,Out of floodplain
579527187,-76.82152403,37.559417327,RES1,RES,R12N,206197.794,103098.897,21.0472674359131,22.5472674359131,Out of floodplain
579527189,-76.820582,37.556923,COM2,NONRES,C2LN,522607.354,522607.354,20.4668996506882,20.9668996506882,Out of floodplain
579527191,-76.81942541,37.557895111,COM8,NONRES,C8LN,410678.495,410678.495,21.9546253741836,22.4546253741836,Out of floodplain
579527195,-76.82121219,37.559168884,RES1,RES,R12N,193485.68,96742.8403,21.2539844856262,22.7539844856262,Out of floodplain
579527197,-76.82133342,37.557202354,RES1,RES,R11N,236123.593,118061.796,22.3864399196434,23.8864399196434,Out of floodplain
579527199,-76.8211083,37.556572691,RES1,RES,R11N,168791.04,84395.52,22.4163016911888,23.9163016911888,Out of floodplain
579527201,-76.82034416,37.557112484,COM2,NONRES,C2MN,405932.992,405932.992,21.5870993681145,22.0870993681145,Out of floodplain
579527203,-76.82034416,37.557112484,COM3,NONRES,C3MN,304449.744,304449.744,21.5870993681145,22.0870993681145,Out of floodplain
579527204,-76.82034416,37.557112484,COM4,NONRES,C4MN,50741.624,50741.624,21.5870993681145,22.0870993681145,Out of floodplain
579527205,-76.82156507,37.55701515,RES1,RES,R11N,245398.541,122699.27,22.2782473171425,23.7782473171425,Out of floodplain
579527207,-76.82178815,37.557533948,RES1,RES,R13N,481451.89,240725.945,20.7717281390381,22.2717281390381,Out of floodplain
579527209,-76.82155575,37.557783331,RES1,RES,R12N,313934.199,156967.099,17.786254976387,18.286254976387,Out of floodplain
579527213,-76.79374155,37.555541746,RES1,RES,R11N,220925.988,110462.994,7.70119412603378,9.20119412603378,In floodplain
579527215,-76.79386579,37.554564761,RES1,RES,R12B,294110.348,147055.174,8.51548902973175,10.5154890297318,In floodplain
579527217,-76.79387859,37.556457605,RES1,RES,R11N,220925.988,110462.994,8.94886721940041,10.4488672194004,In floodplain
579527219,-76.79377225,37.555812613,RES1,RES,R11N,220925.988,110462.994,7.9744853421402,9.4744853421402,In floodplain
579527221,-76.7953385,37.5563795,RES1,RES,R11N,210220.928,105110.464,8.6916317116642,10.1916317116642,In floodplain
579527223,-76.793761,37.5552395,RES1,RES,R11N,219939.84,109969.92,7.16125972390175,8.66125972390175,In floodplain
579527225,-76.79380872,37.556087393,RES1,RES,R12N,275149.036,137574.518,8.57839383395195,10.0783938339519,In floodplain
579527227,-76.794974,37.5566045,RES1,RES,R13N,298135.034,149067.517,9.17641538913727,10.6764153891373,In floodplain
579527229,-76.79550714,37.555706883,RES1,RES,R11N,249403.015,124701.507,9.83851506835937,11.3385150683594,In floodplain
579527231,-76.7942255,37.5547415,RES1,RES,R11N,235539.78,117769.89,9.76065434754372,11.2606543475437,In floodplain
579527233,-76.79474366,37.556800528,RES1,RES,R11N,220925.988,110462.994,9.44368043466568,10.9436804346657,In floodplain
579527235,-76.79572919,37.555967192,RES1,RES,R11N,227186.601,113593.3,9.83835315022469,11.3383531502247,In floodplain
579527237,-76.7948795,37.555388,RES1,RES,R12B,260956.062,130478.031,9.4197407993412,11.4197407993412,In floodplain
579527241,-76.79368308,37.554993588,RES1,RES,R11N,267390.882,133695.441,7.11095950336456,8.61095950336456,In floodplain
579527243,-76.79415209,37.557299961,RES1,RES,R11N,220598.636,110299.318,9.39255419697762,10.8925541969776,In floodplain
579527245,-76.79396372,37.556832383,RES1,RES,R11N,220925.988,110462.994,9.52104601451874,11.0210460145187,In floodplain
579527247,-76.79450091,37.557006117,RES1,RES,R11N,220925.988,110462.994,10.4692581665897,11.9692581665897,In floodplain
579527248,-76.79456778,37.555014476,RES1,RES,R11N,243638.724,121819.362,9.82443679498672,11.3244367949867,In floodplain
579527249,-76.79499445,37.555447749,RES1,RES,R11N,246317.344,123158.672,8.67857422653198,10.178574226532,In floodplain
579527251,-76.79482244,37.529233313,RES1,RES,R12N,241075.197,120537.598,11.3838077731228,12.8838077731228,Out of floodplain
579527253,-76.793983,37.529233,RES1,RES,R11B,198531.509,99265.7548,9.96926278880119,11.9692627888012,In floodplain
579527255,-76.7948855,37.529367,RES1,RES,R13N,313455.301,156727.65,10.8666044869041,12.3666044869041,Out of floodplain
579527257,-76.79411097,37.529127232,RES1,RES,R12N,178743.3,89371.6503,9.71059426646233,11.2105942664623,In floodplain
579527259,-76.79433712,37.529508239,RES1,RES,R12N,117096.652,58548.3264,9.11545203810692,10.6154520381069,In floodplain
579527261,-76.79464175,37.528938249,RES1,RES,R13N,363144.613,181572.306,10.6330317110157,12.1330317110157,Out of floodplain
579527263,-76.79480424,37.529148105,RES1,RES,R12N,146020.246,73010.1231,11.2535614513493,12.7535614513493,Out of floodplain
579527265,-76.79456013,37.52952144,RES1,RES,R12B,299481.543,149740.771,9.61117183848381,11.6111718384838,In floodplain
579527267,-76.7950865,37.528854,RES1,RES,R12N,183561.722,91780.8611,9.6665009077549,11.1665009077549,In floodplain
579527269,-76.79527185,37.532248822,RES3A,RES,R3A1N,153221.892,76610.9463,9.44178278541565,10.9417827854156,In floodplain
579527271,-76.79543206,37.53251086,RES1,RES,R12N,314370.918,157185.459,10.3716207491589,11.8716207491589,In floodplain
579527273,-76.79555032,37.532732414,RES1,RES,R12N,212934.212,106467.106,10.3373848413372,11.8373848413372,In floodplain
579527275,-76.79470483,37.52798413,RES1,RES,R11N,295306.043,147653.021,9.02276603030205,9.52276603030205,In floodplain
579527277,-76.79498146,37.527906929,RES1,RES,R12N,187045.816,93522.9082,7.54177985583305,9.04177985583305,In floodplain
579527279,-76.79503802,37.528428176,REL1,NONRES,RE1LN,334876.075,334876.075,8.85536849206924,9.35536849206924,In floodplain
579527281,-76.79478585,37.528201498,RES1,RES,R12N,266902.941,133451.47,9.49760934228897,10.997609342289,In floodplain
579527283,-76.79538499,37.527989048,RES1,RES,R13B,210066.894,105033.447,3.32309007327557,5.32309007327557,In floodplain
579527287,-76.79588142,37.532169808,COM2,NONRES,C2LN,734473.053,734473.053,9.97301350114822,10.4730135011482,In floodplain
579527289,-76.79588142,37.532169808,COM1,NONRES,C1LN,433506.541,433506.541,9.97301350114822,10.4730135011482,In floodplain
579527291,-76.79599579,37.53253085,RES1,RES,R11N,160515.447,80257.7235,10.0728066981888,10.5728066981888,In floodplain
579527292,-76.79599579,37.53253085,COM2,NONRES,C2LN,337668.689,337668.689,10.0728066981888,10.5728066981888,In floodplain
579527293,-76.79599579,37.53253085,COM4,NONRES,C4LN,84417.1725,84417.1725,10.0728066981888,10.5728066981888,In floodplain
579527295,-76.79648721,37.532370262,GOV1,NONRES,G1LN,786918.056,786918.056,9.84030007890701,10.340300078907,In floodplain
579527297,-76.79648721,37.532370262,COM1,NONRES,C1LN,530471.916,530471.916,9.84030007890701,10.340300078907,In floodplain
579527299,-76.79648721,37.532370262,COM4,NONRES,C4LN,442059.93,442059.93,9.84030007890701,10.340300078907,In floodplain
579527301,-76.796011,37.5323325,COM3,NONRES,C3LN,345945.792,345945.792,9.98012381923676,10.4801238192368,In floodplain
579527303,-76.796011,37.5323325,COM1,NONRES,C1LN,74160.5092,74160.5092,9.98012381923676,10.4801238192368,In floodplain
579527305,-76.79628895,37.532044899,GOV2,NONRES,G2LN,1696164.11,2544246.16,10.5314683654785,11.0314683654785,In floodplain
579527307,-76.79628895,37.532044899,COM1,NONRES,C1LN,780974.493,780974.493,10.5314683654785,11.0314683654785,In floodplain
579527309,-76.79642476,37.532224957,REL1,NONRES,RE1LN,918157.361,918157.361,9.80784135950089,10.3078413595009,In floodplain
579527311,-76.79642476,37.532224957,COM7,NONRES,C7LN,1377236.04,2065854.06,9.80784135950089,10.3078413595009,In floodplain
579527313,-76.79642476,37.532224957,COM4,NONRES,C4LN,1379426.75,1379426.75,9.80784135950089,10.3078413595009,In floodplain
579527315,-76.79587298,37.532621187,RES1,RES,R12N,222348.558,111174.279,10.2709788507843,11.7709788507843,In floodplain
579527340,-76.7988225,37.5355755,RES1,RES,R12B,390373.346,195186.673,9.2342936912632,11.2342936912632,In floodplain
579527342,-76.79890738,37.535792251,RES1,RES,R11B,194666.689,97333.3446,8.63493064042091,10.6349306404209,In floodplain
579527344,-76.79913895,37.536056158,RES1,RES,R11N,243545.59,121772.795,8.17630339051247,9.67630339051247,In floodplain
579527345,-76.79901831,37.544844387,COM1,NONRES,C1LN,332580.14,332580.14,24.9796378502274,25.4796378502274,Out of floodplain
579527347,-76.80325136,37.544684767,RES1,RES,R11N,148825.685,74412.8428,25.196518978405,26.696518978405,Out of floodplain
579527349,-76.80307174,37.54923454,RES1,RES,R11N,161428.562,80714.2811,26.4729391894913,26.9729391894913,Out of floodplain
579527351,-76.8026325,37.5499005,RES1,RES,R11B,199480.32,99740.16,24.1826251652145,26.1826251652145,Out of floodplain
579527353,-76.8014295,37.544538,RES1,RES,R11B,139724.881,69862.4409,27.3467120213318,29.3467120213318,Out of floodplain
579527355,-76.8021285,37.5501715,RES1,RES,R11N,200339.619,100169.809,21.3707345006561,22.8707345006561,Out of floodplain
579527357,-76.8030885,37.5499375,RES1,RES,R11N,150673.572,75336.7862,25.772917813797,27.272917813797,Out of floodplain
579527359,-76.80502727,37.548324427,GOV1,NONRES,G1LN,2574618.16,2574618.16,29.1052493450546,29.6052493450546,Out of floodplain
579527361,-76.80150126,37.544571754,COM4,NONRES,C4LN,151554.861,151554.861,27.3996365671921,27.8996365671921,Out of floodplain
579527363,-76.80076301,37.541579908,RES1,RES,R11N,279160.739,139580.369,25.9342711905479,27.4342711905479,Out of floodplain
579527365,-76.80087365,37.541137415,RES1,RES,R11N,146666.52,73333.26,21.4765569971275,22.9765569971275,Out of floodplain
579527367,-76.80070711,37.541166181,RES1,RES,R11N,118643.904,59321.952,22.5299963814163,24.0299963814163,Out of floodplain
579527369,-76.8005435,37.5412125,RES1,RES,R12N,146765.484,73382.7422,24.4696160634995,25.9696160634995,Out of floodplain
579527371,-76.80113718,37.5414904,RES1,RES,R11N,267763.717,133881.858,25.3591426694107,25.8591426694107,Out of floodplain
579527373,-76.80215433,37.562301992,RES1,RES,R12N,249345.285,124672.642,10.5889438278007,12.0889438278007,Out of floodplain
579527375,-76.80148047,37.562208998,RES1,RES,R12N,233525.575,116762.787,11.3338791038609,11.8338791038609,In floodplain
579527379,-76.80511851,37.563078349,RES1,RES,R11N,339944.49,169972.245,11.3228600663567,11.8228600663567,In floodplain
579527380,-76.80310438,37.561476628,RES1,RES,R11B,264404.105,132202.052,12.0111936122513,14.0111936122513,Out of floodplain
579527382,-76.8016103,37.562765488,RES1,RES,R11N,225978.126,112989.063,12.5057244485474,14.0057244485474,Out of floodplain
579527384,-76.80213444,37.561472055,RES1,RES,R11N,294923.673,147461.836,11.1017025785541,12.6017025785541,Out of floodplain
579527386,-76.8029015,37.56291,RES1,RES,R12N,295381.455,147690.727,12.6437561384106,14.1437561384106,Out of floodplain
579527388,-76.8039024,37.563409369,RES1,RES,R11B,288418.825,144209.412,11.8407532646275,13.8407532646275,Out of floodplain
579527389,-76.80247012,37.562113981,RES1,RES,R11N,244474.623,122237.311,10.5768719313145,12.0768719313145,Out of floodplain
579527391,-76.80188833,37.562506965,RES1,RES,R11N,246317.344,123158.672,11.48492291049,12.98492291049,Out of floodplain
579527393,-76.80236542,37.56540932,RES1,RES,R11B,362503.538,181251.769,11.9912197979069,13.9912197979069,Out of floodplain
579527395,-76.80295952,37.563744531,RES1,RES,R12N,302178.926,151089.463,12.582862404356,14.082862404356,Out of floodplain
579527633,-76.8003025,37.564408,RES1,RES,R11B,179805.354,89902.6771,12.1803018507767,14.1803018507767,Out of floodplain
579527634,-76.80170188,37.56174106,RES1,RES,R11N,314000.418,157000.209,12.2092977122974,13.7092977122974,Out of floodplain
579527635,-76.80366121,37.562216314,RES1,RES,R11N,281394.635,140697.317,11.7788450000381,12.2788450000381,Out of floodplain
579527636,-76.80472465,37.563368547,RES1,RES,R11N,267641.21,133820.605,11.1014327149963,12.6014327149963,Out of floodplain
579527637,-76.799808,37.5640455,RES1,RES,R12N,249345.285,124672.642,11.1112479263687,12.6112479263687,Out of floodplain
579527638,-76.80016734,37.561962474,RES1,RES,R12N,287499.527,143749.763,9.82888680594444,11.3288868059444,In floodplain
579527639,-76.80310265,37.564770958,RES1,RES,R11N,204707.863,102353.931,11.1968056251812,11.6968056251812,In floodplain
579527640,-76.80138,37.562969833,RES1,RES,R12N,285213.048,142606.524,12.1139959835148,13.6139959835148,Out of floodplain
579527641,-76.80114287,37.563320446,RES1,RES,R11N,262310.414,131155.207,10.1165848249722,11.6165848249722,In floodplain
579527642,-76.8024007,37.560939539,RES1,RES,R11B,285894.512,142947.256,10.5036145352459,12.5036145352459,Out of floodplain
579527643,-76.80003666,37.563161969,RES1,RES,R11N,184395.272,92197.6364,11.9027804256249,19.9027804256249,Out of floodplain
579527644,-76.80320865,37.56435615,RES1,RES,R11N,289006.993,144503.496,11.4985819175816,12.9985819175816,Out of floodplain
579527645,-76.80389226,37.564106989,RES1,RES,R11B,288418.825,144209.412,12.4828431476974,14.4828431476974,Out of floodplain
579527646,-76.8003385,37.5618115,RES1,RES,R12N,258794.701,129397.35,9.59926577119827,11.0992657711983,In floodplain
579527647,-76.80220384,37.560791035,RES1,RES,R11N,174151.434,87075.7171,10.5839001170158,12.0839001170158,Out of floodplain
579527648,-76.80003533,37.564190502,RES1,RES,R12N,303243.141,151621.57,11.7121597593689,13.2121597593689,Out of floodplain
579527649,-76.8034155,37.561714,RES1,RES,R11N,174151.434,87075.7171,12.671242328434,14.171242328434,Out of floodplain
579527650,-76.80016791,37.563712751,RES1,RES,R11N,241483.714,120741.857,10.598209925499,12.098209925499,Out of floodplain
579527651,-76.8027195,37.561182,RES1,RES,R11N,191579.671,95789.8358,11.8077360449886,13.3077360449886,Out of floodplain
579527652,-76.80164957,37.560755143,RES1,RES,R12N,276139.584,138069.792,11.3565726735401,12.8565726735401,Out of floodplain
579527653,-76.80169324,37.561024298,RES1,RES,R11N,220925.988,110462.994,11.590417659626,13.090417659626,Out of floodplain
579527654,-76.80634644,37.574958888,RES1,RES,R11N,253634.112,126817.056,7.54986090051651,8.04986090051651,In floodplain
579527655,-76.80634644,37.574958888,COM1,NONRES,C1LN,0,0,7.54986090051651,8.04986090051651,In floodplain
579527656,-76.80602667,37.575172008,COM4,NONRES,C4LN,0,0,7.11330536078453,7.61330536078453,In floodplain
579527657,-76.80579466,37.575211025,IND1,NONRES,I1LN,0,0,6.01640425495625,6.51640425495625,In floodplain
579527658,-76.80880662,37.574194676,RES1,RES,R12N,370041.291,185020.645,13.8122567394066,14.3122567394066,Out of floodplain
579527659,-76.80880662,37.574194676,COM3,NONRES,C3LN,0,0,13.8122567394066,14.3122567394066,Out of floodplain
579527660,-76.81137423,37.552484901,COM2,NONRES,C2LN,316053.705,316053.705,26.7916848152924,27.2916848152924,Out of floodplain
579527661,-76.8107263,37.553018175,RES1,RES,R11N,184584.114,92292.0571,26.4855296933365,27.9855296933365,Out of floodplain
579527662,-76.81031485,37.552690861,RES1,RES,R11N,188855.009,94427.5046,27.0357916564941,28.5357916564941,Out of floodplain
579527663,-76.81054366,37.552526816,RES1,RES,R11N,191745.035,95872.5179,27.4942155309677,28.9942155309677,Out of floodplain
579527664,-76.81121731,37.553175861,RES1,RES,R11N,199027.934,99513.9672,26.2244629052925,27.7244629052925,Out of floodplain
579527665,-76.811811,37.552924,RES1,RES,R11N,253045.329,126522.664,25.9445306990242,27.4445306990242,Out of floodplain
579527666,-76.81090147,37.552210834,COM8,NONRES,C8LN,602728.809,602728.809,27.0652279040527,27.5652279040527,Out of floodplain
579527667,-76.81190497,37.550260172,RES1,RES,R11B,188465.016,94232.5083,24.6809434778786,26.6809434778786,Out of floodplain
579527668,-76.81176451,37.552184166,RES1,RES,R11N,189290.52,94645.26,25.976895552845,27.476895552845,Out of floodplain
579527669,-76.81164766,37.552079644,RES1,RES,R13N,284104.031,142052.015,26.0410245207405,27.5410245207405,Out of floodplain
579527670,-76.81194153,37.55224066,RES1,RES,R11N,224747.827,112373.913,25.6457925227356,27.1457925227356,Out of floodplain
579527671,-76.811846,37.5501225,RES1,RES,R12N,218925.384,109462.692,24.7179531137466,26.2179531137466,Out of floodplain
579527672,-76.811308,37.5503555,RES1,RES,R11N,197631.504,98815.752,26.0581252659607,27.5581252659607,Out of floodplain
579527673,-76.810839,37.55075,RES3A,RES,R3A1N,574885.845,287442.922,26.2168613573074,26.7168613573074,Out of floodplain
579527674,-76.8123955,37.552517,COM3,NONRES,C3LN,1253857.67,1253857.67,25.0206320801926,25.5206320801926,Out of floodplain
579527675,-76.81166965,37.55005904,RES1,RES,R11N,203674.837,101837.418,24.9281901229095,26.4281901229095,Out of floodplain
579527676,-76.81199616,37.550323316,RES1,RES,R11N,215175.499,107587.749,24.9420947449493,26.4420947449493,Out of floodplain
579527677,-76.81139555,37.550423006,RES1,RES,R11N,208814.336,104407.168,25.5468879199028,27.0468879199028,Out of floodplain
579527678,-76.81048919,37.551106236,RES1,RES,R11N,249762.147,124881.073,26.8771682038498,28.3771682038498,Out of floodplain
579527679,-76.81199956,37.552286901,RES1,RES,R11N,201315.129,100657.564,25.7018834676743,27.2018834676743,Out of floodplain
579527680,-76.81230674,37.552429132,RES1,RES,R11N,176738.72,88369.3603,25.266160985012,25.766160985012,Out of floodplain
579527681,-76.81607787,37.553953522,RES1,RES,R11B,236020.958,118010.479,24.1725659033203,26.1725659033203,Out of floodplain
579527682,-76.816478,37.553589,RES1,RES,R11N,184300.634,92150.3174,24.3597307516098,25.8597307516098,Out of floodplain
579527683,-76.81632034,37.553718965,RES1,RES,R11B,210114.581,105057.29,24.3863666758728,26.3863666758728,Out of floodplain
579527684,-76.81602041,37.553284352,RES1,RES,R11B,198808.327,99404.1635,24.1730712130547,26.1730712130547,Out of floodplain
579527685,-76.81513157,37.553042616,RES3A,RES,R3A1N,824996.031,412498.015,26.3447031556702,26.8447031556702,Out of floodplain
579527686,-76.81596957,37.553235749,RES1,RES,R12N,174071.301,87035.6505,24.4329224417686,25.9329224417686,Out of floodplain
579527687,-76.81577186,37.553783463,RES1,RES,R13B,281676.032,140838.016,24.4262892737389,26.4262892737389,Out of floodplain
579527688,-76.82572009,37.554770739,RES1,RES,R11N,249672.441,124836.22,22.4855259959412,23.9855259959412,Out of floodplain
579527689,-76.82552375,37.554289699,RES1,RES,R12B,248502.608,124251.304,22.426512702446,24.426512702446,Out of floodplain
579527690,-76.82779494,37.553786166,RES1,RES,R11B,329838.253,164919.126,20.7740325391579,22.7740325391579,Out of floodplain
579532863,-76.79207338,37.529420284,RES1,RES,R12N,254588.369,127294.184,5.6023705891037,7.1023705891037,In floodplain
579532865,-76.79487824,37.533286775,RES1,RES,R11N,175711.898,87855.9494,5.23152565237999,13.23152565238,Out of floodplain
579532867,-76.79449707,37.531903961,RES1,RES,R11N,164956.107,82478.0537,4.78167327027321,6.28167327027321,In floodplain
579532869,-76.79277205,37.528751525,RES1,RES,R13N,176175.085,88087.5426,5.86057956118107,7.36057956118107,In floodplain
579532871,-76.79320143,37.531272802,RES1,RES,R12N,166865.266,83432.6331,4.22051977036476,12.2205197703648,Out of floodplain
579532873,-76.79345864,37.531224184,RES1,RES,R11N,187278.845,93639.4226,3.64532671663761,4.14532671663761,In floodplain
579532877,-76.79512222,37.53291642,RES1,RES,R12N,167980.843,83990.4215,9.62610350646973,11.1261035064697,In floodplain
579532879,-76.79492374,37.532654695,RES1,RES,R11B,129706.536,64853.2684,8.67308230757713,10.6730823075771,In floodplain
579532881,-76.7928003,37.528898026,RES1,RES,R11N,208165.795,104082.897,4.63248800223351,6.13248800223351,In floodplain
579532882,-76.7948611,37.532372657,RES1,RES,R12N,166599.633,83299.8168,6.01633424687386,14.0163342468739,Out of floodplain
579532883,-76.79524318,37.535551979,RES1,RES,R12N,187312.941,93656.4705,7.05338000668526,8.55338000668526,In floodplain
579532885,-76.79265564,37.528659424,RES1,RES,R11N,202494.672,101247.336,5.10665391757965,5.60665391757965,In floodplain
579532887,-76.7946525,37.532051,RES1,RES,R11N,103809.967,51904.9838,4.22762109300137,5.72762109300137,In floodplain
579532889,-76.7950445,37.532776,RES1,RES,R11B,153379.8,76689.9,9.50191229716301,11.501912297163,In floodplain
579532891,-76.79184989,37.528545797,RES1,RES,R12N,227804.888,113902.444,2.96014470777035,3.46014470777035,In floodplain
579532893,-76.79552426,37.53451169,RES1,RES,R11B,194747.351,97373.6755,9.00853053207397,11.008530532074,In floodplain
579532895,-76.79519873,37.534593588,RES1,RES,R12B,256778.058,128389.029,8.28020633576393,10.2802063357639,In floodplain
579532898,-76.79519873,37.534593588,IND6,NONRES,I6LN,138231.449,138231.449,8.28020633576393,8.78020633576393,In floodplain
579533106,-76.79522117,37.535230275,RES1,RES,R12N,240249.134,120124.567,6.39067450333118,6.89067450333118,In floodplain
579533107,-76.79485343,37.53252609,RES1,RES,R12B,211258.456,105629.228,7.59735297562599,9.59735297562599,In floodplain
579533108,-76.79212153,37.527551207,RES1,RES,R11N,427843.634,213921.817,6.63776431461334,7.13776431461334,In floodplain
579533109,-76.79439211,37.531696949,RES1,RES,R11N,187602.879,93801.4395,6.80607704230309,7.30607704230309,In floodplain
579533110,-76.79416751,37.532727358,RES1,RES,R11N,97542.8075,48771.4037,2.38732743111849,3.88732743111849,In floodplain
579533111,-76.79532472,37.535290369,RES1,RES,R11N,175862.395,87931.1978,7.52593456281662,9.02593456281662,In floodplain
579533112,-76.79526227,37.535481896,RES1,RES,R12N,265212.171,132606.085,7.05338000668526,8.55338000668526,In floodplain
579533113,-76.7948025,37.5307195,RES1,RES,R13N,241055.758,120527.879,9.19464095695496,10.694640956955,In floodplain
579533114,-76.79532601,37.530420231,REL1,NONRES,RE1LN,812626.968,812626.968,9.93470069807053,10.4347006980705,In floodplain
579533115,-76.79557618,37.530649557,RES1,RES,R12N,211045.526,105522.763,9.62022830304146,11.1202283030415,In floodplain
579533116,-76.7957725,37.5309025,RES1,RES,R12B,255374.091,127687.045,10.0596600407505,12.0596600407505,Out of floodplain
579533117,-76.79453956,37.530907711,RES1,RES,R12B,168530.181,84265.0905,8.73747253468514,10.7374725346851,In floodplain
579533118,-76.79509634,37.53054128,RES1,RES,R12N,178297.896,89148.9484,9.42594453231811,10.9259445323181,In floodplain
579533119,-76.79549967,37.530521766,RES1,RES,R11N,153355.259,76677.6297,10.6083771328163,11.1083771328163,In floodplain
579533120,-76.7950386,37.531049541,RES1,RES,R12N,226382.031,113191.015,9.75529071155548,11.2552907115555,In floodplain
579533121,-76.79468846,37.531168227,RES1,RES,R12B,388530.788,194265.394,8.90451416590691,10.9045141659069,In floodplain
579533122,-76.79558182,37.53077671,RES1,RES,R12N,269236.277,134618.138,9.54656102725029,11.0465610272503,In floodplain
579533123,-76.79451508,37.530795411,RES1,RES,R11N,232660.162,116330.081,8.24957721305847,9.74957721305847,In floodplain
579533124,-76.7952757,37.530943418,RES1,RES,R11N,173670.179,86835.0897,9.46722505231857,10.9672250523186,In floodplain
579533125,-76.7951755,37.5331655,RES1,RES,R12B,256011.064,128005.532,9.85625175292015,11.8562517529202,In floodplain
579533126,-76.79531883,37.533441326,RES1,RES,R11N,94681.2143,47340.6071,9.72488764846802,10.224887648468,In floodplain
579533127,-76.79529443,37.533268958,RES1,RES,R11N,203255.629,101627.814,10.2462961129093,18.2462961129093,Out of floodplain
579533128,-76.79655793,37.534563141,RES1,RES,R12N,257462.599,128731.299,9.92415881062508,11.4241588106251,In floodplain
579533129,-76.79655793,37.534563141,REL1,NONRES,RE1LB,255299.56,255299.56,9.92415881062508,10.4241588106251,In floodplain
579533130,-76.79745429,37.534200147,RES1,RES,R12N,250397.109,125198.554,10.5484541253567,12.0484541253567,Out of floodplain
579533131,-76.79665422,37.534936945,RES1,RES,R13B,544148.373,272074.186,8.57515860011101,10.575158600111,In floodplain
579533132,-76.79665422,37.534936945,COM3,NONRES,C3MB,144223.458,144223.458,8.57515860011101,9.07515860011101,In floodplain
579533133,-76.79734799,37.534391328,RES1,RES,R12B,254509.881,127254.94,10.3378713779545,12.3378713779545,Out of floodplain
579533134,-76.79739446,37.534790117,RES1,RES,R11N,173670.179,86835.0897,9.31797329615593,10.8179732961559,In floodplain
579533135,-76.7972995,37.539172,RES1,RES,R12N,152024.94,76012.4703,22.6948759753227,24.1948759753227,Out of floodplain
579533136,-76.79712533,37.538792,RES1,RES,R11N,135176.219,67588.1095,21.4049093958473,22.9049093958473,Out of floodplain
579533137,-76.7979385,37.5388595,RES1,RES,R12N,140082.036,70041.0184,28.316027503624,29.816027503624,Out of floodplain
579533138,-76.79736982,37.539289512,RES1,RES,R11N,135302.897,67651.4488,22.178391543045,23.678391543045,Out of floodplain
579533139,-76.79801081,37.539065025,RES1,RES,R11B,219994.863,109997.431,27.7594953193665,29.7594953193665,Out of floodplain
579533140,-76.79721901,37.539065307,RES1,RES,R12N,191182.279,95591.1398,21.8153898581886,23.3153898581886,Out of floodplain
579533141,-76.79733432,37.53911695,RES1,RES,R12B,170099.085,85049.5426,23.4412262750816,25.4412262750816,Out of floodplain
579533142,-76.79689208,37.545195305,RES1,RES,R11N,305338.675,152669.337,8.98012054824829,10.4801205482483,In floodplain
579533143,-76.8009735,37.551501,RES1,RES,R11B,248164.216,124082.108,6.64866523792267,8.64866523792267,In floodplain
579533144,-76.79917769,37.550253364,RES1,RES,R11B,285150.144,142575.072,10.4305495636272,12.4305495636272,Out of floodplain
579533145,-76.79910714,37.549976177,RES1,RES,R11B,539091.302,269545.651,10.3957191737652,12.3957191737652,Out of floodplain
579533146,-76.79888166,37.551881016,RES1,RES,R11N,224390.856,112195.428,10.0164646628094,10.5164646628094,In floodplain
579533147,-76.79935974,37.551171489,RES1,RES,R13N,422144.205,211072.102,9.5115303908062,11.0115303908062,In floodplain
579533148,-76.80023208,37.552097638,RES1,RES,R11N,258474.493,129237.246,9.66814590213776,11.1681459021378,In floodplain
579533149,-76.79899153,37.549355067,RES1,RES,R12N,317258.424,158629.212,10.8301056362629,12.3301056362629,Out of floodplain
579533150,-76.79913212,37.550554848,RES1,RES,R11N,228873.262,114436.631,9.27493905413628,9.77493905413628,In floodplain
579533151,-76.80060268,37.551607215,RES1,RES,R11N,256430.178,128215.089,8.17838642429352,9.67838642429352,In floodplain
579533152,-76.79871315,37.551725148,RES1,RES,R11N,237478.661,118739.33,10.4756425908184,11.9756425908184,In floodplain
579533153,-76.8004635,37.5435345,RES1,RES,R12B,180703.39,90351.6954,28.1346322599792,30.1346322599792,Out of floodplain
579533154,-76.80026283,37.543164166,RES1,RES,R11B,184242.24,92121.12,28.0365959138107,30.0365959138107,Out of floodplain
579533155,-76.80053979,37.542990043,RES1,RES,R11N,149102.434,74551.2173,27.7478153116989,29.2478153116989,Out of floodplain
579533156,-76.8006115,37.5431165,RES1,RES,R11B,167209.109,83604.5549,27.9046052565765,29.9046052565765,Out of floodplain
579533157,-76.80081469,37.543492463,RES1,RES,R12N,189301.299,94650.6498,27.7504060018539,29.2504060018539,Out of floodplain
579533158,-76.80068,37.543242,RES1,RES,R11N,149102.434,74551.2173,27.9531619238663,29.4531619238663,Out of floodplain
579533159,-76.79977801,37.54370156,RES1,RES,R12B,187120.979,93560.4898,27.6534334656525,29.6534334656525,Out of floodplain
579533160,-76.80073212,37.543373291,RES1,RES,R12N,173470.541,86735.2707,27.8762484632492,29.3762484632492,Out of floodplain
579533161,-76.7999204,37.543528731,RES1,RES,R11B,156418.231,78209.1158,27.9338162267304,29.9338162267304,Out of floodplain
579533162,-76.80040678,37.543681795,RES1,RES,R11N,146450.228,73225.1143,27.9501769982529,29.4501769982529,Out of floodplain
579533163,-76.80074,37.5349025,RES1,RES,R11N,148658.872,74329.4361,10.8482545471859,12.3482545471859,Out of floodplain
579533164,-76.80102308,37.535114691,RES1,RES,R13N,180896.119,90448.0598,10.6841696819019,18.6841696819019,Out of floodplain
579533165,-76.80135375,37.535098463,COM4,NONRES,C4LN,404672.645,404672.645,10.9935717708969,11.4935717708969,In floodplain
579533166,-76.813841,37.549416,RES1,RES,R11N,287519.554,143759.777,24.0880634101295,25.5880634101295,Out of floodplain
579533167,-76.8133075,37.549066,RES1,RES,R11N,158024.422,79012.211,23.5801160528374,25.0801160528374,Out of floodplain
579533168,-76.81441204,37.549791099,RES1,RES,R12N,213518.161,106759.08,24.2266919286728,25.7266919286728,Out of floodplain
579533169,-76.82982258,37.558424958,RES1,RES,R11B,300964.193,150482.096,18.1037631408882,20.1037631408882,Out of floodplain
579533170,-76.83019641,37.556739162,RES1,RES,R11N,289917.427,144958.713,18.9869178379822,20.4869178379822,Out of floodplain
579533171,-76.83025315,37.559824472,RES1,RES,R11B,388052.169,194026.084,17.1635272169304,19.1635272169304,Out of floodplain
579533172,-76.83054936,37.557404829,RES1,RES,R11N,321126.411,160563.205,17.9863122628212,19.4863122628212,Out of floodplain
579533173,-76.8306378,37.560087505,RES1,RES,R11N,315188.093,157594.046,16.1781622839737,16.6781622839737,Out of floodplain
579533174,-76.830082,37.555631,RES1,RES,R12N,302818.606,151409.303,17.3267485188293,18.8267485188293,Out of floodplain
579533175,-76.82957622,37.554943627,RES1,RES,R11N,365992.767,182996.383,18.4765424908829,18.9765424908829,Out of floodplain
579533176,-76.830054,37.55735,RES1,RES,R12N,353087.617,176543.808,19.7353425671768,21.2353425671768,Out of floodplain
579533177,-76.82972635,37.559708134,RES1,RES,R11N,325857.291,162928.645,19.0510561924362,20.5510561924362,Out of floodplain
579533178,-76.82990649,37.557972825,RES1,RES,R11N,336077.967,168038.983,17.2984386582947,17.7984386582947,Out of floodplain
579533179,-76.82936038,37.559494823,RES1,RES,R11N,295687.453,147843.726,19.8207383478546,21.3207383478546,Out of floodplain
579533180,-76.82958782,37.559029807,RES1,RES,R12N,368587.63,184293.815,19.1832674337959,19.6832674337959,Out of floodplain
579533181,-76.83097872,37.556875813,RES1,RES,R11B,333223.741,166611.87,15.8783540400124,17.8783540400124,Out of floodplain
579533182,-76.83071996,37.556294267,RES1,RES,R11B,413570.016,206785.008,17.0106076630211,19.0106076630211,Out of floodplain
579533183,-76.83078127,37.558636985,RES1,RES,R11N,373760.943,186880.471,15.3117907535362,16.8117907535362,Out of floodplain
579533184,-76.8297208,37.555317684,RES1,RES,R11N,282561.207,141280.603,18.7644923825645,20.2644923825645,Out of floodplain
579533185,-76.83148002,37.557525506,RES1,RES,R11N,297052.589,148526.294,12.8740756895542,14.3740756895542,Out of floodplain
579533386,-76.79450881,37.527700002,RES1,RES,R11B,435276.288,217638.144,7.58861643627167,9.58861643627167,In floodplain
579533387,-76.79437088,37.527444821,RES1,RES,R12N,330718.818,165359.409,6.03248577636242,7.53248577636242,In floodplain
579533388,-76.79708897,37.533708749,REL1,NONRES,RE1LN,1252060.42,1252060.42,10.059017061491,10.559017061491,In floodplain
579533389,-76.79699266,37.534028221,RES1,RES,R12N,189506.304,94753.152,10.2224018459511,11.7224018459511,In floodplain
579533390,-76.79664428,37.534104329,RES1,RES,R12B,211677.876,105838.938,10.1996097174072,12.1996097174072,Out of floodplain
579533391,-76.79664428,37.534104329,COM3,NONRES,C3LN,115621.018,115621.018,10.1996097174072,10.6996097174072,In floodplain
579533392,-76.79686,37.5340765,RES1,RES,R13B,356711.458,178355.729,10.0010222095966,12.0010222095966,Out of floodplain
579533393,-76.79824997,37.539802043,RES1,RES,R11N,169143.762,84571.881,27.5190492359924,29.0190492359924,Out of floodplain
579533394,-76.79808018,37.539881932,RES1,RES,R11N,181394.104,90697.0521,26.5947735903931,27.0947735903931,Out of floodplain
579533395,-76.7981975,37.539438097,RES1,RES,R11N,169298.657,84649.3288,28.6270667648697,36.6270667648697,Out of floodplain
579533396,-76.79837716,37.539733849,RES1,RES,R11B,142113.53,71056.7654,27.9656335313034,29.9656335313034,Out of floodplain
579533397,-76.79754981,37.539715385,RES1,RES,R11N,152890.992,76445.4961,27.5370244955826,29.0370244955826,Out of floodplain
579533398,-76.79828348,37.539470481,RES1,RES,R11N,164212.186,82106.0933,28.8009809213638,30.3009809213638,Out of floodplain
579533399,-76.79884751,37.53766075,COM1,NONRES,C1LN,1002837.23,1002837.23,8.67718110480308,9.17718110480308,In floodplain
579533400,-76.79884751,37.53766075,COM5,NONRES,C5LN,852829.88,852829.88,8.67718110480308,9.17718110480308,In floodplain
579533401,-76.79884751,37.53766075,COM4,NONRES,C4LN,394828.646,394828.646,8.67718110480308,9.17718110480308,In floodplain
579533402,-76.799229,37.539543,RES1,RES,R11N,173559.244,86779.622,27.0340551431656,27.5340551431656,Out of floodplain
579533403,-76.79912627,37.539365497,RES1,RES,R12N,151464.077,75732.0385,27.1315564554977,27.6315564554977,Out of floodplain
579533404,-76.79920976,37.539499089,RES1,RES,R11B,208055.981,104027.99,26.7070712478256,28.7070712478256,Out of floodplain
579533405,-76.79961479,37.53401409,RES1,RES,R11N,186858.108,93429.0544,10.509211270771,18.509211270771,Out of floodplain
579533406,-76.79942112,37.533675443,RES1,RES,R11B,231328.972,115664.486,10.2129722656918,12.2129722656918,Out of floodplain
579533407,-76.79944895,37.533547428,RES1,RES,R12N,249345.285,124672.642,9.95451963419914,11.4545196341991,In floodplain
579533408,-76.79968536,37.534041506,RES1,RES,R11N,195345.297,97672.6487,10.2657583598137,18.2657583598137,Out of floodplain
579533409,-76.79982464,37.541692786,RES1,RES,R12N,148529.708,74264.8544,27.7513540442657,29.2513540442657,Out of floodplain
579533410,-76.79971637,37.54146647,RES1,RES,R13N,188673.857,94336.9286,27.1834672530365,28.6834672530365,Out of floodplain
579533411,-76.80005384,37.541968867,RES1,RES,R11N,131771.031,65885.5157,27.7681841437149,28.2681841437149,Out of floodplain
579533412,-76.8000527,37.541045437,RES1,RES,R12B,292967.232,146483.616,26.7882149174881,28.7882149174881,Out of floodplain
579533413,-76.79988797,37.540812186,RES1,RES,R11B,167372.751,83686.3759,26.7205472170258,28.7205472170258,Out of floodplain
579533414,-76.79985,37.5406745,RES1,RES,R11N,160709.12,80354.5602,26.4059692232132,27.9059692232132,Out of floodplain
579533415,-76.7999988,37.540927555,RES1,RES,R12N,186777.413,93388.7066,26.9759460881424,28.4759460881424,Out of floodplain
579533416,-76.80011708,37.541052704,RES1,RES,R11B,167454.496,83727.2481,26.4799634641266,28.4799634641266,Out of floodplain
579533417,-76.800833,37.542446,RES1,RES,R13N,228423.927,114211.963,27.1611773053741,28.6611773053741,Out of floodplain
579533418,-76.80089872,37.542566845,RES1,RES,R11N,130527.645,65263.8228,27.2420299917221,28.7420299917221,Out of floodplain
579533419,-76.80078036,37.542173738,RES1,RES,R11N,171226.221,85613.1107,27.017816396904,28.517816396904,Out of floodplain
579533420,-76.80804346,37.549291816,RES1,RES,R11N,166338.148,83169.074,29.5161741044998,31.0161741044998,Out of floodplain
579533421,-76.8082445,37.549455,RES1,RES,R11N,140395.779,70197.8897,29.5519994695663,31.0519994695663,Out of floodplain
579533422,-76.80896525,37.548689704,RES1,RES,R11N,143468.479,71734.2398,27.5197250682068,29.0197250682068,Out of floodplain
579533423,-76.80830807,37.549105741,RES1,RES,R11N,180996.712,90498.3561,29.073785600853,29.573785600853,Out of floodplain
579533424,-76.79344177,37.527545941,RES1,RES,R12N,287730.706,143865.353,7.83640750169754,15.8364075016975,Out of floodplain
579533425,-76.792865,37.527693,RES1,RES,R12N,355799.611,177899.805,9.27619372412682,10.7761937241268,In floodplain
579533426,-76.7928655,37.527981,RES1,RES,R11N,105757.714,52878.857,7.90828429144859,15.9082842914486,Out of floodplain
579533427,-76.792999,37.52776,RES1,RES,R11B,168025.274,84012.6371,9.53524865979195,11.5352486597919,In floodplain
579533428,-76.79332454,37.528003698,RES1,RES,R11N,258896.684,129448.342,9.1756464735508,10.6756464735508,In floodplain
579533429,-76.79312419,37.527664272,RES1,RES,R11N,170756.6,85378.3004,9.32602618116379,9.82602618116379,In floodplain
579533430,-76.79295993,37.528166396,RES1,RES,R12N,156184.906,78092.4533,8.04241977730751,9.54241977730751,In floodplain
579533431,-76.79467319,37.527293475,RES1,RES,R13N,228360.236,114180.118,4.48106834215641,5.98106834215641,In floodplain
579533432,-76.79467319,37.527293475,COM4,NONRES,C4MN,24648.8423,24648.8423,4.48106834215641,4.98106834215641,In floodplain
579533433,-76.79509495,37.527459501,RES1,RES,R11N,147314.387,73657.1937,3.70060024877071,4.20060024877071,In floodplain
579533434,-76.79483814,37.527562331,RES1,RES,R11N,165305.055,82652.5275,4.63609635177612,5.13609635177612,In floodplain
579533435,-76.79491358,37.527110554,RES1,RES,R12N,314880.19,157440.095,5.06936190274239,6.56936190274239,In floodplain
579533436,-76.79602684,37.534706309,RES1,RES,R11N,147342.99,73671.4953,9.24454459539414,9.74454459539414,In floodplain
579533437,-76.79575699,37.535311355,RES1,RES,R11N,139643.789,69821.8948,7.32993539852142,8.82993539852142,In floodplain
579533438,-76.79617335,37.534940982,RES1,RES,R12B,199758.569,99879.2847,8.01941097570419,10.0194109757042,In floodplain
579533439,-76.796277,37.5351755,RES1,RES,R11N,236511.778,118255.889,6.41742032855034,7.91742032855034,In floodplain
579533440,-76.79592436,37.535268591,RES1,RES,R11B,199101.409,99550.7048,6.70304470035553,8.70304470035553,In floodplain
579533441,-76.7957207,37.534886664,RES1,RES,R13N,214463.994,107231.997,7.22805525663376,8.72805525663376,In floodplain
579533442,-76.79638558,37.535232683,RES1,RES,R11B,318623.163,159311.581,7.06662756962776,9.06662756962776,In floodplain
579533443,-76.7960291,37.53534547,RES1,RES,R12N,197958.617,98979.3088,7.26053744243622,8.76053744243622,In floodplain
579533444,-76.797762,37.536865168,COM2,NONRES,C2MN,381265.478,381265.478,8.03644914386749,8.53644914386749,In floodplain
579533445,-76.797762,37.536865168,COM1,NONRES,C1MN,305012.382,305012.382,8.03644914386749,8.53644914386749,In floodplain
579533446,-76.797762,37.536865168,IND1,NONRES,I1MN,1578261.35,2367392.02,8.03644914386749,8.53644914386749,In floodplain
579533447,-76.798371,37.5359385,RES1,RES,R13B,382775.88,191387.94,8.72415300812721,10.7241530081272,In floodplain
579533448,-76.79771083,37.53609773,COM1,NONRES,C1LN,2729612.26,2729612.26,9.98474982816696,10.484749828167,In floodplain
579533449,-76.79771083,37.53609773,COM4,NONRES,C4LN,639752.875,639752.875,9.98474982816696,10.484749828167,In floodplain
579533450,-76.79863423,37.536259891,RES1,RES,R13N,273772.929,136886.464,7.51353413678169,9.01353413678169,In floodplain
579533451,-76.79862777,37.538561572,RES1,RES,R11N,150473.904,75236.9522,27.6729637651062,29.1729637651062,Out of floodplain
579533452,-76.79880324,37.538369211,RES1,RES,R11B,224559.19,112279.595,26.4577548666382,28.4577548666382,Out of floodplain
579533453,-76.79885619,37.538851037,RES1,RES,R12B,245603.957,122801.978,26.3015093421555,28.3015093421555,Out of floodplain
579533454,-76.79948229,37.538001159,COM5,NONRES,C5LN,1356430.35,1356430.35,8.12784997536659,8.62784997536659,In floodplain
579533455,-76.79948229,37.538001159,COM4,NONRES,C4LN,141294.828,141294.828,8.12784997536659,8.62784997536659,In floodplain
579533456,-76.79948229,37.538001159,COM8,NONRES,C8LN,101438.732,101438.732,8.12784997536659,8.62784997536659,In floodplain
579533457,-76.7991742,37.53864142,RES1,RES,R12N,76518.6048,38259.3024,22.9794404482269,24.4794404482269,Out of floodplain
579533458,-76.7991742,37.53864142,COM1,NONRES,C1LN,208372.884,208372.884,22.9794404482269,23.4794404482269,Out of floodplain
579533459,-76.79933,37.53858,RES1,RES,R11N,107486.952,53743.4763,21.7515002475357,29.7515002475357,Out of floodplain
579533460,-76.79956274,37.538591929,RES1,RES,R12N,134487.244,67243.6224,17.7336699110603,19.2336699110603,Out of floodplain
579533461,-76.80056601,37.534507301,RES1,RES,R12B,286497.318,143248.659,9.92200537765503,11.922005377655,In floodplain
579533462,-76.79917266,37.5331895,RES1,RES,R11B,166121.891,83060.9455,10.0426351702118,12.0426351702118,Out of floodplain
579533463,-76.795929,37.5266785,RES1,RES,R11N,195698.019,97849.0098,3.97074814108849,5.47074814108849,In floodplain
579533464,-76.79928,37.5332445,RES1,RES,R11N,122536.157,61268.0785,10.2195084392834,11.7195084392834,In floodplain
579533465,-76.79899196,37.53280301,RES1,RES,R11N,178256.432,89128.2161,8.17899889723778,9.67899889723778,In floodplain
579533466,-76.79920182,37.533203632,RES1,RES,R11N,146504.416,73252.2083,10.0426351702118,11.5426351702118,In floodplain
579533467,-76.801996,37.5371465,RES1,RES,R12N,133559.746,66779.8732,8.75785231768608,10.2578523176861,In floodplain
579533468,-76.80183733,37.537190823,RES1,RES,R11N,170659.676,85329.838,8.44168486662865,9.94168486662865,In floodplain
579533469,-76.80201756,37.537598201,RES1,RES,R11B,133559.746,66779.8732,9.53281284785271,11.5328128478527,In floodplain
579533470,-76.80228422,37.537499303,RES1,RES,R11N,198246.201,99123.1008,9.45748180456162,10.9574818045616,In floodplain
579533471,-76.78942259,37.542034703,COM4,NONRES,C4LN,359391.541,359391.541,4.30719329632282,4.80719329632282,In floodplain
579533472,-76.788931,37.541985,COM4,NONRES,C4LN,1823221.79,1823221.79,3.03519884758472,3.53519884758472,In floodplain
579533473,-76.7891183,37.541906539,COM2,NONRES,C2LN,397947.858,397947.858,3.3435895348978,3.8435895348978,In floodplain
579533474,-76.78990301,37.541703676,COM4,NONRES,C4LN,209405.172,209405.172,4.1297368873024,4.6297368873024,In floodplain
579533475,-76.788953,37.542085,COM4,NONRES,C4LN,1823221.79,1823221.79,2.82562143971205,3.32562143971205,In floodplain
579533476,-76.78932263,37.542797333,RES1,RES,R11N,270285.126,135142.563,5.06160508543491,6.56160508543491,In floodplain
579533477,-76.79128785,37.540886458,RES1,RES,R12N,264666.017,132333.008,3.43469508090973,4.93469508090973,In floodplain
579533478,-76.7899173,37.543138615,RES1,RES,R11N,205092.098,102546.049,4.76404883330822,6.26404883330822,In floodplain
579533479,-76.7914235,37.5403365,COM2,NONRES,C2LN,885221.071,885221.071,4.58244356541634,5.08244356541634,In floodplain
579533480,-76.79040848,37.543040996,RES1,RES,R11N,177525.26,88762.6301,4.45554746282578,5.95554746282578,In floodplain
579533481,-76.80233864,37.53800697,COM4,NONRES,C4LN,4913157.19,4913157.19,11.4273410671711,11.9273410671711,In floodplain
579533482,-76.79955403,37.542511805,RES1,RES,R11N,159623.026,79811.5133,28.2928646060181,29.7928646060181,Out of floodplain
579533483,-76.79917174,37.542600465,RES1,RES,R11N,127245.427,63622.7136,27.7225967577744,29.2225967577744,Out of floodplain
579533484,-76.79948838,37.543039061,RES1,RES,R11N,208165.795,104082.897,28.2695108483887,29.7695108483887,Out of floodplain
579533485,-76.8000321,37.542770193,RES1,RES,R12N,186073.58,93036.79,28.3095851956177,28.8095851956177,Out of floodplain
579533486,-76.7998475,37.5425625,RES1,RES,R11N,201893.904,100946.952,28.4406559701157,29.9406559701157,Out of floodplain
579533487,-76.79932361,37.542809926,RES1,RES,R11N,168134.447,84067.2235,27.9037385643387,29.4037385643387,Out of floodplain
579533488,-76.8003985,37.5427395,RES1,RES,R11N,121842.349,60921.1746,28.2201281639481,29.7201281639481,Out of floodplain
579533489,-76.8001685,37.5422915,RES1,RES,R11N,207728.064,103864.032,28.0323406739426,29.5323406739426,Out of floodplain
579533490,-76.79979798,37.542889184,RES1,RES,R11N,150201.247,75100.6236,28.3745652114868,29.8745652114868,Out of floodplain
579533491,-76.80032519,37.542614446,RES1,RES,R11N,119453.691,59726.8459,27.933080946312,29.433080946312,Out of floodplain
579533492,-76.8003288,37.542530443,RES1,RES,R12N,108517.294,54258.647,27.9490193227005,29.4490193227005,Out of floodplain
579533493,-76.82530788,37.563471411,RES1,RES,R11N,185797.453,92898.7266,19.8152894506264,20.3152894506264,Out of floodplain
579533494,-76.8239218,37.562219229,RES1,RES,R12N,280593.205,140296.602,19.0872241668892,20.5872241668892,Out of floodplain
579533495,-76.82360938,37.564335958,RES1,RES,R11N,188150.656,94075.3281,21.61866636446,23.11866636446,Out of floodplain
579533496,-76.8250295,37.5630485,RES1,RES,R11N,244474.623,122237.311,19.1900664310265,20.6900664310265,Out of floodplain
579533497,-76.825073,37.5646355,RES1,RES,R11N,230202.608,115101.304,20.9003083466721,22.4003083466721,Out of floodplain
579533498,-76.827825,37.5650995,RES1,RES,R12N,261258.586,130629.293,21.2029403803253,22.7029403803253,Out of floodplain
579534433,-76.7932865,37.55704,RES1,RES,R11N,191662.426,95831.2131,7.50412411185265,9.00412411185265,In floodplain
579534434,-76.7979628,37.538152619,RES1,RES,R11N,168523.156,84261.5783,23.2398783368492,24.7398783368492,Out of floodplain
579534435,-76.79678833,37.538103194,COM8,NONRES,C8LN,332332.687,332332.687,9.97689562531471,10.4768956253147,In floodplain
579534436,-76.79743084,37.537889199,IND2,NONRES,I2LN,410131.801,615197.701,8.70852438817024,9.20852438817024,In floodplain
579534437,-76.8001175,37.540058,RES1,RES,R11N,121149.274,60574.6372,20.0629099935722,21.5629099935722,Out of floodplain
579534438,-76.79973207,37.539701327,RES1,RES,R11N,135555.231,67777.6158,23.3018499607086,24.8018499607086,Out of floodplain
579534439,-76.80017972,37.53976211,RES1,RES,R12N,193575.472,96787.7361,20.009170381546,21.509170381546,Out of floodplain
579534440,-76.80041284,37.539908177,COM2,NONRES,C2LN,1079411.27,1079411.27,16.8949292800903,17.3949292800903,Out of floodplain
579534441,-76.80024944,37.540010299,RES1,RES,R11N,121149.274,60574.6372,19.2230476688576,20.7230476688576,Out of floodplain
579534442,-76.80029135,37.539556485,COM3,NONRES,C3LN,314660.744,314660.744,18.3554715300751,18.8554715300751,Out of floodplain
579534443,-76.79992211,37.540107689,RES1,RES,R12N,157755.174,78877.5874,23.0023248779297,24.5023248779297,Out of floodplain
579534444,-76.80613977,37.545744701,REL1,NONRES,RE1LN,353838.078,353838.078,28.2908683979034,28.7908683979034,Out of floodplain
579534445,-76.80512493,37.547069843,RES1,RES,R11N,195944.173,97972.0866,27.8007617595291,35.8007617595291,Out of floodplain
579534446,-76.80529685,37.547051138,RES1,RES,R11N,162386.477,81193.2385,27.5011897439575,29.0011897439575,Out of floodplain
579534447,-76.80588452,37.546316327,RES1,RES,R12N,168557.801,84278.9007,28.2717292050552,29.7717292050552,Out of floodplain
579534448,-76.8055205,37.546707,RES1,RES,R11N,226811.297,113405.648,27.4056627377701,28.9056627377701,Out of floodplain
579534449,-76.8061615,37.54668,RES1,RES,R11N,117955.952,58977.9763,28.4133348270798,29.9133348270798,Out of floodplain
579534450,-76.80523444,37.54717334,RES1,RES,R11N,138430.544,69215.2722,27.734595908432,29.234595908432,Out of floodplain
579534451,-76.80577002,37.546406164,RES1,RES,R12B,212970.176,106485.088,27.8042723324204,29.8042723324204,Out of floodplain
579534452,-76.805465,37.5473385,RES1,RES,R11N,147781.909,73890.9545,28.4360941026688,29.9360941026688,Out of floodplain
579534453,-76.80662309,37.546444761,RES1,RES,R11B,148887.336,74443.6684,28.0578564688873,30.0578564688873,Out of floodplain
579534454,-76.80636203,37.546630893,RES1,RES,R11B,132059.381,66029.6908,28.5527533809662,30.5527533809662,Out of floodplain
579534455,-76.80611812,37.546810173,RES1,RES,R11N,172446.474,86223.2371,28.3756540522766,29.8756540522766,Out of floodplain
579534456,-76.79864052,37.5334491,RES1,RES,R11N,191579.671,95789.8358,10.6857959031677,12.1857959031677,Out of floodplain
579534806,-76.7988345,37.533374,RES1,RES,R11N,160469.198,80234.5992,10.5923057801819,12.0923057801819,Out of floodplain
579534807,-76.79874912,37.53322656,RES1,RES,R11N,208814.336,104407.168,10.3714822974205,11.8714822974205,In floodplain
579534808,-76.8011815,37.5423945,RES1,RES,R11N,127901.794,63950.897,26.6558018651199,28.1558018651199,Out of floodplain
579534809,-76.80116614,37.54196798,COM4,NONRES,C4LN,319439.546,319439.546,25.7479167151451,26.2479167151451,Out of floodplain
579534810,-76.80169655,37.542001061,COM1,NONRES,C1LN,954785.038,954785.038,21.9421287359238,22.4421287359238,Out of floodplain
579534811,-76.81637785,37.552985952,RES1,RES,R11N,195083.773,97541.8868,24.3460013453293,32.3460013453293,Out of floodplain
579534812,-76.8167875,37.553387,RES1,RES,R11N,157538.304,78769.152,24.5195588125992,25.0195588125992,Out of floodplain
579534813,-76.81688484,37.553304027,RES1,RES,R11B,190260.441,95130.2209,24.6683029123879,26.6683029123879,Out of floodplain
579534814,-76.8153038,37.551843653,COM4,NONRES,C4LN,3273938.54,3273938.54,24.6639100029945,25.1639100029945,Out of floodplain
579534815,-76.816468,37.5531105,RES1,RES,R11N,145229.345,72614.6726,24.3412939862251,25.8412939862251,Out of floodplain
579534975,-76.79653141,37.535687251,RES1,RES,R12N,248296.734,124148.367,9.21497458937645,10.7149745893764,In floodplain
579534976,-76.79634443,37.535496822,RES1,RES,R13N,404308.212,202154.106,7.91810810716629,9.41810810716629,In floodplain
579534977,-76.79671959,37.536004432,RES1,RES,R12N,267669.662,133834.831,9.77571742734909,11.2757174273491,In floodplain
579534978,-76.79763582,37.567174396,RES1,RES,R11B,246741.811,123370.905,12.1279107743263,14.1279107743263,Out of floodplain
579534979,-76.79817095,37.565711244,RES1,RES,R11N,226585.092,113292.546,11.9831856860161,13.4831856860161,Out of floodplain
579534980,-76.79764666,37.56615304,RES1,RES,R12B,276547.239,138273.619,11.7672322627068,13.7672322627068,Out of floodplain
579534981,-76.7986865,37.565261,RES1,RES,R12N,279874.136,139937.068,11.150296792078,12.650296792078,Out of floodplain
579534982,-76.79992707,37.565021463,RES1,RES,R11N,211244.544,105622.272,12.3353873530674,13.8353873530674,Out of floodplain
579534983,-76.79929493,37.564722393,RES1,RES,R11N,321498.135,160749.067,11.1263954852009,12.6263954852009,Out of floodplain
579534984,-76.80031455,37.541459146,RES1,RES,R11N,219025.086,109512.543,26.8011057912064,28.3011057912064,Out of floodplain
579534985,-76.80021828,37.541301059,RES1,RES,R11N,130527.645,65263.8228,26.8423378139877,28.3423378139877,Out of floodplain
579534986,-76.80055065,37.541853114,RES1,RES,R11B,183419.596,91709.7984,27.0446431811905,29.0446431811905,Out of floodplain
579534987,-76.80648866,37.548857547,COM4,NONRES,C4LN,302114.655,302114.655,29.6704077766037,30.1704077766037,Out of floodplain
579534988,-76.80664065,37.548809465,COM4,NONRES,C4LN,157542.582,157542.582,29.6780578218079,30.1780578218079,Out of floodplain
579534989,-76.80719916,37.552302221,COM1,NONRES,C1LN,7682679.37,7682679.37,26.5256259425354,27.0256259425354,Out of floodplain
579534990,-76.80719916,37.552302221,COM2,NONRES,C2LN,911863.194,911863.194,26.5256259425354,27.0256259425354,Out of floodplain
579534991,-76.80719916,37.552302221,COM8,NONRES,C8LN,651869.994,651869.994,26.5256259425354,27.0256259425354,Out of floodplain
579534992,-76.80719916,37.552302221,COM4,NONRES,C4LN,407418.746,407418.746,26.5256259425354,27.0256259425354,Out of floodplain
579534993,-76.80849741,37.552375878,COM1,NONRES,C1LN,1066680.64,1066680.64,27.3136932372665,27.8136932372665,Out of floodplain
579534994,-76.80849741,37.552375878,COM4,NONRES,C4LN,238098.357,238098.357,27.3136932372665,27.8136932372665,Out of floodplain
579534995,-76.80849741,37.552375878,COM7,NONRES,C7LN,171430.817,257146.226,27.3136932372665,27.8136932372665,Out of floodplain
579534996,-76.80849741,37.552375878,IND6,NONRES,I6LN,175731.415,175731.415,27.3136932372665,27.8136932372665,Out of floodplain
579534997,-76.8092575,37.5513085,COM4,NONRES,C4LN,1305604.79,1305604.79,27.9155750146484,28.4155750146484,Out of floodplain
579534998,-76.80888772,37.550979334,COM8,NONRES,C8LN,715530.317,715530.317,28.7083293309402,29.2083293309402,Out of floodplain
579534999,-76.80828421,37.547931306,RES1,RES,R11N,141685.176,70842.5883,27.7763191611099,29.2763191611099,Out of floodplain
579535000,-76.8079703,37.548188083,RES1,RES,R11N,161268.551,80634.2759,28.9950042150879,30.4950042150879,Out of floodplain
579535001,-76.80841184,37.547828034,RES1,RES,R11B,180729.851,90364.9259,27.3611016155624,29.3611016155624,Out of floodplain
579535002,-76.80860946,37.547749964,RES1,RES,R11N,170995.757,85497.8789,26.5461355729294,28.0461355729294,Out of floodplain
579535003,-76.80822399,37.548056176,RES1,RES,R11N,191080.101,95540.0507,28.3780757843781,29.8780757843781,Out of floodplain
579535004,-76.80748521,37.548634242,RES1,RES,R11N,228188.027,114094.013,29.2171433804703,30.7171433804703,Out of floodplain
579535005,-76.80756119,37.548957243,RES1,RES,R12N,185471.277,92735.6387,29.3543248045731,30.8543248045731,Out of floodplain
579535006,-76.79650976,37.534195869,RES1,RES,R13B,205083.833,102541.916,10.3112205916405,12.3112205916405,Out of floodplain
579535007,-76.79633331,37.534264024,RES1,RES,R12N,198221.317,99110.6589,10.0751118805218,11.5751118805218,In floodplain
579535008,-76.79608996,37.533768817,RES1,RES,R12N,196039.764,98019.882,9.51273578136444,11.0127357813644,In floodplain
579535009,-76.7995276,37.539777174,RES1,RES,R12N,183561.722,91780.8611,25.600015841198,27.100015841198,Out of floodplain
579535010,-76.799352,37.5398695,RES1,RES,R11N,136324.577,68162.2889,26.6397633654404,27.1397633654404,Out of floodplain
579535011,-76.79969308,37.540370769,RES1,RES,R12N,192498.508,96249.2544,26.1821921033669,27.6821921033669,Out of floodplain
579535331,-76.80026689,37.536046354,RES1,RES,R12N,191413.028,95706.5144,7.85209478764534,8.35209478764534,In floodplain
579535332,-76.8001555,37.535942,RES1,RES,R11N,123473.203,61736.6016,7.26424043977738,8.76424043977737,In floodplain
579535482,-76.82169483,37.560332471,RES1,RES,R11N,181394.104,90697.0521,19.869764343071,21.369764343071,Out of floodplain
579535483,-76.82153936,37.560460634,RES1,RES,R11N,181394.104,90697.0521,20.0301086647797,21.5301086647797,Out of floodplain
579535484,-76.8229745,37.561386,RES1,RES,R12N,218423.721,109211.86,20.6529897380257,22.1529897380257,Out of floodplain
579535485,-76.82209957,37.560817646,RES1,RES,R11N,258896.684,129448.342,19.7054635869408,21.2054635869408,Out of floodplain
579535486,-76.82137566,37.560594012,RES1,RES,R11N,175774.556,87887.278,20.948458263092,22.448458263092,Out of floodplain
579535487,-76.8225964,37.561017983,RES1,RES,R11B,283902.028,141951.014,20.7388157359695,22.7388157359695,Out of floodplain
579535488,-76.8216885,37.5616205,RES1,RES,R11N,216218.935,108109.467,22.3447870661545,22.8447870661545,Out of floodplain
579535489,-76.82134137,37.560735915,RES1,RES,R12N,199154.604,99577.3022,21.2063633453369,22.7063633453369,Out of floodplain
579535490,-76.8217514,37.561663255,RES1,RES,R11B,288838.228,144419.114,22.3447870661545,24.3447870661545,Out of floodplain
579536229,-76.79745531,37.53324601,RES1,RES,R11N,111498.089,55749.0446,9.6440028913784,10.1440028913784,In floodplain
579536230,-76.79763651,37.533489673,COM1,NONRES,C1LN,307632.423,307632.423,10.686497548418,11.186497548418,In floodplain
579536231,-76.79763651,37.533489673,COM4,NONRES,C4LB,192270.264,192270.264,10.686497548418,11.186497548418,In floodplain
579536232,-76.79780883,37.53372334,GOV1,NONRES,G1LN,564993.676,564993.676,10.42667213274,10.92667213274,In floodplain
579536233,-76.79758511,37.533357396,COM1,NONRES,C1LN,783097.837,783097.837,10.1887064474583,10.6887064474583,In floodplain
579536234,-76.8006405,37.535431,RES1,RES,R11N,110865.024,55432.512,10.3405035254097,11.8405035254097,In floodplain
579536235,-76.8002601,37.535089317,RES1,RES,R12B,333460.929,166730.464,11.1671214160347,13.1671214160347,Out of floodplain
579536236,-76.80042508,37.535310449,RES1,RES,R11N,127974.297,63987.1488,10.5111793192101,12.0111793192101,Out of floodplain
579536237,-76.80052821,37.535594545,RES1,RES,R12N,291454.254,145727.127,8.26700883446693,8.76700883446693,In floodplain
579536238,-76.80111866,37.535663085,COM3,NONRES,C3LN,0,0,8.08293294614792,8.58293294614792,In floodplain
579536239,-76.81051116,37.551974993,COM1,NONRES,C1LN,786714.183,786714.183,27.4577456222153,27.9577456222153,Out of floodplain
579536240,-76.80985685,37.551618787,RES1,RES,R13N,182020.032,91010.0163,27.1889239723969,27.6889239723969,Out of floodplain
579536241,-76.810206,37.551718,RES1,RES,R11N,169922.042,84961.0211,27.1894652639389,27.6894652639389,Out of floodplain
579536242,-76.80927052,37.551901161,RES1,RES,R11N,248862.781,124431.39,27.4399393206787,28.9399393206787,Out of floodplain
579536243,-76.80949291,37.55203114,RES1,RES,R11N,169922.042,84961.0211,27.4631053471374,27.9631053471374,Out of floodplain
579536244,-76.8101051,37.552304379,RES1,RES,R13N,275530.725,137765.362,27.6394193337631,29.1394193337631,Out of floodplain
579536245,-76.79762406,37.53555463,RES1,RES,R11N,118915.742,59457.8714,8.08818237900734,9.58818237900734,In floodplain
579536246,-76.79778218,37.535515967,RES1,RES,R11N,160469.198,80234.5992,7.95435821400642,9.45435821400642,In floodplain
579536247,-76.79750256,37.535170091,COM3,NONRES,C3LN,648041.962,648041.962,10.7822998936558,11.2822998936558,In floodplain
579536248,-76.79768976,37.535022878,COM1,NONRES,C1LN,1144284.27,1144284.27,10.7395316041279,11.2395316041279,In floodplain
579536249,-76.79741183,37.535503967,RES1,RES,R11N,181207.748,90603.874,7.93693363251686,8.43693363251686,In floodplain
579536250,-76.797325,37.535251989,RES1,RES,R12N,216449.889,108224.944,9.35076602060318,10.8507660206032,In floodplain
579536251,-76.79748183,37.55089408,RES1,RES,R12N,256154.895,128077.447,11.1014757367229,12.6014757367229,Out of floodplain
579536252,-76.79767051,37.550737501,RES1,RES,R11B,408234.748,204117.374,11.1419576170349,13.1419576170349,Out of floodplain
579536253,-76.797842,37.551128041,RES1,RES,R12N,308824.178,154412.089,10.6422274095249,11.1422274095249,In floodplain
579536254,-76.79818964,37.550812202,RES1,RES,R12N,328677.913,164338.956,9.94554530202866,10.4455453020287,In floodplain
579536255,-76.798325,37.5335545,RES3A,RES,R3A1N,130220.321,65110.1608,10.3063051638222,11.8063051638222,In floodplain
579536256,-76.79844494,37.533495294,RES1,RES,R11N,180771.401,90385.7008,10.6586883043384,12.1586883043384,Out of floodplain
579536257,-76.7980876,37.533536698,RES1,RES,R11N,323581.515,161790.757,10.8499073637009,12.3499073637009,Out of floodplain
579536258,-76.79863015,37.535255704,RES1,RES,R11B,198262.705,99131.3528,10.9714320081711,12.9714320081711,Out of floodplain
579536227,-76.79753725,37.53328696,COM1,NONRES,C1LN,217762.495,217762.495,10.1883208163452,10.6883208163452,In floodplain
579536228,-76.79753725,37.53328696,COM4,NONRES,C4LN,181468.745,181468.745,10.1883208163452,10.6883208163452,In floodplain
579536259,-76.79846942,37.535023233,RES1,RES,R12N,203121.918,101560.959,10.0900936101532,11.5900936101532,In floodplain
579536260,-76.7985015,37.5347295,RES1,RES,R11B,233503.632,116751.816,10.4748118803883,12.4748118803883,Out of floodplain
579536261,-76.79837056,37.534897205,RES1,RES,R12N,160920.923,80460.4616,10.0351775494576,11.5351775494576,In floodplain
579536262,-76.7990835,37.535409,RES1,RES,R12N,225608.096,112804.048,9.3468917185688,9.8468917185688,In floodplain
579536263,-76.7991555,37.540477,RES1,RES,R11N,231002.711,115501.355,27.7170180131531,35.7170180131531,Out of floodplain
579536264,-76.7989184,37.539957303,RES1,RES,R12B,263341.847,131670.923,28.449848539772,30.449848539772,Out of floodplain
579536265,-76.7990485,37.5403625,RES1,RES,R11B,146901.604,73450.802,27.7080820094299,29.7080820094299,Out of floodplain
579536266,-76.79896567,37.540101495,RES1,RES,R11N,226282.291,113141.145,28.073450671463,29.573450671463,Out of floodplain
579536267,-76.799054,37.540216,RES1,RES,R11B,163578.018,81789.0091,27.7527276106644,29.7527276106644,Out of floodplain
579536268,-76.7998235,37.53608,RES1,RES,R11N,125806.357,62903.1789,8.20099473273277,8.70099473273277,In floodplain
579536269,-76.80402104,37.572130894,RES1,RES,R12B,565274.441,282637.22,13.0282209715653,15.0282209715653,Out of floodplain
579536270,-76.80368159,37.572754367,RES1,RES,R11B,279716.713,139858.356,13.3188788853836,15.3188788853836,Out of floodplain
579536271,-76.80352918,37.571652867,RES1,RES,R11B,336067.666,168033.833,12.6819609960651,14.6819609960651,Out of floodplain
579536272,-76.8027375,37.5718225,RES1,RES,R11B,269362.368,134681.184,12.3536661113834,14.3536661113834,Out of floodplain
579536273,-76.80457264,37.572625717,RES1,RES,R11B,296424.072,148212.036,13.8989822825432,15.8989822825432,Out of floodplain
579536274,-76.80326451,37.57149159,RES1,RES,R11N,231600.641,115800.32,12.2170885558796,13.7170885558796,Out of floodplain
579536275,-76.80388513,37.571897965,RES1,RES,R12N,280991.047,140495.523,12.6563200470066,14.1563200470066,Out of floodplain
579536276,-76.80417922,37.573134728,RES1,RES,R13N,256169.148,128084.574,12.4775264445019,13.9775264445019,Out of floodplain
579536277,-76.80709898,37.545304502,COM8,NONRES,C8LN,720495.762,720495.762,26.3304324578476,26.8304324578476,Out of floodplain
579536278,-76.80996016,37.550365573,COM1,NONRES,C1LN,299430.556,299430.556,27.6598789025116,28.1598789025116,Out of floodplain
579536279,-76.810265,37.550223,RES1,RES,R13B,398361.67,199180.835,27.2766319753265,29.2766319753265,Out of floodplain
579536280,-76.809581,37.5493505,RES1,RES,R12N,208337.868,104168.934,28.0661322846603,36.0661322846603,Out of floodplain
579536281,-76.809581,37.5493505,IND6,NONRES,I6LN,120835.006,120835.006,28.0661322846603,28.5661322846603,Out of floodplain
579536282,-76.8098625,37.5490255,RES1,RES,R12B,274062.047,137031.023,27.4041327287293,29.4041327287293,Out of floodplain
579536283,-76.8098625,37.5490255,COM1,NONRES,C1LN,489459.155,489459.155,27.4041327287293,27.9041327287293,Out of floodplain
579536284,-76.81459787,37.552580782,RES3B,RES,R3B1N,364428.835,182214.417,25.1067099507904,25.6067099507904,Out of floodplain
579536285,-76.8143239,37.552545885,RES3B,RES,R3B1N,548140.361,274070.18,24.5815366941643,26.0815366941643,Out of floodplain
579536286,-76.814723,37.552848,COM1,NONRES,C1LN,552749.009,552749.009,25.3279996326256,25.8279996326256,Out of floodplain
579536752,-76.79331622,37.528421568,RES1,RES,R11N,116685.633,58342.8165,8.69292940338135,9.19292940338135,In floodplain
579536753,-76.79332327,37.528757501,RES1,RES,R12N,181244.067,90622.0339,6.21770917146206,7.71770917146206,In floodplain
579536754,-76.79371382,37.528330516,RES1,RES,R12B,214716.115,107358.057,9.06718244306564,11.0671824430656,In floodplain
579536755,-76.79388557,37.52832824,RES1,RES,R13B,274978.148,137489.074,8.76579178177834,10.7657917817783,In floodplain
579536756,-76.79357143,37.528419599,RES1,RES,R12B,189827.774,94913.8871,9.31045153391838,11.3104515339184,In floodplain
579536757,-76.79317951,37.528559106,RES1,RES,R12N,155075.574,77537.7872,7.93425846333504,8.43425846333504,In floodplain
579536758,-76.79380039,37.52887942,RES1,RES,R11B,196810.761,98405.3809,9.81858114688873,11.8185811468887,In floodplain
579536759,-76.79579286,37.533200141,RES1,RES,R11N,159012.48,79506.2403,9.62402985924721,11.1240298592472,In floodplain
579536760,-76.79565206,37.533019271,RES1,RES,R12N,205383.104,102691.552,9.89918821828842,11.3991882182884,In floodplain
579536761,-76.79587494,37.533526303,RES1,RES,R12N,299658.462,149829.231,9.49404948996544,10.9940494899654,In floodplain
579536762,-76.79583243,37.533314641,RES1,RES,R12B,199772.209,99886.1045,9.75311694104195,11.7531169410419,In floodplain
579536763,-76.7991286,37.536278694,RES1,RES,R12N,233026.74,116513.37,6.94560354161263,14.9456035416126,Out of floodplain
579536764,-76.7993853,37.536584962,RES1,RES,R11N,226141.632,113070.816,7.58113691354752,15.5811369135475,Out of floodplain
579536765,-76.8016239,37.536887805,RES1,RES,R11B,123951.669,61975.8346,7.99144998226166,9.99144998226166,In floodplain
579536766,-76.82142997,37.556292298,RES1,RES,R11N,339207.537,169603.768,23.0453012361717,24.5453012361717,Out of floodplain
579536767,-76.82193832,37.556655108,RES1,RES,R11N,289987.132,144993.566,23.0863502210617,24.5863502210617,Out of floodplain
579536768,-76.82245885,37.556159396,RES1,RES,R11N,303475.529,151737.764,24.6000203923416,26.1000203923416,Out of floodplain
579536769,-76.8216935,37.556024006,RES1,RES,R11N,305267.495,152633.747,24.9122548753738,26.4122548753738,Out of floodplain
579536770,-76.79782185,37.534946386,RES1,RES,R13B,270090.215,135045.107,10.5403801205921,12.5403801205921,Out of floodplain
579536771,-76.7979555,37.535042,RES3A,RES,R3A1B,109434.044,54717.0224,10.4285729108429,12.4285729108429,Out of floodplain
579536772,-76.79805908,37.535305619,RES3A,RES,R3A1N,211952.642,105976.321,9.44699858310699,17.446998583107,Out of floodplain
579536773,-76.79798378,37.535178643,RES3A,RES,R3A1N,130033.668,65016.834,10.4420215025806,11.9420215025806,In floodplain
579536774,-76.7980815,37.535428,RES1,RES,R12N,258930.57,129465.285,8.93121266722679,10.4312126672268,In floodplain
579536775,-76.79819039,37.535441258,RES1,RES,R11N,230290.822,115145.411,9.24012117968559,10.7401211796856,In floodplain
579536828,-76.79724643,37.532731811,RES1,RES,R12N,746423.44,373211.72,10.219351214428,10.719351214428,In floodplain
579536829,-76.79724643,37.532731811,COM4,NONRES,C4LN,62576.0883,62576.0883,10.219351214428,10.719351214428,In floodplain
579536830,-76.79708178,37.532501189,RES1,RES,R11N,319056.61,159528.305,9.64830741067886,10.1483074106789,In floodplain
579536831,-76.79708178,37.532501189,COM1,NONRES,C1LN,147477.525,147477.525,9.64830741067886,10.1483074106789,In floodplain
579536832,-76.79743882,37.533023141,RES1,RES,R11N,302067.713,151033.856,9.68449572267532,10.1844957226753,In floodplain
579536833,-76.79743882,37.533023141,COM1,NONRES,C1LN,147459.618,147459.618,9.68449572267532,10.1844957226753,In floodplain
579536834,-76.79730101,37.532791207,COM3,NONRES,C3LN,876543.293,876543.293,9.83225423381805,10.3322542338181,In floodplain
579536835,-76.79987092,37.535611295,REL1,NONRES,RE1LN,852068.133,852068.133,8.99186547961235,9.49186547961235,In floodplain
579536836,-76.79983424,37.535285702,RES3A,RES,R3A1N,582104.068,291052.034,10.5877814589691,11.0877814589691,In floodplain
579536837,-76.79993408,37.535350891,RES1,RES,R12N,306309.511,153154.755,10.5017818096924,12.0017818096924,Out of floodplain
579536838,-76.79985382,37.534345572,RES1,RES,R12N,208823.645,104411.822,11.0375423221302,11.5375423221302,In floodplain
579536839,-76.80000288,37.534708099,RES1,RES,R12B,147860.951,73930.4755,10.9808780149078,12.9808780149078,Out of floodplain
579536840,-76.80168021,37.537797855,RES1,RES,R11N,133169.097,66584.5488,7.32875034550667,8.82875034550667,In floodplain
579536883,-76.79682368,37.536195945,RES1,RES,R11N,132370.153,66185.0766,9.18424769001961,10.6842476900196,In floodplain
579536884,-76.79698853,37.536426885,RES1,RES,R12N,194500.072,97250.036,9.29458824999809,10.7945882499981,In floodplain
579536885,-76.79689108,37.536317705,RES1,RES,R12N,153066.266,76533.1331,9.34901229858398,10.849012298584,In floodplain
579536890,-76.80013904,37.540513697,RES1,RES,R11N,139390.671,69695.3356,25.5567641439056,27.0567641439056,Out of floodplain
579536891,-76.80052573,37.540796497,RES1,RES,R11N,159012.48,79506.2403,25.0535569986725,26.5535569986725,Out of floodplain
579536892,-76.8006568,37.540744418,RES1,RES,R12N,152928.198,76464.0993,24.1014580291557,25.6014580291557,Out of floodplain
579536893,-76.80040583,37.540900554,RES1,RES,R12N,210041.613,105020.806,25.3829172577476,26.8829172577476,Out of floodplain
579536930,-76.79532004,37.527187677,RES1,RES,R11N,182382.981,91191.4905,3.8573948869276,5.3573948869276,In floodplain
579536931,-76.79519551,37.527033929,RES1,RES,R11N,299660.316,149830.158,4.49538088838577,4.99538088838577,In floodplain
579536932,-76.79543649,37.527416907,RES1,RES,R11N,287590.854,143795.427,3.31658949038506,4.81658949038506,In floodplain
579536933,-76.79565743,37.535771851,RES1,RES,R12B,227703.102,113851.551,7.75352184321403,9.75352184321403,In floodplain
579536934,-76.79541984,37.535832483,RES1,RES,R13N,185147.198,92573.5993,6.32904431553841,7.82904431553841,In floodplain
579536935,-76.79589674,37.536261221,RES1,RES,R12B,231380.547,115690.273,8.28776642644882,10.2877664264488,In floodplain
579536936,-76.79731768,37.535718433,RES1,RES,R11B,315892.431,157946.215,7.67442053224564,9.67442053224564,In floodplain
579536937,-76.79695176,37.535350067,RES1,RES,R12N,159385.606,79692.8034,7.85546221551895,9.35546221551895,In floodplain
579536938,-76.79703013,37.535461296,RES1,RES,R12B,210486.331,105243.165,7.40832567768097,9.40832567768097,In floodplain
579536939,-76.79711295,37.535608995,RES1,RES,R12N,224046.289,112023.144,6.79918809055328,8.29918809055328,In floodplain
579536940,-76.79879061,37.540503231,RES1,RES,R11N,138752.504,69376.2524,28.0122815983582,29.5122815983582,Out of floodplain
579536941,-76.79846103,37.540301934,RES3A,RES,R3A1B,137903.47,68951.7351,26.6386025610352,28.6386025610352,Out of floodplain
579536942,-76.79808229,37.540434529,RES1,RES,R11B,339295.366,169647.683,26.0486964679146,28.0486964679146,Out of floodplain
579536943,-76.79868636,37.540629796,RES1,RES,R11N,134537.711,67268.8558,28.1107966590118,29.6107966590118,Out of floodplain
579536944,-76.7983249,37.540758812,RES1,RES,R11B,280979.863,140489.931,28.2089362573242,30.2089362573242,Out of floodplain
579536949,-76.79617896,37.536418747,RES1,RES,R11B,282896.783,141448.391,8.01778319001198,10.017783190012,In floodplain
579536950,-76.79653499,37.536375828,RES1,RES,R11N,129688.805,64844.4026,9.04166977697373,10.5416697769737,In floodplain
579536962,-76.7943145,37.528406,RES1,RES,R12B,330226.036,165113.018,10.5684005622387,12.5684005622387,Out of floodplain
579536963,-76.7945105,37.5285925,RES1,RES,R13N,240639.919,120319.959,10.659642604456,12.159642604456,Out of floodplain
579536964,-76.79407535,37.528254977,RES1,RES,R11B,174267.158,87133.5792,9.50298158262253,11.5029815826225,In floodplain
579536965,-76.79635856,37.536016688,RES1,RES,R12B,196411.392,98205.696,9.12064671604156,11.1206467160416,In floodplain
579536966,-76.79595359,37.536015905,RES1,RES,R11N,206804.828,103402.414,8.78926052474976,10.2892605247498,In floodplain
579536967,-76.79614461,37.535616113,RES1,RES,R12N,192193.764,96096.8821,9.11395801087379,10.6139580108738,In floodplain
579536968,-76.79586734,37.535756872,RES1,RES,R12B,169404.825,84702.4128,9.13835758756638,11.1383575875664,In floodplain
579536969,-76.79625115,37.536108138,RES1,RES,R11N,126804.013,63402.0065,9.06083791171074,10.5608379117107,In floodplain
579536982,-76.79364331,37.529354955,RES1,RES,R13N,376140.449,188070.224,8.61583681593895,10.115836815939,In floodplain
579536983,-76.793671,37.529471,RES1,RES,R12B,290103.104,145051.552,7.04313770689964,9.04313770689964,In floodplain
579536984,-76.7935395,37.5292515,RES1,RES,R11N,161343.229,80671.6145,8.05750163022995,9.55750163022995,In floodplain
579536985,-76.79390457,37.529693603,RES1,RES,R11N,296598.924,148299.462,9.44575095303535,10.9457509530354,In floodplain
579536986,-76.7940135,37.529584984,REL1,NONRES,RE1LN,1602308.75,1602308.75,10.0336021720505,10.5336021720505,In floodplain
579536987,-76.79751126,37.530950378,RES1,RES,R11B,215397.826,107698.913,5.17267897029877,7.17267897029877,In floodplain
579536988,-76.79564116,37.526377338,RES1,RES,R12N,297197.63,148598.815,5.3765385951519,6.8765385951519,In floodplain
579536989,-76.79283805,37.527231179,RES1,RES,R13B,294677.603,147338.801,9.56029356238365,11.5602935623837,In floodplain
579536990,-76.7924224,37.527250934,RES1,RES,R12B,337226.538,168613.269,8.27147214304924,10.2714721430492,In floodplain
579536991,-76.79575033,37.526411523,RES1,RES,R11B,293743.692,146871.846,3.06562459485531,5.06562459485531,In floodplain
579536992,-76.79367632,37.52704196,RES1,RES,R12N,231017.768,115508.884,5.79140492696762,7.29140492696762,In floodplain
579536993,-76.79350018,37.527134521,RES1,RES,R11N,226083.226,113041.613,6.39405092665672,7.89405092665672,In floodplain
579536994,-76.79321222,37.527280493,RES1,RES,R11N,206198.685,103099.342,6.89286203364372,7.39286203364372,In floodplain
579537007,-76.79384987,37.527626678,RES3A,RES,R3A1N,158885.195,79442.5978,9.70849245956421,11.2084924595642,In floodplain
579537008,-76.79404874,37.527877419,RES1,RES,R11B,221842.984,110921.492,10.197355378933,12.197355378933,Out of floodplain
579537016,-76.79958674,37.534792103,RES1,RES,R12B,194431.225,97215.6129,10.9322759792519,12.9322759792519,Out of floodplain
579537025,-76.801236,37.537044,RES1,RES,R11B,245158.244,122579.122,8.14682412122727,10.1468241212273,In floodplain
579537036,-76.79823367,37.532437489,RES1,RES,R11N,121842.349,60921.1746,10.7450712380886,12.2450712380886,Out of floodplain
579537037,-76.7982885,37.532541,RES1,RES,R11N,137123.522,68561.761,10.5323859015751,18.5323859015751,Out of floodplain
579537038,-76.798181,37.5322835,RES1,RES,R11N,150405.816,75202.9084,10.5914023239231,12.0914023239231,Out of floodplain
579537039,-76.79851081,37.539266057,RES1,RES,R13B,211188.484,105594.242,28.7190331365204,30.7190331365204,Out of floodplain
579537040,-76.79873195,37.539566235,RES1,RES,R11N,167277.035,83638.5177,28.6615216923904,30.1615216923904,Out of floodplain
579537041,-76.79887396,37.539784509,RES1,RES,R11B,257515.282,128757.641,28.5186175964356,30.5186175964356,Out of floodplain
579537063,-76.7955425,37.528912,IND2,NONRES,I2LN,1880921.57,2821382.35,9.24645788890839,9.74645788890839,In floodplain
579537064,-76.79579293,37.528691731,RES1,RES,R13N,441656.237,220828.118,5.26098693076134,6.76098693076134,In floodplain
579537065,-76.796047,37.5284385,RES1,RES,R11N,119319.92,59659.9603,4.29736204957962,5.79736204957962,In floodplain
579537066,-76.79549526,37.528863032,RES1,RES,R11B,97796.5056,48898.2528,9.13254730783463,11.1325473078346,In floodplain
579537084,-76.802748,37.537427,RES1,RES,R12N,150045.209,75022.6046,9.88238940736771,11.3823894073677,In floodplain
579537096,-76.79402335,37.52691826,RES1,RES,R12N,354919.75,177459.875,1.29207444852591,9.29207444852591,In floodplain
579537121,-76.83005552,37.563366158,COM8,NONRES,C8LB,256282.633,256282.633,18.5772008157349,19.0772008157349,Out of floodplain
579537122,-76.81011678,37.548741643,IND2,NONRES,I2LN,177187.519,265781.279,25.6888252003288,26.1888252003288,Out of floodplain
579537123,-76.80892842,37.546443459,IND2,NONRES,I2LN,298853.584,448280.376,21.9146777454948,22.4146777454948,Out of floodplain
579537124,-76.79699877,37.537087793,COM4,NONRES,C4LN,214303.884,214303.884,4.01195161308765,4.51195161308765,In floodplain
579537125,-76.79674178,37.533694527,REL1,NONRES,RE1LN,263042.825,263042.825,9.97047443706512,10.4704744370651,In floodplain
579537126,-76.79666373,37.53372151,REL1,NONRES,RE1LN,263042.825,263042.825,9.67281336836815,10.1728133683681,In floodplain
579537127,-76.79727502,37.532611833,COM1,NONRES,C1LN,147477.941,147477.941,10.4086225628948,18.4086225628948,Out of floodplain
579537128,-76.79736825,37.532056303,IND2,NONRES,I2LN,177187.519,265781.279,10.5852744656277,11.0852744656277,In floodplain
579537129,-76.79749719,37.531608885,COM1,NONRES,C1LN,147477.941,147477.941,11.0388580047512,11.5388580047512,In floodplain
579537130,-76.7968053,37.532917751,COM5,NONRES,C5LN,259839.95,259839.95,10.2381892551899,10.7381892551899,In floodplain
579537131,-76.79707946,37.532259105,COM1,NONRES,C1LN,147477.941,147477.941,9.64068161408424,10.1406816140842,In floodplain
579537132,-76.79696266,37.532045748,COM8,NONRES,C8LN,184347.427,184347.427,10.5857523978996,11.0857523978996,In floodplain
579537133,-76.79693927,37.532003095,COM1,NONRES,C1LN,147477.941,147477.941,10.6284643680763,11.1284643680763,In floodplain
579537134,-76.79624787,37.531899351,COM4,NONRES,C4LN,184347.427,184347.427,10.2698501171207,10.7698501171207,In floodplain
579537135,-76.79365467,37.533441183,COM4,NONRES,C4LN,184347.427,184347.427,2.61829837031364,3.11829837031364,In floodplain
579537136,-76.79369232,37.53236999,COM4,NONRES,C4LN,184347.427,184347.427,4.22418365704536,4.72418365704536,In floodplain
579537137,-76.8187777,37.557498679,REL1,NONRES,RE1LN,263042.825,263042.825,22.5723422758102,23.0723422758102,Out of floodplain
579537138,-76.81851925,37.557027513,REL1,NONRES,RE1LN,406686.385,406686.385,23.211006847229,23.711006847229,Out of floodplain
579537139,-76.81727818,37.556095981,REL1,NONRES,RE1LN,263042.825,263042.825,23.3304382891464,23.8304382891464,Out of floodplain
579537140,-76.81752686,37.556281987,REL1,NONRES,RE1LN,263042.825,263042.825,24.3699386340141,24.8699386340141,Out of floodplain
579537141,-76.81373518,37.558180025,REL1,NONRES,RE1LN,263042.825,263042.825,11.4776279900837,11.9776279900837,In floodplain
579537142,-76.81275376,37.552682167,COM8,NONRES,C8LN,173854.599,173854.599,24.1836529933739,24.6836529933739,Out of floodplain
579537143,-76.81249099,37.550670922,COM4,NONRES,C4LN,184347.427,184347.427,24.8642504506111,25.3642504506111,Out of floodplain
579539783,-76.82837322,37.565993642,RES1,RES,R11N,196743.219,98371.6099,20.7257856282997,21.2257856282997,Out of floodplain
579539784,-76.82435308,37.562848671,RES1,RES,R12B,291911.107,145955.553,16.3881990465546,18.3881990465546,Out of floodplain
579539785,-76.82917789,37.557964795,RES1,RES,R12N,298504.185,149252.092,20.8909374324036,22.3909374324036,Out of floodplain
579539786,-76.82263548,37.561107303,RES1,RES,R11N,220269.92,110134.96,21.0177717401505,21.5177717401505,Out of floodplain
579539787,-76.82274344,37.561015643,RES1,RES,R12N,241843.461,120921.73,21.0201183797836,21.5201183797836,Out of floodplain
579539788,-76.82257472,37.561158892,RES1,RES,R12B,285287.546,142643.773,21.3288767073059,23.3288767073059,Out of floodplain
579539789,-76.82727461,37.558243279,RES1,RES,R13N,372349.351,186174.675,21.2881812827873,22.7881812827873,Out of floodplain
579539790,-76.82245207,37.557148278,RES1,RES,R12N,266285.835,133142.917,21.4298698194122,22.9298698194122,Out of floodplain
579539791,-76.82319881,37.554490373,RES1,RES,R11B,254590.594,127295.297,26.1800363237572,28.1800363237572,Out of floodplain
579539792,-76.80975027,37.549222284,RES1,RES,R11N,156615.63,78307.8153,27.2914815109253,28.7914815109253,Out of floodplain
579539793,-76.80889232,37.549287612,RES1,RES,R11N,140271.215,70135.6075,28.1209998481369,29.6209998481369,Out of floodplain
579539794,-76.80839866,37.548526269,RES1,RES,R11N,126433.823,63216.9118,28.8453198950195,36.8453198950195,Out of floodplain
579539795,-76.80863825,37.548328104,RES1,RES,R11N,122536.157,61268.0785,27.2278062266922,28.7278062266922,Out of floodplain
579539796,-76.80816338,37.548727158,RES1,RES,R12N,161454.256,80727.128,28.6899754801559,30.1899754801559,Out of floodplain
579539797,-76.80778604,37.547873915,RES1,RES,R12N,163416.92,81708.4604,28.7824737567902,30.2824737567902,Out of floodplain
579539798,-76.80733102,37.547724215,RES1,RES,R12N,293390.505,146695.252,28.2441953000259,28.7441953000259,Out of floodplain
579539799,-76.80757005,37.547525118,RES1,RES,R12N,227813.647,113906.823,27.1934733244324,28.6934733244324,Out of floodplain
579539800,-76.80721111,37.547824084,RES1,RES,R11N,121904.64,60952.32,29.0364928038025,30.5364928038025,Out of floodplain
579539801,-76.8081308,37.547234641,RES1,RES,R11N,166045.747,83022.8737,25.9128338552856,27.4128338552856,Out of floodplain
579539802,-76.80711649,37.547185003,RES1,RES,R11N,112922.433,56461.2166,27.6214378164673,29.1214378164673,Out of floodplain
579539803,-76.80699731,37.547284902,RES1,RES,R11N,180194.971,90097.4859,28.1262375477982,29.6262375477982,Out of floodplain
579539804,-76.80735793,37.546986269,RES1,RES,R11N,166045.747,83022.8737,27.1225297150421,28.6225297150421,Out of floodplain
579539805,-76.80647001,37.547226782,RES3A,RES,R3A1N,271172.036,135586.018,28.4457247117233,28.9457247117233,Out of floodplain
579539806,-76.80600743,37.54691285,RES1,RES,R11N,144675.706,72337.8532,28.0902745132065,29.5902745132065,Out of floodplain
579539807,-76.80648246,37.546515671,RES1,RES,R11N,172446.474,86223.2371,28.3835293748856,29.8835293748856,Out of floodplain
579539808,-76.80594785,37.545579631,RES1,RES,R11N,133629.479,66814.7397,27.9329151171112,28.4329151171112,Out of floodplain
579539809,-76.80365294,37.545278858,RES1,RES,R11N,137518.851,68759.4256,25.5282556012154,27.0282556012154,Out of floodplain
579539810,-76.79123303,37.544757535,RES1,RES,R11B,254590.594,127295.297,2.37319811833382,4.37319811833382,In floodplain
579539811,-76.80129936,37.544284317,RES3A,RES,R3A1N,306206.087,153103.043,28.590903483696,30.090903483696,Out of floodplain
579539812,-76.80077805,37.54397388,RES1,RES,R11N,133629.479,66814.7397,27.7996165993881,28.2996165993881,Out of floodplain
579539813,-76.79998327,37.543842603,RES1,RES,R11N,201315.129,100657.564,27.7683343286514,29.2683343286514,Out of floodplain
579539814,-76.80020587,37.543265496,RES1,RES,R11N,119319.92,59659.9603,28.0327912287521,29.5327912287521,Out of floodplain
579539815,-76.80157632,37.542284829,RES1,RES,R12N,181972.085,90986.0428,25.220282615757,26.720282615757,Out of floodplain
579539816,-76.80107741,37.542058909,RES1,RES,R12B,191803.541,95901.7707,26.2197054845428,28.2197054845428,Out of floodplain
579539817,-76.8004782,37.541620837,RES1,RES,R11N,130527.645,65263.8228,26.2975450856018,27.7975450856018,Out of floodplain
579539818,-76.80057477,37.540455129,RES1,RES,R11N,139200.027,69600.0135,21.6500800470161,23.1500800470161,Out of floodplain
579539819,-76.79975662,37.543429302,RES1,RES,R11N,150269.488,75134.7441,27.9202307476807,29.4202307476807,Out of floodplain
579539820,-76.79972204,37.542031355,RES1,RES,R12N,167763.78,83881.8901,28.5300691978455,30.0300691978455,Out of floodplain
579539821,-76.79841421,37.542132445,RES1,RES,R12B,189437.184,94718.5924,21.3028618603325,23.3028618603325,Out of floodplain
579539822,-76.79930822,37.541287555,RES1,RES,R12B,286497.318,143248.659,27.8138716529465,29.8138716529465,Out of floodplain
579539823,-76.8021201,37.537206572,RES1,RES,R11N,104549.579,52274.7896,8.58463276652336,10.0846327665234,In floodplain
579539824,-76.79962854,37.540064573,RES1,RES,R11N,114095.377,57047.6888,25.7896321456909,27.2896321456909,Out of floodplain
579539825,-76.7999264,37.539270429,RES1,RES,R11N,120957.747,60478.8739,19.2114364959526,20.7114364959526,Out of floodplain
579539826,-76.79915131,37.539191581,RES1,RES,R11B,166222.961,83111.4805,27.3151669269562,29.3151669269562,Out of floodplain
579539827,-76.79868198,37.539502439,RES1,RES,R12B,188956.394,94478.1973,28.7423681210327,30.7423681210327,Out of floodplain
579539828,-76.79784312,37.539940121,RES1,RES,R12N,158222.93,79111.4653,25.0778040437889,26.5778040437889,Out of floodplain
579539829,-76.79798314,37.539547794,RES1,RES,R12N,185909.929,92954.9647,27.9575047716141,35.9575047716141,Out of floodplain
579539830,-76.79775871,37.539138301,RES1,RES,R12N,225272.46,112636.23,23.2110803752708,24.7110803752708,Out of floodplain
579539831,-76.79827445,37.538760118,RES1,RES,R12N,160844.562,80422.2812,28.4544229226303,29.9544229226303,Out of floodplain
579539832,-76.79683836,37.539255067,RES1,RES,R11N,145406.081,72703.0407,21.5968629534149,23.0968629534149,Out of floodplain
579539833,-76.79830505,37.537649874,RES1,RES,R12N,293390.505,146695.252,8.05701118254662,8.55701118254662,In floodplain
579539834,-76.79984554,37.536483768,RES1,RES,R11B,148172.754,74086.377,8.09811883342743,10.0981188334274,In floodplain
579539835,-76.79595746,37.536691576,RES1,RES,R12N,160308.842,80154.4213,4.52249161606789,6.02249161606789,In floodplain
579539836,-76.80058081,37.534157624,RES1,RES,R12N,214619.444,107309.722,2.90827536753178,3.40827536753178,In floodplain
579539837,-76.79976578,37.535735527,RES1,RES,R11N,133629.479,66814.7397,8.41979541213036,8.91979541213036,In floodplain
579539838,-76.79953945,37.53541808,RES1,RES,R12N,214619.444,107309.722,9.28509609268188,9.78509609268188,In floodplain
579539839,-76.79941944,37.534571743,RES1,RES,R11B,161239.563,80619.7816,10.7703242093945,12.7703242093945,Out of floodplain
579539840,-76.79918612,37.534643731,RES1,RES,R11N,144732.349,72366.1747,11.1084343054485,12.6084343054485,Out of floodplain
579539841,-76.79870713,37.534313869,RES1,RES,R12N,192435.058,96217.5293,10.5860598076916,12.0860598076916,Out of floodplain
579539842,-76.79965465,37.533788628,RES1,RES,R11B,169666.843,84833.4219,9.40111395614624,11.4011139561462,In floodplain
579539843,-76.79814884,37.534195761,RES1,RES,R13B,414693.895,207346.947,10.7311368919468,12.7311368919468,Out of floodplain
579539844,-76.79550948,37.535020479,RES1,RES,R11N,192400.695,96200.3476,6.16967345817089,7.66967345817089,In floodplain
579539845,-76.79707896,37.534480555,RES1,RES,R12N,205880.339,102940.169,9.72528814163208,11.2252881416321,In floodplain
579539846,-76.79830464,37.533154263,RES1,RES,R11N,133629.479,66814.7397,9.81940872846603,10.319408728466,In floodplain
579539847,-76.79812204,37.532205613,RES1,RES,R11N,192400.695,96200.3476,10.7612215942574,11.2612215942574,In floodplain
579539848,-76.79446693,37.53180544,RES1,RES,R12N,173317.436,86658.718,6.44235924125195,7.94235924125195,In floodplain
579539849,-76.79836044,37.53080763,RES1,RES,R11N,133629.479,66814.7397,2.45094268048763,3.95094268048763,In floodplain
579539850,-76.79728736,37.530683249,RES1,RES,R11N,164956.107,82478.0537,6.25289038394928,7.75289038394928,In floodplain
579539851,-76.79643971,37.530190221,RES1,RES,R12B,197932.557,98966.2786,10.1426497335911,12.1426497335911,Out of floodplain
579539852,-76.79542097,37.529230253,RES3A,RES,R3A1N,171160.668,85580.334,10.1733891483593,10.6733891483593,In floodplain
579539853,-76.79513859,37.528714388,RES1,RES,R12B,204002.705,102001.352,9.74496940823555,11.7449694082355,In floodplain
579539854,-76.79493209,37.528337377,RES1,RES,R13N,309169.228,154584.614,9.56448622519493,11.0644862251949,In floodplain
579539855,-76.79615556,37.527176455,RES1,RES,R12N,287801.203,143900.601,2.54804408631563,4.04804408631563,In floodplain
579539856,-76.79598606,37.527234923,RES1,RES,R12N,224891.231,112445.615,2.09707333487034,3.59707333487034,In floodplain
579539857,-76.79546766,37.527364211,RES1,RES,R12N,298367.413,149183.706,4.30229273055553,4.80229273055553,In floodplain
579539858,-76.7898519,37.543260421,RES1,RES,R11N,196743.219,98371.6099,5.02836728167057,5.52836728167057,In floodplain
579539859,-76.79208489,37.540696123,RES1,RES,R11N,185240.494,92620.247,1.55290764814973,3.05290764814973,In floodplain
579539860,-76.78860405,37.543132759,RES1,RES,R11N,196743.219,98371.6099,3.927683001647,4.427683001647,In floodplain
579539861,-76.79411006,37.533131938,RES1,RES,R11B,148864.626,74432.3134,2.21029869717121,4.21029869717121,In floodplain
579539862,-76.79291456,37.531822873,RES1,RES,R12N,196637.955,98318.9778,-2.85433081564426,-1.35433081564426,In floodplain
579539863,-76.79373203,37.531112934,RES1,RES,R12N,188577.339,94288.6697,3.93638825247288,5.43638825247288,In floodplain
579539864,-76.79377917,37.53054905,RES1,RES,R11N,192400.695,96200.3476,5.53136283823013,6.03136283823013,In floodplain
579539865,-76.79406402,37.529697623,RES1,RES,R12N,213459.9,106729.95,9.80132083017349,11.3013208301735,In floodplain
579539866,-76.79411973,37.528665779,RES1,RES,R12N,311999.496,155999.748,8.40409404634476,9.90409404634476,In floodplain
579539867,-76.79371386,37.527923915,RES1,RES,R13N,427265.431,213632.715,9.75502867012978,11.2550286701298,In floodplain
579539868,-76.79583218,37.526953317,RES1,RES,R12B,174545.28,87272.64,2.21525069345713,4.21525069345713,In floodplain
579539869,-76.7946794,37.526711461,RES1,RES,R11N,133629.479,66814.7397,4.24479653958321,4.74479653958321,In floodplain
579539870,-76.79505432,37.526606379,RES1,RES,R11N,133629.479,66814.7397,4.21032831443787,4.71032831443787,In floodplain
579539871,-76.79421362,37.526845662,RES1,RES,R11N,192400.695,96200.3476,-1.06908912400246,-0.569089124002457,In floodplain
579539872,-76.82186352,37.561640851,RES1,RES,R11N,208455.229,104227.614,22.2382245959854,23.7382245959854,Out of floodplain
579539873,-76.82166067,37.561752587,RES1,RES,R11N,195236.384,97618.1923,22.3213644737625,23.8213644737625,Out of floodplain
579539874,-76.81958911,37.558993885,RES3A,RES,R3A1N,221535.442,110767.721,21.9072889595032,22.4072889595032,Out of floodplain
579539875,-76.81788085,37.559319187,RES1,RES,R12N,235535.002,117767.501,21.824834300499,23.324834300499,Out of floodplain
579539876,-76.82219933,37.55649124,RES1,RES,R12B,332073.115,166036.557,23.4085375849914,25.4085375849914,Out of floodplain
579539877,-76.82066512,37.557091457,RES1,RES,R12N,251521.359,125760.679,20.1307278789711,20.6307278789711,Out of floodplain
579539878,-76.81968156,37.556752467,RES3A,RES,R3A1N,193827.578,96913.7892,23.7016735502624,24.2016735502624,Out of floodplain
579539879,-76.82039783,37.557312173,RES1,RES,R12B,305410.575,152705.287,20.8231774307823,22.8231774307823,Out of floodplain
579539880,-76.82000711,37.556380929,RES3A,RES,R3A1N,194731.473,97365.7368,24.064260662117,24.564260662117,Out of floodplain
579539881,-76.81895789,37.556068542,RES1,RES,R12B,329890.579,164945.289,23.5482612020302,25.5482612020302,Out of floodplain
579539882,-76.81803371,37.554764432,RES1,RES,R11N,196743.219,98371.6099,24.0140003344536,24.5140003344536,Out of floodplain
579539883,-76.81733563,37.554856744,RES1,RES,R11B,254590.594,127295.297,24.7346314638329,26.7346314638329,Out of floodplain
579539884,-76.81834096,37.554010699,RES1,RES,R11B,224945.056,112472.528,24.1771887833977,26.1771887833977,Out of floodplain
579539885,-76.8183838,37.55377699,RES1,RES,R11N,196743.219,98371.6099,24.2964794269371,24.7964794269371,Out of floodplain
579539886,-76.81825202,37.553689592,RES1,RES,R12B,276430.416,138215.208,24.5471850187874,26.5471850187874,Out of floodplain
579539887,-76.81715332,37.5542135,RES3A,RES,R3A1N,210398.99,105199.495,24.3875431245422,25.8875431245422,Out of floodplain
579539888,-76.81798877,37.553514881,RES1,RES,R12B,286188.856,143094.428,23.9756781448174,25.9756781448174,Out of floodplain
579539889,-76.81775038,37.553912979,RES1,RES,R11N,196743.219,98371.6099,24.8925290226173,25.3925290226173,Out of floodplain
579539890,-76.81745268,37.553561368,RES1,RES,R11N,196743.219,98371.6099,24.7315980410004,25.2315980410004,Out of floodplain
579539891,-76.81696034,37.55320386,RES1,RES,R11N,154169.848,77084.9243,24.5612492123222,25.0612492123222,Out of floodplain
579539892,-76.81781086,37.552409489,RES1,RES,R11N,196743.219,98371.6099,21.4950000202179,21.9950000202179,Out of floodplain
579539893,-76.80860155,37.570739937,RES1,RES,R11N,196743.219,98371.6099,9.19340506008148,9.69340506008148,In floodplain
579539894,-76.80581341,37.568595546,RES1,RES,R12N,282256.264,141128.132,10.6243874728203,12.1243874728203,Out of floodplain
579539895,-76.80928175,37.567759763,RES1,RES,R12N,237949.332,118974.666,13.1290294813538,14.6290294813538,Out of floodplain
579539896,-76.8101161,37.563200976,RES1,RES,R12N,258453.688,129226.844,16.1750490753937,24.1750490753937,Out of floodplain
579539897,-76.81061295,37.562990113,RES1,RES,R13N,349876.103,174938.051,14.9247344480133,16.4247344480133,Out of floodplain
579539898,-76.81058832,37.562388731,RES1,RES,R12N,264970.203,132485.101,15.3983270010757,16.8983270010757,Out of floodplain
579539899,-76.80933133,37.562051056,RES1,RES,R12N,243754.721,121877.36,14.7970365768814,16.2970365768814,Out of floodplain
579539900,-76.80717105,37.562387558,RES1,RES,R11N,172840.831,86420.4157,9.98275674890518,17.9827567489052,Out of floodplain
579539901,-76.80026953,37.568085051,RES1,RES,R11N,196743.219,98371.6099,10.3272348427105,10.8272348427105,In floodplain
579539902,-76.80154782,37.567317255,RES1,RES,R11B,254590.594,127295.297,11.466473629694,13.466473629694,Out of floodplain
579539903,-76.80407846,37.565607122,RES1,RES,R11N,196743.219,98371.6099,11.910404657793,12.410404657793,Out of floodplain
579539904,-76.79546845,37.566625138,RES1,RES,R11N,196743.219,98371.6099,2.42953585154057,2.92953585154057,In floodplain
579539905,-76.80222005,37.564531988,RES1,RES,R11B,254590.594,127295.297,12.160041746397,14.160041746397,Out of floodplain
579539906,-76.80534924,37.563970019,RES1,RES,R12N,300889.209,150444.604,10.5967354535961,11.0967354535961,In floodplain
579539907,-76.8001076,37.56211382,RES1,RES,R12N,244795.74,122397.87,9.87831720539093,11.3783172053909,In floodplain
579539908,-76.79894012,37.563107089,RES1,RES,R12N,240588.342,120294.171,11.7377428246498,13.2377428246498,Out of floodplain
579539909,-76.79975401,37.562411027,RES1,RES,R12N,241458.344,120729.172,9.48391357117653,10.9839135711765,In floodplain
579539910,-76.79945956,37.562012446,RES1,RES,R12B,310535.685,155267.842,8.26465750155449,10.2646575015545,In floodplain
579539911,-76.79322051,37.56232826,RES1,RES,R12N,259336.333,129668.166,10.045734298954,11.545734298954,In floodplain
579539912,-76.81037339,37.561761529,RES1,RES,R11N,196743.219,98371.6099,15.0791449003029,15.5791449003029,Out of floodplain
579539913,-76.80998569,37.561483901,RES1,RES,R11N,196743.219,98371.6099,15.0402470017433,15.5402470017433,Out of floodplain
579539914,-76.80833954,37.561894057,RES1,RES,R11N,156511.918,78255.959,11.7927769995403,13.2927769995403,Out of floodplain
579539915,-76.80767161,37.561967315,RES1,RES,R11N,196743.219,98371.6099,9.94284901309013,10.4428490130901,In floodplain
579539916,-76.81376945,37.555765283,RES1,RES,R11N,193047.079,96523.5398,17.2009389103889,18.7009389103889,Out of floodplain
579539917,-76.81398634,37.555583675,RES1,RES,R12N,247505.633,123752.816,19.0523609240723,19.5523609240723,Out of floodplain
579539918,-76.81601389,37.555152631,RES1,RES,R11N,211109.613,105554.806,23.1711640351105,24.6711640351105,Out of floodplain
579539919,-76.81614444,37.555250507,RES1,RES,R11B,207661.672,103830.836,22.8756814302063,24.8756814302063,Out of floodplain
579539920,-76.81442445,37.555220795,RES1,RES,R12N,252328.526,126164.263,20.991115478344,22.491115478344,Out of floodplain
579539921,-76.81420292,37.555403168,RES1,RES,R12N,280513.496,140256.748,20.4576836146355,21.9576836146355,Out of floodplain
579539922,-76.8155821,37.553541292,RES1,RES,R12N,300889.209,150444.604,24.1623017015648,24.6623017015648,Out of floodplain
579539923,-76.81403431,37.553292625,RES1,RES,R12N,228832.911,114416.455,22.2601907073784,23.7601907073784,Out of floodplain
579539924,-76.81396912,37.553347496,RES1,RES,R12N,228832.911,114416.455,21.6668851156426,23.1668851156426,Out of floodplain
579539925,-76.80611217,37.555488024,RES1,RES,R11N,196743.219,98371.6099,4.87804780447483,5.37804780447483,In floodplain
579539926,-76.80081846,37.561520683,RES1,RES,R12B,279913.649,139956.824,9.63482753041267,11.6348275304127,In floodplain
579539927,-76.80117765,37.56122475,RES1,RES,R12N,260668.93,130334.465,9.91471671495438,11.4147167149544,In floodplain
579539928,-76.80202018,37.560527161,RES1,RES,R12N,256437.986,128218.993,10.9436086842537,12.4436086842537,Out of floodplain
579539929,-76.80078944,37.560905223,RES1,RES,R12N,247967.784,123983.892,9.72088271682739,11.2208827168274,In floodplain
579539930,-76.80182793,37.559106238,RES1,RES,R11N,196743.219,98371.6099,10.6642138584614,11.1642138584614,In floodplain
579539931,-76.80148442,37.557429636,RES1,RES,R12N,300889.209,150444.604,12.3023771733475,12.8023771733475,Out of floodplain
579539932,-76.79810641,37.557166643,RES1,RES,R12N,240588.342,120294.171,10.2414792439556,11.7414792439556,In floodplain
579539933,-76.79632832,37.55556351,RES1,RES,R11B,224631.144,112315.572,9.95448912788391,11.9544891278839,In floodplain
579539934,-76.79755701,37.554521022,RES1,RES,R11N,220598.636,110299.318,10.4018470320606,11.9018470320606,In floodplain
579539935,-76.79834996,37.553752054,RES1,RES,R11B,224631.144,112315.572,9.89094916653633,11.8909491665363,In floodplain
579539936,-76.79662001,37.555317282,RES1,RES,R11N,174646.963,87323.4819,9.86776671360016,10.3677667136002,In floodplain
579539937,-76.79685403,37.555119718,RES1,RES,R12N,258590.324,129295.162,8.70918926939964,10.2091892693996,In floodplain
579539938,-76.79597399,37.55529745,RES1,RES,R12N,246016.725,123008.362,10.6391055965996,11.1391055965996,In floodplain
579539939,-76.79714561,37.554870052,RES1,RES,R11N,196743.219,98371.6099,7.95278518323898,8.45278518323898,In floodplain
579539940,-76.79521496,37.554813185,RES1,RES,R12B,287579.013,143789.506,9.41700852859497,11.417008528595,In floodplain
579539941,-76.79521653,37.553589092,RES1,RES,R11N,220598.636,110299.318,8.16819966164589,9.66819966164589,In floodplain
579539942,-76.79495142,37.55418611,RES1,RES,R12N,281704.209,140852.104,8.41545725766182,9.91545725766182,In floodplain
579539943,-76.81411134,37.553227777,RES1,RES,R11N,196743.219,98371.6099,22.7088916716385,23.2088916716385,Out of floodplain
579539944,-76.81426542,37.553098082,RES1,RES,R11B,271525.109,135762.554,22.9705560705757,24.9705560705757,Out of floodplain
579539945,-76.81421801,37.553137988,RES1,RES,R11N,208455.229,104227.614,22.9618797616386,24.4618797616386,Out of floodplain
579539946,-76.81432467,37.553048199,RES1,RES,R11N,208455.229,104227.614,23.4445444235229,24.9445444235229,Out of floodplain
579539947,-76.81367526,37.552899412,RES1,RES,R12N,228832.911,114416.455,23.2641691859055,24.7641691859055,Out of floodplain
579539948,-76.81378193,37.552809623,RES1,RES,R12N,228832.911,114416.455,23.2930000004387,24.7930000004387,Out of floodplain
579539949,-76.8138886,37.552719834,RES1,RES,R12N,228832.911,114416.455,23.4336309848022,24.9336309848022,Out of floodplain
579539950,-76.81382934,37.552769717,RES1,RES,R12N,228832.911,114416.455,23.4336309848022,24.9336309848022,Out of floodplain
579539951,-76.81353304,37.55301913,RES1,RES,R12N,300889.209,150444.604,22.9145339603996,23.4145339603996,Out of floodplain
579539952,-76.81359823,37.55296426,RES1,RES,R12N,228832.911,114416.455,22.9145339603996,24.4145339603996,Out of floodplain
579539953,-76.81137534,37.551637416,RES1,RES,R11N,168376.939,84188.4696,26.4881047392273,27.9881047392273,Out of floodplain
579539954,-76.81462935,37.549961418,RES1,RES,R12N,168845.257,84422.6288,24.0564901560783,25.5564901560783,Out of floodplain
579539955,-76.80575527,37.551332695,RES1,RES,R12N,266167.767,133083.883,27.4966873247147,28.9966873247147,Out of floodplain
579539956,-76.81076751,37.550147832,RES1,RES,R11N,192400.695,96200.3476,26.5901366304779,27.0901366304779,Out of floodplain
579539957,-76.80911519,37.549932079,RES1,RES,R13B,271684.512,135842.256,28.2529779899597,30.2529779899597,Out of floodplain
579539958,-76.80930419,37.549602929,RES1,RES,R11B,148864.626,74432.3134,27.8638300463104,29.8638300463104,Out of floodplain
579539959,-76.80747781,37.550585595,RES1,RES,R12N,300889.209,150444.604,29.0235925435257,29.5235925435257,Out of floodplain
579539960,-76.80708665,37.550293316,RES1,RES,R13B,740071.987,370035.993,29.1855888995361,31.1855888995361,Out of floodplain
579539961,-76.80647258,37.551021373,RES1,RES,R11N,225849.367,112924.683,28.6385559125137,36.6385559125137,Out of floodplain
579539962,-76.80676165,37.550896781,RES1,RES,R11N,202953.255,101476.627,28.733785677681,30.233785677681,Out of floodplain
579539963,-76.80550688,37.550977644,RES1,RES,R12N,254016.67,127008.335,27.9907269311142,29.4907269311142,Out of floodplain
579539964,-76.80565073,37.5509155,RES1,RES,R11N,181985.844,90992.9223,28.015498059082,36.015498059082,Out of floodplain
579539965,-76.80589245,37.549572691,RES1,RES,R12N,300889.209,150444.604,29.4314478983307,29.9314478983307,Out of floodplain
579539966,-76.80323653,37.552429633,RES1,RES,R11N,198071.17,99035.5852,5.749886614151,7.249886614151,In floodplain
579539967,-76.80460275,37.551831378,RES1,RES,R11N,177315.84,88657.92,25.4562622616959,26.9562622616959,Out of floodplain
579539968,-76.80435517,37.551476852,RES1,RES,R11N,143815.558,71907.7791,25.6159948926735,33.6159948926735,Out of floodplain
579539969,-76.80408214,37.550215011,RES1,RES,R11N,196743.219,98371.6099,27.8054362656784,28.3054362656784,Out of floodplain
579539970,-76.80475937,37.549973052,RES1,RES,R11N,196743.219,98371.6099,28.4987180923462,28.9987180923462,Out of floodplain
579539971,-76.80386277,37.549543462,RES1,RES,R11B,165371.845,82685.9225,28.4623764665604,30.4623764665604,Out of floodplain
579539972,-76.80338565,37.549700378,RES1,RES,R12N,192435.058,96217.5293,26.6846185998154,28.1846185998154,Out of floodplain
579539973,-76.8011803,37.550955409,RES1,RES,R12N,251880.697,125940.348,1.81342131367683,3.31342131367683,In floodplain
579539974,-76.79637132,37.552800466,RES1,RES,R12N,310951.968,155475.984,8.75758636519432,9.25758636519432,In floodplain
579539975,-76.79537655,37.553251502,RES1,RES,R12B,297445.241,148722.62,8.80984055433273,10.8098405543327,In floodplain
579539976,-76.79417247,37.561306946,RES1,RES,R12N,261128.088,130564.044,10.1622050638676,11.6622050638676,In floodplain
579539977,-76.7934945,37.558380425,RES3A,RES,R3A1N,497338.954,248669.477,6.34141462636471,7.84141462636471,In floodplain
579539978,-76.79135515,37.557843235,RES1,RES,R12N,318299.323,159149.661,4.55381534410477,6.05381534410477,In floodplain
579539979,-76.79076694,37.553389452,RES1,RES,R11N,218268.979,109134.489,4.2994255280304,5.7994255280304,In floodplain
579539994,-76.80216595,37.572955794,RES1,RES,R13N,381280.805,190640.402,3.95644302588463,5.45644302588463,In floodplain
579540007,-76.79488699,37.557279,EDU1,NONRES,E1MN,4103646.6,4103646.6,9.40200176814079,9.90200176814079,In floodplain
579540008,-76.79463299,37.557496,EDU1,NONRES,E1MN,7127702.21,7127702.21,10.012012305212,10.512012305212,In floodplain
579540009,-76.79727382,37.530375522,RES1,RES,R13N,141653.191,70826.5958,3.25164095859766,3.75164095859766,In floodplain
579540025,-76.7990884,37.552226196,RES1,RES,R13N,206116.876,103058.438,8.98729500782013,9.48729500782013,In floodplain
